source	json_file_path	label
newschannel5.com	data/task_4/train_json/newschannel5.com.json	2
berlingske.dk	data/task_4/train_json/berlingske.dk.json	2
acpeds.org	data/task_4/train_json/acpeds.org.json	0
altnewsmedia.net	data/task_4/train_json/altnewsmedia.net.json	1
nationalaffairs.com	data/task_4/train_json/nationalaffairs.com.json	2
duluthnewstribune.com	data/task_4/train_json/duluthnewstribune.com.json	2
shorensteincenter.org	data/task_4/train_json/shorensteincenter.org.json	2
tnonline.com	data/task_4/train_json/tnonline.com.json	2
guns.com	data/task_4/train_json/guns.com.json	2
au.org	data/task_4/train_json/au.org.json	2
secondnexus.com	data/task_4/train_json/secondnexus.com.json	1
memepoliceman.com	data/task_4/train_json/memepoliceman.com.json	2
covidtracking.com	data/task_4/train_json/covidtracking.com.json	2
capitolfax.com	data/task_4/train_json/capitolfax.com.json	2
thetimesherald.com	data/task_4/train_json/thetimesherald.com.json	2
rand.org	data/task_4/train_json/rand.org.json	2
rsf.org	data/task_4/train_json/rsf.org.json	2
christianaction.org	data/task_4/train_json/christianaction.org.json	0
itv.com	data/task_4/train_json/itv.com.json	2
patheos.com	data/task_4/train_json/patheos.com.json	2
desmoinesregister.com	data/task_4/train_json/desmoinesregister.com.json	2
ketv.com	data/task_4/train_json/ketv.com.json	2
theguardian.com	data/task_4/train_json/theguardian.com.json	2
alternet.org	data/task_4/train_json/alternet.org.json	1
magadailyreport.com	data/task_4/train_json/magadailyreport.com.json	0
americablog.com	data/task_4/train_json/americablog.com.json	2
welt.de	data/task_4/train_json/welt.de.json	2
thespectator.info	data/task_4/train_json/thespectator.info.json	0
hastingstribune.com	data/task_4/train_json/hastingstribune.com.json	2
electoral-vote.com	data/task_4/train_json/electoral-vote.com.json	2
knowherenews.com	data/task_4/train_json/knowherenews.com.json	2
courier-tribune.com	data/task_4/train_json/courier-tribune.com.json	2
deplorablekel.com	data/task_4/train_json/deplorablekel.com.json	0
valleynewslive.com	data/task_4/train_json/valleynewslive.com.json	2
newsela.com	data/task_4/train_json/newsela.com.json	2
occupydemocrats.com	data/task_4/train_json/occupydemocrats.com.json	0
shreveporttimes.com	data/task_4/train_json/shreveporttimes.com.json	2
electronicintifada.net	data/task_4/train_json/electronicintifada.net.json	2
concernedwomen.org	data/task_4/train_json/concernedwomen.org.json	0
chicagoreader.com	data/task_4/train_json/chicagoreader.com.json	2
newsguardtech.com	data/task_4/train_json/newsguardtech.com.json	2
dailysoundandfury.com	data/task_4/train_json/dailysoundandfury.com.json	1
shondaland.com	data/task_4/train_json/shondaland.com.json	2
staresattheworld.com	data/task_4/train_json/staresattheworld.com.json	0
cjr.org	data/task_4/train_json/cjr.org.json	2
ncsl.org	data/task_4/train_json/ncsl.org.json	2
worldometers.info	data/task_4/train_json/worldometers.info.json	2
realclearinvestigations.com	data/task_4/train_json/realclearinvestigations.com.json	2
detroit.cbslocal.com	data/task_4/train_json/detroit.cbslocal.com.json	2
flagandcross.com	data/task_4/train_json/flagandcross.com.json	1
heartland.org	data/task_4/train_json/heartland.org.json	0
publicpolicypolling.com	data/task_4/train_json/publicpolicypolling.com.json	2
reedcooper.net	data/task_4/train_json/reedcooper.net.json	0
greenbaypressgazette.com	data/task_4/train_json/greenbaypressgazette.com.json	2
ilgiornale.it	data/task_4/train_json/ilgiornale.it.json	2
freep.com	data/task_4/train_json/freep.com.json	2
austinchronicle.com	data/task_4/train_json/austinchronicle.com.json	2
dailyexpose.co.uk	data/task_4/train_json/dailyexpose.co.uk.json	0
city-journal.org	data/task_4/train_json/city-journal.org.json	2
tfp.org	data/task_4/train_json/tfp.org.json	0
chinadaily.com.cn	data/task_4/train_json/chinadaily.com.cn.json	1
patriotnewsalerts.com	data/task_4/train_json/patriotnewsalerts.com.json	1
breakingdefense.com	data/task_4/train_json/breakingdefense.com.json	2
ruthinstitute.org	data/task_4/train_json/ruthinstitute.org.json	0
thenationalpatriot.com	data/task_4/train_json/thenationalpatriot.com.json	0
trib.com	data/task_4/train_json/trib.com.json	2
arstechnica.com	data/task_4/train_json/arstechnica.com.json	2
jamestown.org	data/task_4/train_json/jamestown.org.json	2
aina.org	data/task_4/train_json/aina.org.json	2
uproxx.com	data/task_4/train_json/uproxx.com.json	1
christianitytoday.com	data/task_4/train_json/christianitytoday.com.json	2
group30.org	data/task_4/train_json/group30.org.json	2
alreporter.com	data/task_4/train_json/alreporter.com.json	2
countable.us	data/task_4/train_json/countable.us.json	2
financialexpress.com	data/task_4/train_json/financialexpress.com.json	1
riverbender.com	data/task_4/train_json/riverbender.com.json	2
heraldtribune.com	data/task_4/train_json/heraldtribune.com.json	2
leadstories.com	data/task_4/train_json/leadstories.com.json	2
thebeltwayreport.com	data/task_4/train_json/thebeltwayreport.com.json	1
miami.cbslocal.com	data/task_4/train_json/miami.cbslocal.com.json	2
mondoweiss.net	data/task_4/train_json/mondoweiss.net.json	1
mediacircus.com	data/task_4/train_json/mediacircus.com.json	1
wearethemighty.com	data/task_4/train_json/wearethemighty.com.json	2
charitynavigator.org	data/task_4/train_json/charitynavigator.org.json	2
deshabhimani.com	data/task_4/train_json/deshabhimani.com.json	1
worldtribune.com	data/task_4/train_json/worldtribune.com.json	0
theregister.com	data/task_4/train_json/theregister.com.json	2
thenevadaindependent.com	data/task_4/train_json/thenevadaindependent.com.json	2
bullshido.net	data/task_4/train_json/bullshido.net.json	2
adelaidenow.com.au	data/task_4/train_json/adelaidenow.com.au.json	1
thestreet.com	data/task_4/train_json/thestreet.com.json	2
toddstarnes.com	data/task_4/train_json/toddstarnes.com.json	1
ktla.com	data/task_4/train_json/ktla.com.json	2
listverse.com	data/task_4/train_json/listverse.com.json	2
abc7news.com	data/task_4/train_json/abc7news.com.json	2
jewishpress.com	data/task_4/train_json/jewishpress.com.json	2
edmontonexaminer.com	data/task_4/train_json/edmontonexaminer.com.json	2
moonbattery.com	data/task_4/train_json/moonbattery.com.json	1
defconwarningsystem.com	data/task_4/train_json/defconwarningsystem.com.json	2
dailykos.com	data/task_4/train_json/dailykos.com.json	1
revolver.news	data/task_4/train_json/revolver.news.json	1
aclj.org	data/task_4/train_json/aclj.org.json	2
rep-am.com	data/task_4/train_json/rep-am.com.json	2
americanpeopledaily.com	data/task_4/train_json/americanpeopledaily.com.json	0
awm.com	data/task_4/train_json/awm.com.json	0
elitedaily.com	data/task_4/train_json/elitedaily.com.json	1
gq.com	data/task_4/train_json/gq.com.json	2
newspunch.com	data/task_4/train_json/newspunch.com.json	0
waynedupree.com	data/task_4/train_json/waynedupree.com.json	0
csmonitor.com	data/task_4/train_json/csmonitor.com.json	2
blackamericaweb.com	data/task_4/train_json/blackamericaweb.com.json	2
westernjournal.com	data/task_4/train_json/westernjournal.com.json	0
themarysue.com	data/task_4/train_json/themarysue.com.json	1
english.ahram.org.eg	data/task_4/train_json/english.ahram.org.eg.json	1
the-japan-news.com	data/task_4/train_json/the-japan-news.com.json	2
courthousenews.com	data/task_4/train_json/courthousenews.com.json	2
afj.org	data/task_4/train_json/afj.org.json	2
novinite.com	data/task_4/train_json/novinite.com.json	2
abc12.com	data/task_4/train_json/abc12.com.json	2
firstpost.com	data/task_4/train_json/firstpost.com.json	2
rrstar.com	data/task_4/train_json/rrstar.com.json	2
adfontesmedia.com	data/task_4/train_json/adfontesmedia.com.json	2
wikiislam.net	data/task_4/train_json/wikiislam.net.json	1
feministcurrent.com	data/task_4/train_json/feministcurrent.com.json	1
cdt.org	data/task_4/train_json/cdt.org.json	2
laweekly.com	data/task_4/train_json/laweekly.com.json	1
us.blastingnews.com	data/task_4/train_json/us.blastingnews.com.json	2
deepleftfield.info	data/task_4/train_json/deepleftfield.info.json	1
foreignpolicynews.org	data/task_4/train_json/foreignpolicynews.org.json	1
liberationnews.org	data/task_4/train_json/liberationnews.org.json	2
denver.cbslocal.com	data/task_4/train_json/denver.cbslocal.com.json	2
dallasvoice.com	data/task_4/train_json/dallasvoice.com.json	2
postandcourier.com	data/task_4/train_json/postandcourier.com.json	2
panampost.com	data/task_4/train_json/panampost.com.json	1
mywebtimes.com	data/task_4/train_json/mywebtimes.com.json	2
prageru.com	data/task_4/train_json/prageru.com.json	0
zdnet.com	data/task_4/train_json/zdnet.com.json	2
republicreport.org	data/task_4/train_json/republicreport.org.json	2
mytwintiers.com	data/task_4/train_json/mytwintiers.com.json	2
nbcchicago.com	data/task_4/train_json/nbcchicago.com.json	2
truthout.org	data/task_4/train_json/truthout.org.json	1
thelily.com	data/task_4/train_json/thelily.com.json	2
pinknews.co.uk	data/task_4/train_json/pinknews.co.uk.json	2
warontherocks.com	data/task_4/train_json/warontherocks.com.json	2
copblock.org	data/task_4/train_json/copblock.org.json	1
capitalresearch.org	data/task_4/train_json/capitalresearch.org.json	1
colddeadhands.us	data/task_4/train_json/colddeadhands.us.json	1
americanfirearms.org	data/task_4/train_json/americanfirearms.org.json	2
ballotpedia.org	data/task_4/train_json/ballotpedia.org.json	2
news.grabien.com	data/task_4/train_json/news.grabien.com.json	1
deutschland.de	data/task_4/train_json/deutschland.de.json	2
actionnewsjax.com	data/task_4/train_json/actionnewsjax.com.json	2
rstreet.org	data/task_4/train_json/rstreet.org.json	2
simplepolitics.co.uk	data/task_4/train_json/simplepolitics.co.uk.json	2
factcheckingturkey.com	data/task_4/train_json/factcheckingturkey.com.json	1
blackgenocide.org	data/task_4/train_json/blackgenocide.org.json	0
g-a-i.org	data/task_4/train_json/g-a-i.org.json	1
haaretz.com	data/task_4/train_json/haaretz.com.json	2
oregonlive.com	data/task_4/train_json/oregonlive.com.json	2
billmoyers.com	data/task_4/train_json/billmoyers.com.json	1
fosters.com	data/task_4/train_json/fosters.com.json	2
tvw.org	data/task_4/train_json/tvw.org.json	2
change.org	data/task_4/train_json/change.org.json	1
newsandnews.com	data/task_4/train_json/newsandnews.com.json	2
thedispatch.com	data/task_4/train_json/thedispatch.com.json	2
democracynow.org	data/task_4/train_json/democracynow.org.json	2
therepublic.com	data/task_4/train_json/therepublic.com.json	2
jewishjournal.com	data/task_4/train_json/jewishjournal.com.json	2
reporterslab.org	data/task_4/train_json/reporterslab.org.json	2
pgpf.org	data/task_4/train_json/pgpf.org.json	2
stimson.org	data/task_4/train_json/stimson.org.json	2
worldstarhiphop.com	data/task_4/train_json/worldstarhiphop.com.json	1
doctorswithoutborders.org	data/task_4/train_json/doctorswithoutborders.org.json	2
dailyjournalonline.com	data/task_4/train_json/dailyjournalonline.com.json	2
thebaffler.com	data/task_4/train_json/thebaffler.com.json	2
americanprogress.org	data/task_4/train_json/americanprogress.org.json	1
morningstaronline.co.uk	data/task_4/train_json/morningstaronline.co.uk.json	2
edition.cnn.com	data/task_4/train_json/edition.cnn.com.json	1
nbcwashington.com	data/task_4/train_json/nbcwashington.com.json	2
therealnews.com	data/task_4/train_json/therealnews.com.json	2
sayfiereview.com	data/task_4/train_json/sayfiereview.com.json	2
wgntv.com	data/task_4/train_json/wgntv.com.json	2
gp.se	data/task_4/train_json/gp.se.json	2
homelandsecuritynewswire.com	data/task_4/train_json/homelandsecuritynewswire.com.json	2
theconservativebrief.com	data/task_4/train_json/theconservativebrief.com.json	1
hermancain.com	data/task_4/train_json/hermancain.com.json	1
thatsnonsense.com	data/task_4/train_json/thatsnonsense.com.json	2
publicinterestlegal.org	data/task_4/train_json/publicinterestlegal.org.json	1
heraldmailmedia.com	data/task_4/train_json/heraldmailmedia.com.json	2
ledevoir.com	data/task_4/train_json/ledevoir.com.json	2
skynews.com.au	data/task_4/train_json/skynews.com.au.json	1
muncievoice.com	data/task_4/train_json/muncievoice.com.json	1
faithwire.com	data/task_4/train_json/faithwire.com.json	1
armytimes.com	data/task_4/train_json/armytimes.com.json	2
thedailyliberator.com	data/task_4/train_json/thedailyliberator.com.json	1
world.wng.org	data/task_4/train_json/world.wng.org.json	1
finnishnews.fi	data/task_4/train_json/finnishnews.fi.json	2
metrowestdailynews.com	data/task_4/train_json/metrowestdailynews.com.json	2
agriculture.com	data/task_4/train_json/agriculture.com.json	2
economicpolicyjournal.com	data/task_4/train_json/economicpolicyjournal.com.json	2
joebiden.com	data/task_4/train_json/joebiden.com.json	2
opednews.com	data/task_4/train_json/opednews.com.json	1
thenationalherald.com	data/task_4/train_json/thenationalherald.com.json	1
bt.dk	data/task_4/train_json/bt.dk.json	2
popular.info	data/task_4/train_json/popular.info.json	2
independentsentinel.com	data/task_4/train_json/independentsentinel.com.json	0
fitsnews.com	data/task_4/train_json/fitsnews.com.json	2
express.co.uk	data/task_4/train_json/express.co.uk.json	1
leicestermercury.co.uk	data/task_4/train_json/leicestermercury.co.uk.json	2
chroniclesmagazine.org	data/task_4/train_json/chroniclesmagazine.org.json	1
dailybulletin.com	data/task_4/train_json/dailybulletin.com.json	2
hotair.com	data/task_4/train_json/hotair.com.json	2
iea.org	data/task_4/train_json/iea.org.json	2
westernmassnews.com	data/task_4/train_json/westernmassnews.com.json	2
scoopnest.com	data/task_4/train_json/scoopnest.com.json	1
iefimerida.gr	data/task_4/train_json/iefimerida.gr.json	1
democracychronicles.org	data/task_4/train_json/democracychronicles.org.json	2
news-gazette.com	data/task_4/train_json/news-gazette.com.json	2
caldronpool.com	data/task_4/train_json/caldronpool.com.json	1
democrats.org	data/task_4/train_json/democrats.org.json	0
americanheritage.com	data/task_4/train_json/americanheritage.com.json	2
dailystormer.name	data/task_4/train_json/dailystormer.name.json	0
aa.com.tr	data/task_4/train_json/aa.com.tr.json	1
palmerreport.com	data/task_4/train_json/palmerreport.com.json	1
thefloridasqueeze.com	data/task_4/train_json/thefloridasqueeze.com.json	1
telegraaf.nl	data/task_4/train_json/telegraaf.nl.json	2
thesun.co.uk	data/task_4/train_json/thesun.co.uk.json	1
intellectualtakeout.org	data/task_4/train_json/intellectualtakeout.org.json	2
azfamily.com	data/task_4/train_json/azfamily.com.json	2
leaderpost.com	data/task_4/train_json/leaderpost.com.json	2
armstrongeconomics.com	data/task_4/train_json/armstrongeconomics.com.json	1
canadafreepress.com	data/task_4/train_json/canadafreepress.com.json	0
thegazette.com	data/task_4/train_json/thegazette.com.json	2
eastidahonews.com	data/task_4/train_json/eastidahonews.com.json	2
wtop.com	data/task_4/train_json/wtop.com.json	2
wishtv.com	data/task_4/train_json/wishtv.com.json	2
wusa9.com	data/task_4/train_json/wusa9.com.json	2
agweb.com	data/task_4/train_json/agweb.com.json	2
abc.es	data/task_4/train_json/abc.es.json	2
ff.org	data/task_4/train_json/ff.org.json	1
nolabels.org	data/task_4/train_json/nolabels.org.json	2
shadowproof.com	data/task_4/train_json/shadowproof.com.json	2
koamnewsnow.com	data/task_4/train_json/koamnewsnow.com.json	2
meduza.io	data/task_4/train_json/meduza.io.json	2
good.is	data/task_4/train_json/good.is.json	2
nationalinterest.org	data/task_4/train_json/nationalinterest.org.json	2
mrc.org	data/task_4/train_json/mrc.org.json	1
thewest.com.au	data/task_4/train_json/thewest.com.au.json	2
poynter.org	data/task_4/train_json/poynter.org.json	2
viralthread.com	data/task_4/train_json/viralthread.com.json	2
cpj.org	data/task_4/train_json/cpj.org.json	2
nationalrighttolifenews.org	data/task_4/train_json/nationalrighttolifenews.org.json	0
thelaughclub.net	data/task_4/train_json/thelaughclub.net.json	0
cbo.gov	data/task_4/train_json/cbo.gov.json	2
justfacts.com	data/task_4/train_json/justfacts.com.json	2
alphanewsmn.com	data/task_4/train_json/alphanewsmn.com.json	0
pe.com	data/task_4/train_json/pe.com.json	2
themarshallproject.org	data/task_4/train_json/themarshallproject.org.json	2
journalstandard.com	data/task_4/train_json/journalstandard.com.json	2
chinookobserver.com	data/task_4/train_json/chinookobserver.com.json	2
scotsman.com	data/task_4/train_json/scotsman.com.json	2
conservativereview.com	data/task_4/train_json/conservativereview.com.json	1
afr.com	data/task_4/train_json/afr.com.json	2
rare.us	data/task_4/train_json/rare.us.json	2
globalvoices.org	data/task_4/train_json/globalvoices.org.json	2
11alive.com	data/task_4/train_json/11alive.com.json	2
frontpagelive.com	data/task_4/train_json/frontpagelive.com.json	2
knowyourmeme.com	data/task_4/train_json/knowyourmeme.com.json	2
sofrep.com	data/task_4/train_json/sofrep.com.json	2
modbee.com	data/task_4/train_json/modbee.com.json	2
opensecrets.org	data/task_4/train_json/opensecrets.org.json	2
hannity.com	data/task_4/train_json/hannity.com.json	0
zebrafactcheck.com	data/task_4/train_json/zebrafactcheck.com.json	2
fitchratings.com	data/task_4/train_json/fitchratings.com.json	2
rapidcityjournal.com	data/task_4/train_json/rapidcityjournal.com.json	2
thepulse.one	data/task_4/train_json/thepulse.one.json	0
order-order.com	data/task_4/train_json/order-order.com.json	1
vdare.com	data/task_4/train_json/vdare.com.json	0
alaskasnewssource.com	data/task_4/train_json/alaskasnewssource.com.json	2
yankeeinstitute.org	data/task_4/train_json/yankeeinstitute.org.json	2
myfox8.com	data/task_4/train_json/myfox8.com.json	2
en.wikinews.org	data/task_4/train_json/en.wikinews.org.json	2
blackagendareport.com	data/task_4/train_json/blackagendareport.com.json	1
queerty.com	data/task_4/train_json/queerty.com.json	2
lancastercourier.com	data/task_4/train_json/lancastercourier.com.json	1
newstatesman.com	data/task_4/train_json/newstatesman.com.json	2
ced.org	data/task_4/train_json/ced.org.json	2
foreignpolicyjournal.com	data/task_4/train_json/foreignpolicyjournal.com.json	1
bringmethenews.com	data/task_4/train_json/bringmethenews.com.json	2
torontosun.com	data/task_4/train_json/torontosun.com.json	2
tytnetwork.com	data/task_4/train_json/tytnetwork.com.json	1
foreignpolicy.com	data/task_4/train_json/foreignpolicy.com.json	2
whdh.com	data/task_4/train_json/whdh.com.json	2
dcdirtylaundry.com	data/task_4/train_json/dcdirtylaundry.com.json	0
thedodo.com	data/task_4/train_json/thedodo.com.json	1
abc13.com	data/task_4/train_json/abc13.com.json	2
dailyrecord.co.uk	data/task_4/train_json/dailyrecord.co.uk.json	2
ekirikas.com	data/task_4/train_json/ekirikas.com.json	2
freebeacon.com	data/task_4/train_json/freebeacon.com.json	1
photographyisnotacrime.com	data/task_4/train_json/photographyisnotacrime.com.json	2
news.err.ee	data/task_4/train_json/news.err.ee.json	2
en-volve.com	data/task_4/train_json/en-volve.com.json	0
californiaglobe.com	data/task_4/train_json/californiaglobe.com.json	1
airwars.org	data/task_4/train_json/airwars.org.json	2
airforcetimes.com	data/task_4/train_json/airforcetimes.com.json	2
greenvilleonline.com	data/task_4/train_json/greenvilleonline.com.json	2
fox29.com	data/task_4/train_json/fox29.com.json	2
patch.com	data/task_4/train_json/patch.com.json	2
9news.com	data/task_4/train_json/9news.com.json	2
defenddemocracy.org	data/task_4/train_json/defenddemocracy.org.json	1
winnipegfreepress.com	data/task_4/train_json/winnipegfreepress.com.json	2
edmontonjournal.com	data/task_4/train_json/edmontonjournal.com.json	2
wctrib.com	data/task_4/train_json/wctrib.com.json	2
clashdaily.com	data/task_4/train_json/clashdaily.com.json	0
newrepublic.com	data/task_4/train_json/newrepublic.com.json	2
freedomworks.org	data/task_4/train_json/freedomworks.org.json	1
wfmz.com	data/task_4/train_json/wfmz.com.json	2
lavendermagazine.com	data/task_4/train_json/lavendermagazine.com.json	2
drudgereport.com	data/task_4/train_json/drudgereport.com.json	1
inc.com	data/task_4/train_json/inc.com.json	2
conservativedailypost.com	data/task_4/train_json/conservativedailypost.com.json	0
toofab.com	data/task_4/train_json/toofab.com.json	1
thecanary.co	data/task_4/train_json/thecanary.co.json	2
yc.news	data/task_4/train_json/yc.news.json	1
aim.org	data/task_4/train_json/aim.org.json	1
intrepidreport.com	data/task_4/train_json/intrepidreport.com.json	1
economist.com	data/task_4/train_json/economist.com.json	2
ansa.it	data/task_4/train_json/ansa.it.json	2
theamericanconservative.com	data/task_4/train_json/theamericanconservative.com.json	2
independent.org	data/task_4/train_json/independent.org.json	2
cookpolitical.com	data/task_4/train_json/cookpolitical.com.json	2
oilprice.com	data/task_4/train_json/oilprice.com.json	2
news.com.au	data/task_4/train_json/news.com.au.json	2
aleteia.org	data/task_4/train_json/aleteia.org.json	1
unicornriot.ninja	data/task_4/train_json/unicornriot.ninja.json	2
counterpunch.org	data/task_4/train_json/counterpunch.org.json	2
thesmokinggun.com	data/task_4/train_json/thesmokinggun.com.json	2
deadstate.org	data/task_4/train_json/deadstate.org.json	2
reviewjournal.com	data/task_4/train_json/reviewjournal.com.json	2
front.moveon.org	data/task_4/train_json/front.moveon.org.json	1
ruptly.tv	data/task_4/train_json/ruptly.tv.json	1
vanityfair.com	data/task_4/train_json/vanityfair.com.json	2
myeasternshoremd.com	data/task_4/train_json/myeasternshoremd.com.json	2
legalinsurrection.com	data/task_4/train_json/legalinsurrection.com.json	2
leftvoice.org	data/task_4/train_json/leftvoice.org.json	1
cosmopolitan.com	data/task_4/train_json/cosmopolitan.com.json	1
cincinnati.com	data/task_4/train_json/cincinnati.com.json	2
blacklivesmatter.com	data/task_4/train_json/blacklivesmatter.com.json	1
stardem.com	data/task_4/train_json/stardem.com.json	2
oathkeepers.org	data/task_4/train_json/oathkeepers.org.json	0
followthemoney.org	data/task_4/train_json/followthemoney.org.json	2
currentaffairs.org	data/task_4/train_json/currentaffairs.org.json	2
comicsands.com	data/task_4/train_json/comicsands.com.json	1
newyorker.com	data/task_4/train_json/newyorker.com.json	2
journalgazette.net	data/task_4/train_json/journalgazette.net.json	2
rollcall.com	data/task_4/train_json/rollcall.com.json	2
worldsocialism.org	data/task_4/train_json/worldsocialism.org.json	1
nwfdailynews.com	data/task_4/train_json/nwfdailynews.com.json	2
codepink.org	data/task_4/train_json/codepink.org.json	1
arabnews.com	data/task_4/train_json/arabnews.com.json	1
lewrockwell.com	data/task_4/train_json/lewrockwell.com.json	0
tennessean.com	data/task_4/train_json/tennessean.com.json	2
thebreakthrough.org	data/task_4/train_json/thebreakthrough.org.json	2
north99.org	data/task_4/train_json/north99.org.json	1
citizensunited.org	data/task_4/train_json/citizensunited.org.json	1
theflipside.io	data/task_4/train_json/theflipside.io.json	2
news9.com	data/task_4/train_json/news9.com.json	2
complex.com	data/task_4/train_json/complex.com.json	2
canadiandimension.com	data/task_4/train_json/canadiandimension.com.json	2
ladbible.com	data/task_4/train_json/ladbible.com.json	0
pastemagazine.com	data/task_4/train_json/pastemagazine.com.json	2
libertarianism.org	data/task_4/train_json/libertarianism.org.json	2
channelnewsasia.com	data/task_4/train_json/channelnewsasia.com.json	2
issuesinsights.com	data/task_4/train_json/issuesinsights.com.json	1
conservativeammo.com	data/task_4/train_json/conservativeammo.com.json	0
realclearpolicy.com	data/task_4/train_json/realclearpolicy.com.json	2
ecowatch.com	data/task_4/train_json/ecowatch.com.json	2
elnuevodia.com	data/task_4/train_json/elnuevodia.com.json	2
hrc.org	data/task_4/train_json/hrc.org.json	2
americanpatriotdaily.com	data/task_4/train_json/americanpatriotdaily.com.json	0
sctimes.com	data/task_4/train_json/sctimes.com.json	2
greatamericanpolitics.com	data/task_4/train_json/greatamericanpolitics.com.json	1
ivn.us	data/task_4/train_json/ivn.us.json	2
pop.org	data/task_4/train_json/pop.org.json	0
yomiuri.co.jp	data/task_4/train_json/yomiuri.co.jp.json	2
marxist.com	data/task_4/train_json/marxist.com.json	2
newint.org	data/task_4/train_json/newint.org.json	2
washingtontimes.com	data/task_4/train_json/washingtontimes.com.json	1
illegalaliencrimereport.com	data/task_4/train_json/illegalaliencrimereport.com.json	1
socialistworker.org	data/task_4/train_json/socialistworker.org.json	2
bitchute.com	data/task_4/train_json/bitchute.com.json	0
crooked.com	data/task_4/train_json/crooked.com.json	2
truthorfiction.com	data/task_4/train_json/truthorfiction.com.json	2
philadelphia.cbslocal.com	data/task_4/train_json/philadelphia.cbslocal.com.json	2
cnet.com	data/task_4/train_json/cnet.com.json	2
iowastartingline.com	data/task_4/train_json/iowastartingline.com.json	2
conservativefiringline.com	data/task_4/train_json/conservativefiringline.com.json	0
aldianews.com	data/task_4/train_json/aldianews.com.json	1
themilitant.com	data/task_4/train_json/themilitant.com.json	1
villagevoice.com	data/task_4/train_json/villagevoice.com.json	2
al.com	data/task_4/train_json/al.com.json	2
daily49er.com	data/task_4/train_json/daily49er.com.json	2
commercialappeal.com	data/task_4/train_json/commercialappeal.com.json	2
rewire.news	data/task_4/train_json/rewire.news.json	2
vindy.com	data/task_4/train_json/vindy.com.json	2
dailydot.com	data/task_4/train_json/dailydot.com.json	2
cbs12.com	data/task_4/train_json/cbs12.com.json	2
theglobeandmail.com	data/task_4/train_json/theglobeandmail.com.json	2
bigleaguepolitics.com	data/task_4/train_json/bigleaguepolitics.com.json	0
newswars.com	data/task_4/train_json/newswars.com.json	0
politicalwire.com	data/task_4/train_json/politicalwire.com.json	2
twincities.com	data/task_4/train_json/twincities.com.json	2
lexingtoninstitute.org	data/task_4/train_json/lexingtoninstitute.org.json	2
noozhawk.com	data/task_4/train_json/noozhawk.com.json	2
ussanews.com	data/task_4/train_json/ussanews.com.json	0
minnesota.cbslocal.com	data/task_4/train_json/minnesota.cbslocal.com.json	2
volkskrant.nl	data/task_4/train_json/volkskrant.nl.json	2
firstdraftnews.org	data/task_4/train_json/firstdraftnews.org.json	2
democraticunderground.com	data/task_4/train_json/democraticunderground.com.json	1
uniteamericafirst.com	data/task_4/train_json/uniteamericafirst.com.json	0
daytondailynews.com	data/task_4/train_json/daytondailynews.com.json	2
imprimis.hillsdale.edu	data/task_4/train_json/imprimis.hillsdale.edu.json	1
tpusa.com	data/task_4/train_json/tpusa.com.json	0
indexmundi.com	data/task_4/train_json/indexmundi.com.json	2
ottawasun.com	data/task_4/train_json/ottawasun.com.json	2
arkansasonline.com	data/task_4/train_json/arkansasonline.com.json	2
nbcmiami.com	data/task_4/train_json/nbcmiami.com.json	2
sourcewatch.org	data/task_4/train_json/sourcewatch.org.json	2
christianheadlines.com	data/task_4/train_json/christianheadlines.com.json	1
mynorthwest.com	data/task_4/train_json/mynorthwest.com.json	2
wfmynews2.com	data/task_4/train_json/wfmynews2.com.json	2
differencebetween.net	data/task_4/train_json/differencebetween.net.json	2
politisite.com	data/task_4/train_json/politisite.com.json	2
prri.org	data/task_4/train_json/prri.org.json	2
middleeasteye.net	data/task_4/train_json/middleeasteye.net.json	2
firstcoastnews.com	data/task_4/train_json/firstcoastnews.com.json	2
business2community.com	data/task_4/train_json/business2community.com.json	2
zdf.de	data/task_4/train_json/zdf.de.json	2
merryjane.com	data/task_4/train_json/merryjane.com.json	1
us24news.com	data/task_4/train_json/us24news.com.json	0
daily-chronicle.com	data/task_4/train_json/daily-chronicle.com.json	2
sj-r.com	data/task_4/train_json/sj-r.com.json	2
arizonadailyindependent.com	data/task_4/train_json/arizonadailyindependent.com.json	1
kitv.com	data/task_4/train_json/kitv.com.json	2
ocregister.com	data/task_4/train_json/ocregister.com.json	2
alec.org	data/task_4/train_json/alec.org.json	2
djhjmedia.com	data/task_4/train_json/djhjmedia.com.json	0
news.abs-cbn.com	data/task_4/train_json/news.abs-cbn.com.json	2
miaminewtimes.com	data/task_4/train_json/miaminewtimes.com.json	2
financialpost.com	data/task_4/train_json/financialpost.com.json	2
claremont.org	data/task_4/train_json/claremont.org.json	1
arcdigital.media	data/task_4/train_json/arcdigital.media.json	2
crikey.com.au	data/task_4/train_json/crikey.com.au.json	2
sunherald.com	data/task_4/train_json/sunherald.com.json	2
out.com	data/task_4/train_json/out.com.json	2
edmontonsun.com	data/task_4/train_json/edmontonsun.com.json	2
femalista.com	data/task_4/train_json/femalista.com.json	1
worldpoliticsreview.com	data/task_4/train_json/worldpoliticsreview.com.json	2
marketwatch.com	data/task_4/train_json/marketwatch.com.json	2
navytimes.com	data/task_4/train_json/navytimes.com.json	2
iwpr.org	data/task_4/train_json/iwpr.org.json	2
ontarioproud.ca	data/task_4/train_json/ontarioproud.ca.json	1
kiro7.com	data/task_4/train_json/kiro7.com.json	2
savejersey.com	data/task_4/train_json/savejersey.com.json	1
humanevents.com	data/task_4/train_json/humanevents.com.json	1
bipartisanreport.com	data/task_4/train_json/bipartisanreport.com.json	0
hoover.org	data/task_4/train_json/hoover.org.json	2
analyzingamerica.org	data/task_4/train_json/analyzingamerica.org.json	1
concordmonitor.com	data/task_4/train_json/concordmonitor.com.json	2
jacksonsun.com	data/task_4/train_json/jacksonsun.com.json	2
healthcarefinancenews.com	data/task_4/train_json/healthcarefinancenews.com.json	2
theitem.com	data/task_4/train_json/theitem.com.json	2
southafricatoday.net	data/task_4/train_json/southafricatoday.net.json	1
thenewsliteracyproject.org	data/task_4/train_json/thenewsliteracyproject.org.json	2
bostonreview.net	data/task_4/train_json/bostonreview.net.json	2
iwf.org	data/task_4/train_json/iwf.org.json	2
sciencedebate.org	data/task_4/train_json/sciencedebate.org.json	2
factsandlogic.org	data/task_4/train_json/factsandlogic.org.json	1
lozierinstitute.org	data/task_4/train_json/lozierinstitute.org.json	1
capitalandmain.com	data/task_4/train_json/capitalandmain.com.json	2
christiantoday.com	data/task_4/train_json/christiantoday.com.json	1
truthdig.com	data/task_4/train_json/truthdig.com.json	2
yaf.org	data/task_4/train_json/yaf.org.json	1
shtfplan.com	data/task_4/train_json/shtfplan.com.json	0
americanthinker.com	data/task_4/train_json/americanthinker.com.json	0
nbcdfw.com	data/task_4/train_json/nbcdfw.com.json	2
trueviralnews.com	data/task_4/train_json/trueviralnews.com.json	0
boingboing.net	data/task_4/train_json/boingboing.net.json	1
thirdway.org	data/task_4/train_json/thirdway.org.json	2
sandiegouniontribune.com	data/task_4/train_json/sandiegouniontribune.com.json	2
eagletribune.com	data/task_4/train_json/eagletribune.com.json	2
truthinmedia.com	data/task_4/train_json/truthinmedia.com.json	0
theconservativecentral.com	data/task_4/train_json/theconservativecentral.com.json	0
america.cgtn.com	data/task_4/train_json/america.cgtn.com.json	1
freespeech.org	data/task_4/train_json/freespeech.org.json	1
unwatch.org	data/task_4/train_json/unwatch.org.json	2
kcra.com	data/task_4/train_json/kcra.com.json	2
advocate.com	data/task_4/train_json/advocate.com.json	2
justicedenied.org	data/task_4/train_json/justicedenied.org.json	2
onegreenplanet.org	data/task_4/train_json/onegreenplanet.org.json	1
dissentmagazine.org	data/task_4/train_json/dissentmagazine.org.json	2
thechronicleherald.ca	data/task_4/train_json/thechronicleherald.ca.json	2
wpxi.com	data/task_4/train_json/wpxi.com.json	2
thetimes.co.uk	data/task_4/train_json/thetimes.co.uk.json	2
rd.com	data/task_4/train_json/rd.com.json	1
nj1015.com	data/task_4/train_json/nj1015.com.json	2
thehill.com	data/task_4/train_json/thehill.com.json	2
reporterherald.com	data/task_4/train_json/reporterherald.com.json	2
ottawacitizen.com	data/task_4/train_json/ottawacitizen.com.json	2
lfpress.com	data/task_4/train_json/lfpress.com.json	2
freerepublic.com	data/task_4/train_json/freerepublic.com.json	1
techstartups.com	data/task_4/train_json/techstartups.com.json	1
leftaction.com	data/task_4/train_json/leftaction.com.json	0
dailysignal.com	data/task_4/train_json/dailysignal.com.json	2
federalnewsnetwork.com	data/task_4/train_json/federalnewsnetwork.com.json	2
ijr.org	data/task_4/train_json/ijr.org.json	2
seventeen.com	data/task_4/train_json/seventeen.com.json	2
rferl.org	data/task_4/train_json/rferl.org.json	2
ny1.com	data/task_4/train_json/ny1.com.json	2
ronpaullibertyreport.com	data/task_4/train_json/ronpaullibertyreport.com.json	1
gnews.org	data/task_4/train_json/gnews.org.json	0
almasdarnews.com	data/task_4/train_json/almasdarnews.com.json	1
cloverchronicle.com	data/task_4/train_json/cloverchronicle.com.json	0
bluntforcetruth.com	data/task_4/train_json/bluntforcetruth.com.json	0
deadspin.com	data/task_4/train_json/deadspin.com.json	2
standard.co.uk	data/task_4/train_json/standard.co.uk.json	2
irishexaminer.com	data/task_4/train_json/irishexaminer.com.json	2
bluelivesmatter.blue	data/task_4/train_json/bluelivesmatter.blue.json	1
boundingintocomics.com	data/task_4/train_json/boundingintocomics.com.json	1
bnonews.com	data/task_4/train_json/bnonews.com.json	2
agerpres.ro	data/task_4/train_json/agerpres.ro.json	2
fortune.com	data/task_4/train_json/fortune.com.json	2
altnews.in	data/task_4/train_json/altnews.in.json	2
freedomcrossroads.com	data/task_4/train_json/freedomcrossroads.com.json	1
winterwatch.net	data/task_4/train_json/winterwatch.net.json	0
workers.org	data/task_4/train_json/workers.org.json	1
foreignpolicyi.org	data/task_4/train_json/foreignpolicyi.org.json	0
blackenterprise.com	data/task_4/train_json/blackenterprise.com.json	2
nrdc.org	data/task_4/train_json/nrdc.org.json	2
policyed.org	data/task_4/train_json/policyed.org.json	2
tri-cityherald.com	data/task_4/train_json/tri-cityherald.com.json	2
japantimes.co.jp	data/task_4/train_json/japantimes.co.jp.json	2
sentinelksmo.org	data/task_4/train_json/sentinelksmo.org.json	2
couriermail.com.au	data/task_4/train_json/couriermail.com.au.json	2
resilience.org	data/task_4/train_json/resilience.org.json	1
crimethinc.com	data/task_4/train_json/crimethinc.com.json	2
mediamatters.org	data/task_4/train_json/mediamatters.org.json	2
climaterealityproject.org	data/task_4/train_json/climaterealityproject.org.json	2
washingtonsources.org	data/task_4/train_json/washingtonsources.org.json	1
thestarphoenix.com	data/task_4/train_json/thestarphoenix.com.json	2
sbgi.net	data/task_4/train_json/sbgi.net.json	1
spectator.org	data/task_4/train_json/spectator.org.json	1
lawenforcementtoday.com	data/task_4/train_json/lawenforcementtoday.com.json	1
truththeory.com	data/task_4/train_json/truththeory.com.json	2
fox35orlando.com	data/task_4/train_json/fox35orlando.com.json	2
oyez.org	data/task_4/train_json/oyez.org.json	2
fedsoc.org	data/task_4/train_json/fedsoc.org.json	1
sohu.com	data/task_4/train_json/sohu.com.json	1
inthesetimes.com	data/task_4/train_json/inthesetimes.com.json	2
icitizen.com	data/task_4/train_json/icitizen.com.json	2
endtimeheadlines.org	data/task_4/train_json/endtimeheadlines.org.json	2
foxbusiness.com	data/task_4/train_json/foxbusiness.com.json	2
care2.com	data/task_4/train_json/care2.com.json	1
egbertowillies.com	data/task_4/train_json/egbertowillies.com.json	2
conservativepost.com	data/task_4/train_json/conservativepost.com.json	0
libertytalk.fm	data/task_4/train_json/libertytalk.fm.json	1
newsfactsnetwork.com	data/task_4/train_json/newsfactsnetwork.com.json	2
themonitor.com	data/task_4/train_json/themonitor.com.json	2
greatamericanrepublic.com	data/task_4/train_json/greatamericanrepublic.com.json	0
rushlimbaugh.com	data/task_4/train_json/rushlimbaugh.com.json	0
ctvnews.ca	data/task_4/train_json/ctvnews.ca.json	2
newsnationnow.com	data/task_4/train_json/newsnationnow.com.json	2
outragedpatriot.com	data/task_4/train_json/outragedpatriot.com.json	0
ihatethemedia.com	data/task_4/train_json/ihatethemedia.com.json	0
perezhilton.com	data/task_4/train_json/perezhilton.com.json	1
mediaite.com	data/task_4/train_json/mediaite.com.json	2
wn.com	data/task_4/train_json/wn.com.json	2
vox.com	data/task_4/train_json/vox.com.json	2
dailytorch.com	data/task_4/train_json/dailytorch.com.json	2
cnsnews.com	data/task_4/train_json/cnsnews.com.json	0
conservativedailynews.com	data/task_4/train_json/conservativedailynews.com.json	1
bust.com	data/task_4/train_json/bust.com.json	2
cjnews.com	data/task_4/train_json/cjnews.com.json	2
politizoom.com	data/task_4/train_json/politizoom.com.json	1
dailycamera.com	data/task_4/train_json/dailycamera.com.json	2
thehayride.com	data/task_4/train_json/thehayride.com.json	1
breakingchristiannews.com	data/task_4/train_json/breakingchristiannews.com.json	0
dpa-international.com	data/task_4/train_json/dpa-international.com.json	2
house.gov	data/task_4/train_json/house.gov.json	2
conservativeinstitute.org	data/task_4/train_json/conservativeinstitute.org.json	2
theadvocates.org	data/task_4/train_json/theadvocates.org.json	2
audacy.com	data/task_4/train_json/audacy.com.json	2
hbr.org	data/task_4/train_json/hbr.org.json	2
pnj.com	data/task_4/train_json/pnj.com.json	2
dnyuz.com	data/task_4/train_json/dnyuz.com.json	1
wcax.com	data/task_4/train_json/wcax.com.json	2
mainebeacon.com	data/task_4/train_json/mainebeacon.com.json	2
theihs.org	data/task_4/train_json/theihs.org.json	2
themonthly.com.au	data/task_4/train_json/themonthly.com.au.json	2
bigthink.com	data/task_4/train_json/bigthink.com.json	2
syracuse.com	data/task_4/train_json/syracuse.com.json	2
lawfareblog.com	data/task_4/train_json/lawfareblog.com.json	2
cei.org	data/task_4/train_json/cei.org.json	0
talkingpointsmemo.com	data/task_4/train_json/talkingpointsmemo.com.json	2
statista.com	data/task_4/train_json/statista.com.json	2
thestrategybridge.org	data/task_4/train_json/thestrategybridge.org.json	2
nraila.org	data/task_4/train_json/nraila.org.json	1
endthefed.org	data/task_4/train_json/endthefed.org.json	0
judicialnetwork.com	data/task_4/train_json/judicialnetwork.com.json	1
thedailybanter.com	data/task_4/train_json/thedailybanter.com.json	1
amsterdamnews.com	data/task_4/train_json/amsterdamnews.com.json	2
projectcensored.org	data/task_4/train_json/projectcensored.org.json	2
gaystarnews.com	data/task_4/train_json/gaystarnews.com.json	1
cato.org	data/task_4/train_json/cato.org.json	2
internationalviewpoint.org	data/task_4/train_json/internationalviewpoint.org.json	1
shareblue.com	data/task_4/train_json/shareblue.com.json	1
beforeitsnews.com	data/task_4/train_json/beforeitsnews.com.json	0
thegatewaypundit.com	data/task_4/train_json/thegatewaypundit.com.json	0
indypendent.org	data/task_4/train_json/indypendent.org.json	1
ghionjournal.com	data/task_4/train_json/ghionjournal.com.json	1
thinkprogress.org	data/task_4/train_json/thinkprogress.org.json	1
news.harvard.edu	data/task_4/train_json/news.harvard.edu.json	2
americanpressinstitute.org	data/task_4/train_json/americanpressinstitute.org.json	2
polygraph.info	data/task_4/train_json/polygraph.info.json	2
tharawat-magazine.com	data/task_4/train_json/tharawat-magazine.com.json	2
ldnews.com	data/task_4/train_json/ldnews.com.json	2
americarisingpac.org	data/task_4/train_json/americarisingpac.org.json	1
mdpi.com	data/task_4/train_json/mdpi.com.json	2
jalopnik.com	data/task_4/train_json/jalopnik.com.json	2
rasmussenreports.com	data/task_4/train_json/rasmussenreports.com.json	2
observer.com	data/task_4/train_json/observer.com.json	2
breaking911.com	data/task_4/train_json/breaking911.com.json	0
hudson.org	data/task_4/train_json/hudson.org.json	1
thestranger.com	data/task_4/train_json/thestranger.com.json	2
knewz.com	data/task_4/train_json/knewz.com.json	2
securingdemocracy.gmfus.org	data/task_4/train_json/securingdemocracy.gmfus.org.json	2
detik.com	data/task_4/train_json/detik.com.json	2
dailymaverick.co.za	data/task_4/train_json/dailymaverick.co.za.json	2
en.wikipedia.org	data/task_4/train_json/en.wikipedia.org.json	1
24ur.com	data/task_4/train_json/24ur.com.json	2
piie.com	data/task_4/train_json/piie.com.json	2
bitchmedia.org	data/task_4/train_json/bitchmedia.org.json	2
treehugger.com	data/task_4/train_json/treehugger.com.json	2
icij.org	data/task_4/train_json/icij.org.json	2
afa.net	data/task_4/train_json/afa.net.json	0
bild.de	data/task_4/train_json/bild.de.json	1
oklahoman.com	data/task_4/train_json/oklahoman.com.json	2
conservativeopinion.com	data/task_4/train_json/conservativeopinion.com.json	1
wehuntedthemammoth.com	data/task_4/train_json/wehuntedthemammoth.com.json	2
bnd.com	data/task_4/train_json/bnd.com.json	2
everydayfeminism.com	data/task_4/train_json/everydayfeminism.com.json	1
spectator.us	data/task_4/train_json/spectator.us.json	2
clickondetroit.com	data/task_4/train_json/clickondetroit.com.json	2
english.cctv.com	data/task_4/train_json/english.cctv.com.json	1
protrumpnews.com	data/task_4/train_json/protrumpnews.com.json	0
libertynation.com	data/task_4/train_json/libertynation.com.json	1
insidesources.com	data/task_4/train_json/insidesources.com.json	2
womenarehuman.com	data/task_4/train_json/womenarehuman.com.json	1
triblive.com	data/task_4/train_json/triblive.com.json	2
thetruthaboutguns.com	data/task_4/train_json/thetruthaboutguns.com.json	2
altoday.com	data/task_4/train_json/altoday.com.json	2
wbtv.com	data/task_4/train_json/wbtv.com.json	2
thedailybeast.com	data/task_4/train_json/thedailybeast.com.json	1
democratichub.com	data/task_4/train_json/democratichub.com.json	1
sonorannews.com	data/task_4/train_json/sonorannews.com.json	2
worldpopulationreview.com	data/task_4/train_json/worldpopulationreview.com.json	2
janes.com	data/task_4/train_json/janes.com.json	2
americanlookout.com	data/task_4/train_json/americanlookout.com.json	0
focusonthefamily.com	data/task_4/train_json/focusonthefamily.com.json	0
kansaspolicy.org	data/task_4/train_json/kansaspolicy.org.json	1
wral.com	data/task_4/train_json/wral.com.json	2
paulcraigroberts.org	data/task_4/train_json/paulcraigroberts.org.json	0
theblacksphere.net	data/task_4/train_json/theblacksphere.net.json	0
realcleardefense.com	data/task_4/train_json/realcleardefense.com.json	2
heterodoxacademy.org	data/task_4/train_json/heterodoxacademy.org.json	2
nationalmemo.com	data/task_4/train_json/nationalmemo.com.json	2
overpassesforamerica.com	data/task_4/train_json/overpassesforamerica.com.json	1
strategypage.com	data/task_4/train_json/strategypage.com.json	2
upi.com	data/task_4/train_json/upi.com.json	2
northkoreatimes.com	data/task_4/train_json/northkoreatimes.com.json	2
libcom.org	data/task_4/train_json/libcom.org.json	2
realclearpolitics.com	data/task_4/train_json/realclearpolitics.com.json	2
lmtonline.com	data/task_4/train_json/lmtonline.com.json	2
savannahnow.com	data/task_4/train_json/savannahnow.com.json	2
opendoorsusa.org	data/task_4/train_json/opendoorsusa.org.json	1
theminnesotasun.com	data/task_4/train_json/theminnesotasun.com.json	1
bangkokpost.com	data/task_4/train_json/bangkokpost.com.json	1
autostraddle.com	data/task_4/train_json/autostraddle.com.json	2
stratfor.com	data/task_4/train_json/stratfor.com.json	2
msnbc.com	data/task_4/train_json/msnbc.com.json	1
honestreporting.com	data/task_4/train_json/honestreporting.com.json	2
ceasefiremagazine.co.uk	data/task_4/train_json/ceasefiremagazine.co.uk.json	2
israelnationalnews.com	data/task_4/train_json/israelnationalnews.com.json	1
thetowntalk.com	data/task_4/train_json/thetowntalk.com.json	2
abc7chicago.com	data/task_4/train_json/abc7chicago.com.json	2
jezebel.com	data/task_4/train_json/jezebel.com.json	2
hawaiitribune-herald.com	data/task_4/train_json/hawaiitribune-herald.com.json	2
thelibertarianrepublic.com	data/task_4/train_json/thelibertarianrepublic.com.json	2
weaselzippers.us	data/task_4/train_json/weaselzippers.us.json	1
washingtonian.com	data/task_4/train_json/washingtonian.com.json	2
freeworldnews.tv	data/task_4/train_json/freeworldnews.tv.json	0
thecanadianpress.com	data/task_4/train_json/thecanadianpress.com.json	2
newzjunky.com	data/task_4/train_json/newzjunky.com.json	1
wri.org	data/task_4/train_json/wri.org.json	2
nbcphiladelphia.com	data/task_4/train_json/nbcphiladelphia.com.json	2
americanconsequences.com	data/task_4/train_json/americanconsequences.com.json	2
theobjectivestandard.com	data/task_4/train_json/theobjectivestandard.com.json	2
christiannewsalerts.com	data/task_4/train_json/christiannewsalerts.com.json	1
punchingbagpost.com	data/task_4/train_json/punchingbagpost.com.json	1
aftonbladet.se	data/task_4/train_json/aftonbladet.se.json	1
dailypress.com	data/task_4/train_json/dailypress.com.json	2
commentarymagazine.com	data/task_4/train_json/commentarymagazine.com.json	2
blacknews.com	data/task_4/train_json/blacknews.com.json	1
tbdailynews.com	data/task_4/train_json/tbdailynews.com.json	1
msmagazine.com	data/task_4/train_json/msmagazine.com.json	2
thedailyvox.co.za	data/task_4/train_json/thedailyvox.co.za.json	2
placesjournal.org	data/task_4/train_json/placesjournal.org.json	2
china.org.cn	data/task_4/train_json/china.org.cn.json	1
bettergov.org	data/task_4/train_json/bettergov.org.json	2
bizpacreview.com	data/task_4/train_json/bizpacreview.com.json	1
familysurvivalheadlines.com	data/task_4/train_json/familysurvivalheadlines.com.json	1
chicagotribune.com	data/task_4/train_json/chicagotribune.com.json	2
nationalcenter.org	data/task_4/train_json/nationalcenter.org.json	1
thebeardedpatriot.com	data/task_4/train_json/thebeardedpatriot.com.json	0
menshealth.com	data/task_4/train_json/menshealth.com.json	2
reuters.com	data/task_4/train_json/reuters.com.json	2
avoiceformen.com	data/task_4/train_json/avoiceformen.com.json	0
commondreams.org	data/task_4/train_json/commondreams.org.json	2
crisismagazine.com	data/task_4/train_json/crisismagazine.com.json	1
lucianne.com	data/task_4/train_json/lucianne.com.json	0
allnewspipeline.com	data/task_4/train_json/allnewspipeline.com.json	0
gop.gov	data/task_4/train_json/gop.gov.json	1
dailysceptic.org	data/task_4/train_json/dailysceptic.org.json	0
other98.com	data/task_4/train_json/other98.com.json	0
stpete4peace.org	data/task_4/train_json/stpete4peace.org.json	1
leavenworthtimes.com	data/task_4/train_json/leavenworthtimes.com.json	2
huffingtonpost.com	data/task_4/train_json/huffingtonpost.com.json	1
nrlc.org	data/task_4/train_json/nrlc.org.json	0
masslive.com	data/task_4/train_json/masslive.com.json	2
globemagazine.com	data/task_4/train_json/globemagazine.com.json	0
curvemag.com	data/task_4/train_json/curvemag.com.json	2
thenewamerican.com	data/task_4/train_json/thenewamerican.com.json	1
realclearreligion.org	data/task_4/train_json/realclearreligion.org.json	2
blackmainstreet.net	data/task_4/train_json/blackmainstreet.net.json	2
gao.gov	data/task_4/train_json/gao.gov.json	2
ammoland.com	data/task_4/train_json/ammoland.com.json	1
righterway.com	data/task_4/train_json/righterway.com.json	0
bostonherald.com	data/task_4/train_json/bostonherald.com.json	2
outlook.monmouth.edu	data/task_4/train_json/outlook.monmouth.edu.json	2
thestar.com	data/task_4/train_json/thestar.com.json	2
thebalance.com	data/task_4/train_json/thebalance.com.json	2
innerstrength.zone	data/task_4/train_json/innerstrength.zone.json	0
progressivefrontier.com	data/task_4/train_json/progressivefrontier.com.json	1
prnewswire.mediaroom.com	data/task_4/train_json/prnewswire.mediaroom.com.json	2
naacp.org	data/task_4/train_json/naacp.org.json	2
manhattan-institute.org	data/task_4/train_json/manhattan-institute.org.json	1
ft.com	data/task_4/train_json/ft.com.json	2
corriere.it	data/task_4/train_json/corriere.it.json	2
learnliberty.org	data/task_4/train_json/learnliberty.org.json	2
thelondoneconomic.com	data/task_4/train_json/thelondoneconomic.com.json	2
voanews.com	data/task_4/train_json/voanews.com.json	2
dailycaller.com	data/task_4/train_json/dailycaller.com.json	1
smartnews.com	data/task_4/train_json/smartnews.com.json	2
towleroad.com	data/task_4/train_json/towleroad.com.json	2
memeorandum.com	data/task_4/train_json/memeorandum.com.json	1
jewishpolicycenter.org	data/task_4/train_json/jewishpolicycenter.org.json	2
constitutioncenter.org	data/task_4/train_json/constitutioncenter.org.json	2
vosizneias.com	data/task_4/train_json/vosizneias.com.json	1
thegrio.com	data/task_4/train_json/thegrio.com.json	2
fullfact.org	data/task_4/train_json/fullfact.org.json	2
insideevs.com	data/task_4/train_json/insideevs.com.json	2
kmov.com	data/task_4/train_json/kmov.com.json	2
gatestoneinstitute.org	data/task_4/train_json/gatestoneinstitute.org.json	0
desertsun.com	data/task_4/train_json/desertsun.com.json	2
thenationalpulse.com	data/task_4/train_json/thenationalpulse.com.json	1
fortherightnews.com	data/task_4/train_json/fortherightnews.com.json	0
spectator.co.uk	data/task_4/train_json/spectator.co.uk.json	2
hillreporter.com	data/task_4/train_json/hillreporter.com.json	2
discoverthenetworks.org	data/task_4/train_json/discoverthenetworks.org.json	0
townhall.com	data/task_4/train_json/townhall.com.json	1
upworthy.com	data/task_4/train_json/upworthy.com.json	2
americanoversight.org	data/task_4/train_json/americanoversight.org.json	2
dccircuitbreaker.org	data/task_4/train_json/dccircuitbreaker.org.json	2
scotusblog.com	data/task_4/train_json/scotusblog.com.json	2
nextgov.com	data/task_4/train_json/nextgov.com.json	2
buzzfeednews.com	data/task_4/train_json/buzzfeednews.com.json	2
medicalkidnap.com	data/task_4/train_json/medicalkidnap.com.json	0
denvergazette.com	data/task_4/train_json/denvergazette.com.json	2
columbiadailyherald.com	data/task_4/train_json/columbiadailyherald.com.json	2
adn.com	data/task_4/train_json/adn.com.json	2
inforum.com	data/task_4/train_json/inforum.com.json	2
post-gazette.com	data/task_4/train_json/post-gazette.com.json	2
thecipherbrief.com	data/task_4/train_json/thecipherbrief.com.json	2
unclesamsmisguidedchildren.com	data/task_4/train_json/unclesamsmisguidedchildren.com.json	0
dallasnews.com	data/task_4/train_json/dallasnews.com.json	2
heritage.org	data/task_4/train_json/heritage.org.json	1
unionleader.com	data/task_4/train_json/unionleader.com.json	2
citizencritics.org	data/task_4/train_json/citizencritics.org.json	2
timesfreepress.com	data/task_4/train_json/timesfreepress.com.json	2
americanbridgepac.org	data/task_4/train_json/americanbridgepac.org.json	1
newnation.org	data/task_4/train_json/newnation.org.json	0
statesmanjournal.com	data/task_4/train_json/statesmanjournal.com.json	2
bridgemi.com	data/task_4/train_json/bridgemi.com.json	2
popularresistance.org	data/task_4/train_json/popularresistance.org.json	2
ktvu.com	data/task_4/train_json/ktvu.com.json	2
bearingarms.com	data/task_4/train_json/bearingarms.com.json	1
nowtoronto.com	data/task_4/train_json/nowtoronto.com.json	2
littlegreenfootballs.com	data/task_4/train_json/littlegreenfootballs.com.json	2
rantt.com	data/task_4/train_json/rantt.com.json	2
todayifoundout.com	data/task_4/train_json/todayifoundout.com.json	2
capecodtimes.com	data/task_4/train_json/capecodtimes.com.json	2
newsone.com	data/task_4/train_json/newsone.com.json	2
newpol.org	data/task_4/train_json/newpol.org.json	1
meidastouch.com	data/task_4/train_json/meidastouch.com.json	1
dailynorthwestern.com	data/task_4/train_json/dailynorthwestern.com.json	2
peninsuladailynews.com	data/task_4/train_json/peninsuladailynews.com.json	2
turnto23.com	data/task_4/train_json/turnto23.com.json	2
bleepingcomputer.com	data/task_4/train_json/bleepingcomputer.com.json	2
donaldjtrump.com	data/task_4/train_json/donaldjtrump.com.json	0
law360.com	data/task_4/train_json/law360.com.json	2
americansforprosperity.org	data/task_4/train_json/americansforprosperity.org.json	1
billionbibles.org	data/task_4/train_json/billionbibles.org.json	0
cfr.org	data/task_4/train_json/cfr.org.json	2
whowhatwhy.org	data/task_4/train_json/whowhatwhy.org.json	1
rollingstone.com	data/task_4/train_json/rollingstone.com.json	2
taxfoundation.org	data/task_4/train_json/taxfoundation.org.json	2
pluralist.com	data/task_4/train_json/pluralist.com.json	2
star-telegram.com	data/task_4/train_json/star-telegram.com.json	2
defenseone.com	data/task_4/train_json/defenseone.com.json	2
ips-dc.org	data/task_4/train_json/ips-dc.org.json	2
arcamax.com	data/task_4/train_json/arcamax.com.json	2
asiatimes.com	data/task_4/train_json/asiatimes.com.json	2
wsaz.com	data/task_4/train_json/wsaz.com.json	2
getreligion.org	data/task_4/train_json/getreligion.org.json	2
kfor.com	data/task_4/train_json/kfor.com.json	2
nypost.com	data/task_4/train_json/nypost.com.json	1
pacificresearch.org	data/task_4/train_json/pacificresearch.org.json	2
monthlyreview.org	data/task_4/train_json/monthlyreview.org.json	2
londonwebnews.com	data/task_4/train_json/londonwebnews.com.json	0
recordnet.com	data/task_4/train_json/recordnet.com.json	2
opposingviews.com	data/task_4/train_json/opposingviews.com.json	1
buffalonews.com	data/task_4/train_json/buffalonews.com.json	2
marginalrevolution.com	data/task_4/train_json/marginalrevolution.com.json	2
khn.org	data/task_4/train_json/khn.org.json	2
dailyheadlines.net	data/task_4/train_json/dailyheadlines.net.json	0
projectveritas.com	data/task_4/train_json/projectveritas.com.json	1
bradford-delong.com	data/task_4/train_json/bradford-delong.com.json	2
nordicmonitor.com	data/task_4/train_json/nordicmonitor.com.json	1
guardianlv.com	data/task_4/train_json/guardianlv.com.json	2
investopedia.com	data/task_4/train_json/investopedia.com.json	2
theguardiansofdemocracy.com	data/task_4/train_json/theguardiansofdemocracy.com.json	1
eurasiagroup.net	data/task_4/train_json/eurasiagroup.net.json	2
citizen.co.za	data/task_4/train_json/citizen.co.za.json	2
angusreid.org	data/task_4/train_json/angusreid.org.json	2
niemanlab.org	data/task_4/train_json/niemanlab.org.json	2
evil.news	data/task_4/train_json/evil.news.json	0
yellowhammernews.com	data/task_4/train_json/yellowhammernews.com.json	2
refinery29.com	data/task_4/train_json/refinery29.com.json	2
nationofchange.org	data/task_4/train_json/nationofchange.org.json	2
nknews.org	data/task_4/train_json/nknews.org.json	2
fee.org	data/task_4/train_json/fee.org.json	1
freedomalliance.org	data/task_4/train_json/freedomalliance.org.json	2
newscorpse.com	data/task_4/train_json/newscorpse.com.json	1
mlive.com	data/task_4/train_json/mlive.com.json	2
longwarjournal.org	data/task_4/train_json/longwarjournal.org.json	2
amac.us	data/task_4/train_json/amac.us.json	2
takimag.com	data/task_4/train_json/takimag.com.json	0
guampdn.com	data/task_4/train_json/guampdn.com.json	2
the-american-interest.com	data/task_4/train_json/the-american-interest.com.json	2
atlanticcouncil.org	data/task_4/train_json/atlanticcouncil.org.json	2
wsj.com	data/task_4/train_json/wsj.com.json	2
telegram.com	data/task_4/train_json/telegram.com.json	2
academia.org	data/task_4/train_json/academia.org.json	1
newshounds.us	data/task_4/train_json/newshounds.us.json	1
remnantnewspaper.com	data/task_4/train_json/remnantnewspaper.com.json	0
bozemandailychronicle.com	data/task_4/train_json/bozemandailychronicle.com.json	2
columbusfreepress.com	data/task_4/train_json/columbusfreepress.com.json	1
greatfallstribune.com	data/task_4/train_json/greatfallstribune.com.json	2
davidharrisjr.com	data/task_4/train_json/davidharrisjr.com.json	0
parler.com	data/task_4/train_json/parler.com.json	0
lifezette.com	data/task_4/train_json/lifezette.com.json	1
boldprogressives.org	data/task_4/train_json/boldprogressives.org.json	1
wionews.com	data/task_4/train_json/wionews.com.json	1
americanprinciplesproject.org	data/task_4/train_json/americanprinciplesproject.org.json	0
freethink.com	data/task_4/train_json/freethink.com.json	2
valuewalk.com	data/task_4/train_json/valuewalk.com.json	2
adweek.com	data/task_4/train_json/adweek.com.json	2
gop.com	data/task_4/train_json/gop.com.json	1
nber.org	data/task_4/train_json/nber.org.json	2
congress.gov	data/task_4/train_json/congress.gov.json	2
humanprogress.org	data/task_4/train_json/humanprogress.org.json	2
timesofsandiego.com	data/task_4/train_json/timesofsandiego.com.json	2
defiantamerica.com	data/task_4/train_json/defiantamerica.com.json	0
freedomnews.org.uk	data/task_4/train_json/freedomnews.org.uk.json	2
dailygazette.com	data/task_4/train_json/dailygazette.com.json	2
allsides.com	data/task_4/train_json/allsides.com.json	2
floridapolitics.com	data/task_4/train_json/floridapolitics.com.json	2
dailynews.com	data/task_4/train_json/dailynews.com.json	2
100percentfedup.com	data/task_4/train_json/100percentfedup.com.json	0
federalistpress.com	data/task_4/train_json/federalistpress.com.json	1
progressive.org	data/task_4/train_json/progressive.org.json	2
dailyo.in	data/task_4/train_json/dailyo.in.json	1
join1440.com	data/task_4/train_json/join1440.com.json	2
dailystar.co.uk	data/task_4/train_json/dailystar.co.uk.json	1
europereloaded.com	data/task_4/train_json/europereloaded.com.json	0
opslens.com	data/task_4/train_json/opslens.com.json	1
wtae.com	data/task_4/train_json/wtae.com.json	2
mediaequalizer.com	data/task_4/train_json/mediaequalizer.com.json	1
splinternews.com	data/task_4/train_json/splinternews.com.json	1
militarytimes.com	data/task_4/train_json/militarytimes.com.json	2
conservativehq.com	data/task_4/train_json/conservativehq.com.json	1
beliefnet.com	data/task_4/train_json/beliefnet.com.json	1
mises.org	data/task_4/train_json/mises.org.json	1
abc7ny.com	data/task_4/train_json/abc7ny.com.json	2
bongino.com	data/task_4/train_json/bongino.com.json	1
christianpost.com	data/task_4/train_json/christianpost.com.json	1
crooksandliars.com	data/task_4/train_json/crooksandliars.com.json	2
judicialwatch.org	data/task_4/train_json/judicialwatch.org.json	0
thecut.com	data/task_4/train_json/thecut.com.json	2
c-span.org	data/task_4/train_json/c-span.org.json	2
riverdalepress.com	data/task_4/train_json/riverdalepress.com.json	2
diepresse.com	data/task_4/train_json/diepresse.com.json	2
icandecide.org	data/task_4/train_json/icandecide.org.json	0
them.us	data/task_4/train_json/them.us.json	2
populistwire.com	data/task_4/train_json/populistwire.com.json	1
pfaw.org	data/task_4/train_json/pfaw.org.json	2
theunionjournal.com	data/task_4/train_json/theunionjournal.com.json	0
revcom.us	data/task_4/train_json/revcom.us.json	1
independentmail.com	data/task_4/train_json/independentmail.com.json	2
indiatoday.in	data/task_4/train_json/indiatoday.in.json	1
breitbart.com	data/task_4/train_json/breitbart.com.json	1
stonecoldtruth.com	data/task_4/train_json/stonecoldtruth.com.json	0
nationmaster.com	data/task_4/train_json/nationmaster.com.json	2
disrn.com	data/task_4/train_json/disrn.com.json	1
doctors4covidethics.org	data/task_4/train_json/doctors4covidethics.org.json	0
transpartisanreview.com	data/task_4/train_json/transpartisanreview.com.json	2
factcheck.org	data/task_4/train_json/factcheck.org.json	2
kansas.com	data/task_4/train_json/kansas.com.json	2
lbc.co.uk	data/task_4/train_json/lbc.co.uk.json	1
viralcocaine.com	data/task_4/train_json/viralcocaine.com.json	0
campaignlifecoalition.com	data/task_4/train_json/campaignlifecoalition.com.json	1
politichicks.com	data/task_4/train_json/politichicks.com.json	1
imediaethics.org	data/task_4/train_json/imediaethics.org.json	2
news24.com	data/task_4/train_json/news24.com.json	2
acsh.org	data/task_4/train_json/acsh.org.json	2
truth11.com	data/task_4/train_json/truth11.com.json	0
thehindubusinessline.com	data/task_4/train_json/thehindubusinessline.com.json	1
esquire.com	data/task_4/train_json/esquire.com.json	1
fraserinstitute.org	data/task_4/train_json/fraserinstitute.org.json	1
news.gallup.com	data/task_4/train_json/news.gallup.com.json	2
amren.com	data/task_4/train_json/amren.com.json	0
thebulwark.com	data/task_4/train_json/thebulwark.com.json	2
breakingfirst.com	data/task_4/train_json/breakingfirst.com.json	0
breakingnews247.net	data/task_4/train_json/breakingnews247.net.json	0
capitalismmagazine.com	data/task_4/train_json/capitalismmagazine.com.json	2
capoliticalreview.com	data/task_4/train_json/capoliticalreview.com.json	2
srnnews.com	data/task_4/train_json/srnnews.com.json	2
kutv.com	data/task_4/train_json/kutv.com.json	2
thepostemail.com	data/task_4/train_json/thepostemail.com.json	0
evonomics.com	data/task_4/train_json/evonomics.com.json	2
toledoblade.com	data/task_4/train_json/toledoblade.com.json	2
nwitimes.com	data/task_4/train_json/nwitimes.com.json	2
worldviewweekend.com	data/task_4/train_json/worldviewweekend.com.json	0
amarillo.com	data/task_4/train_json/amarillo.com.json	2
rawstory.com	data/task_4/train_json/rawstory.com.json	1
metabunk.org	data/task_4/train_json/metabunk.org.json	2
investors.com	data/task_4/train_json/investors.com.json	1
silive.com	data/task_4/train_json/silive.com.json	2
pressprogress.ca	data/task_4/train_json/pressprogress.ca.json	2
necn.com	data/task_4/train_json/necn.com.json	2
nccivitas.org	data/task_4/train_json/nccivitas.org.json	1
mcall.com	data/task_4/train_json/mcall.com.json	2
wonkette.com	data/task_4/train_json/wonkette.com.json	1
atlasobscura.com	data/task_4/train_json/atlasobscura.com.json	2
itsgoingdown.org	data/task_4/train_json/itsgoingdown.org.json	1
fifthestate.org	data/task_4/train_json/fifthestate.org.json	2
thenewatlantis.com	data/task_4/train_json/thenewatlantis.com.json	2
nymag.com	data/task_4/train_json/nymag.com.json	2
dailyrecord.com	data/task_4/train_json/dailyrecord.com.json	2
sabah.com.tr	data/task_4/train_json/sabah.com.tr.json	1
7news.com.au	data/task_4/train_json/7news.com.au.json	1
pjstar.com	data/task_4/train_json/pjstar.com.json	2
gizmodo.com	data/task_4/train_json/gizmodo.com.json	2
trendingviews.co	data/task_4/train_json/trendingviews.co.json	1
freetelegraph.com	data/task_4/train_json/freetelegraph.com.json	1
calgaryherald.com	data/task_4/train_json/calgaryherald.com.json	2
