{
    "source": "aina.org",
    "articles": [
        {
            "id": "df7bee085a0f5072",
            "title": "For Iraqi Assyrian Youth, Papal Visit Brings Church Closer to Home",
            "content": "For Iraqi Assyrian Youth, Papal Visit Brings Church Closer to Home\n\nFather Roni Momika, a Syriac Catholic priest from Qaraqosh, reads during a Mass celebrated as part of an event held in preparation for Pope Francis's March 5-8 visit to Iraq. A priest from Qaraqosh helping to prepare the city's youth for Pope Francis's visit next month has said the fact that a pope is traveling to the country for the first time has shown young people that the Church, which can often seem far away, is close to them.\n\n\"Here in Qaraqosh, we are so happy that the pope will come to visit us,\" said Iraqi Father Roni Momika in comments to Crux.\n\nCalling Pope Francis's upcoming trip to Iraq \"a historic visit,\" Momika noted that most Christians in the country have suffered some form of violence or persecution for their faith, with hundreds of thousands forced to leave everything behind and live as refugees during the 2014-2017 ISIS insurgency of the Nineveh Plain.\n\n\"This visit will give us the strength to stay here in Qaraqosh and to continue our life,\" he said, voicing hope that the pope's visit will have a political impact. Once Pope Francis comes, Momika said, \"the government will take care of us.\"\n\nChristians in Iraq have long been discriminated against and have often complained of being treated like second-class citizens, making the pope's visit all the more important to the country's tiny Christian minority.\n\nYoung people in particular are \"very excited\" that Pope Francis will come, Momika said. Speaking of those in his home city of Qaraqosh -- once dubbed the \"Christian capital\" of Iraq and where the headquarters of the Syriac Catholic Church is located -- Momika said youth in the village used to think \"that no pope would ever come to Iraq.\"\n\n\"Now when they heard that Pope Francis would come to visit Iraq, they felt that the head of the Catholic Church is near,\" he said, adding, \"Iraqi Christians are in pain, they have lost everything, but the Church is with them.\"\n\nA Syriac Catholic priest from Qaraqosh, Momika was ordained a deacon and then a priest in a refugee camp in Erbil in 2016, after ISIS had taken over swaths of Iraq's northern Nineveh Plain. Once villages on the Plain were liberated, Momika moved back to his hometown of Qaraqosh and led women's groups before moving to Lebanon, where he is currently completing his studies.\n\nMomika was given permission to return to Qaraqosh to assist in preparations for the pope's March 5-8 visit to Iraq, which includes a stop in Qaraqosh.\n\nThe trip will also include stops in Baghdad, Erbil, Qaraqosh, Mosul, the Plain of Ur, and Najaf, where Francis is scheduled to meet privately with one of the top authorities in Shi'a Islam, Grand Ayatollah Al-Sistani.\n\nHe will visit Qaraqosh on March 7, a packed day for the pope which also includes stops in Mosul and Erbil.\n\nIn Qaraqosh, Francis will host a meeting with the local community inside the church of the Immaculate Conception, which was burned and vandalized by ISIS, with some graffiti still visible on the charred stone walls. After praying the Angelus, the pope will then leave and head back to Erbil for Mass.\n\nAhead of the pope's visit to Qaraqosh, Momika has been tasked specifically with preparing young people in the area, as most have limited knowledge of the pope and the Vatican -- things that often seem distant and out of touch with their daily reality.\n\nTo get young people ready, Momika helped organize a large event last week attended by some 7-800 youths from Qaraqosh and surrounding villages such as Bartala, Karamles, Bahzani, and Bashiqa.\n\nIn addition to discussing scripture and evangelization, speakers at the event also gave talks on Pope Francis himself, and the special attention he pays to young people and to the poor and marginalized, including migrants and refugees.\n\n\"There were a lot of young people who didn't know a lot about the pope or the Church, but now after this youth day they started to research and they want to know everything about Pope Francis, especially when they heard that Pope Francis is a friend of the poor, a friend of families and a friend of youth,\" Momika said.\n\nAfter the event, \"I think Pope Francis became closer for young people,\" he said.\n\nThings started off with a major procession through the streets of the city, hoisting a large cross at the front of the crowd as they processed through Qaraqosh. Once they arrived at the hall where the event was being held, they opened with a prayer in Syriac and Aramaic.\n\nThroughout the day talks were given by priests, nuns, monks, and even the Syriac Catholic Archbishop of Mosul, Yohanna Petros Mouche, with the focus being on what Pope Francis has said and written about young people, the poor, and families. Momika himself spoke about young people, and the pope's invitation to brotherhood and solidarity, as well as his frequent encouragement for youth to go to take the Gospel to the streets.\n\nYouths also practiced a song and dance that they will perform for Pope Francis when he arrives to Qaraqosh, and they painted a large banner of Pope Francis that will be hung up during the visit. They also went around the city hanging up posters and banners of welcome for Pope Francis, with words of welcome written in both Syriac and Italian.\n\nMomika voiced his conviction that the faith of Iraqi Christians will be strengthened as a result of the papal visit.\n\n\"I think it will be good, because Iraqi people and especially people in the Middle East have a strong faith,\" he said, adding that for him personally, the pope's decision to come \"will push us to be even stronger in faith and to stay here and to say that we are Christians, and that we are proud we are Christians.\""
        },
        {
            "id": "efc4c2a7f82cf002",
            "title": "Missing Elderly Assyrian Woman Found Dead in Turkey",
            "content": "Missing Elderly Assyrian Woman Found Dead in Turkey\n\nHurmuz Diril and his wife \u015eimoni. (AINA) -- The body of \u015eimoni Diril was found today in Turkey, 70 days after the elderly Assyrian couple vanished. The couple was kidnapped on January 11 from their village of Mehr, Kovankaya in the province of Sirnak.\n\nThe body was discovered in a river near her village of Mehr. Her husband is still missing.\n\nA witness said that on the afternoon of 11 January, a group of people took Hurmuz Diril and his wife \u015eimoni from their home and led them to an unknown destination. Their son, Remzi Diri, a priest of the Chaldean Catholic Church in Istanbul, came to visit his parents the following day and found the house empty.\n\nHurmuz Diril and his wife had returned to Mehr a decade ago to live again in their home village. They were the last Christians in the village and in all these years they had repeatedly rejected the requests by Turkish authorities to abandon the area."
        },
        {
            "id": "8fcb171f45cf5bb1",
            "title": "Assyrians in History",
            "content": "Assyrians in History\n\n(AINA) -- This is a collection of historical references to Assyrians, from the earliest times to the 21st century.\n\nBy Mark Gewargis\n\nBy Mark Gewargis\n\nBy Mark Gewargis\n\nBy Mark Gewargis\n\nBy Mark Gewargis\n\nBy Mark Gewargis\n\nBy Mark Gewargis\n\nBy Mark Gewargis\n\nBy Mark Gewargis\n\nBy Mark Gewargis\n\nBy Mark Gewargis\n\nBy Mark Gewargis\n\nBy Mark Gewargis\n\nBy Mark Gewargis\n\nBy Mark Gewargis\n\nBy Mark Gewargis\n\nBy Mark Gewargis\n\nBy Mark Gewargis\n\nBy Mark Gewargis\n\nBy Mark Gewargis\n\nBy Mark Gewargis\n\nBy Mark Gewargis\n\nBy Mark Gewargis\n\nBy Mark Gewargis\n\nBy Mark Gewargis\n\nBy Mark Gewargis\n\nBy Mark Gewargis\n\nBy Mark Gewargis\n\nBy Mark Gewargis\n\nBy Mark Gewargis\n\nBy Mark Gewargis\n\nBy Mark Gewargis\n\nBy Mark Gewargis\n\nBy Mark Gewargis\n\nBy Mark Gewargis\n\nBy Mark Gewargis\n\nBy Mark Gewargis\n\nBy Mark Gewargis\n\nBy Mark Gewargis\n\nBy Mark Gewargis\n\nBy Mark Gewargis\n\nBy Mark Gewargis\n\nBy Mark Gewargis\n\nBy Mark Gewargis\n\nBy Mark Gewargis\n\nBy Mark Gewargis\n\nBy Mark Gewargis\n\nBy Mark Gewargis\n\nBy Mark Gewargis\n\nBy Mark Gewargis\n\nBy Mark Gewargis\n\nBy Mark Gewargis\n\nBy Mark Gewargis\n\nBy Mark Gewargis\n\nBy Mark Gewargis\n\nBy Mark Gewargis\n\nBy Mark Gewargis\n\nBy Mark Gewargis\n\nBy Mark Gewargis\n\nBy Mark Gewargis\n\nMap of Turkey made in 1626 in England by John Speed, showing an Assyrian and his Wife\n\nBy Mark Gewargis\n\nBy Mark Gewargis\n\nBy Mark Gewargis\n\nBy Mark Gewargis\n\nBy Mark Gewargis\n\nMap showing Assyria, 1729 A.D.\n\nBy Mark Gewargis\n\nBy Mark Gewargis\n\nBy Mark Gewargis\n\nBy Mark Gewargis\n\nBy Mark Gewargis\n\nBy Mark Gewargis\n\nBy Mark Gewargis\n\nBy Mark Gewargis\n\nBy Mark Gewargis"
        },
        {
            "id": "844adefb1fb3d783",
            "title": "Greek, Assyrian, Armenian Genocide Memorial Erected in Berlin",
            "content": "Greek, Assyrian, Armenian Genocide Memorial Erected in Berlin\n\nEcumenical memorial for the victims of the Turkish genocide of Assyrians, Greeks and Armenians, in Berlin. (AINA) -- An ecumenical memorial for the victims of the Turkish genocide of Assyrians, Greeks and Armenians has been erected in Berlin by the The Association for the Promotion of an Ecumenical Memorial to Genocide Victims in the Ottoman Empire (F\u00d6GG).\n\nThe Turkish genocide targeted the Christian populations of the Ottoman Empire during World War One and killed 750,000 Assyrians (75%), 1 million Greeks and 1.5 million Armenians.\n\nAccording to the website for the new memorial, this is the first combined memorial for all three groups who were victims of the genocide. The website provides information about the demographic, socio-economic and cultural local and regional specifics of the Armenian, Greek and Assyrian communities in the Ottoman Empire and in the 1914 and 1918 Ottoman-occupied territories in Northwest Iran, including memoirs of those affected and third contemporary witnesses, information on the history of Christian communities in the Ottoman Empire -- as well as visual material for Ottoman provinces."
        },
        {
            "id": "47e438c9c96af108",
            "title": "3000 Year-old Wall Destroyed in Nineveh, Iraq",
            "content": "3000 Year-old Wall Destroyed in Nineveh, Iraq\n\nBulldozing the wall to expand the road. ( ankawa.com) While Assyrians around the world are currently preparing to celebrate their Assyrian ancestors' tradition of Akitu or the Assyrian New Year, an ancient Assyrian heritage site is being bulldozed by heavy earth moving machinery.\n\nThe wall of Nineveh built during the reign of King Sennacherib (reigned 705-681 BCE) which stretches 12 km along the city of Nineveh (Mosul, Iraq) is being partially bulldozed by private contractors. Activists and locals fear the remains will be used as building materials or sold as artefacts in the black market.\n\nBut the Antiquities Commission in the Nineveh province has denied the demolition falls in the Nineveh wall vacinities and it is 600 meters out of the protected Nineveh wall area.\n\nSBS Assyrian correspondent Naseem Sadiq from Duhok, Iraq told SBS that the wall is being knocked down to allow for road building in the city.\n\nThe land surrounding the part of the site is claimed by an Iraqi family who states the previous government of Saddam Hussain confiscated it as part of government property.\n\nSince the fall of Saddam and the old regime, the family has been fighting in courts to get the property back. Recently, the family won their appeal and the land was returned to them, however none of these procedures were discussed publicly.\n\nNaseem Sadiq also spoke to Dr. Audisho Malko, an Assyrian historian and President of the Assyrian Writers Association who says he is devastated by this act.\n\nDr. Malko explains that the partial destruction of a three-thousand-year-old structure built during the Assyrian empire is not only a loss to the Assyrians, but for the Iraqi people, Iraq's history and to the international community. The wall was initially built to protect the city of Nineveh from intruders and invaders.\n\nPart of the wall been flattened to build the road. ( ankawa.com)\n\nThe issue of this destruction is not over yet. Our correspondent Naseem Sadiq is following up the developments and will be reporting soon on responses from Assyrian activists and politicians, Iraqi academics and intellectuals. So far, a number of letters objecting the destruction have been sent to Iraqi ministries and to the Prime Minister of Iraq, Mustafa Al-Khadhimi."
        },
        {
            "id": "076b107ad4701ad7",
            "title": "Documentary on the Remains of Assyrian Churches in Turkey to Be Released",
            "content": "Documentary on the Remains of Assyrian Churches in Turkey to Be Released\n\n( \u00d6zg\u00fcr Politika) Hakkari, Turkey (AINA) -- The EU and Turkish Journalists Society sponsored a 40-minutes documentary capturing and documenting the remains of Assyrian churches in the region. Until the mid-1920s, Assyrian survivors of the genocide still inhabited the Hakkari region of northeast Turkey but were forcibly killed and driven out by the Turkish massacre of Assyrians between 1915 and 1918, which killed 750,000 Assyrians (75%), one million Greeks and 1.5 million Armenians. The Assyrian who survived the genocide were driven into Iraq, Syrian and Lebanon.\n\nThe documentary is titled Deserted Scream (Sahipsiz \u00c7\u0131\u011fl\u0131k), and is part of the Turkish Journalists Society's \"Media for Democracy\" project. Information and suggestions by Dr. Ya\u015far Kaplan, who has completed a doctoral thesis on the Church of the East Assyrians, and writer Vasfi Ak, a native Hakkari researcher, were heavily considered while producing the documentary.\n\nThe focus of the documentary is on the central churches of the Assyrians in Hakkari, St. Shallita in the Qudshanis district, St. Isho' Monastery (D\u00eara Re\u015f) in the \u015eemdinli district, and some other churches along with selected religious buildings belonging to the Church of the East. From around 1685 until 1915, Qudshanis served as the patriarchal seat of that Church.\n\nWhile documenting the remains of the church buildings, the historical background provided by experts about the Assyrians living in the regions has also been taken into consideration. The shooting of the documentary started about two months ago by the investigative journalist and author Emin Sari and was completed with a shooting at St. Shallita Monastery in the K\u0131r\u0131kda\u011f (D\u00eaze) Valley.\n\nDr. Nicholas Al-Jeloo, an Assyrian experts on the geography of the Christian villages in the Hakkari and Bohtan regions, had the opportunity to meet and discuss the documentary project with the producers at the end of October. Dr. Al-Jeloo, born in Australia, is a descendant of Assyrians from Hakkari. In the past, he has travelled on several occasions to the Hakkari region and visited dozens of villages and churches in the district.\n\nAccording to Emin Sari, \"there are very important historical buildings within the geography of Hakkari,\" and that he wanted \"to investigate these structures.\" As he didn't have the financial means to conduct this investigation on the historical buildings on his own, he prepared a project proposal on the subject and submitted it to the Turkish Journalists Society, which accepted the proposal. \"We have been working for about two months for this and captured about 10 churches in Hakkari and its districts. We worked with a young team and academics who are doing research on the Nestorian [members of the Assyrian Church of the East] Assyrian. Now, we are coming to an end. We will present our documentary to the public in a month.\"\n\nDr. Nicholas Al-Jeloo (R) with Norah Samano in Mar Awgen Church, in Hakkari, Turkey\n\nNoting that churches and other religious buildings in the Hakkari region are unattended, Sari argues that \"an important part of churches and monasteries are about to be demolished. They are not preserved. I hope that through this documentary there will be interest in these structures. We want both to make the Assyrian people known and to motivate for work to be started to protect these churches. My hope is that the documentary we shot is appreciated by the public.\"\n\nJournalist Vasfi Ak from Hakkari said, that the D\u00eaze area, a district including 15 villages, contains a very old monastery building belonging to the Assyrians. The \"building was built on a fountain. This indicates [source of] life,\" he added. It is \"a very sacred place, but sadly it faces collapse. I hope it will be claimed and protected. We want the Ministry of Culture and the Directorate of Culture to protect such places,\" Ak concluded.\n\nYa\u015far Kaplan, a Hakkari University Research Assistant who conducted research on the Church of the East, said, \"The D\u00eaze area is one of the important centers of Assyrian Christians.\"\n\nStanding in front of the St. Shallita Monastery, Kaplan commented that it \"was a home for orphans. We do not know when it was built, but this is a place for the poor. Monks who devoted their lives to worship and prayer were staying here day and night. They did not get married. Until about 20-30 years ago, these places were intact. The villagers took care of them. But then the treasure hunters caused great damage. Sacred and historical places like this place are very important for our country. We expect such places to be restored and opened to tourism.\"\n\nAccording to the project initiators, about 150 churches in Hakkari and its districts, which are important for the Assyrian/Syriac community, were destroyed, and the 30 remaining churches were destroyed by treasure hunters. There are also churches standing despite everything.\n\nThe documentary, shot in Kurdish, is expected to be released within two months.\n\nI interviewed Dr. Nicholas Al-Jeloo about this project after his return from Hakkari. Dr. Al-Jeloo holds a PhD in Syriac Studies from the University of Sydney, an MA in World Religions (Eastern Christianity) from Leiden University and a BA in Semitic Languages from the University of Sydney. He is currently English Language Instructor at Kadir Has University in Istanbul, Turkey.\n\nAbdulmesih BarAbraham (AB): Could you please introduce yourself briefly?\n\nDr. Nicholas Al-Jeloo (NA): In 2013 I completed my doctoral dissertation at the University of Sydney, focusing on the socio-cultural history and heritage of ethnic Assyrians in Urmia, Iran. My previous teaching experience was as a lecturer at the School of Historical and Philosophical Studies, University of Melbourne, specializing in Syriac Studies. Regarding my scholarly interests, I am a socio-cultural historian with expertise in indigenous Middle Eastern Minorities, Eastern Christianity, the history of the Middle East and Islamic World, as well as interfaith and intercultural relations. My specialty is in Syriac language, literature and epigraphy.\n\nAB: What is it that drew you to visit the Hakkari region again. If I am correct, it has been your second visit this year. I remember seeing some of your postings from September.\n\nNA: Yes. In September, I joined a small group that included two local Assyrians from Midyat in Tur-'Abdin, as well as a Swedish friend of the Assyrian community, who wanted to visit and document as many Assyrian-related sites as possible in Hakkari. This time, I had promised an Assyrian friend of mine, Norah Samano from London, England, that I would take her to where her ancestors were from in Hakkari, so that she could finally see and connect with those places. It also happened to be around the time that I found out about the documentary by Emin Sari about the Assyrian churches there.\n\nAB: You have been in touch with people involved in producing a documentary that aims to film the remains of Assyrian \"Nestorian\" churches in the region. Did you have the opportunity to meet with the producers or were you able to preview and discuss the results of their recordings?\n\nNA: Correct. I was able to contact the director prior to my visit and make it clear that producing a documentary about Assyrians, but without their voice or the opportunity to relate their own point of view, is unacceptable. As I was leaving for Hakkari the next day, and he lives in Van (which is only 3.5 hours away from there), he proposed to come meet us there and to conduct some additional shooting, in order to make the documentary more complete. I thought it would be also good for them to see that there is still interest in these churches from diaspora Assyrians, and that we still make attempts to visit them, despite the challenges, in order to clearly show that they have not been completely \"deserted\" by us. I additionally wanted them to know that there is clear potential for future visits by descendants of the people that lived there and worshipped in them, and that the intention is definitely there.\n\nWe left on Wednesday 28 October, and he met us early the next morning with a cameraman. We spent the entire day together as we attempted, unsuccessfully, to get permission to visit the Tal (O\u011ful) Valley, which is one of the places from where my friend can trace her ancestry. As a consolation, we opted to visit the ruins of St. Eugene (Mar Awgen) church, above the village of Ishteh d-Nahra (Darawa/Derav), where the stream of Walto meets the Upper Zab River. After filming my friend and I prayed the Lord's Prayer, I was then filmed explaining the interior architecture and layout of the church, and interviews were conducted with myself, my friend, as well as with her father in London (over video-call). While they insisted that I speak in the basic Turkish I have thus-far acquired, rather than English, my friend was interviewed in English and her father spoke to them in Turkish. Since they are based in Van, and I didn't have time to visit them there, I wasn't able to preview and discuss the results of their recordings. Emin did, however, promise to send me a copy to view before he releases it, in order to provide my opinion.\n\nAB: How would you rate the documentary? It seems as a very good initiative, but what needs to be done to extend its focus?\n\nNA: The initiative to produce the documentary is very noble and should have already been done long ago. The fact that it is happening now, though, is still something that must be appreciated, even though it will be in Kurdish. This would make the audience, or those who would potentially watch the documentary, very narrow. I made it clear to Emin that, at the bare minimum, it should be translated into English for the benefit of Assyrian viewers in the diaspora and have offered to help them edit such English subtitles. I am sure that they will provide subtitles in Turkish, and I will confirm that. It would be nice if more such documentaries are produced, both by Assyrians and non-Assyrians, in order to extend the perspectives offered on the historical and cultural heritage of the Hakkari region. For this, there needs to be more financial support and grants should be applied for from international and local institutions such as the EU and Turkish Cultural Ministry. This should also be done when it comes to restoring these edifices.\n\nAB: According to reports, 150 churches and monasteries are located in the region. Does any systematic research exist on these holy places? How much of them have been located?\n\nNA: According to my own research, some of which I published in the Journal of Assyrian Academic Studies (JAAS), there were around 250 churches, monasteries, chapels and shrines belonging to the Church of the East just within Hakkari province on the eve of the First World War. This figure does not include the small number of additional religious buildings which belonged to the Chaldean Catholic and Assyrian Presbyterian Churches. Of these, 102 have been located by myself and other scholars who have published studies on them, such as Prof. Mehmet Top from Van Y\u00fcz\u00fcnc\u00fc Y\u0131l University. Unfortunately, however, these are in Turkish and are not accessible to those who can't read the language. I have personally been able to visit and document the sites of about 70 religious sites in Hakkari alone and, while I don't have data for 150 of them, I can report that out of the roughly 250 in my list, 67 are intact or in various stages of ruin, while 35 have been completely destroyed -- some of which may require archaeological excavation.\n\nOutside of the current boundaries of Hakkari province, there are another 36 churches in Van province (Central, \u00d6zalp, Muradiye, Saray, Ba\u015fkale and G\u00fcrp\u0131nar districts), at least 12 in \u015e\u0131rnak province (Uludere and Beyt\u00fc\u015f\u015febap districts, some of which have been documented by Dr. Zekai Erdal from Mardin Artuklu University) and 2 in Kars province, not to mention those in the Pervari district of Siirt province, which belonged to the Church of the East and should be investigated. I have been able to visit some of these and document them, but much more needs to be done.\n\nAB: Do any initiatives exist to place or register all the churches and monasteries under the umbrella of a religious foundation similar to the foundations that exist for other Assyrian churches in Turkey?\n\nNA: In 2014, while he was Metropolitan of Iraq and Russia, the current catholicos-patriarch of the Assyrian Church of the East, Mar Gewargis III Sliwa, paid a visit to Hakkari and met with various local dignitaries. Among them were the provincial governor, as well as Assyrian lawyer Erol Dora who, at that time, was serving as a parliamentarian in Ankara. I was lucky to be there on the first day of his visit and recommend some sites for him to inspect. Back then, there was the suggestion to set up a religious foundation for the Assyrian Church of the East, which currently holds no legal status in Turkey. Unfortunately, this was not seen through and there have been no subsequent visits by any prelates from the Church, leaving local stakeholders cynical and lacking hope. Neither does it seem that this important issue has been discussed in the Church Synod meetings since, which is quite unfortunate.\n\nThere are, however, people and institutions in Turkey who have -- on numerous occasions -- offered to help the Assyrian Church of the East in this regard. Among them are Assyrian individuals who identify themselves as adherents of the Church, despite its official absence, and even those who belong to other Churches but wish to help in founding a viable religious foundation or association for it. There have even been offers from the two Metropolitans of the Syriac Orthodox Church in Mardin and Tur-'Abdin, as prelates of sister Churches, to act as guarantors for properties belonging to the Assyrian Church of the East, as well as the local Chaldean Catholic Church, which has offered to register the abandoned properties under its own foundation. Unfortunately, it seems that none of these avenues have seriously been explored.\n\nThe main issue, though, remains one of ownership. Most of the religious sites previously belonging to the Church of the East are now registered as private or government properties, since the Church itself has not been present in Turkey as an official active religious institution since its founding as a republic in 1923. This is the main stumbling block which needs to be overcome if the Church actually wants to own the structures and their adjacent properties, rather than just having them restored. The records for the parcels on which these buildings are located can all be found at the local cadastral (tapu) registry, as well as their histories of ownership. That's easy enough, but it requires research and a clear move from either the Assyrian Church of the East, or people/institutions that they delegate to deal with the issue. Otherwise, the religious buildings can be restored without becoming the property of the Assyrian Church of the East and remain in government or private hands, just in order for them to be protected, preserved and open for tourism.\n\nAB: What can Assyrian organizations in the diaspora do to help document the remains of these churches and monasteries in the Hakkari region?\n\nNA: Back in 2004, I presented the same lecture at the Assyrian American National Convention, the Symposium of the Canadian Society for Syriac Studies and the annual meeting of the Middle East Studies Association of North America regarding the state of Assyrian cultural heritage sites across the homeland. Back then, I proposed the establishment of an Assyrian Cultural Heritage Foundation, which would operate internationally in order to document, as well as safeguard the conservation, preservation and proper restoration of endangered sites relating to our people's history. Unfortunately, that call fell upon deaf ears and nothing eventuated from it. That was 16 years ago, when I was in the last year of my undergraduate studies.\n\nWhile most Assyrian diaspora organizations are focused on their own local communities or helping those in need, and that is totally understandable, there really should be a minor focus on our nation's heritage -- and that includes important historic buildings and structures that constitute our tangible cultural heritage which are, for all intents and purposes, abandoned and not looked after by any government institutions. This doesn't necessarily have to be in Turkey and doesn't need to solely entail expensive and complex endeavors such as restorations or renovations. For instance, it could be as simple as funds allocated for assisting specialists in the documentation of these sites, maybe even the publication of several reports, a website, or even a series of documentaries. It would even be great if a specialized scholarship could be set aside for those wishing to achieve the credentials needed for this kind of work. Let us not forget that, as a stateless ethnic group, we must either take action ourselves or lobby the countries which now govern the various segments of our homeland for them to do so. The main issue is that the Assyrian public is not very well informed about their heritage, both tangible and intangible and, as the diaspora grows and communities in the homeland shrink, this is going to become more and more important (and difficult) to achieve. I hope that we can start laying the foundations for this as soon as possible!"
        },
        {
            "id": "3fedd6b582f29573",
            "title": "The Bridge of Dalaleh: From Arta to Assyria",
            "content": "The Bridge of Dalaleh: From Arta to Assyria\n\nDalaleh's bridge, in the village of Zakho, north Iraq. Some months after our wedding, my wife and I were driving in the car listening to Assyrian music. A particularly jaunty tune engaged my attention and I asked: \"What is all that about? Is this a song of joy or, as is often the case with the music where I am from, are there deep, profound meanings here that have absolutely nothing to do with the music?\"\n\n\"This is about a bridge in Assyria,\" my wife responded abstractly. \"There is a legend attached to it. Apparently they were building the bridge and it kept tumbling down. They consulted a local fortune teller who said that the first living thing that approached the builder on a given day would have to be sacrificed in order for the bridge to stand. On that particular day, the builder's daughter in law, Dalaleh, began to cross the bridge in order to bring her father in law lunch, her pet dog, running before her. Seeing the dog, the builder breathed a sigh of relief, but sadly, the dog began to sniff around the sides of the bridge and hung back, so Dalaleh, being informed of the requirements of the fortune teller consented to be sacrificed by being built into the bridge. Henceforth, this bridge has been known as Gishra Dalaleh -- Dalaleh's bridge.\"\n\nAbruptly, I braked and pulled over.\n\n\"Where did you say this bridge was?\" I asked.\n\n\"It's over the Khabur River, a tributary of the Euphrates,\" my wife answered.\n\nIn awe, I began to recite the following verse: \"\u0391\u03bb\u03af\u03bc\u03bf\u03bd\u03bf \u03c3\u03c4\u03b7 \u03bc\u03bf\u03af\u03c1\u03b1 \u03bc\u03b1\u03c2, \u03ba\u03c1\u03af\u03bc\u03b1 \u03c3\u03c4\u03bf \u03c1\u03b9\u03b6\u03b9\u03ba\u03cc \u03bc\u03b1\u03c2!/\u03a4\u03c1\u03b5\u03b9\u03c2 \u03b1\u03b4\u03b5\u03c1\u03c6\u03ac\u03b4\u03b5\u03c2 \u03ae\u03bc\u03b1\u03c3\u03c4\u03b5 \u03ba\u03b9 \u03bf\u03b9 \u03c4\u03c1\u03b5\u03b9\u03c2 \u03ba\u03b1\u03ba\u03bf\u03b3\u03c1\u03b1\u03bc\u03bc\u03ad\u03bd\u03b5\u03c2./\u0397 \u03bc\u03b9\u03b1 '\u03c7\u03c4\u03b9\u03c3\u03b5 \u03c4\u03bf \u0394\u03bf\u03cd\u03bd\u03b1\u03b2\u03b7 \u03ba\u03b9 \u03b7 \u03ac\u03bb\u03bb\u03b7 \u03c4\u03bf\u03bd \u0391\u03c6\u03c1\u03ac\u03c4\u03b7/\u03ba\u03b9 \u03b5\u03b3\u03ce \u03b7 \u03c0\u03b9\u03bf \u03c3\u03c4\u03b5\u03c1\u03bd\u03cc\u03c4\u03b5\u03c1\u03b7 \u03c4\u03b7\u03c2 \u0386\u03c1\u03c4\u03b1\u03c2 \u03c4\u03bf \u03b3\u03b9\u03bf\u03c6\u03cd\u03c1\u03b9.\"\n\n\"Is everything alright?\" my wife asked, eyebrow raised.\n\n\"Alas, poor is my fate and my destiny accursed!/ Sisters three we were, and doomed we were all three./ One built over the Danube, one the Euphrates river/ And me, the youngest, I build the bridge at Arta,\" I translated.\n\n\"Are you feeling unwell? Do you want me to drive?\" she enquired, visibly concerned.\n\nI began to tell her about the famous demotic folksong about the Bridge at Arta, a song, albeit with a few variations, comprising exactly the same plot. Arched bridges can be found all over the lands of the former Ottoman Empire from Bosnia to Iraq, and considering the itinerant nature of the stonemason trade, with Epirote tradesmen in particular travelling as far as Persia to construct bridges, it is quite plausible that the same legends will be shared and local permutations affixed to them. What astounded me about the song of Dalaleh's bridge, however, was that it is directly referenced in the Epirote folksong. The Chief Mason's wife, in lamenting her fate, laments also the fact that she lost two sisters in exactly the same way, one in a bridge on the Danube, and the other on the Euphrates. Dalaleh's song, therefore, via legend and solidarity, is the sister of that of the Bridge of Arta, even though both bridges are separated by 2,500 kilometres.\n\nThere are a number of candidates for the Danube sister bridge. In variations of the same legend prevalent in Albania, all the way to Romania and presumably carried there by Vlachs during their peregrinations, the Chief Mason's wife, as she is being immured within the bridge, asks that she be permitted to expose one breast, so that she may continue to nourish her infants and the request is granted.\n\nIn the Euphrates' version of the myth, the local variants are fascinating. At first, when the builder sees Dalaleh crossing the bridge, with her dog now lagging behind, he faints. He has to be cajoled and forced to reveal the cause of his distress. Once she learns of her father in law's predicament, (in a twist to the tale, the prince of Bohtan who commissioned the bridge will chop of his right hand if he is successful so he will never build a better bridge, but will amputate both hands if he fails, whereas in the case of Arta, a grocer of Arta, Giannis Thiakogiannis, known by his nick name Gatofagos, the \"Cat eater\", is the purported instigator of the construction of the Bridge. According to tradition, a pirate ship from Algiers brought a cargo of oil to sell at the port of Salaora. Gatofagos purchased some of this oil, which the pirates had stolen from a merchant and discovered within the jars, not only oil but an abundance of gold coins with which he funded construction,) Dalaleh willingly agrees to sacrifice herself for the cause of safe infrastructure, whereas the wife of the Chief Mason at Arta is denied such a choice.\n\nInstead, the Chief Mason relies on guile to entice his wife into the bridge, by claiming he has lost a ring, lamenting that there is no one who can enter to retrieve it, all the while knowing that his sweet natured wife will volunteer to look for it. As soon as she enters, \"the mason slaps on mortar with his trowel; another slaps lime;/The Chief Mason heaves and drops a giant boulder.\" This heinous violation of trust is most likely the reason why the immured wife utters a terrible curse, transforming the now solid bridge into prototype of Galloping Gertie: \"May the bridge shake, like the rifles do,/ May crossing pedestrians fall, like the tree leaves do.\"\n\nIt is important to note that unlike Dalaleh, who is named in her song and is thus granted personhood, we only know of the victim of the Arta Bridge in relation to her perfidious husband. Having no name, she is merely the wife of the Chief Mason and even now, she is denied revenge and completely disempowered. For even as she utters her curse, an appeal is made to her better nature: Yes, she has been hard done by, of this there is no doubt, but she has a brother who is currently sojourning in foreign lands. What if he should traverse the bridge and be cast into destruction by her fury? Faced with no other choice, the utterly defeated Spirit of the Bridge relents and is tamed, reversing her curse and restoring the patriarchal order which has been temporarily subverted: \"May the bridge shake, like the wild mountains do/ May crossing pedestrians fall, like the wild birds do/ for I have a brother abroad who may cross this bridge.\"\n\nNo one mourns for the hapless, completely disenfranchised wife of Arta. She is no longer a person but a supernatural being that must be propitiated and neutralized. In the case of the Euphrates sister Dalaleh, however, she is mourned by a distraught husband. According to the Assyrian version of the epic, when Dalaleh's husband arrived in Zakho, the town where the bridge is situated and learned of his wife's fate, he was devastated. In his grief, he took a pick axe and started digging under the bridge. While engaged in this activity, he heard his buried wife Dalaleh's muffled voice commanding him to refrain from his pursuit, explaining that by his actions, however well meaning, he was physically hurting her. She further declared to him that it was her will to continue holding the bridge together with her arms outstretched and to stay there for all eternity. Dalaleh too has become a supernatural being, but one whose personhood, ability to choose and determine her own fate and her femininity remains intact, which is why her husband eventually ceased his lamentations and accepted both his, and Dalaleh's fate.\n\nNo one leaves offerings to the wife of the Chief Mason at the Bridge of Arta. Her fate is an ignominious one, consigned to a tenuous habitation within collections of Greek folk songs, even as the original music to her epic is no longer remembered. Even today however, the inhabitants of Zakho, primarily Assyrians and Kurds honour the memory of the redoubtable Dalaleh, by growing two lengthy plants in one of the gaps between the stones on each side of the bridge, calling them Dalaleh's hair braids. Our peoples today may be separated by geography history and politics. Yet they share song-lines that comprise human suffering and ingenuity in equal measure, disseminated far and wide by doughty masons of Epirus who travelled the length and breadth of their known world in search of work and the opportunity to ply their craft . And every time I cross the Bolte, the Westgate or any other engineering marvel that spans the horizon, I utter a prayer for the unnamed Epirote wife of the Chief Mason of Arta, and her awesome sister, the Assyrian Dalaleh, of Zakho."
        },
        {
            "id": "45342bf081e443b2",
            "title": "Remembering the 1933 Massacre of Assyrians in Iraq",
            "content": "Remembering the 1933 Massacre of Assyrians in Iraq\n\n(AINA) -- On the 87th anniversary of the massacre of Simmele, where the Iraqi Army systematically massacred the inhabitants of more than one hundred Assyrian villages in north Iraq, Joseph Yacoub, honorary Professor of political science at the Catholic University of Lyon, published an article in French titled Le drame des Assyro-Chald\u00e9ens ne commence pas aujourd'hui (the Drama of the Assyro-Chaldeans Does Not Begin Today). The article appeared in the online edition of the French Newspaper Le Figaro, reminding of the less-known massacre of Simmele in the year 1933 in Iraq. According to various sources, as many as 6,000 innocent Assyrians were killed, and tens of thousands displaced.\n\nThis massacre marks a tragic milestone in the history of the Assyrians and resulted in the exodus of tens of thousands Assyrians into Syria, which at the time was under the French mandate. The Assyrians originated from the Hakkari mountains, in southeast Turkey, and were expelled by the Turkish state during the genocide of 1915 and pushed south into Iraq, which would become a British mandate.\n\nProfessor Yacoub reports that the integration of the Assyrian from Hakkari into Iraq under the protection of the British mandate, which was granted by the League of Nations in 1920, \"encountered difficulties, especially with respect to maintaining their traditional status to which they owed the sustainability of their existence.\" The issue became more complicated in September 1929 when the British government announced its intent to prematurely end the mandate in 1932. \"This rapid development gave rise to strong concerns among the Assyrians,\" said Professor Yacoub, \"who sent several petitions to the League of Nations, fearing for their safety, and worried about equal treatment and freedom of belief as Christians.\"\n\nYour browser does not support the video tag. Interview with Simmele Survivor\n\nDespite a declaration signed before the League of Nations on May 30, 1932, Baghdad refused to grant Assyrians any autonomy as a minority, and opposed their reunification as a homogeneous ethnic group. \"In reality, the Assyrians were perceived as foreigners and the new Iraq, which wrongly regarded them a danger to its national cohesion,\" said Professor Yacoub.\n\nAfter the formal end of the British mandate the Kingdom of Iraq became independent on October 3, 1932 and was admitted to the League of Nations.\n\nProfessor Yacoub goes on and reports on the chain of critical events, culminating in the Simmele Massacre of August 7, 1933. He cites several British and French reports about the massacre.\n\nThe London correspondent of the French newspaper Le Temps, Robert Cru, wrote on August 8, 1933: \"Grim revelations have just been added to what we already knew about the atrocities which took place in the north of Iraq. A British official on tour found 315 Assyrians slaughtered.\"\n\nYour browser does not support the video tag. Interview with Simmele Survivor\n\nThe government of King Faisal I, while deploring these incidents, \"gave its word of honor that such acts of savagery would not be repeated, but one year of advancement was granted to all officers who had taken part in these operations, and Colonel B\u00e9kir Sidqi, in charge of the operation, was promoted to general\" (Le Temps, Paris, August 18).\n\nProfessor Yacoub also refers to an article by the correspondent of Le Figaro in London, published on August 20 in which he writes \"England having abandoned its mandate over Iraq, which was recognized as an independent nation and welcomed into the League of Nations, its result was not long to wait. The Muslims of Mesopotamia attacked the small minorities in their territory. Recently Assyrian tribes have been massacred.\"\n\nAccording Professor Yacoub, the massacre of Simmele aroused many echoes in Europe and was widely covered by the press. French and British diplomatic as well as military archives contain reports on the responsibility of the Iraqi authorities and its army in the massacres. Most reports were kept \"top secret\" and released decades later. As an example, Professor Yacoub points to photos the British Royal Air Force (RAF) took from the aerial of the burnt and demolished villages. Labeled top secret due to \"overriding state interests,\" the authorities did not disclose them at the time. It was in 1984 when these images became accessible for research.\n\nOn the 85th anniversary of the Simmele Massacre the Assyrian Policy Institute (API) published a comprehensive report on the Simmele Massacre, demanding from the Iraqi Government formal recognition of the massacre and other genocidal campaigns targeting Assyrians in Iraq. API proposed also the allocation of funds for a lasting memorial honoring the victims of Simmele at the massacre site. In addition, API criticized attempts by the Kurdistan Regional Government (KRG) to politicize the massacre for the benefit of the Kurdish nationalist agenda.\n\nThe issue of recognition and of a proper memorial at the Simmele site is on ongoing theme on the agenda of Assyrian organizations. Visiting Iraq in February 2020, a delegation of the Assyrian Democratic Organization (ADO) from Syria met with Masoud Barzani, former President of the Kurdish Regional Government, in Erbil and addressed the issue of erecting of a monument in the village of Simmele for the martyrs who were killed in the Simmele massacre of 1933."
        },
        {
            "id": "e91b80a58a8c059e",
            "title": "In Iraq, Pope to Visit Mosul Churches Desecrated By Islamic State",
            "content": "In Iraq, Pope to Visit Mosul Churches Desecrated By Islamic State\n\nSt. Elijah's Monastery, one of the earliest Christian settlements, and the oldest in Iraq, near Mosul, Dec. 10, 2009. Satellite images have been used to confirm that militants with the Islamic State group destroyed a 1,400-year-old stone sanctuary (Eros Hoagland -- New York Times). MOSUL, Iraq (Reuters) -- In Mosul, adjacent to the Biblical city of Nineveh, four churches representing different denominations occupy a small square surrounded by low-rise houses, testament to the role Iraq's once flourishing Christian community played.\n\nToday, all four churches are either damaged or destroyed after Islamic State militants occupied the city from 2014-2017, desecrated many of the buildings and used them to run its administration, including as a jail and a court.\n\nAir strikes as Iraqi forces tried to dislodge the extremist group in fierce fighting did the rest. Those walls still standing are scarred with bullet and shrapnel holes.\n\n\"It used to be a bit like the Jerusalem of the Nineveh plains,\" said Mosul and Akra's Chaldean Archbishop Najeeb Michaeel of \"Church Square\", the name given to the site that Pope Francis will visit on March 7 during his historic trip to Iraq.\n\nMichaeel fondly recalled how, before the U.S. invasion in 2003, Iraqi Christians from different denominations would attend each other's services on religious festivals.\n\nThose days are gone. Today just one of Mosul's surviving churches offers a weekly Sunday service to a Christian population that has dwindled to just a few dozen families from about 50,000 people.\n\nTolerated by former President Saddam Hussein but persecuted by al Qaeda and then Islamic State, Iraq's Christians number around 300,000, one fifth of the total before 2003.\n\nSome are trickling back after Islamic State's defeat, but others still see little prospect in staying in Iraq and are looking to settle overseas.\n\nMINES AND MEMORIES\n\nA Syriac Catholic, Syriac Orthodox, Armenian Orthodox and Chaldean Catholic church are situated cheek-by-jowl in and around the dusty square. Now the area lies in ruins, as do other parts of the city.\n\nThe pope is due to hold prayers for the victims of war at Hosh al-Bieaa, known as Church Square in English, as part of a four-day trip starting on March 5, a visit Archbishop Michaeel described as highly symbolic and a message of hope.\n\n\"Where stones fell because of violence, there will always be life,\" he said.\n\nWorkmen have been busy cleaning up the site before Pope Francis arrives.\n\nFunded by the United Arab Emirates, the restoration of the Syriac Catholic church of Al-Tahera is being carried out by UNESCO in collaboration with local partners and began in 2020.\n\nHolding pictures of the church before its destruction, assistant site coordinator for UNESCO in Iraq, Anas Zeyad, pointed to delicate Syriac carvings on pieces of greyish alabaster stone referred to locally as \"Mosul marble\".\n\nDamaged by Islamic State before its roof was shredded by air strikes, the church was used as a tribunal by the jihadist movement's religious police, Zeyad said.\n\nThe adjacent Armenian Orthodox church, distinguishable by its dome, remains closed off to the public.\n\n\"It has not been de-mined yet,\" Zeyad explained, pointing to the sealed door leading to the church that Islamic State commandeered as a prison.\n\n\"Nearly all churches in Mosul were used by Islamic State,\" Archbishop Michaeel said.\n\nStanding next to a damaged piece of sculpted alabaster representing the Virgin Mary, Ali Salem, from Iraq's State Board of Antiquities and Heritage, said his team was reviewing many such artefacts to determine which could be repaired and used again.\n\n\"As a Muslim I am proud to help rebuild these churches,\" Zeyad said, adding that he hoped \"we see Christians come back to these places, so that we live together again as we have for centuries.\"\n\nEditing by Mike Collett-White."
        },
        {
            "id": "65f6a1043bcd5d16",
            "title": "100 Years of Assyrian Genocides",
            "content": "100 Years of Assyrian Genocides\n\nThe exodus of the Assyrians from Urmia, Iran to the Caucasus in 1915. ( Basile Nikitine, handed over to Dominican missionaries, Paris) (AINA) -- An article titled The Year of the Sword - The Assyro-Chaldean Genocide under the Ottoman Empire (1915-1918) appeared in the history section of the March-April issue (no. 103) of the French magazine Diplomatie affaires strat\u00e9giques et relations internationales. The article was authored by Joseph Yacoub, honorary professor in political science at the Catholic University of Lyon.\n\nProf. Yacoub is an Assyrian (also known as Chaldean and Syriac). He was the first chairholder of UNESCO's 'Memory, cultures and interculturality', expert on minorities, human rights and Eastern Christians. His parents, originally from Iranian Azerbaijan (Salamas district), suffered during the Turkish genocide of Assyrians during World War I, taking refuge in the Caucasus (Georgia) before settling in Syria in 1921. Prof. Yacoub is author of several books, among them an English book titled Year of the Sword - The Assyrian Genocide, A History (AINA 2016-11-27).\n\nIn his article Prof. Yacoub starts by reminding readers that in 1915 hundreds of thousands of Assyrians suffered in the Armenian, Assyrian and Greek genocide committed by Ottoman Turks during World War I, a genocide that met all the criteria of the UN Genocide Convention of 1948 (AINA 2012-03-91, 2007-01-15). A century later, the international community witnessed another genocide of Assyrians in Iraq and Syria committed by the Islamic State of Iraq and Syria (ISIS).\n\nProf. Yacoub highlights numerous acts and scenes of horror that mark the history of the Assyrians, who became victims of pan-Turkism and pan-Islamism in eastern Turkey and northern Iran between 1915-1918. They lost 75% of their population (750,000) to massacre, death marches, hunger and starvation. The aim of the Ottoman government was to eliminate them under the pretext of evacuation from the geographical areas deemed sensitive from a Turkish nationalism point view. Kurdish irregulars were mainly used to eradicate the Christian population. This genocide, recognized by international genocide scholars (AINA 2007-12-15) and many parliaments of many countries is in accordance with the definition of the term given by the UN Convention of December 9, 1948.\n\nThe tragedy suffered by the Assyrians under the Ottoman Empire \"continues now under other skies,\" writes Prof. Yacoub. For Assyrians, the 21st century started with persecution in Iraq (since 2004) and Syria (since 2011). Ironically, the 2015 Assyrian victims of ISIS in Khabour, northeast Syria, were descendants of refugees from Iraq who settled there in 1933, whose parents were themselves survivors of the 1915 genocide. Once again, they were driven out by Muslims, like their brothers in Mosul and from the Nineveh region.\n\nFar from being resettled in Iraq after the defeat of ISIS, their drama continues in northeast Syria, because they have been living in uncertainty since the proclamation of the Kurdish rule in 2012 and also by the Turkish military offensive since October, 2019. Weakened and existentially threatened, more than half of the Christian population in Syria took the path of exile, says Prof. Yacoub.\n\nCommenting on the events that lead to the 1915 genocide, Prof. Yacoub says,\n\nTo understand 1915-1918, it is necessary go back to 1907, looking at the evolution of the Ottoman Empire and its decline process. From that year on, the Turks began to mingle with Iranian politics, with ambitions declared on the region of Azerbaijan, supported by the Kurds who acted like their agents and charged with plundering villages...Turkish-Kurdish invasions thus devastated in 1907-1908 of the Christian villages of the mountains of Iran as Mavana, inhabited by more than 1,000 Assyrians, which caused an exodus to the town of Urmia. William A. Shedd, American Presbyterian missionary in Ourmia, wrote in 1916: \"The Turks occupied in 1906 a strip of territory along the Persian border stretching from Soujboulak to southwest to Khoi to the west.\n\nThe Young Turks Revolution (1908-1909), which ended the despotic reign of Sultan Abdel-Hamid, was initially welcomed by the Christian communities. However, it quickly gave way to oppressive and genocidal nationalism.\n\nProf. Yacoub points to an interesting fact, that prior to the entry into World War I, and on September 9, 1914, the Turkish government unilaterally abolished the so-called capitulary system, which were agreements granting European powers a set of favorable and exclusive rights in the Ottoman Empire while recognizing them as the protective powers of the Christian minorities. In the pre-war political atmosphere of islamization, this seemed like opening the way for non-Muslim communities. Before the war was officially declared, massacres took place in Bachkal\u00e9 (kaza of Albaq) in the districts of Gavar and Shemsdinan, located northwest of the Hakkari Mountains, towards the Turkish-Persian border, and other areas.\n\nAs the war began, the Assyrians were extremely shocked to see Germany supporting Turkey and its call for jihad, while German missionaries were managing some schools and orphanages in the region for them. Prof. Yacoub continues with details related to the process of genocide with references to eyewitnesses, particularly missionaries, and documents. He elaborates on the impact of the Bolshevik Revolution 1917 on the events related to the Assyrians in the Caucasus and Urmia.\n\nProf. Yacoub also discusses the ethnocide aspect in context of the genocide, which, through its dismal policy, sought to destroy the cultural heritage of a people:\n\nThis physical genocide and this spoliation of lands and property was accompanied by serious damage to the cultural inheritance cultural. Historical monuments were destroyed while churches were desecrated churches and schools demolished. Libraries containing rare books and rich manuscripts have been squandered, like those of the Chaldean diocese of S\u00e9ert... The Hakkari region counted over 200 churches, the oldest of which date back to 4th century. The Assyrians were thus dispossessed of a large part of their places of memory and their culture. In all, more than 400 churches and convents were ruined, including 156 Syriac Orthodox.\n\nProf. Yacoub concludes with the recognition initiatives by Western parliaments while presenting a list of source documents related to the genocide of the Assyrians."
        }
    ],
    "label": 2,
    "label_text": "high"
}