{
    "source": "aleteia.org",
    "articles": [
        {
            "id": "a950e329a1b5fbfb",
            "title": "Aleteia \u2014 Catholic Spirituality, Lifestyle, World News, and Culture",
            "content": "6\n\nI.Media for Aleteia\n\nThese 30 shrines will lead the Rosary Relay for end of the pandem..."
        },
        {
            "id": "473de6d05be78e63",
            "title": "Le coup de bluff qui a sauv\u00e9 Notre-Dame des Victoires il y a 150 ans",
            "content": "C\u2019est \u00e0 l\u2019aplomb d\u2019un homme, Jacques Libman, que l\u2019on doit la sauvegarde de la statue de Notre-Dame des Victoires lors de la Commune.\n\nLa statue de la basilique Notre-Dame des Victoires, dans le IIe arrondissement de Paris, a bien failli dispara\u00eetre lors de la Commune. Nous sommes le 18 mai 1871. Ce jour-l\u00e0, des communards font leur entr\u00e9e dans la basilique qui n\u2019\u00e9tait encore alors qu\u2019une \u00e9glise pour la piller. Mais un homme, Jacques Libman, s\u2019interpose. Am\u00e9ricain juif converti au christianisme, il n\u2019h\u00e9site pas une seconde \u00e0 interpeller les hommes pr\u00e9sents et leur lance : \u00ab Vous n\u2019avez pas le droit de toucher \u00e0 la statue, on me l\u2019a c\u00e9d\u00e9e \u00bb. Un coup de bluff sous le regard de la Providence qui fait mouche ! Les communards, un instant d\u00e9contenanc\u00e9, ne s\u2019approche pas de la statue de Notre-Dame des Victoires et s\u2019en vont.\n\nReconnaissance \u00e0 Marie qui me permis de sauvegarder sa statue v\u00e9n\u00e9r\u00e9e \u00e0 Notre-Dame des Victoires.\n\nEn 1903, Jacques Libman offre un ex-voto comm\u00e9morant cet \u00e9v\u00e9nement sur lequel il est \u00e9crit : \u00ab Reconnaissance \u00e0 Marie qui me permis de sauvegarder sa statue v\u00e9n\u00e9r\u00e9e \u00e0 Notre-Dame des Victoires \u00bb. Perdu pendant des ann\u00e9es, cet ex-voto a \u00e9t\u00e9 retrouv\u00e9 et r\u00e9install\u00e9 au pied de la statue \u00e0 l\u2019occasion du 150e anniversaire de son sauvetage.\n\nFond\u00e9e en 1629 par Louis XIII, Notre-Dame des Victoires n\u2019a pas tout de suite \u00e9t\u00e9 une basilique. D\u00e9sert\u00e9e par les habitants du quartier au d\u00e9but du XIXe si\u00e8cle, le cur\u00e9 de l\u2019\u00e9poque, l\u2019abb\u00e9 Dufriche-Desgenettes, aurait entendu une voix lui ordonnant de consacrer sa paroisse \u00ab au Tr\u00e8s Saint et Immacul\u00e9 C\u0153ur de Marie \u00bb. ce qu\u2019il fait au matin du 3 d\u00e9cembre 1836, f\u00eate de saint Fran\u00e7ois-Xavier, patron des mission. Il \u00e9rige \u00e9galement une confr\u00e9rie tourn\u00e9e vers la pri\u00e8re pour la conversion de tous les p\u00e9cheurs. Et, contre toute attente, les conversions se multipli\u00e8rent et donna un nouvel \u00e9lan \u00e0 la paroisse o\u00f9 Marie y est invoqu\u00e9e comme \u00ab le Refuge des p\u00e9cheurs \u00bb. Elle a \u00e9t\u00e9 \u00e9lev\u00e9e au rang de basilique mineure en 1927 par le pape Pie XI. Fait rare \u00e0 Paris, ses murs sont couverts d\u2019environ 37.000 ex-voto en remerciement \u00e0 la Vierge."
        },
        {
            "id": "8bc383aee0d6973b",
            "title": "Need a smile? Watch these friars boogie in their backyard",
            "content": "The two brothers are totally in tune as they dance to \"Jerusalema.\"\n\nAcross the world there have been many posts on social media of people dancing to the popular song \u201cJerusalema\u201d by South African musician and producer Master KG, or Kgaogelo Moagi. They have been a real treat during the pretty tough times many have been feeling this year. However, the latest post is really something special!\n\nStart your week with a big smile \u2014 and maybe some inspiration to get outdoors and dance \u2014 by taking a look at these two friars, Francisco Serrano and Scott Peter, pulling off some nifty moves in their backyard. The joy of the brothers dancing in sync is really uplifting and contagious. And with the statue of the Virgin Mary watching on in the background, it makes the dance feel even more special.\n\n\n\n\n\n\n\nRead more:\n\nWatch these Italian friars and sisters take to the streets to dance (very impressively)\n\n\n\n"
        },
        {
            "id": "fe0fc544d7b001ea",
            "title": "Les tentatives d\u2019attentat contre le Christ",
            "content": "Le disciple de J\u00e9sus ne peut pas s'attendre \u00e0 un autre sort que son ma\u00eetre, m\u00eame s\u2019il ne doit pas verser son sang. Il se heurtera toujours \u00e0 la cupidit\u00e9 de la foule et \u00e0 l\u2019hostilit\u00e9 de l\u2019esprit du monde.\n\nLe proc\u00e8s inique du Christ et la condamnation qui s\u2019ensuivit ne furent que la conclusion pharisa\u00efque d\u2019un complot ourdi bien en amont et concr\u00e9tis\u00e9 par des intimidations et par des tentatives de meurtre. Notre Seigneur \u00e9tait le seul \u00e0 conna\u00eetre exactement quelle serait son heure. Par trois fois, Il manqua tomber sous les coups ennemis mais Il passa outre, sain et sauf, prot\u00e9g\u00e9 par le plan divin \u00e0 son endroit. Et par trois fois, Il annon\u00e7a sa Passion, sa Mort et sa R\u00e9surrection. Au chaos violent du monde contre Dieu r\u00e9pond l\u2019ordre harmonieux de Celui qui est le Verbe tra\u00e7ant le chemin jusqu\u2019au Calvaire. Cette triple attaque et cette triple annonce dans l\u2019histoire terrestre du Sauveur sont pour nous symboliques des agressions et des promesses dont nous sommes victimes, pour les premi\u00e8res, et b\u00e9n\u00e9ficiaires, pour les secondes, soit dans notre vie personnelle, soit dans la vie de l\u2019\u00c9glise au cours des si\u00e8cles. En baissant la garde face au pernicieux, en n\u00e9gligeant dans le m\u00eame temps le contenu eschatologique de notre foi, le diabolique risque bien de brandir notre t\u00eate sur une pique plus d\u2019une fois que de coutume.\n\n\u00ab Tu es un blasph\u00e9mateur \u00bb\n\nL\u2019accusation r\u00e9currente des pharisiens et des scribes \u00e0 l\u2019endroit du Christ fut qu\u2019Il \u00e9tait poss\u00e9d\u00e9. Telle est leur r\u00e9ponse lors de la f\u00eate des Tabernacles, lors de la troisi\u00e8me mont\u00e9e de J\u00e9sus \u00e0 J\u00e9rusalem. Il leur demande : \u00ab Pourquoi voulez-vous me tuer ? \u00bb La riposte est sans l\u2019ombre d\u2019une h\u00e9sitation, donc soigneusement mac\u00e9r\u00e9e depuis longtemps dans leurs t\u00eates et leurs d\u00e9bats : \u00ab Tu es du d\u00e9mon. \u00bb D\u2019ailleurs saint Jean souligne bien le combat int\u00e9rieur du Ma\u00eetre qui, pr\u00eachant en Galil\u00e9e, refuse tout d\u2019abord de se rendre en Jud\u00e9e \u00ab parce que les Juifs cherchaient \u00e0 le faire mourir \u00bb. Ses disciples l\u2019invitent cependant \u00e0 se rendre \u00e0 J\u00e9rusalem pour cette grande c\u00e9l\u00e9bration de la Sc\u00e9nop\u00e9gie, et Il repousse encore cette offre : \u00ab Mon temps n\u2019est pas encore venu. \u00bb\n\nL\u2019\u00e9tonnement est grand car beaucoup regardent J\u00e9sus comme un inculte et Il parle avec autorit\u00e9.\n\nLes disciples se rendent donc \u00e0 la Ville sainte sans Lui, et l\u2019ap\u00f4tre bien aim\u00e9 pr\u00e9cise que J\u00e9sus change d\u2019avis et les rejoint \u00ab non publiquement, comme en cachette \u00bb. Dans un premier temps, Il ne se montre pas au Temple car nombreux sont ceux qui entretiennent l\u2019hostilit\u00e9 \u00e0 son \u00e9gard, et puis, soudain, \u00ab vers milieu de la f\u00eate \u00bb, Il d\u00e9cide d\u2019enseigner dans le sanctuaire de son P\u00e8re. L\u2019\u00e9tonnement est grand car beaucoup le regardent comme un inculte et Il parle avec autorit\u00e9. Les avis sont partag\u00e9s parmi la foule et nombreux sont ceux qui croient en Lui. Saint Jean poursuit en pr\u00e9cisant que \u00ab les princes des pr\u00eatres et les pharisiens envoy\u00e8rent des archers pour le prendre \u00bb, mais que ces derniers furent s\u00e9duits par la Parole du Ma\u00eetre, vite rappel\u00e9s \u00e0 l\u2019ordre par l\u2019autorit\u00e9 exigeant un devoir de r\u00e9serve, ajoutant que personne parmi les sages ne prenait au s\u00e9rieux ce pr\u00e9dicateur de pacotille, blasph\u00e9mateur par surcro\u00eet, en quoi ils se trompent puisque Nicod\u00e8me le pharisien membre du Sanh\u00e9drin a reconnu J\u00e9sus comme \u00e9tant le Messie.\n\nLe Christ poursuit donc son enseignement, \u00e9chappant de justesse \u00e0 l\u2019arrestation. Les juifs continuent de le traiter de \u00ab Samaritain \u00bb, de \u00ab poss\u00e9d\u00e9 \u00bb et cherchent m\u00eame \u00e0 le lapider. Un peu plus tard, en hiver, aux alentours de la f\u00eate de la D\u00e9dicace, de nouveau pr\u00eachant au Temple, se comparant \u00e0 un Bon Pasteur et se r\u00e9f\u00e9rant \u00e0 Dieu son P\u00e8re, le Christ leur \u00e9chappe de nouveau alors qu\u2019ils ont d\u00e9cid\u00e9 de le lapider : \u00ab Ce n\u2019est pas pour une bonne \u0153uvre que nous te lapidons, mais c\u2019est pour un blasph\u00e8me, et parce que toi, \u00e9tant homme, tu te fais Dieu. \u00bb L\u00e0, aucun retour possible, la peine ne pourra \u00eatre que capitale. Peu apr\u00e8s, la r\u00e9surrection de Lazare sera la signature messianique au bas du contrat de salut sign\u00e9 par Notre Seigneur avec le P\u00e8re. Il s\u2019avance \u00e0 partir de ce moment-l\u00e0 vers un point de non retour dont le couronnement sera la Crucifixion.\n\nSous le masque de l\u2019anonymat\n\nEn fait, d\u00e8s la premi\u00e8re tentative de meurtre dans sa patrie de Nazareth, au commencement de sa vie publique, le Christ avait patiemment mis en place, selon la volont\u00e9 du P\u00e8re, les \u00e9tapes du sacrifice. Saint Marc rapporte que J\u00e9sus ne \u00ab put \u00bb faire de miracles dans son village, ceci \u00e0 cause du manque de foi. Pourtant il est dit que ses compatriotes attendaient beaucoup de ph\u00e9nom\u00e8nes extraordinaires, mais J\u00e9sus repousse cette revendication \u00e9go\u00efste. Il n\u2019est pas le Sauveur de Nazareth mais le Sauveur de tous les hommes et Il ne peut \u00eatre r\u00e9duit \u00e0 un messie local.\n\nDe rage, les habitants, familiers du Seigneur depuis tant d\u2019ann\u00e9es, le pouss\u00e8rent vers le pr\u00e9cipice \u00e0 l\u2019entr\u00e9e de la bourgade\u2026\n\nCette cr\u00e9dulit\u00e9 nazar\u00e9enne int\u00e9ress\u00e9e fut sans doute la cause du peu de miracles compar\u00e9s \u00e0 ceux de Capharna\u00fcm, ville pa\u00efenne \u00f4 combien. De rage, les habitants, familiers du Seigneur depuis tant d\u2019ann\u00e9es, le pouss\u00e8rent vers le pr\u00e9cipice \u00e0 l\u2019entr\u00e9e de la bourgade, \u00ab mais lui, passant son chemin au milieu d\u2019eux, s\u2019en alla tranquillement \u00bb. L\u00e0 d\u00e9j\u00e0 fermentait le levain mauvais des pharisiens, au sein de cette population simple. Rien de pire que la vindicte populaire car les plus bas instincts se cachent alors dans le \u00ab on \u00bb anonyme. Les autorit\u00e9s religieuses, par la suite, essayeront bien d\u2019ailleurs de se d\u00e9barrasser du Messie gr\u00e2ce \u00e0 la haine des foules sans visage.\n\nL\u2019historien Augustin Cochin, au XIXe si\u00e8cle, a parfaitement analys\u00e9, pour la R\u00e9volution fran\u00e7aise, ce qu\u2019il nomme \u00ab l\u2019\u00c9pop\u00e9e de Monsieur On \u00bb : \u00ab On se f\u00e2cha, on courut aux Tuileries, on appela le roi\u2026 et on le tua \u00bb. L\u2019histoire des hommes est riche de tous ces \u00e9pisodes o\u00f9 la responsabilit\u00e9 s\u2019efface soudain sous le masque de l\u2019anonymat. Lorsque l\u2019homicide est commis par la foule, personne ne se sent coupable. Les pouvoirs politiques en jouent sans cesse. Il suffit de se pencher sur notre propre destin\u00e9e fran\u00e7aise depuis deux si\u00e8cles. Les pr\u00eatres et les scribes auraient aim\u00e9 que tout se termin\u00e2t ainsi, mais ils ne purent manipuler la fa\u00e7on dont le salut devait entrer dans le monde, aussi finirent-ils par utiliser les grands moyens, directs, visibles, juridiques, moyens rendus encore plus complexes par le fait qu\u2019il leur fallait le blanc-seing romain avant de mettre \u00e0 ex\u00e9cution leur plan mal\u00e9fique.\n\nLe m\u00eame sort que le ma\u00eetre\n\nD\u00e8s le commencement de sa vie itin\u00e9rante et pr\u00e9dicante, le Sauveur connaissait le sort qui lui sera r\u00e9serv\u00e9 et Il l\u2019avait accept\u00e9 par ob\u00e9issance au P\u00e8re et pour r\u00e9aliser sa mission salvifique. Aussi l\u2019annon\u00e7a-t-il \u00e0 ses ap\u00f4tres sourds et mur\u00e9s dans leur aveuglement. S\u2019identifiant avec Dieu m\u00eame, il \u00e9tait in\u00e9vitable qu\u2019Il p\u00e9r\u00eet sous les coups du On et des autorit\u00e9s religieuses soucieuses d\u2019\u00e9radiquer le blasph\u00e8me et de ne pas s\u2019attirer les foudres de l\u2019occupant.\n\nUne vie chr\u00e9tienne sans contradiction n\u2019est pas le signe d\u2019une b\u00e9n\u00e9diction ou d\u2019une protection particuli\u00e8re et privil\u00e9gi\u00e9e mais plut\u00f4t le r\u00e9sultat d\u2019un silence l\u00e2che et d\u2019une paresse dans l\u2019action.\n\nLe disciple qui d\u00e9sire Le suivre ne peut pas s\u2019attendre \u00e0 un autre sort que le sien, m\u00eame si, le plus souvent, il ne versera pas le sang. Une vie chr\u00e9tienne sans contradiction n\u2019est pas le signe d\u2019une b\u00e9n\u00e9diction ou d\u2019une protection particuli\u00e8re et privil\u00e9gi\u00e9e mais plut\u00f4t le r\u00e9sultat d\u2019un silence l\u00e2che et d\u2019une paresse dans l\u2019action. L\u2019\u00e9l\u00e8ve qui a appris la le\u00e7on du Ma\u00eetre, qui la met en pratique et qui l\u2019enseigne, se heurtera sans cesse \u00e0 la hargne pharisienne gardienne, non point de la tradition et de la doctrine, mais de la collaboration avec le monde, ses modes, ses artifices et tous ses d\u00e9mons. \u00c0 chacun d\u2019accepter ces obstacles, ces humiliations afin d\u2019entrer \u00e0 son tour dans la J\u00e9rusalem c\u00e9leste."
        },
        {
            "id": "346d983bf1c193e1",
            "title": "Rosary Day 18: Our Lady of Lourdes in France",
            "content": "During the month of May, the Church around the world is joining in a daily Rosary for the intention of the end of the pandemic, as well as a specific intention related to the various victims of the virus.\n\nEach day of the month, a different shrine will lead the daily Rosary, according to local practice.\n\nThe beginning and the end of the Rosary Marathon (May 1 and May 31) are led by Pope Francis.\n\nSee below to follow the list of the Shrines."
        },
        {
            "id": "75c38376b92b2dd6",
            "title": "Pentecost Novena Day 4, for fortitude and patience",
            "content": "In this first of all novenas, we will pray each day for the Holy Spirit's fruits and gifts.\n\nThe Church\u2019s tradition of novenas \u2014 nine days of prayer \u2014 is rooted in the nine days the Apostles and Mary spent in the Upper Room between the Ascension of Christ into Heaven, and his gift of the Holy Spirit at Pentecost.\n\nDuring this novena, we will spiritually place ourselves in the Upper Room, asking each day for one of Fruits of the Spirit and the Gifts of the Spirit.\n\nDay 4: Fortitude (gift) and Patience (fruit)\n\nFortitude\n\nWe need not think that the gift of fortitude is necessary only on some occasions or in particular situations. This gift must constitute the tenor of our Christian life, in the ordinary daily routine. As I said, we need to be strong every day of our lives, to carry forward our life, our family, our faith. The Apostle Paul said something that will benefit us to hear: \u201cI can do all things in him who strengthens me\u201d (Phil 4:13).\n\nWhen we face daily life, when difficulties arise, let us remember this: \u201cI can do all things in him who strengthens me\u201d. The Lord always strengthens us, he never lets strength lack. The Lord does not try us beyond our possibilities. He is always with us. \u201cI can do all things in him who strengthens me\u201d.\n\nDear friends, sometimes we may be tempted to give in to laziness, or worse, to discouragement, especially when faced with the hardships and trials of life. In these cases, let us not lose heart, let us invoke the Holy Spirit so that through the gift of fortitude he may lift our heart and communicate new strength and enthusiasm to our life and to our following of Jesus.\n\n~ Pope Francis, May 14, 2014\n\nPatience\n\nGod\u2019s \u201cpatience,\u201d shown in his mercy towards sinners, is a sign of his real power.\n\n~ Pope Francis, Amoris Laetitia"
        },
        {
            "id": "db3b6cb653455145",
            "title": "50 ans des SUF : le quatre-bosses du pape Fran\u00e7ois",
            "content": "Le pape Fran\u00e7ois \u00e0 la mode Baden-Powell. Une d\u00e9l\u00e9gation des Scouts unitaires de France (SUF) a remis au souverain pontife un \u00ab quatre-bosses \u00bb, le fameux chapeau scout depuis Baden-Powell, vendredi 14 mai. Le pape Fran\u00e7ois les a re\u00e7us en audience priv\u00e9e \u00e0 l\u2019occasion du 50e anniversaire cette ann\u00e9e du mouvement de jeunesse. Il les a encourag\u00e9s \u00e0 \u00eatre \u00ab \u00e0 la fois des chr\u00e9tiens dynamiques et des scouts d\u00e9vou\u00e9s, \u00e0 ne pas se d\u00e9courager face aux \u00e9go\u00efsmes du monde, \u00e0 ne pas s\u2019enfermer sur eux-m\u00eames, \u00e0 porter sans crainte l\u2019annonce missionnaire, et \u00e0 partager partout la joie de l\u2019\u00c9vangile\u00ab .\n\nD\u00e9couvrez en images la loi scoute :"
        },
        {
            "id": "2e58f0d853e69466",
            "title": "L\u2019addition sal\u00e9e que J\u00e9sus a pay\u00e9e",
            "content": "A travers le monde, vous \u00eates des millions \u00e0 lire Aleteia, pour y trouver quelque chose d'unique : une vision du monde et de votre vie inspir\u00e9e par l\u2019\u00c9vangile. On pr\u00e9tend qu'il est de plus en plus difficile de transmettre les valeurs chr\u00e9tiennes aux jeunes d'aujourd'hui.\n\nEt pourtant, savez-vous que plus de la moiti\u00e9 des lecteurs d'Aleteia sont des jeunes de 18 \u00e0 35 ans ? C'est pourquoi il est si important que Aleteia demeure un service quotidien, gratuit et accessible \u00e0 tous. Cependant, un journalisme de qualit\u00e9 a un co\u00fbt que la publicit\u00e9 est loin de couvrir. Alors, pour qu'Aleteia puisse continuer \u00e0 transmettre les valeurs chr\u00e9tiennes au c\u0153ur de l'univers digital, votre soutien financier demeure indispensable."
        },
        {
            "id": "12d8860a3502401c",
            "title": "\"Marathon de pri\u00e8re\" : depuis Lourdes, \u00e0 l\u2019intention du personnel soignant",
            "content": "Tout au long du mois de mai le pape Fran\u00e7ois propose un marathon de pri\u00e8re pour en finir avec l\u2019\u00e9pid\u00e9mie de Covid-19. Cette chaine de pri\u00e8re relie trente sanctuaires diff\u00e9rents \u00e0 travers le monde. Chaque jour, l\u2019un d\u2019entre eux guidera le rosaire en priant pour une intention particuli\u00e8re. Aujourd\u2019hui, 18 mai, Notre-Dame de Lourdes (France).\n\nLe marathon de pri\u00e8re du pape Fran\u00e7ois s\u2019arr\u00eate, ce mardi 18 mai, au sanctuaire Notre-Dame de Lourdes.\n\nLourdes Un secours pour les malades\n\nLourdes tient une place toute particuli\u00e8re dans le c\u0153ur de millions de personnes, en France et \u00e0 l\u2019\u00e9tranger. Ils sont habituellement chaque ann\u00e9e pr\u00e8s de 6 millions \u00e0 s\u2019y rendre, en qu\u00eate d\u2019une gu\u00e9rison du corps, du c\u0153ur ou de l\u2019\u00e2me. En apparaissant dix-huit fois \u00e0 Bernadette Soubirous (du 11 f\u00e9vrier au 16 juillet 1858), petite paysanne de 14 ans illettr\u00e9e, \u00e0 la grotte de Massabielle, Marie s\u2019est rendue proche des plus petits, des plus d\u00e9munis. \u00c0 l\u2019image de cette simplicit\u00e9, de cette tendresse, le sanctuaire de Lourdes est devenu le lieu par excellence de la compassion, du courage et de l\u2019esp\u00e9rance.\n\nPri\u00e8re \u00c0 l\u2019intention du personnel soignant\n\nLe pape Fran\u00e7ois invite \u00e0 prier sp\u00e9cialement, en mardi 18 mai, pour le personnel soignant, les infirmiers et les m\u00e9decins notamment. Durant cette pand\u00e9mie, les infirmiers et les m\u00e9decins ont donn\u00e9 \u00ab un exemple d\u2019h\u00e9ro\u00efsme \u00bb, avait d\u00e9clar\u00e9 le pape Fran\u00e7ois il y a un an, le 12 mai 2020. Plus qu\u2019un m\u00e9tier, \u00ab c\u2019est une vocation, un d\u00e9vouement \u00bb, avait-il rappel\u00e9. Le souverain pontife les a \u00e9galement exhort\u00e9s, \u00e0 plusieurs reprises, \u00e0 avoir une action qui tend \u00ab constamment \u00e0 la dignit\u00e9 et \u00e0 la vie de la personne, sans jamais c\u00e9der \u00e0 des actes de nature euthanasiste, de suicide assist\u00e9 ou de suppression de vie \u00bb.\n\nLive S\u2019unir \u00e0 la pri\u00e8re\n\n\u00c0 suivre en direct \u00e0 partir de 18h :"
        },
        {
            "id": "a90ba8762fe0add9",
            "title": "Le pape Fran\u00e7ois place un pion strat\u00e9gique \u00e0 Hong Kong",
            "content": "Le pape Fran\u00e7ois a nomm\u00e9 le p\u00e8re j\u00e9suite Stephen Chow Sau-yan \u00e9v\u00eaque de Hong Kong, a annonc\u00e9 le Bureau de presse du Saint-Si\u00e8ge le 17 mai 2021.\n\nLa place \u00e9tait rest\u00e9e vacante depuis 2019. Le pape Fran\u00e7ois a nomm\u00e9 le p\u00e8re j\u00e9suite Stephen Chow Sau-yan \u00e9v\u00eaque de Hong Kong, a annonc\u00e9 le Bureau de presse du Saint-Si\u00e8ge le 17 mai 2021. Jusqu\u2019alors sup\u00e9rieur de la province j\u00e9suite de Chine, ce pr\u00eatre de 61 ans prend la t\u00eate d\u2019un dioc\u00e8se marqu\u00e9 par d\u2019importantes tensions depuis la promulgation de la \u00ab loi de s\u00e9curit\u00e9 \u00bb par P\u00e9kin en 2020.\n\nLe profil du j\u00e9suite pourrait avoir \u00e9merg\u00e9 comme une figure d\u2019ouverture et de compromis pour Hong Kong. En effet, la Compagnie de J\u00e9sus semble privil\u00e9gier ces derni\u00e8res ann\u00e9es une approche culturelle \u00e0 une approche purement missionnaire. C\u2019est en tout cas ce que tend \u00e0 montrer l\u2019activit\u00e9 des divers centres de recherche j\u00e9suites d\u00e9di\u00e9s \u00e0 la Chine \u2013 comme le Centre S\u00e8vres en France \u2013 ou du journal officiel j\u00e9suite, La Civilta Cattolica, traduit en chinois depuis avril 2020.\n\nLe curriculum vitae du futur \u00e9v\u00eaque, un natif d\u2019Hong Kong, va dans ce sens. Il a fait des \u00e9tudes de psychologie aux \u00c9tats-Unis avant de rejoindre la Compagnie de J\u00e9sus en 1984. Ordonn\u00e9 en 1994 dans l\u2019enclave chinoise, il a ensuite poursuivi des \u00e9tudes en d\u00e9veloppement organisationnel et en psychologie \u00e0 Chicago puis \u00e0 Harvard.\n\n\u00c0 partir de 2007, il s\u2019est vu confier la direction de deux coll\u00e8ges j\u00e9suites, ainsi que de nombreux autres postes li\u00e9s \u00e0 l\u2019\u00e9ducation \u00e0 Hong Kong. Il \u00e9tait depuis 2018 \u00e0 la t\u00eate de la province chinoise de la Compagnie de J\u00e9sus.\n\nUne enclave de plus en plus chinoise\n\nSa nomination en tant qu\u2019\u00e9v\u00eaque d\u2019Hong Kong est hautement d\u00e9licate pour le Saint-Si\u00e8ge comme pour le gouvernement de Xi Jinping. L\u2019enclave hongkongaise est r\u00e9gie th\u00e9oriquement \u2013 depuis sa r\u00e9trocession en 1997 par le Royaume-Uni \u00e0 la Chine \u2013 par le mod\u00e8le \u00ab un pays, deux syst\u00e8mes \u00bb, et constitue un \u00eelot d\u00e9mocratique occidental adoss\u00e9 au pays communiste. Le fait que la libert\u00e9 de culte soit respect\u00e9e dans l\u2019enclave en a longtemps fait pour l\u2019\u00c9glise catholique une de ses portes d\u2019entr\u00e9e privil\u00e9gi\u00e9es vers le Mainland.\n\nCependant, les choix politiques faits par P\u00e9kin ces derni\u00e8res ann\u00e9es visant \u00e0 acc\u00e9l\u00e9rer l\u2019int\u00e9gration d\u2019Hong Kong \u00e0 la Chine communiste \u2013 au m\u00e9pris du trait\u00e9 sign\u00e9 avec Londres en 1997 \u2013 ont profond\u00e9ment boulevers\u00e9 la vie de l\u2019ancienne colonie britannique. Le dernier \u00e9pisode en date, la promulgation de la loi de s\u00e9curit\u00e9 \u2013 qui permet au pouvoir chinois de proc\u00e9der \u00e0 des arrestations sans garanties d\u00e9mocratiques en cas de mise en danger de la s\u00e9curit\u00e9 nationale \u2013 a entrain\u00e9 de fortes mobilisations des forces pro-d\u00e9mocratiques du \u00ab port parfum\u00e9 \u00bb, notamment de nombreuses personnalit\u00e9s catholiques \u2013 en particulier le cardinal Joseph Zen, ancien \u00e9v\u00eaque et opposant farouche \u00e0 P\u00e9kin.\n\nDepuis la d\u00e9mission du pr\u00e9c\u00e9dent \u00e9v\u00eaque, Mgr Michael Yeung, en janvier 2019, la nomination de son successeur \u00e9tait un sujet sensible, et ce d\u2019autant plus apr\u00e8s la signature d\u2019accords pastoraux avec la Chine en novembre 2019. Si l\u2019enclave n\u2019est th\u00e9oriquement pas concern\u00e9e par ces accords, il est n\u00e9anmoins probable qu\u2019il y ait eu des \u00e9changes entre les deux parties en amont de cette nomination."
        }
    ],
    "label": 1,
    "label_text": "mixed"
}