{
    "source": "alreporter.com",
    "articles": [
        {
            "id": "a1292a86387a1ba2",
            "title": "Where to get tested for coronavirus in Alabama",
            "content": "Hi, what are you looking for?"
        },
        {
            "id": "048578a460366b21",
            "title": "Opinion | Forget good governance, just lie. The \u201cfools\u201d will believe you",
            "content": "Good governing is hard to do. It\u2019s not easy to take complicated issues and seek meaningful, thoughtful solutions that aid a majority of citizens. It\u2019s hard work to spend hours talking to real people, to experts and to those with opposing views, and then take what you\u2019ve learned and use it to solve big problems.\n\nIt\u2019s a lot easier to lie.\n\nIt\u2019s a lot easier to tell people that it\u2019ll trickle down. That they\u2019re coming for your guns. That socialism is creeping in. That the immigrants are taking over. That the election was rigged. That the virus isn\u2019t real. That government-run health care would be terrible. That they want to cut Medicare. That the masks don\u2019t work. That they were all antifa. That only Black people are standing voting lines by coincidence.\n\nBut make no mistake about it, while this tactic sadly works, if you buy into it and the lie is ultimately exposed, well, you\u2019re the fool.\n\nJust ask Mo Brooks. The biggest liar of them all.\n\nIn an interview with al.com last week, Brooks called the Trump supporters and Republican voters who stormed the Capitol on Jan. 6 \u201cfools,\u201d and said they did more damage than even those voters who might follow the Democratic plan for the country.\n\nHow dare those fools! I mean, what sort of unhinged, unpatriotic, anti-democracy clown could have encouraged those people to sacrifice their blood, sweat, tears, fortunes and \u201ceven their lives\u201d and told the enraged crowd to \u201ckick ass?\u201d\n\nAdvertisement. Scroll to continue reading.\n\nWhat sort of an unhinged, half-cocked traitor to the country would have spent weeks telling those Trump supporters and Republican voters that the election had been rigged, that there was \u201cunprecedented cheating,\u201d and that President Joe Biden\u2019s election was something akin to the start of the Civil War?\n\nWell, if you guessed that person was Mo Brooks, you might wonder how that same person could then label those insurrectionists that he helped rile up a bunch of fools and still manage to walk upright from the amount of shame he\u2019s carrying.\n\nFrom what I can tell, there is no shame left in Republican World anymore.\n\nThere is simply taking from our government whatever you can get your grimy hands on and to hell with everything else. There is no effort at governing anymore. There is no effort expended to create or implement policies \u2014 not on a grand scale. There is no overriding interest in compromise.\n\nThe entire party\u2019s success, at this point, seems to rest with how well it can sell a lie.\n\nI\u2019ll give them credit, they do it quite well. So well, in fact, that despite not even pretending to have a plan for the major issues facing this country and this state, they\u2019re barely out of power nationally and hold a super-majority in Alabama.\n\nAnd the truly concerning part of that is how blatantly they\u2019re lying.\n\nAdvertisement. Scroll to continue reading.\n\nFor example, let\u2019s take the \u201cstolen election\u201d lie being pushed currently to prop up the entire Brooks campaign, the ridiculous voting impediments being imposed in red states across the country and the resistance in Alabama to voting changes that worked without a single problem in the last election.\n\nOver and over, you hear Republicans explain that we must make these changes \u2014 or, in Alabama\u2019s case, not make these changes \u2014 in order to restore voters\u2019 faith in the election system.\n\nExcept, there is no problem with our voting system. Multiple audits of every contested state proves that we had zero problems. There was almost no fraud \u2014 certainly none on a scale that would have altered even local races \u2014 and there were no major malfunctions. In terms of delays and long waits on vote counts, we were in the midst of a pandemic and millions of main-in ballots were being submitted for the first time.\n\nAll of these things are easily provable facts. And more than three dozen courts have found them far more credible than the baseless allegations of fraud.\n\nIn fact, the only people pushing the allegations of fraud are the Republicans who stand to gain from those allegations. And the mouthpieces on TV and radio who help them.\n\nAnd those people have been forced \u2014 thanks to civil laws filed \u2014 to admit that they were lying. Fox News, OANN and Newsmax have all issued lengthy corrections on air explaining they never had any evidence of fraud, particularly fraud involving malfunctioning voting systems.\n\nFox also has admitted in court documents that no one should take Tucker Carlson \u2014 the host of its highest rated show \u2014 seriously and stated that his show is entertainment. No reasonable person could conclude otherwise, the network\u2019s lawyers said.\n\nAdvertisement. Scroll to continue reading.\n\nSame for Sidney Powell, one of the most vocal attorneys who proclaimed that the election was stolen from Trump, and who filed numerous lawsuits pushing this fallacy. Powell has now stated that no reasonable person could have taken her seriously.\n\nExcept many people have taken them seriously. Primarily because you have elected leaders, like Brooks, helping to push those lies. Brooks is still pushing them, as recently as this past weekend telling supporters at a rally that it was the most fraud and illegal votes in history.\n\nAgain, there is zero evidence of this, and to date Brooks has failed to support any of these claims.\n\nBut it doesn\u2019t seem to matter. Because unfortunately, there is political capital in screaming the loudest, especially if those screams include claims that some people want to believe.\n\nIt\u2019s easier. You just have to hope you don\u2019t run out of \u201cfools.\u201d"
        },
        {
            "id": "f299add88f8fe7e9",
            "title": "Opinion | From Dixiecrat until today. The evolution of the Republican Party",
            "content": "The only political office I have ever been elected to was a seat on the Jefferson County Republican Executive Committee. My name was on the ballot and I got the most votes. (Out of the very few cast back then in the Republican primary.) I lived in Birmingham.\n\nBut that Republican party was nothing like it is today. The people I met were honestly interested in good government and putting forth candidates of integrity, conviction and who were trustworthy. They were not the wackos we see too much of today. No Ted Cruz, no Ron Johnson, no Marjorie Taylor Greene. They were not trying to divide people and make fear and hate the main message of their campaigns for office.\n\nSo what happened? Or did anything really?\n\nIn 1948, something called the States\u2019 Rights Democratic Party came into being. It was most commonly known as the Dixiecrat party. Its followers were Democrats from the deep South who were upset that President Harry Truman ordered integration of the military in 1948 and was seen as friendly to civil rights issues of Black Americans.\n\nThis did not sit well with southerners who were staunch segregationists. So the Dixiecrats were born. Their presidential candidate was Senator Strom Thurmond of South Carolina, who became a Republican in 1964. As Black people got the right to vote and became politically involved, they flocked to the Democratic party.\n\n\u201cWhite flight\u201d was not just about southern whites\u2019 response to school integration, it was also about the growth of the Republican party throughout Dixie.\n\nPeggy Wallace Kennedy has written a fascinating and courageous book, The Broken Road, about her famous father, George C. Wallace. She makes it clear that she saw little difference in the political stances of her father in the 1960s and those of Donald Trump in 2016.\n\nAdvertisement. Scroll to continue reading.\n\nListen to her \u201cDaddy\u2019s politics were more than just bombastic style. The establishment and other politicians viewed him as a demagogue. Nobody will buy what he is selling, they declared. Just take a look at him. Take him out of those Alabama backwoods\u2019 and he\u2019ll be finished. That was a mistake. And forty-four years later, disaffected voters responded similarly to Trump. They rebelled against the same intellectualism and paternalism that Daddy railed against.\n\nDaddy\u2019s strategy of articulating and mobilizing the grievances of the dispossessed would become one of the core strategies of the Trump campaign forty-four years later. It was the politics of rage and fear. It was resentment for no particular reason. It was a tent revival in the dead of summer, slapping mosquitoes and singing \u201cAmazing Grace\u201d while the preacher was fooling around out back.\u201d\n\nStrom Thurmond got 78 percent of the vote in the Alabama 1948 general election. Republican Thomas Dewey only 19 percent. In 2020 Donald Trump got 62 percent of the vote compared to Biden\u2019s 37 percent.\n\nSo the case can certainly be made that the DNA of Alabama voters has not changed much since at least 1948 and the Republican party has morphed into the old Dixiecrat party. Given that the majority of Alabamians are descendants of Scots-Irish, this is understandable. In general, Scots-Irish who came to this country were fierce, violent and independent people. They set their own rules and dared anyone to try and change them.\n\nTheir pride overruled common sense and permitted them to cast votes that were hurtful to their own well-being.\n\nLook at Strom Thurmond in 1948. Or better yet, look at Barry Goldwater in 1964. Goldwater was a U.S. Senator from Arizona known for his \u201cstraight talk\u201d and fiery rhetoric. Just the kind of candidate that the Scots-Irish loved. A candidate without a snow ball\u2019s chance in Hell, but boy he could stir a Southern heart. Just like Donald Trump could do.\n\nEven though Goldwater lost to Lyndon Johnson in the general election by the largest margin in history, he got 69 percent of the Alabama vote. (Second only to Mississippi.) Goldwater only won six states. His Arizona home and Louisiana, Mississippi,\n\nAdvertisement. Scroll to continue reading.\n\nAlabama, Georgia and South Carolina. Alabama also elected five Republicans to the national House of Representatives in 1964..\n\nWhile the Dixiecrat party was then ancient history, Goldwater showed us that the Republican Party was fertile ground for right wing believers. In fact, Goldwater\u2019s conservatism, initially rejected as radical, infused the Republican\u2019 Party.\n\nIf you don\u2019t think so, then look at what just happened in Georgia where the Republican led legislature has passed new law about how elections should be conduced.. A law that makes it illegal to give someone waiting in line to vote a bottle of water. No doubt Strom Thurmond would be elated. And most of us have now seen the photo with the governor surrounded by six white male legislators as he signed the bill.\n\nAnd just outside the governor\u2019s closed door a Black female legislator was arrested and taken to jail for knocking on the door.\n\nYou got to give Trump credit for one thing. He figured out that the Dixiecrat/Republicans were a festering wound. All they needed was someone to come along and pull the scab off. He obliged.\n\nUltimately national Republicans will have to realize that water fountains in downtown Atlanta and Birmingham are no longer labeled, \u201cFor whites only\u201d and support policy that appeals to a much broader spectrum of Americans than they do now. If not, then they are only marking time until the day they end up where the Dixiecrats did. On the outside looking in.\n\nAs to Alabama, the Dixiecrat/Republicans will probably be around for a long time, too often listening to the radical voices that tell them a long-ago world still exists and sending people to Washington who may have a vote\u2013but no influence."
        },
        {
            "id": "6dabcbbefbd39c8e",
            "title": "Opinion | 2022 big election year as Alabama chooses Shelby\u2019s successor",
            "content": "Last week we alerted you to the fact that next year will be a banner year in Alabama politics. The governor, lieutenant governor and all other statewide constitutional offices are up for election. All 140 members of the legislature are up for election and will be running under new lines. Our entire congressional delegation is up for reelection and they too will be running under new lines drawn by the legislature. All 67 sheriffs in the state are also on the ballot.\n\nThis slate in and of itself would make this a marquee year. However, what will render this upcoming 2022 election year momentous is that we will have a very important U.S. Senate Seat to fill. Richard Shelby will retire after 36 years in the United States Senate. It will be impossible to replace Senator Shelby. The amount of federal dollars he has secured for the Heart of Dixie is incomprehensible and irreplaceable. He will be remembered as the greatest senator in Alabama history.\n\nSeniority is paramount in Washington. It is everything. It took Senator Shelby awaiting 20 years before he became one of the major players in Washington. Therefore, Senator Shelby would be the first to tell you that it is imperative for Alabama\u2019s future that we elect someone young to be his successor. If you send someone over 60 to the U.S. Senate, they will never have any real power.\n\nThe political hierarchy of the senate will recognize that and place our senator on obscure committees. The best thing for us to do is to send a younger person to the Senate, and also one that is not an ideologue demagogue who is more interested in being on Fox News than bringing home the bacon.\n\nFirst on most lists is Katie Boyd Britt. She served as Senator Shelby\u2019s Chief of Staff and is now the CEO of the Business Council of Alabama. She is only 39 years old and she would have the potential to be a power in Washington. Shelby likes her.\n\nSomeone who will probably be in the race and will be one of the early frontrunners is Secretary of State John Merrill. He has served his two four-year terms as Secretary of State and is precluded from running for another term in that office. Therefore, he has to go somewhere. He is the best retail politician in the state and is the only statewide official with a real grassroots organization. Merrill will be a player and has the acumen and diligence to be an effective senator.\n\nCongressman Robert Aderholt would be the logical favorite to take Senator Shelby\u2019s seat. However, with 24 years seniority in the House, Congressman Aderholt is making the right decision for himself and our state by remaining in his House seat.\n\nAdvertisement. Scroll to continue reading.\n\nPSC President, Twinkle Cavanaugh, would be an excellent person to succeed Shelby. She is popular and still young, but she will probably not be in the race.\n\nFormer Trump Ambassador to Slovenia, Lynda Blanchard, has already announced that she will enter the race for Shelby\u2019s U.S. Senate seat in 2022. She is from Montgomery and has come to the table with $5 million.\n\nThe person who might run but would not be an effective senator is Huntsville Congressman Mo Brooks. He would be an albatross for our state. During his 10 years in Congress, Brooks has been an obstacle for Senator Shelby and Huntsville Mayor Tommy Battle as they have worked to build Huntsville\u2019s Redstone Arsenal into the Science and Technology Capitol of Alabama and probably the nation.\n\nBrooks\u2019 only mission is to be thought of as a right-wing extremist, who cares more about being a demagogue than representing and helping his district. If Brooks were to replace Shelby, it could be devastating to Alabama\u2019s efforts to attract federal dollars or future economic prospects. It will be hard enough for Shelby\u2019s predecessor to simply maintain everything Shelby has brought to Alabama. However, with Brooks in Shelby\u2019s seat, Alabama might actually lose ground \u2013 not only the Redstone Arsenal in Huntsville, but also UAB in Birmingham, Maxwell-Gunter in Montgomery, and Fort Rucker in the Wiregrass.\n\n2022 is going to be a big year in Alabama politics.\n\nSee you next week."
        },
        {
            "id": "482b89d42caab0d0",
            "title": "Conservative PAC targets Brooks, 5 other Republicans in new ad campaign",
            "content": "The Republication Accountability Project, a political action committee formed by the conservative group Defending Democracy Together, has launched a $1 million ad campaign directed at six House Republicans, including U.S. Rep. Mo Brooks, for their objection to the results of the 2021 presidential election.\n\n\u201cSince the night of Jan. 6, most Republicans in Congress have been trying to make us forget what happened or rewrite the story,\u201d said Sarah Longwell, executive director of RAP. \u201cWe won\u2019t allow them to get away with helping incite an insurrection. They can\u2019t be trusted with power, and we won\u2019t forget it.\u201d\n\nTargeting Congressmen Kevin McCarthy, Louie Gohmert, Matt Gaetz, Marjorie Taylor Greene, Madison Cawthorn and Brooks, the PAC highlights their support of the \u201cBig Lie\u201d that the 2020 election was not free and fair, in the lead up to the ratification of the Electoral College votes and the sacking of the Capitol on Jan. 6.\n\nThe same group also launched billboards calling on congressmen, including Brooks, to resign for their role in the Capitol attack.\n\nThe Alabama ad, scheduled to broadcast next week on local Alabama newscasts and, features Brooks saying, \u201cThere was massive voter fraud and election theft,\u201d during a Fox News interview on Jan. 3.\n\nThe ad also highlights Brook\u2019s \u201ctoday, American patriots start kicking ass\u201d comment at the Capitol rally, said directly before a mob stormed into the Capitol through the doors of the Capitol. The video will also appear in digital ads and will also be broadcasted nationally on MSNBC, CNN and Fox.\n\n\u201cIf Mo Brooks won\u2019t support democracy, we won\u2019t support him,\u201d the ad states.\n\nAdvertisement. Scroll to continue reading.\n\nA national ad, directed toward Republican voters, will air multiple times next week on CNN\u2019s New Day. The ad closes with a call for voters, businesses, religious and civic organizations to pledge not to support Republican members of congress who objected to the ratification of the electoral college results on Jan. 6.\n\nIn addition, RAP released a legislative search engine to be used by voters to search if their legislators voted against the ratification."
        },
        {
            "id": "43ded58625b0f676",
            "title": "Hokes Bluff man arrested, charged with entering U.S. Capitol on Jan. 6.",
            "content": "A Hokes Bluff man was arrested Monday and charged in connection with entering the U.S. Capitol during the attack on Jan. 6, court records show. Russell Dean Alford, 60, is charged with entering a restricted building, disorderly conduct and unlawfully demonstrating inside the Capitol, according to court records.\n\n\u201cI wondered when y\u2019all were going to show up. Guess you\u2019ve seen the videos on my Facebook page,\u201d Alford told FBI agents in a Jan. 20 interview at his business, Alford\u2019s Paint & Body Shop, according to court records.\n\nAlford told agents that he attended the Jan. 6 rally and entered the Capitol through a door that had been broken open.\n\nAt the end of a video Alford posted to Youtube the day of the attack from inside the Capitol, Alford can be seen turning the camera to show his face. He posted another video from inside the Capitol the next day. Security footage and body cam footage from Capitol Police showed Alford inside the Capitol, according to court records, which include those images.\n\n\u201cALFORD then showed the agents some videos that he took inside the U.S. Capitol on his mobile phone,\u201d an FBI agent wrote in the affidavit. \u201cAccording to the agents, the videos appeared to match the videos that ALFORD had previously posted to YouTube on January 6 and January 7, 2021. ALFORD also confirmed to the agents that he personally filmed these videos inside the U.S. Capitol building.\u201d\n\n\u201cAll staged on the 6th,\u201d Alford wrote in a Facebook post on March 11, in which he shared a graphic photo of a woman who appears to be Ashli Babbitt, the Trump supporter who was shot and killed by police inside the Capitol as she attempted to enter further into the building through a broken window.\n\nAlford is a prolific Facebook poster of far-right conspiracies, including posts related to QAnon. He posts numerous times a day, sharing pro-Trump, anti-Democratic memes.\n\nAdvertisement. Scroll to continue reading.\n\nAlford is the seventh Alabamian charged in connection with the Jan. 6 attack on the Capitol."
        },
        {
            "id": "189b993d14c8c539",
            "title": "Aderholt and Marshall file suit against the Census Bureau",
            "content": "On March 10, Congressman Robert Aderholt, R-Alabama, joined Alabama Attorney General Steve Marshall in filing a lawsuit against the United States Census Bureau, specifically the Bureau\u2019s use of differential privacy.\n\n\u201cI am pleased to join with Attorney General Steve Marshall in fighting this unconstitutional practice by the United States Census Bureau,\u201d Aderholt said:\n\n\u201cThe Census is only carried out once every ten years and is vital for redistricting, federal allocation of tax dollars and for many other public and private uses. Therefore, it is critical that the numbers be as accurate as possible and not be simply generated by computer algorithms and guess work. The bureau\u2019s practice of \u201cdifferential privacy\u201d is just that, guess work. \u201cDifferential privacy applies a statistical algorithm to the census data that scrambles the data to minimize the chances of identifying any individual person. However, the problem is that when the data gets scrambled, it also becomes inaccurate and useless. For example, a census block in Gadsden, Alabama might have 100 people in it. 50 of them are white, 25 are African American and 25 are Hispanic. But when the Census Bureau puts those numbers through the algorithm, suddenly those numbers become 75 people with 55 of them white, 1 African American and 19 Hispanics. Another example of this practice that the Bureau has produced shows a block of single-family suburban homes, that are exclusively occupied by children, with no adults. Either there are children running households all alone, or the data is wrong. Imagine the effect this will have on school district lines. \u201cFurthermore, rural areas will be affected the most, because the smaller the population of an area the more the data will be skewed in order to ensure privacy according to this policy. The 2020 Census data has been illegally delayed and this practice of differential privacy seems to be playing a role. This is not a partisan issue and concern has been expressed by members of both parties. We are calling on the court to address this issue expeditiously so we can proceed on the original timetable.\u201d\n\nIn their lawsuit filed in the U.S. District Court for the Middle District of Alabama, Marshall and Aderholt challenged the U.S. Department of Commerce and the Census Bureau for what they described as purposefully manipulating and delaying mandated Census numbers using differential privacy.\n\n\u201cEvery ten years the U.S. Census Bureau is required by law to report the results of the census count to Congress and the States so that $1.5 trillion in federal funding can be fairly allocated and legislative districts can be fairly redrawn,\u201d said Attorney General Marshall:\n\n\u201cThe Census Bureau is already late in reporting mandated apportionment data from the 2020 census and has declared it will also violate the statutory deadline for delivering redistricting data to the States. But on top of that, it appears part of the reason for delay is the Bureau\u2019s attempt to use a novel confidential algorithm to manipulate the counts that allocate tremendous amounts of money and political power. \u201cThe reason the Framers required an actual enumeration of the population every ten years, rather than estimates by purported experts, was to avoid the risk that census results could be manipulated for improper purposes. Whatever the Bureau\u2019s motives, this bureaucratic experiment will force Alabama and other states to redistrict with intentionally flawed data. The States has a right to accurate data, and I am gravely concerned over the chaos the Census Bureau\u2019s action will impose on Alabama\u2019s proper drawing of congressional districts in time for the 2022 elections. I join with Alabama Congressman Robert Aderholt in filing this lawsuit to restore accuracy and transparency to the census process.\u201d Advertisement. Scroll to continue reading.\n\nWhile the Census Bureau is fiddling with its experimental new statistical algorithms, the release of the Census results fall farther and farther behind. The census data was supposed to be released in April so that 50 state legislatures, including Alabama, can begin the arduous work of redistricting and reapportioning Congressional districts, state Senate districts, state House districts and state Board of Education districts.\n\nThat was pushed back to June, then July and the most recent date given is Sept. 30, but sources in Montgomery suggest that that could be pushed back still further as the Census Bureau continues with its calculations.\n\nThe state Legislature had planned on having a special session for redistricting in August, but that has had to be pushed back for October or November. Some sources in Montgomery say that if the Census can\u2019t at least meet that Sept. 30 deadline that the special session might have to be pushed all the way back to January.\n\nAt one point, state officials believed that Alabama would lose on of our seven congressional districts, now officials are quietly optimistic that the state might keep all seven, depending on the numbers from other states. Of course no one outside of Washington has seen the numbers yet, due to the Census Bureau\u2019s delays.\n\nThe chairs of the Joint Committee on Redistricting are Sen. Jim McClendon, R-Springville, and Rep. Chris Pringle, R-Mobile.\n\nAderholt serves as the ranking member of the House Appropriations Subcommittee on Commerce, Justice and Science. The United States Census Bureau is part of the Department of Commerce. Aderholt is serving in his 13th term representing Alabama\u2019s 4th Congressional District."
        },
        {
            "id": "6cafaf657b3e6205",
            "title": "NRA urges Legislature to lower price on lifetime concealed carry permit",
            "content": "The NRA-ILA released a statement Wednesday urging the Alabama House of Representatives to lower the fee on the sale of lifetime concealed carry permits from $500 to $200. The National Rifle Association Institute for Legislation Action supports House Bill 477 creating the lifetime concealed carry permits, but opposes the raising of the fee from $200 to $500 that occurred by an amendment in committee.\n\nHB477 is sponsored by state Rep. Proncey Robertson, R-Mount Hope, and co-sponsored by Republican Reps. Craig Lipscomb, Tracy Estes, Corey Stringer, Allen Treadaway, Mac McCutcheon and Parker Moore.\n\n\u201cThe House is set to vote next week on House Bill 477, to establish a lifetime carry permit in Alabama. The sheriffs have unfortunately convinced the House Public Safety and Homeland Security Committee to increase the cost from $200 to an outrageous $500,\u201d wrote NRA-ILA information specialist Paul Littlefield.\n\nLittlefield is asking NRA members, \u201cTo contact your state representative and demand that they return the cost back to $200, and give you the option of a lifetime carry permit.\u201d\n\nLittlefield continued, \u201cHouse Bill 477 creates a new statewide system to provide lifetime permits for qualified applicants at a cost of $200 in the original version of the bill. For state residents over 65, the fee will drop to $150. Most aspects of the current permitting process will not change. Individuals interested in obtaining a lifetime permit will apply at their local sheriff\u2019s office for a background check and to fill out the appropriate paperwork. This is an important change to the existing permitting system that will give law-abiding gun owners the option of deciding which route is best suited for their individual self-defense needs. Again, please contact your state representative and ask them to return the fee in HB 477 back to $200.\u201d\n\nSen. Randy Price, R-Opelika, has introduced similar legislation in the Alabama Senate. Senate Bill 308 received a favorable report from the Senate Judiciary Committee on a nine to zero vote.\n\nThe NRA-ILA also supports constitutional carry legislation, which would allow Alabama residents, who have not lost their gun rights, to carry their firearms concealed without obtaining concealed carry permits from their local sheriff\u2019s department. That legislation is being carried by Sen. Gerald Allen, R-Northport, in the Senate and Rep. Andrew Sorrell, R-Muscle Shoals, in the House. The Alabama Sheriffs Association opposes permitless carry legislation.\n\nAdvertisement. Scroll to continue reading.\n\nUnder current law, Alabama residents may already openly carry their handguns. To carry a handgun under a jacket, in a pocket, in a purse or briefcase, or in a motor vehicle, including motorcycles, requires that citizens obtain a concealed carry permit, often called a pistol permit, from their county sheriff.\n\nAlabama residents may carry long guns in their vehicles without getting a permit. All handguns, however, must be unloaded and boxed out of reach of the motorists to be transported in a motor vehicle in Alabama, unless the resident has passed a background check and purchased concealed carry privileges by their local sheriff.\n\nThe Alabama Legislature will return for day 17 of the 2021 Legislative Session on Tuesday, March 30. The Alabama legislature is constitutionally limited to 30 legislative days in a 105-calendar day period."
        },
        {
            "id": "4b644fda70d92823",
            "title": "House OKs bill to end organ transplant discrimination against people with disabilities",
            "content": "Under current state standards, a child who was intellectually challenged or otherwise impaired would not be allowed on the waiting list to receive an organ transplant. Organs are reserved for otherwise healthy and normal people. On Tuesday, the Alabama House of Representatives voted 93 to 0 in favor of a bill that would change this discriminatory practice.\n\nHouse Bill 263 is sponsored by state Rep. Debbie Wood, R-Valley.\n\nRep. Wood explained in committee that she learned of this situation from one of her constituents, whose disabled daughter needed an organ but could not even get on the organ waiting list because of her downs syndrome. Wood said that that mother\u2019s story was heartbreaking.\n\nAccording to the synopsis, \u201cThis bill would prohibit discrimination against an individual from receiving an organ transplant based on the individual having a disability. This bill would also require health care practitioners, hospitals and other health care facilities, and organ transplant centers to provide reasonable accommodations to an individual with a disability in medical need of an anatomical gift or organ transplant.\u201d\n\nThis legislation passed by Alabama House last year, but failed to be considered by the Alabama Senate due to the COVID-19 economic shutdown. When the legislature finally returned to finish the 2020 regular legislative session, the focus was on passing out the budgets and local legislation in the shortened regular session.\n\nThere was no opposition to HB263 in the House. It now advances to the Alabama Senate, where it has been assigned to the Senate Health Committee.\n\nTuesday was day 17 of the 2021 regular Alabama legislative session. The Alabama Constitution of 1901 limits the legislature to no more than 30 legislative days in a 105 calendar day regular session. The next session of the legislature will be on Thursday. The primary purpose of the regular session is to passed the education and general fund budgets. Both budgets have passed out of their House of origin and are being considered by budget committees in the second House."
        },
        {
            "id": "106243439f00b805",
            "title": "National Archives \u2014 Alabama Political Reporter",
            "content": "National\n\nThe former lead of the Capitol attack investigation has said sedition charges are likely for some people connected to the attack."
        }
    ],
    "label": 2,
    "label_text": "high"
}