{
    "source": "amarillo.com",
    "articles": [
        {
            "id": "e8ba93ad99063da4",
            "title": "MSU fires back against lawsuit over alleged rape",
            "content": "MSU fires back against lawsuit over alleged rape\n\nEast Lansing \u2014 Michigan State University said the woman accusing three former basketball players of a 2015 sexual assault was treated appropriately by the school\u2019s Counseling Center, and the school said it has found no evidence that she was discouraged from making a Title IX complaint or a complaint to police.\n\nThe accusations were made Monday in a federal lawsuit, accusing MSU of discouraging the woman from reporting the alleged rape to police and failing to tell her of the option to report it to university officials.\n\nThe school issued a detailed statement Wednesday about the claims, saying the woman \u201cnever revealed the names of her alleged assailants nor, until she filed her lawsuit, did she publicly assert that an assault had occurred.\u201d\n\n\u201cWe have not found any evidence or indication that she was discouraged in any way to make a Title IX complaint or a complaint to the police department,\u201d the statement said. \u201cOn the contrary, the student said she was then too distraught to discuss her circumstances. The counselor also suggested she visit the Sexual Assault Program unit on campus.\n\nMSU said records confirmed that the woman visited the the MSU Counseling Center and \u201cshow that appropriate care and relevant information for a rape victim was provided to the student.\u201d\n\nReleasing the response is a reversal of course for MSU, which university spokeswoman Emily Guerrant on Monday said does not comment on pending litigation.\n\nAccording to the lawsuit, the student was discouraged by the counseling staff \u201cto the point that she decided she could not report the rape(s) to law enforcement.\u201d\n\nThe school said that in February 2016, Jane Doe received additional services from the Sexual Assault Program unit, \u201cincluding group counseling sessions, participating in a consultation with a sexual assault advocate, and scheduling an initial appointment with a sexual assault program therapist (an appointment which she did not appear for).\u201d\n\nThe suit came on the heels of the Larry Nassar sex abuse scandal that rocked MSU and follows a string of sexual assault allegations against Spartan athletes.\n\nIt also comes as MSU faces investigations over its handling of complaints against Nassar from the Michigan Attorney General\u2019s Office, state lawmakers and Congress, as well as an inquiry into the school\u2019s handling of Title IX complaints by the U.S. Department of Education.\n\nAttempts to reach the woman\u2019s attorney Wednesday were not immediately successful.\n\nThe alleged assault occurred in April 2015, days after Michigan State played in the Final Four, according to the lawsuit. The woman, then an 18-year-old studying to be a sports journalist, went to MSU\u2019s Counseling Center and disclosed the incident to a staff member. When she told the employee that the rape involved members of the basketball team, another person was brought into the room and they told the victim she could file a police report but cautioned her about the consequences of doing so, according to the complaint.\n\n\u201cThe MSUCC staff made it clear to (the victim) that if she chose to notify the police, she faced an uphill battle that would create anxiety and unwanted media attention and publicity as had happened with many other female students who were sexually assaulted by well-known athletes,\u201d according to the lawsuit.\n\nThe counseling center staff also failed to advise the victim to seek medical care, outline her option to take the complaint to MSU\u2019s Office of Institutional Equity, or notify her of her Title IX rights, the suit alleges.\n\nMSU has been under federal monitoring for violating Title IX in the handling of sexual assault cases on campus. Title IX is a federal law that prohibits educational programs or activities from discriminating against someone on the basis of their sex.\n\nThe complaint, which claimed the incident illustrates a culture that is indifferent to victims, prioritizes athletes over student safety and puts young women at heightened risk for sexual assault and its fallout, seeks unspecified damages and a court order requiring MSU to take \u201ceffective steps to prevent sex-based discrimination and harassment, including sexual assault, in all its programs and activities.\u201d\n\nIn its statement MSU said that in October 2015, \u201cJane Doe\u2019s father contacted her academic advisor to discuss concerns over academic performance. Through that conversation, the advisor learned about the alleged sexual assault. Academic advisors are mandatory reporters under MSU\u2019s policies and the academic advisor promptly took the appropriate step of notifying the MSU Police Department about the potential assault.\u201d\n\nMSU said in its response Wednesday that the MSUPD Special Victims Unit \u201ctook the report seriously and tried to reach Jane Doe to start the investigation and gather more information, but Jane Doe did not respond to their outreach.\u201d\n\n\u201cAn informational email was sent to her that outlined resources available to her, including Title IX information, options to contact the Office of Institutional Equity and relevant counseling services,\u201d the statement said.\n\nThe school said information shared during meetings with MSU counseling and psychiatric services is private and confidential and that MSU police didn\u2019t have names or information \u201cabout possible assailants because Jane Doe never responded to their inquiry.\u201d\n\nMSU also said that \u201cat no point was MSU Athletics Department or the basketball program or head basketball coach aware of or notified of the existence of a Jane Doe\u2019s sexual assault allegation.\u201d\n\nThe statement concluded with a message from interim MSU President John Engler.\n\n\u201cWe are deeply saddened when any student comes to us as the result of a sexual assault,\u201d he said. \u201cFor the unfortunate cases where it does happen, MSU has the resources tools and expertise to respond. These resources are available to every member of the community, 24-7, no exceptions.\u201d\n\nAssociated Press contributed."
        },
        {
            "id": "e6ec8cab07c1fcff",
            "title": "The city of Corpus Christi will start redoing these 15 residential streets in April",
            "content": "The city of Corpus Christi will start redoing these 15 residential streets in April\n\nShow Caption Hide Caption Here's how Corpus Christi's city government works In Corpus Christi there's a council-manager form of government. This is what that means. Wochit\n\nThe city of Corpus Christi is starting construction this month to give 15 residential streets a facelift.\n\nDuring its regular meeting Tuesday, City Council awarded a $6.1 million contract to Corpus Christi-based JE Construction Services to do the work.\n\nThe project includes reconstructing or rehabilitating the streets up to city standards with some sidewalk repairs, new accessibility ramps, striping and pavement markings.\n\nConstruction is expected to be finished in 17 months.\n\nFunding comes from the Residential Street Reconstruction program as well as storm water, wastewater and gas capital funds.\n\nHere's what streets will be redone:\n\nMountain View Drive: Leopard Street to Chamizal Street\n\nNida Drive: Leopard Street to Heizer Drive\n\nHeizer Drive: Veda Drive to Dead End\n\nGolden Gate Circle Street: Old Brownsville Road to Dead End\n\nSouth Country Club Place: Up River Road to Interstate 37\n\nSullivan Street: Eklund Avenue to Dead End\n\nGreen Lane Drive: Green Tree Drive to Dead End\n\nGreen Leaf Drive: Green Tree Drive to Dead End\n\nLangton Avenue: Darcey Circle to Dryer Circle\n\nDryer Circle: Riverton Drive to Langton Avenue\n\nRiverton Drive: Dryer Circle to Archdale Drive\n\nLansdown Drive: Harry Street to Gollihar Road\n\nAngelo Drive: Santa Fe Street to Beverly Drive\n\nRossiter Street: Ocean Drive to San Antonio Street\n\nBeverly Drive: Angelo Drive to Santa Fe Street\n\nKathryn Cargo follows business openings and developments while reporting on impacts of the city government\u2019s decisions. See our subscription options and special offers at Caller.com/subscribe.\n\nRelated coverage\n\nMore: Smoother ride? Efforts to repave Corpus Christi's Ocean Drive on pace to wrap by October\n\nMore: Going wide: Here's how TxDOT, city plan to reshape Calallen's 'Main Street'\n\nMore: A split City Council agrees to redo troublesome stretch of Corpus Christi's Leopard Street"
        },
        {
            "id": "7499759f998d6db3",
            "title": "$2.3M bet placed on Tampa Bay Buccaneers to cover in Super Bowl LV",
            "content": "$2.3M bet placed on Tampa Bay Buccaneers to cover in Super Bowl LV\n\nThere are all kinds of awesome things surrounding Super Bowl odds and betting, from funky Super Bowl prop bets to a moving line to huge Super Bowl bets. While we'll have plenty on Super Bowl LV prop bets and odds in the coming week, lets take a look at one of those large Super Bowl Bets.\n\nAnd when we say large, we mean a humongous bet\u2026\n\nAccording to BetMGM Sportsbook, a Nevada sports bettor placed a $2.3 million bet on the Tampa Bay Buccaneers at +3.5.\n\nYes, two-point-three-million dollars! That's a lot of faith in the Super Bowl underdog Tom Brady and the Bucs.\n\nNew to sports betting? If the Buccaneers outright beat the Kansas City Chiefs OR lose by three points or less, that $2.3 million wager will return a $2 million profit. You know, what most of us find under our couch cushions during spring cleaning.\n\nCan you even imagine cashing a betting slip for $4.3 million?\n\nBetMGM was happy to see the bet come in of course, especially since they've already received several six-figure bets on the Chiefs, according to Jason Scott, VP of Trading for BetMGM Sportsbook.\n\nPlace your legal, online NFL bets in CO, IA, IN, MI, NJ, PA, TN, VA and WV at BetMGM, The King of Sportsbooks. New customer offer: Risk-free first bet! Terms and conditions apply. Bet online now !\n\nDuring the regular season, the Buccaneers were 9-7-0 against the spread (ATS) overall. They were 5-3 ATS at home. During the NFL Playoffs, the Bucs are 2-1 ATS, putting their full-season mark at 11-8.\n\nThe Buccaneers were 10-point favorites in the Wild Card Weekend vs. the Washington Football Team, but weren't able to cover, winning 31-23. The Bucs were underdogs against the New Orleans Saints, where they won 30-20. They were also underdogs last weekend against the Green Bay Packers, a 31-26 Tampa Bay victory.\n\nOther sizeable Super Bowl LV wagers at BetMGM include:\n\n$180,000 to win $100,000 on the Chiefs (-180)\n\n$115,000 to win $100,000 on the Chiefs at -3.5 (-115)\n\n$110,000 to win $100,000 on the Chiefs at -3.5 (-110)\n\nNow if you'll excuse us, we're going start a GoFundMe page to see if we can top that $2.3 million wager.\n\nGet some action on this NFL game or others by signing up and betting at BetMGM. If you're looking for more sports betting picks and tips, access all of our content at SportsbookWire.com. Please gamble responsibly.\n\nFollow SportsbookWire onTwitterand like us onFacebook.\n\nGannett may earn revenue from audience referrals to betting services. Newsrooms are independent of this relationship and there is no influence on news coverage."
        },
        {
            "id": "2fdfe0553a643e67",
            "title": "Denver Nuggets at Minnesota Timberwolves odds, picks and prediction",
            "content": "Denver Nuggets at Minnesota Timberwolves odds, picks and prediction\n\nThe Denver Nuggets (45-24) continue their season-ending road trip against the Minnesota Timberwolves (22-47) Thursday night. Tip-off is 8 p.m. ET at the Target Center. Below, we analyze the Nuggets-Timberwolves odds and lines, with NBA picks and predictions.\n\nThe Nuggets are in fourth place in the West and have clinched a playoff spot. They are coming off a 117-112 win Tuesday over the Charlotte Hornets. They had lost two in a row before that.\n\nThe Timberwolves have won two games in a row and open a three-game homestand to end their season. They are eliminated from the playoffs, but Minnesota picked up a 119-100 road win Tuesday over the Detroit Pistons\n\nNuggets at Timberwolves: Odds, spread and lines\n\nOdds via BetMGM; access USA TODAY Sports' betting odds for a full list. Lines last update at 12:31 p.m. ET.\n\nMoney line : Nuggets -190 (bet $190 to win $100) | Timberwolves +155 (bet $100 to win $155)\n\n: Nuggets -190 (bet $190 to win $100) | Timberwolves +155 (bet $100 to win $155) Against the spread/ATS : Nuggets -4.5 (-110) | Timberwolves +4.5 (-110)\n\n: Nuggets -4.5 (-110) | Timberwolves +4.5 (-110) Over/Under : 235.5 (O: -110 | U: -110)\n\nNuggets at Timberwolves: Key injuries\n\nNuggets\n\nSF Will Barton (hamstring) out\n\n(hamstring) out SG P.J. Dozier (groin) out\n\n(groin) out PG Monte Morris (hamstring) questionable\n\nTimberwolves\n\nSG Malik Beasley (hamstring) out\n\nSpecial NBA Betting Promotion!\n\nPlace a $1 bet on either team's money line, WIN an additional $100 (in free bets) if either team hits a 3-pointer during the game today. Promotion available in CO, IA, IN, MI, NJ, TN, VA and WV. PA residents, don't miss BetMGM 's risk-free, first-bet offer!\n\nPlace your legal, online sports bets at BetMGM! Terms and conditions apply. Bet now!\n\nNuggets at Timberwolves: Odds, lines, predictions and picks\n\nPrediction\n\nNuggets 125, Timberwolves 120\n\nThe Nuggets have 20 road wins this season while Minnesota is 12-21 at home. They are only one game behind the Los Angeles Clippers for the three seed in the West so they have something to play for.\n\nMinnesota has won two games in a row and six of its last nine contests. They are no longer in last place in the West. The Timberwolves have not beaten the Nuggets this season in two attempts.\n\nTake NUGGETS (-190).\n\nPlay our new free daily Pick'em Challenge and win! Play now !\n\nThe Nuggets have failed to cover the spread in their last three games and have only covered the spread four times in their last 13 games. They are 1-5 ATS in their last six road games.\n\nThe Timberwolves are 8-2-1 ATS in their last 11 games and 16-17 ATS at home this season.\n\nWhile I like the Nuggets to win outright, I give a SLIGHT \"LEAN\" to the TIMBERWOLVES +4.5 (-110) to cover.\n\nThe Nuggets are 38-31 O/U this season and the Timberwolves are 36-33 O/U. The Nuggets' last three games have all gone Over.\n\nFour of Minnesota's last six games have also gone Over. Both games this season between these two teams went Over, combining for 233 and 239 points in those games.\n\nTake OVER 233.5 (-110).\n\nWant some action on this one? Place a bet at BetMGM now. For more sports betting picks and tips, visit SportsbookWire.com. Please gamble responsibly.\n\nFollow Jess Root on Twitter. Follow SportsbookWire on Twitter and like us on Facebook.\n\nAdditional NBA sports coverage:\n\nHoopsHype | Celtics Wire | LeBron Wire | Lonzo Wire | Nets Wire | Rockets Wire | Sixers Wire | Thunder Wire | Warriors Wire | Rookie Wire | List Wire\n\nGannett may earn revenue from audience referrals to betting services. Newsrooms are independent of this relationship and there is no influence on news coverage. This information is for entertainment purposes only. We make no representations or warranties as to the accuracy, completeness, or reliability of any content."
        },
        {
            "id": "b87778179b7b79b5",
            "title": "Albion College to track students, forbid travel off campus",
            "content": "Albion College to track students, forbid travel off campus\n\nThursday was to be a special day in Hayden Bakker\u2019s life.\n\nThe Holland Christian High graduate was excited about making one of his last two-hour drives to Albion College and starting his senior year at the private, liberal arts college.\n\nHe looked forward to a new apartment on Burns Street, taking new classes and meeting new instructors in his final year pursuing a degree in economics management. He hoped to find a part-time job off campus and maybe interview for post-graduate employment.\n\nInstead, his outlook at Albion, whose school motto is Lux Fiat (\u201cLet there be Light\u201d), has dimmed considerably.\n\nThis school year will start with a COVID test on arrival and 72-hour quarantine until results come back negative.\n\n\u201cThere\u2019s a few new rules,\u201d said Bakker, who's 22. \u201cReturning, we all expected to wear masks and social distance. That\u2019s pretty normal these days. But at Albion, it\u2019s like we\u2019re about to become prisoners.\u201d\n\nThat\u2019s because for the entire fall semester \u2014 the next 14 weeks \u2014 students cannot leave the campus's 4.5-mile perimeter, under penalty of suspension. Nor can they have outside visitors \u2014 including family \u2014 without prior approval, normally about five days notice, according to a recent email from school officials.\n\n\u201cWe also have to agree to sign up for a phone app which tracks our movements,\u201d said Bakker. \u201cThey started talking about it in June and I was expecting something that would keep track of my tests and grades. I had no problem with that.\n\n\u201cBut I never figured on something keeping track of me wherever I go,\u201d he said. \u201cI suppose the purpose is for contact tracing in the event of any COVID-19 cases. I\u2019m a pretty private person and this makes me uncomfortable.\u201d\n\nHis only alternative, Bakker says, would be to \"drop out\u201d of school until the new rules are lifted.\n\n\u201cThat\u2019s unacceptable,\u201d he said. \u201cI want to finish my senior year now. I want to get a job. I want to get on with my life. So I will just try and make the best of this.\u201d\n\nWhile Bakker and 1,500 fellow undergraduates must comply with the \u201cTogether Safely\u201d program, the school\u2019s faculty and all members of the campus staff are allowed to freely come and go from the bubble under creation at Albion, located in Calhoun County, which has recorded 755 COVID-19 cases and 42 deaths.\n\n\u201cWe have created policy and protocols that allow for the reduction of risk as much as possible, but it is not feasible to have faculty and staff live on campus,\u201d said Albion President Matthew Johnson, who responded Wednesday to emailed questions from The Detroit News.\n\nJohnson said the reopening plan was created by \u201cAlbion leadership, in consultation with the Board of Trustees, and guided by a council of medical experts who evaluated the entire 'Together Safely' return to campus plan, including the need for the Aura app.\"\n\n\u201cThe purpose of tracking students is to manage risk, not limit movement,\u201d he said. \u201cLocation data will only be accessed if there is a positive test result for the purposes of contact tracing or in the event of an unauthorized departure from campus for the purposes of managing risk of exposure.\u201d\n\nHe added: \u201cThe vast majority of parents have shared their appreciation and encouragement for our thoughtful and robust planning. There is no perfect solution, and every higher education institution is navigating this in real-time. Our goal is to do what\u2019s best for Albion students, faculty, staff and community members.\n\n\u201cRight now, we believe this is the best possible path forward,\u201d he said. \u201cHowever, we will be monitoring the results closely and following medical guidance, shifting our approach on an ongoing basis, as needed.\u201d\n\nJohnson said in a summer survey, 90% of the students favored returning to campus, and 92% said they were willing to fully practice new protocols to maintain public health.\n\n\u201cWhile this requires adoption of new norms, we heard clearly from our students that the vast majority were willing to do what was necessary to be back on campus,\u201d he said.\n\nSome colleges and universities across U.S. have either switched to online-only classes, as Michigan State University did this week for undergraduates, or offered a hybrid of online and face-to-face learning options.\n\nBakker foresees many challenges outside the classroom at Albion, including socializing or seeking work while living in the bubble.\n\n\u201cI was looking forward to seeing some buddies I haven\u2019t seen all summer and catching up,\u201d he said. \u201cBut we aren\u2019t allowed to have guests in the dorms or apartments. We have to meet outside or in public hallways. I need a part-time job and was looking forward to getting a job making home deliveries from Meijers or Target. But that\u2019s not going to happen because I can\u2019t drive off campus.\n\n\u201cBut I still get to pay my $300 parking fee,\u201d he added.\n\nJohnson said the college will consider written requests from students for off-campus employment. Students can also inquire about leaving campus for emergencies and \u201ca wide variety of reasons.\u201d\n\nA staff member will approve such requests using a \u201ccase-by-case approach,\u201d he said. Students will be required to meet with staff upon return to ensure safety as they come back to campus, Johnson said.\n\nBakker said he does not know of anyone who planned to delay their Albion education, which costs about $63,000 a year, including room and board.\n\n\u201cI have friends attending a lot of schools across Michigan \u2014 Hope, Adrian, Calvin \u2014 and none have anything like this,\u201d he said.\n\nmmartindale@detroitnews.com\n\n(248) 338-0319"
        },
        {
            "id": "c351608a3f616976",
            "title": "Los Angeles Chargers at Buffalo Bills odds, picks and prediction",
            "content": "Los Angeles Chargers at Buffalo Bills odds, picks and prediction\n\nThe Los Angeles Chargers (3-7) travel across the country Sunday to play the Buffalo Bills (7-3) in a 1 p.m. ET kickoff at Bills Stadium. Below, we preview the Chargers-Bills betting odds and lines and make our NFL picks and predictions.\n\nChargers at Bills: Betting odds, spread and lines\n\nOdds via BetMGM; access USA TODAY Sports' betting odds for a full list. Lines last updated 8:10 a.m. ET.\n\nMoney line : Chargers +195 (bet $100 to win $195) | Bills -234 (bet $234 to win $100)\n\n: Chargers +195 (bet $100 to win $195) | Bills -234 (bet $234 to win $100) Against the spread/ATS : Chargers +4.5 (-110) | Bills -4.5 (-110)\n\n: Chargers +4.5 (-110) | Bills -4.5 (-110) Over/Under : 51.5 (O: -115 | U: -106)\n\nSpecial NFL Betting Promotion:\n\nBet $1 on ANY TEAM'S money line Sunday, WIN $100 (in free bets) if ANY team scores a touchdown during Sunday's NFL action. Place your legal, online sports bets in CO, IN, NJ, TN and WV at BetMGM , The King of Sportsbooks!\n\nNew customer offer, terms and conditions apply. Bet now!\n\nChargers at Bills: Game notes\n\nThe Chargers broke a 3-game losing streak last week by taking down the New York Jets 34-28 at home but couldn't cover the spread as 8.5-point favorites. Rookie QB Justin Herbert was masterful against the Jets, as he went 37-for-49 for 366 passing yards and 3 touchdowns, no picks and a 116.5 quarterback rating.\n\nwas masterful against the Jets, as he went 37-for-49 for 366 passing yards and 3 touchdowns, no picks and a 116.5 quarterback rating. Despite having just two wins as a starter, Herbert has all but locked up the Offensive Rookie of the Year award now that Cincinnati Bengals rookie QB Joe Burrow suffered a season-ending knee injury.\n\nThe Bills went into its bye in Week 11 on a down note after losing to the Arizona Cardinals 32-30 thanks to a Kyler Murray to DeAndre Hopkins Hail Mary (aka Hail Murray) with 2 seconds remaining.\n\nBills QB Josh Allen is having a career year. He's top-10 in completion percentage, touchdown passes, quarterback rating, QBR and yards per attempt.\n\nChargers at Bills: Key injuries\n\nChargers\n\nRB Kalen Ballege (ankle, calf) questionable\n\n(ankle, calf) questionable DE Melvin Ingram III (knee) out/IR\n\n(knee) out/IR DE Uchenna Nwosu (shoulder, chest) out\n\n(shoulder, chest) out CB Casey Hayward Jr. (groin) out\n\nBills\n\nG Cody Ford (knee) out/IR\n\n(knee) out/IR WR John Browns (ankle) out/IR\n\nChargers at Bills: Odds, betting lines, predictions and picks\n\nPrediction\n\nBills 34, Chargers 21\n\nMoney line ( ?)\n\nBuffalo is 3-0 straight up when coming out of a bye under head coach Sean McDermott. The Bills are 6-1 as favorites and the Chargers are 0-5 as underdogs.\n\nDespite all this, PASS ON THE MONEY LINE. The only way I'd bet the Bills' money line is if I parlayed it with other favorites to get the payout to be a little closer to even- or plus-money.\n\nAgainst the spread ( ?)\n\nThe absences of Ingram and Hayward gives me little to no confidence in the Chargers' defense. Sharp Football Stats says Buffalo's pass game has the highest success rate in the league and Los Angeles' pass defense is below-average in Football Outsiders' DVOA. Also, the Chargers are 28th in opponent's points per play and 23rd in sack rate.\n\nRegardless of how Buffalo's defense has looked so far this season, McDermott is a defensive whiz. Herbert has looked great but he's due a bad game and I expect McDermott with extra prep time, and a defense that shouldn't be this bad, to force Herbert into making costly mistakes.\n\nGIMME BILLS -4.5 (-110) for 1.5 units.\n\nI only leanOVER 51.5 (-115) because 88% of the money wagered and 96% of the bets are on the Over, according to Pregame.com. It's hard to believe that much of the market is going to cash a bet against the house.\n\nChargers RB Austin Ekeler is expected to return from injury and Herbert has started to find his rhythm with Pro Bowl WR Keenan Allen. Plus, these teams usually find themselves in shootouts as their combined Over/Under record is 14-5-1 O/U.\n\nOfficially, I lean to the Over for a quarter-unit.\n\nWant action on this NFL game? Sign up and bet at BetMGM. If you're looking for more sports betting picks and tips, visit SportsbookWire.com. Please gamble responsibly.\n\nAlso see:\n\nFollow Geoff Clark on Twitter. Follow SportsbookWire on Twitter and like us on Facebook.\n\nGannett may earn revenue from audience referrals to betting services. Newsrooms are independent of this relationship and there is no influence on news coverage."
        },
        {
            "id": "a16e7ceb2bc74c37",
            "title": "Perfecting her craft: Tascosa's Carter a burgeoning star thanks to work ethic",
            "content": "Perfecting her craft: Tascosa's Carter a burgeoning star thanks to work ethic\n\nTascosa's game against Canyon on Dec. 11 was a turning point.\n\nDespite the 56-48 loss for the Lady Rebels against the eventual Class 4A state champions, Avery Carter had a moment of realization.\n\nUpon receiving the ball from teammate Daizjia Oages, Carter dribbled into a pair of defenders, avoided active hands and hit a contested fadeaway jumper.\n\nCarter said she was embracing her inner Kobe Bryant, who was known for knocking down fadeaway jumpers in clutch moments that have become timeless.\n\n\"And that was a moment where I was like, 'I'm really doing this. Yeah, I'm ready. I'm definitely ready for the season,' \" Carter said\n\nAt just 14 years old, Carter has a mentality and maturity that far exceeds her age. The 6-foot-1 freshman knows what she excels in on the court, but also has the capability to understand what she needs to work on to get better.\n\nPassing the torch: Callahan filled up the scorebook, aided Canyon to its 20th state title\n\nMORE: AGN Girls Basketball First Team\n\nThe young post player uses her size and speed to her advantage and is an important facet of the fast-break, fast-paced system Tascosa uses. Plus, her ability to read the game and defenders' positioning has meant, more often than not, she wins individual battles.\n\nAlthough primarily a post player, Carter has the ability to step away from the paint and play outside as she's able to make mid-range jumpers. She's also uses her size, athletic ability and speed to get to the rim.\n\nThere's a reason why she averaged 14.3 points and 12.1 rebounds per game and was named the Amarillo Globe-News Girls' Basketball Newcomer of the Year.\n\nOn the other end of the court, Carter isn't afraid to put in the work on defense. She's trained herself to read pick-and-roll screens, anticipate shots to block and recover rebounds to end possessions.\n\n\"When she does not get the rebound, she is scoring,\" Tascosa coach Betsy Baughman said, \"so I've adjusted some offense to make sure she gets a lot of touches.\"\n\nCarter was one of just three freshmen in the Class 5A pool who were named to the Texas Girls Coaches Association's all-state team, as well as earning the District 3-5A Newcomer of the Year honor.\n\n\"Being 14 (years old) in high school, being a freshman and experiencing what I've experienced playing with these girls, I feel like my level means the sky's the limit,\" Carter said.\n\nBaughman said Carter struggled to get into the Lady Rebels' lineup in the first few games, but once she found her rhythm, she flourished. The freshman went on to become a go-to scorer and a consistent defensive stopper.\n\nHer rapid improvement was no accident nor due to pure talent, Baughman said.\n\nExceeding expectations:: Tate Lombard follows his dad, continues winning tradition at Canyon\n\nMORE: AGN girls' basketball second team\n\nCarter is an intelligent, hardworking player that can become a coveted Division I college prospect if she's willing to sacrifice and commit to her development.\n\nShe already has one good thing going.\n\nShe works out with her older brother, Tascosa junior Avion Carter, who's a 6-4, 240-pound defensive end for the Rebels' football team. After Avion's football workouts, the siblings will do drills on the court so she has a competitive physical opponent in practice.\n\nA potential Division I college recruit, Carter's impact on Tascosa this past season has been profound and could morph into an even bigger presence on the Lady Rebels' squad.\n\n\"She knows how hard she has to work to reach her goals,\" Baughman said. \"I was so happy that she was able to do that at such an early age and see what her future can be like.\""
        },
        {
            "id": "572c2eceb991eb1a",
            "title": "Washington Wizards at Indiana Pacers odds, picks and prediction",
            "content": "Washington Wizards at Indiana Pacers odds, picks and prediction\n\nThe Washington Wizards (31-36) drop by Bankers Life Fieldhouse Saturday for a 7 p.m. ET game with the host Indiana Pacers (31-35). Below, we analyze the Wizards-Pacers odds and lines, with NBA picks and predictions.\n\nWashington has alternated wins and losses over its last five games with the latest being a 131-129 overtime win over the Toronto Raptors Thursday. The Wizards are 8-1-1 against the spread in their last 10 games.\n\nIndiana upset the Atlanta Hawks 133-126 as a 6-point home underdog Thursday but is just 2-4 straight up and against the spread across the last six games.\n\nThe Pacers were crushed 154-141 by the Wizards earlier this week and are trying to avoid the three-game season sweep by Washington.\n\nWizards at Pacers: Odds, spread and lines\n\nOdds via BetMGM; access USA TODAY Sports' betting odds for a full list. Lines last updated at 12:35 p.m. ET.\n\nMoney line : Wizards -160 (bet $160 to win $100) | Pacers +135 (bet $100 to win $135)\n\n: Wizards -160 (bet $160 to win $100) | Pacers +135 (bet $100 to win $135) Against the spread/ATS : Wizards -3.5 (-110) | Pacers +3.5 (-110)\n\n: Wizards -3.5 (-110) | Pacers +3.5 (-110) Over/Under : 248.5 (O: -115 | U: -105)\n\nWizards at Pacers: Key injuries\n\nWizards\n\nNothing affecting the betting odds.\n\nPacers\n\nC Myles Turner (toe) out\n\n(toe) out SG Edmond Sumner (knee) questionable\n\n(knee) questionable PG Malcolm Brogdon (hamstring) questionable\n\n(hamstring) questionable SG Jeremy Lamb (knee) questionable\n\nSpecial NBA Betting Promotion!\n\nPlace a $1 bet on either team's money line, WIN an additional $100 (in free bets) if either team hits a 3-pointer during the game today. Promotion available in CO, IN, MI, NJ, TN, VA and WV. IA and PA residents, don't miss BetMGM 's risk-free, first-bet offer!\n\nPlace your legal, online sports bets at BetMGM! Terms and conditions apply. Bet now!\n\nWizards at Pacers: Odds, lines, predictions and picks\n\nPrediction\n\nWizards 131, Pacers 119\n\nPASS with a slight \"lean\" to the Wizards (-160) since Washington's late-game turnovers can cost them an ATS win (like in the previous game with Toronto).\n\nAlso, I'd entertain including Washington's money line in a parlay with another similarly priced favorite for a plus-money payout.\n\nPlay our new free daily Pick'em Challenge and win! Play now !\n\n\"LEAN\" to the WIZARDS -3.5 (-110) for three-fourths of a unit since these teams are heading in opposite directions with Washington playing far better.\n\nThis is probably a play-in preview unless the Wizards can overtake the banged-up Charlotte Hornets for eighth in the East, but Washington has outplayed Indiana in the first two meetings and is playing better currently.\n\nThe Wizards had their way with the Pacers the other night and, aside from the obvious standouts (SG Bradley Beal and PG Russell Westbrook), PF Rui Hachimura abused Indiana's soft interior defense.\n\nHachimura had 27 points on 12-for-19 shooting and there's no reason to think that doesn't continue Saturday because Hachimura's mid-range game is impressive and the Pacers give up the most points in the paint per game.\n\nIndiana also gives up the most second-chance points per game and Washington is scoring the most second-chance points per game over the last 10 games.\n\nThis total (248.5) is out of my comfort zone and maybe this feeling costs me money in the long run but, in this spot, I'll just PASS.\n\nThere's nothing Indiana's defense can do to stop Washington and the Wizards have gone whole weeks without playing defense so the Under is a no-go.\n\nWant some action on this one? Place a bet at BetMGM now. For more sports betting picks and tips, visit SportsbookWire.com. Please gamble responsibly.\n\nFollow @Geoffery_Clark on Twitter. Follow SportsbookWire on Twitter and like us on Facebook.\n\nAdditional NBA sports coverage:\n\nHoopsHype | Celtics Wire | LeBron Wire | Lonzo Wire | Nets Wire | Rockets Wire | Sixers Wire | Thunder Wire | Warriors Wire | Rookie Wire | List Wire\n\nGannett may earn revenue from audience referrals to betting services. Newsrooms are independent of this relationship and there is no influence on news coverage. This information is for entertainment purposes only. We make no representations or warranties as to the accuracy, completeness, or reliability of any content."
        },
        {
            "id": "39a389f71a7128ab",
            "title": "Amarillo College moves lectures remotely",
            "content": "Amarillo College moves lectures to \"tech-supported\" format AC president says teachers have been 'heroes,' but workload not sustainable\n\nOfficials with Amarillo College recently announced a change in its instruction delivery, which will begin when students start the second eight-week session of the fall semester Oct. 26.\n\nAccording to a news release from the college, the majority of the traditional lecture classes will transition to a remote setting, which will be in place for the remainder of the 2020-21 school year. Other classes, including labs, healthcare, technical education and arts classes, will continue meeting in person. The Amarillo College campuses will remain open for various services as well, including advising and various student activities.\n\nAmarillo College President Russell Lowery-Hart said what the faculty at the college have been doing throughout this fall semester has been \u201cheroic.\u201d But with the amount of work they are doing, providing instruction in various mediums for students, Lowery-Hart believes it is not an equitable workload.\n\n\u201cYou\u2019ve got some classes right now where a faculty (member) is teaching in face-to-face, they are live streaming that class,\u201d he said. \u201cThen, the third thing is they are putting that live stream \u2026 online and creating online experiences for those students who couldn\u2019t log on and watch during the live stream and then, in some cases, have created two and three pods of students rotating in and out of the classrooms so they can teach them socially distanced.\u201d\n\nLowery-Hart said teachers are becoming exhausted, teaching their classes in these different mediums.\n\n\u201cIt\u2019s not sustainable. I\u2019ve got people that I love and adore that are exhausted. We usually don\u2019t have that exhaustion until the last couple of weeks of the spring semester,\u201d he said. \u201cI\u2019ve got people I\u2019m really worried about, not just their physical health but their mental and emotional health. We have asked them to be heroes, and now, we have to make a decision that still allows for our students to learn, still allows our students to come on campus and engage with each other and us, but privileges the workload in a sustainable way for our employees.\u201d\n\nLowery-Hart said this change is not related to the number of COVID-19 cases on campuses, stating that he feels good about how the COVID-19 situation has been managed at Amarillo College.\n\nAs of Tuesday, the college is reporting 17 active cases, 14 students and three staff members. Since Aug. 24, the college has reported 116 total cases of COVID-19 and 79 recoveries.\n\nBecause of the lack of space to social distance in classrooms, as well as the experience with teaching classes in a tech-supported format, Lowery-Hart said this change provides students the flexibility they need in a pandemic situation.\n\n\u201cWe are not moving them online. We are just changing the location of some of their learning and supporting it with as many face-to-face interactions as we can,\u201d he said. \u201cIn my mind, it is the threaded needle where I can protect people with social distancing on campus with these smaller, one on one or small group experiences.\u201d\n\nSadie Newsome, the media director at the college, said in the release that this shift simplifies the educational process for faculty and for students.\n\n\u201cBecause all our facilities will remain open and accessible, we encourage all our students to come to campus as often as they like to access technology, tutoring, advising, counseling or anything else we normally offer,\u201d she said.\n\nThis gives faculty and students more time to plan in this situation as well, Lowery-Hart said.\n\n\u201cThis allows faculty and our students to plan for what their life can look like,\u201d he said. \u201cFor our students who are raising kids and working, this gives them the clarity to plan their workloads and their kids\u2019 education as well.\u201d\n\nLowery-Hart said at the end of the 2020-21 school year, or if there is any change in the situation, the college will reevaluate this approach to learning.\n\nAccording to the release, Amarillo College students can see how this change affects their respective schedules by logging in to AC Connect. For more information about this update, visit https://www.actx.edu."
        },
        {
            "id": "694df3ed30e1df5c",
            "title": "HIGH SCHOOL SOFTBALL PLAYOFFS: May 6",
            "content": "HIGH SCHOOL SOFTBALL PLAYOFFS: May 6\n\nCLASS 4A PLAYOFF SCHEDULE\n\n\u2022 Canyon (18-8-2) vs. Monahans (19-9) at Lubbock-Cooper HS in Woodrow\n\nG1: 5 p.m. Friday, G2: Noon, Saturday, G3: 30 minutes after Game 2 (if needed)\n\nCLASS 3A PLAYOFF SCHEDULE\n\n\u2022 Bushland (27-2-1) vs. Kermit (8-6) at Lubbock-Cooper HS in Woodrow\n\nG1: 7:30 p.m. Friday (One game playoff)\n\nCLASS 2A PLAYOFF SCHEDULE\n\n\u2022 Clarendon vs. Forsan at Littlefield HS\n\nG1: 5 p.m. Thursday; G2: 30 minutes after G1; G3: 5 p.m. Friday (if needed)\n\n\u2022 Sunray vs Colorado City Colorado at Littlefield HS;\n\nG1: 10 a.m. Saturday, G2: 4 p.m. Monday, G3: 30 minutes after G2 (if needed)\n\n\u2022 Floydada vs Sanford-Fritch, Plainview HS\n\nG1: 5 p.m. Thursday, G2: 30 minutes after G1, G3: 1 p.m. Saturday, (if needed)\n\nCLASS 1A PLAYOFF SCHEDULE\n\n\u2022 Claude vs. Electra at Childress\n\nG1: 5 p.m. Tuesday (One game playoff)\n\nEDITOR'S NOTE: Coaching staffs, please send your updated playoff pairings to sports@amarillo.com."
        }
    ],
    "label": 2,
    "label_text": "high"
}