{
    "source": "americanfirearms.org",
    "articles": [
        {
            "id": "a37c5d5a40179cd9",
            "title": "PMAG Gen 2 vs Gen 3: A Comparison",
            "content": "One minor side effect of this new lip is Gen 3s may make for slightly tighter fit in magazine pouches and tactical vests. There\u2019s not a ton of chatter online on the matter, but we can see it being a minor issue if you have super tight mag pouches.\n\nIf you own one of the listed weapons and have gone away from PMAGs due to feed issues or over-insertion, then upgrading to the Gen 3 is well worth it for those reasons alone.\n\nThere are some other additional features that make the Gen 3 a bit of an upgrade over the Gen 2. From a visual standpoint, the Gen 3s introduced a paint pen dot matrix on the bottom so you can stencil in whatever you like: numbering them in case you run into a malfunction on a certain magazine, making it easy to isolate the offending magazine until you get the chance to work on it.\n\nAlso, your initials will help ensure randos don\u2019t walk off with them and denoting the caliber used for the specific magazine to help prevent cross-loading issues.\n\nLastly, the Gen 3s come with a high-impact dust cover that helps to keep the magazine clean when not in active use. Not many magazines come with dust covers anymore, and we appreciate Magpul including this highly sensible feature.\n\nIn short, the Gen 3 PMAGs do represent some major, and a few minor, improvements over the 2nd generation."
        },
        {
            "id": "05bc44dd8e516c27",
            "title": "[Top 5] Best Binoculars Under $100 in 2021",
            "content": "Before you purchase your binoculars, you will need to determine the features that are most important to you.\n\nThere are hundreds of cheap binoculars on the market \u2013 each engineered for different purposes.\n\nIf you don\u2019t stop to determine what would make your perfect pair, you may never find the right binoculars, so it pays to think ahead a little.\n\nWhile budget binoculars often do have fewer features than high-end ones, there are still some important qualities you can use to refine your search.\n\nHow will you use them?\n\nThere are an infinite number of uses for binoculars. For one, you may use them to go bird watching to spot some beautiful cardinals or blue jays.\n\nFor bird watching, you\u2019ll want binoculars with at least 10x magnification. Without 10x magnification, it\u2019s incredibly difficult to spot the little details, so this is an important feature.\n\nOn the other hand, if you are using the binoculars to spot bucks in the woods, you will need binoculars that work in different light conditions \u2013 be it the shade of a tree or bright sunlight of open field.\n\nYou may also want to get binoculars with a neck strap, so you can quickly put the binoculars down and grab your rifle.\n\nBefore you purchase your binoculars, be sure you know how you will use them.\n\nThen, think through what you will need from them, whether it be great magnification, image quality, firm grip, or any other feature. Once you have done this, you will be ready to make your decision.\n\nWhat prism do you prefer?\n\nAnother consideration before buying your binoculars is the prism you prefer.\n\nThe prism in a binocular is an object made of a transparent material, such as plastic, fluorite, or glass and is typically triangular with no curved sides. In simple terms, prisms make the object you\u2019re looking at appear upright, rather than upside down.\n\nBinoculars either have roof prisms or Porro prisms. A Porro prism binocular uses a series of mirrors to pass the image in a zig-zag across the binocular which can make Porro prism binoculars a little heavier and larger than roof prim options.\n\nThere are also different variations of the Porro prism, such as BAK-4 prisms and BK-7 prisms.\n\nEach has a different image quality than the other due to their structure and materials. On the other hand, roof prism binoculars are usually more expensive as they are more compact and lighter.\n\nHow durable should they be?\n\nBinoculars come in all different coatings depending on the durability requirements of the customer.\n\nFor bird watching or star gazing, you won\u2019t need a highly durable pair of binoculars. However, if you are hunting, you will likely need a rubber armor coating on your binoculars.\n\nA rubberized coating will protect them from scrapes or dents when using the binoculars for more tactical purposes. To ensure the longevity of your binoculars, be sure the material is suitable for your needs."
        },
        {
            "id": "8819ee3f8e66fe0c",
            "title": "[Top 3] Best Shotgun Suppressors in 2021",
            "content": "The Silencerco Salvo 12 is undeniably the best shotgun silencer on the market, in large part because the manufacturers spent plenty of time perfecting the design before sending it to retailers.\n\nIt\u2019s by far the most commercially viable shotgun silencer \u2013 it attaches via a standard shotgun choke, and is designed to work with chokes from Remington, Mossberg, Benelli, Saiga, and other brands.\n\nYou can check out the guide on the Salve 12 website to select the ideal choke for your needs since the product comes with a single choke for straightforward installation.\n\nIt also works with gas-operated, inertial driven, and pump-action shotguns, so regardless of which scattergun you fancy the Salvo will fit the bill, be it for tactical/home defense or a pump action favorite.\n\nThe Salvo 12 is a modular system which can be modified for several different lengths \u2013 from 6.8\u201d all the way up to 12\u201d long, which will lower the sound to 137 dB. Keep in mind, of course, that the Salvo 12 is only available for 12-gauge shotguns, which means it won\u2019t work with other gauge shotguns such as 20 or 410-gauge.\n\nStill, there\u2019s a lot to like about this fantastic accessory. It\u2019s durable, comes in a variety of different patterns and colors, will significantly reduce felt recoil to help save your shoulders, and can be purchased for less than $1,000 depending on the retailer. It\u2019s also user-serviceable, so you should be able to get years of service from it and keep it operating and peak performance.\n\nIt\u2019s not super light \u2013 the Salvo 12 weighs from 19 to 34 oz depending on the length of the configuration \u2013 but all-in-all, it\u2019ll be the go-to choice of shotgun silencer for the majority of users, from home defense to simply reducing sound levels to keep your hearing safe."
        },
        {
            "id": "68ed09724459e575",
            "title": "22 Upgrades for 2021 [Stock, Barrel, & Trigger Mods]",
            "content": "The 10/22 Rifle\n\nThere\u2019s a reason the Ruger 10/22 has long been one of America\u2019s favorite rimfire rifles. Its smooth action, consistent accuracy, and legendarily durable build mean even the stock OEM 10/22 will hold its own for decades.\n\nOf course, part of the fun of owning a gun is making it your own, and the 10/22 has a massive catalog of mods to help you take things to the next level. This collection of 10/22 upgrades will help you improve your 10/22 game and lead to a lot more fun at the range, plinking session, or competition."
        },
        {
            "id": "3e3c129cba6023b1",
            "title": "[Top 6] Best Pistol Safes in 2021",
            "content": "Safe storage is a cornerstone of responsible gun ownership. Loaded or unloaded, guns should be secured when not in use to prevent unauthorized access.\n\nYou can think of safe gun storage as a spectrum ranging from the most secure approach to the least so. The most secure method of home gun storage is a high-quality, fire-rated gun safe.\n\nThese are the classic gun safes that come to mind \u2014 with heavy doors, floor bolts, and room for long guns, ammunition, and other valuables. These aren\u2019t going to give you quick access, but they serve multiple purposes beyond protecting guns.\n\nOn the other end of the spectrum is something like a biometric trigger lock. These aren\u2019t safe to use on a loaded firearm, but can give you nearly immediate access for home defense without the need to open a safe at all.\n\nThe right balance between these two \u2014 safety and accessibility \u2014 would be the pistol safe. Even the simplest of pistol safes, including heavy duty lockboxes you can get at any hardware store, can prevent most accidents and are small enough to be housed next to a bed, in a nightstand, or anywhere you see fit.\n\nSo, what makes for a good pistol safe?\n\nHandgun Safe Selection Criteria\n\nThere are a few questions you can ask of potential products that will help winnow your list down to those that will best fit your needs.\n\nCan you get into it quickly? How fast can you open it if getting the safe open really matters? Is an electronic keypad fast enough for your needs or would a biometric gun safe be a better fit?\n\nIs it built for reliability? How strong is the locking mechanism? Is it easily defeated or is it fussy to open?\n\nWill this protect your firearms well? How strong is the safe\u2019s construction overall, and does it offer any fire protection?\n\nDoes it offer enough space? Just how big is the thing? Will it fit where you plan on storing your firearms? The general guidance is buy for twice what you need to accommodate optics, ammo, and accessories without creating a game of tetris.\n\nCan you mount it where you want? Can it be mounted to a surface, and how complicated is the mounting process?\n\nUnless you\u2019re a single-issue safe buyer, it\u2019s important to consider these facets with a goal of achieving some kind of balance. No handgun safe is perfect, but one may be perfect for you and what you want in a safe.\n\nPay attention to the locking mechanism. While common key-and-barrel locks are simplest, they aren\u2019t always the strongest, often being defeated with a few smacks from a hammer or a $5 cats paw. If possible, look for a safe with at least three locking lugs and a pry-proof door.\n\nBiometric safes offer an ingenious approach to security \u2014 a biometric pad that stores fingerprints, and pop the safe open with the touch of a finger. They depend on a quality read \u2013 which some people consider problematic in an emergency \u2013 and require a power source, meaning batteries or a constant power source.\n\nPistol Safe Placement\n\nThe best place to have a pistol safe is somewhere you can get to it quickly if need be, but ideally will be out of reach for tiny hands. There\u2019s no universal answer for everyone, but instead there are a few common locations.\n\nOn a nightstand is common, though this does place the safe in a location that is available to children. If mounting a safe near a bed or nightstand, a strong, reliable locking mechanism is critical.\n\nOn a dresser near a bed is another good location, especially a taller chest of drawers that puts the safe out of reach of small children. A tall shelf within a closet is likewise another good storage location.\n\nSome pistol safes are made to be mounted to a wall. Installation, however, will require locating and mounting to a stud as mere drywall will not be secure enough given the weight of even a small safe. The mounting location is influenced in part by the design of the safe itself."
        },
        {
            "id": "84cf091a3d1a5add",
            "title": "The Remington 870 Tactical \u2014 A Guide & Restrospective",
            "content": "The famed gun-making concern of Mr Eliphalet Remington was formed in 1816 and specialized in muskets and rifles for much of its early history, later pivoting to innovative handguns.\n\nDuring the Civil War, the most common revolver in the Union Army was the Remington Model 1858, a platform still replicated by many Italian black powder firms today.\n\nThe Remington-Whitmore & Model 10\n\nIn 1873, the firm\u2019s first shotgun, the Remington-Whitmore double-barrel SXS, hit the market. Within a generation, renowned firearms engineer John D. Pedersen introduced his Model 1908/Model 10, Remington\u2019s first pump-action shotty.\n\nThe Pedersen design, which served with the military as a trench gun in the Great War, was later replaced just before World War II by the well-liked Model 31, the company\u2019s first side-ejecting repeating shotgun."
        },
        {
            "id": "cc5ec5bbb29c6f10",
            "title": "The 6 Best Pistol Grip Shotguns in 2021",
            "content": "When looking at all the tactical shotguns on the market, start by choosing the right action for you. Is the pump action shotgun something you\u2019re used to and feel comfortable using? Or are you looking for a semi-automatic shotgun where all you have to do is point and shoot?\n\nNext, consider the overall length of the shotgun and the weight of it fully loaded. Is it something you can carry without issue or do you fatigue a few minutes after picking it up? Are you trying to stash this scattergun in an under-bed gun safe or under a seat in your truck? How you plan to use it should inform selection.\n\nFinally, do you have a specific gauge in mind? Make sure to choose a gauge that you can control and offers readily available ammunition for your intended purpose.\n\nA 20-gauge may not be the first thing people think of when it comes to shotguns, but they are plenty capable and decidedly easy to control, especially when compared to a 12-gauge.\n\nAdvantages\n\nBarrel Length: It\u2019s not easy to swing a full-sized shotgun through a house or any building for that matter. The barrel length on pistol grip shotguns makes it much easier for close-quarters combat for law enforcement or home protection. They are also more easily concealable in a motorized vehicle in case of emergency.\n\nAccessories: Pistol grip shotguns featuring a Picatinny Rail or mounting system can be a huge advantage for people who don\u2019t visit the range or shoot often. A mounted red dot sight is extremely easy for anyone to aim with. A mounted laser is easy to see in the dark to place upon an intruder. A mounted flashlight is also a helpful tool for navigating in the darkness.\n\nWeight: For a lot of shooters, the weight of a pistol grip shotgun is easy to manage than that of a full-size shotgun. Similar to maneuverability, these shotguns can be shot from the hip or stretch out in front of you rather than having to worry about shouldering the gun properly.\n\nConsiderations\n\nAccuracy (or lack thereof): Unfortunately, pistol grip shotguns are not highly accurate, especially if shot from the hip or any other position. On a traditional shotgun, the line of sight is the front sight lined up with your dominant shooting eye. For these smaller guns, you\u2019re more using them to stop a threat than making an accurate shot.\n\nRecoil Management: Shotguns can recoil a lot, especially with different types of ammunition. The pistol grip shotguns that also have a buttstock with a recoil pad are a lot more comfortable to shoot and easier to hang on to, but the ones without this must be gripped firmly. Any shotgun with a smaller barrel is going to recoil more than a longer one.\n\nWeapons Manipulation: Depending on what shotgun you choose, if you\u2019re unfamiliar or don\u2019t train often with pump-action shotguns, for example, it\u2019s easy to forget at the moment when you need it most on how to reload that next shell. Similarly, external safeties need to be disengaged before shooting. And if for some reason a malfunction occurs, you need to know how to clear it on your own."
        },
        {
            "id": "7f0393f8a935e658",
            "title": "The 6 Best CZ Pistols in 2021",
            "content": "Most CZ pistols are designed and built in the Czech Republic, which is where the \u201cCZ\u201d comes from. That said, in 2019 CZ-USA opened a factory here in the States, located in good old Kansas City, Missouri which can be a big deal for those who want to buy American. Chances are when you buy a CZ pistol in the United States, it was likely made here.\n\nThe icing on the cake is that American CZ pistols are known for being superbly well-made firearms, so not only are you likely buying American, but you\u2019re getting a reliable and well-built firearm to boot.\n\nAside from the manufacturing location, CZ firearms are proven, all-around performers. Long before Dave Miller (CZ-USA product manager & Pro Shooter) smashed a Guinness World Record 3,653 clays with a CZ shotgun in one hour \u2014 CZ pistols have been making their mark.\n\nThey aren\u2019t a \u201cbudget-friendly alternative\u201d to the Glocks and S&Ws of the world \u2014 CZ makes some of the most reliable weapons on the market today \u2014 from their classic Scorpion PCC to polymer frame firearms that are at home in any role \u2013 from self defense to sport shooting.\n\nThey don\u2019t crank out 200,000 pistols a year like the Big Boys \u2014 it\u2019s actually more like 25,000, almost all of them chambered in 9mm. CZ\u2019s focus is on getting it right with a specific caliber, and that focus lends itself to surprisingly performant products.\n\nWhat\u2019s more, if you peruse many top 10 pistol lists, the CZ 75 is very likely to be on many of them. It\u2019s widely regarded as one of the best in its class. In short, you really can\u2019t go wrong with CZ\u2019s semi-automatic pistols regardless of how you want to employ them.\n\nYou\u2019re investing in a reliable semi-auto that is built to last and sure to serve you well for years to come."
        },
        {
            "id": "e5206d492540f4b0",
            "title": "7 Best AR-10 Rifles in 2021",
            "content": "When it comes to autoloading 1950s-era 7.62 NATO-caliber \u201cbattle rifles\u201d such as the FN FAL, M14/M1A, HK G3, and similar HK91 clones along with its forerunner the CETME, it is easy to fall into the trap of lumping them all in the same category as being \u201cAR-10s.\u201d\n\nThis is fundamentally incorrect as each of those guns had its own, vastly different, evolutionary period and utilize actions to include using roller-locked delayed blowback and short-stroke gas pistons instead of direct gas impingement.\n\nThe latter being a hallmark of Stoner\u2019s guns.\n\nAs such, the only thing that interchanges between the AR-10/SR-25 and these other rifles is the ability to use the same ammo.\n\nThe same can be said about newer guns such as the monolithic receiver FN SCAR series and a host of 7.62 NATO bullpups such as Kel-Tec\u2019s bottom-ejecting RFB-24, the Desert Tech MDRX, &IWI\u2019s Tavor 7.\n\n5. DI or Piston?\n\nSome rifles, like the Colt LE6940P/MARC901, Heckler & Koch MR762, IWI Galil ACE, LWRC REPR, and Ruger SR-762 look much like an AR-10 style rifle on the outside.\n\nInternally, however, they leave the Stoner-type direct impingement system behind in favor of a piston-driven system, often with an adjustable gas block or regulator and a carbine length gas system, a factor that really makes them somewhat different platforms, albeit one that still has some commonality with the SR-25-style rifles.\n\nLikewise, Lewis Machine & Tool\u2019s MWS system still uses DI, but their monolithic upper sets it apart.\n\nA Scaled-Up AR-15\n\nIn a nutshell, today\u2019s AR-10s are essentially scaled-up AR-15s \u2013 using the same lower/upper receiver orientation but chambered in .308 Winchester/7.62 NATO and capable of taking SR-25/M110-pattern mags. Interested in .308 rifles? We\u2019ve got a full review of the best .308 rifles here.\n\nWith that being said, there is no one single \u201ctype\u201d of AR-10 on the market today\u2013 although a rebooted ArmaLite-branded company sells one labeled as such. Various builds will offer a mix of accuracy and mobility \u2014 its up to you to determine which gun strikes the right balance.\n\nHowever, the current AR-10/SR-25 standard is very real and with new entries capitalizing on the interest in the platform \u2013 -and even retailers like Brownells cranking out AR-10s with their the Brownells BRN 10 \u2014 the 2020s are starting to look like the golden age of such rifles.\n\n6. Gas blocks & systems\n\nIn the vein of similarity, AR-10s use a lot the same components of AR-15s. With a DI system the gas system redirects hot gas from the barrel \u2014 the propellant from a fired cartridge \u2014 and powers the action with a blast from the gas block which pushes the bolt back into the buffer tube. This prompts the ejection of the bullet casing from the breech and the forward movement of the BCG picks up another round from the magazine and rams it into the chamber.\n\nThis action is identical for AR-10s and AR-15s \u2014 with the exception of the caliber."
        },
        {
            "id": "7f47c99ee53a36e9",
            "title": "[Top 5] Best Coyote Hunting Scopes in 2021",
            "content": "Coyote hunting has become more and more of a necessity in both rural and urban areas due to their rapidly increasing population.\n\nWith this rise in coyotes, there have been countless stories and documented incidents of predators attacking domestic animals and livestock. Coyotes are vicious and violent predators who hunt other animals of all sizes. Not to mention, they primarily hunt their prey at night, which is a threat to domestic pets and farm animals.\n\nWhether you are a farmer or rancher trying to protect your livestock, or a worried pet owner trying to keep your pets safe, keeping coyotes off your property is a good idea.\n\nHence the need for coyote hunting.\n\nHowever, hunting coyotes around your property can be a challenge, as they are incredibly stealthy, sneaky, and intelligent. These animals also move very quickly, and have great hearing, smell, and sight.\n\nYou\u2019ll need a scope that both enables you to get on-target quickly before they get away & is designed to work well when these nocturnal predators are active. Without a high-quality coyote hunting scope, it will be extremely difficult to purge your property of these predators, if not impossible.\n\nConsidering their nocturnality your success depends on moonlight, reflexes, and a clear bit of glass, the best of which we\u2019ve detailed in this guide."
        }
    ],
    "label": 2,
    "label_text": "high"
}