{
    "source": "asiatimes.com",
    "articles": [
        {
            "id": "70c3fddb1f6517f2",
            "title": "Brokerage Scandals \u2013 Asia Times",
            "content": "The China Securities Regulatory Commission (CSRC) is investigating the bond-related business of Sealand Securities, the brokerage at the heart of a scandal in the country\u2019s debt market. Sealand Securities defaulted on a bond transaction with Bank of Langfang in North China\u2019s Hebei Province after a recent tumble in bond prices, local media reported last week. [\u2026]"
        },
        {
            "id": "76d5da79dbcec5ee",
            "title": "Learning via app \u2013 Asia Times",
            "content": "A group of Oxford University academics has launched what they say is the world\u2019s first \u201cblockchain university\u201d, reports Times Higher Education. Woolf University says it will not have a physical campus but instead be based around an app that links academics to prospective students who then use the Woolf platform to select study modules that [\u2026]"
        },
        {
            "id": "a29bbff78c608a99",
            "title": "tech row \u2013 Asia Times",
            "content": "Cybersecurity, cutting-edge technology and chips. This curious mix has taken the trade row between China and the United States to a whole new level. Just days after telecom titan ZTE was hit by new US sanctions in the ongoing Iran and North Korea export scandal, smartphone giant Huawei faces similar accusations. At the heart of [\u2026]"
        },
        {
            "id": "7038e75145683320",
            "title": "Thailand blames its Covid-19 crisis on Caucasians",
            "content": "BANGKOK \u2013 As the global epicenter of the Covid-19 outbreak shifts from China to Europe , so too are racist attitudes towards foreigners in the virus-hit kingdom of Thailand .\nAs officials impose new restrictions on inbound travelers , including newly-required health certificates and proof of health insurance , Caucasians are increasingly being blamed for the country \u2019 s growing outbreak of over 300 cases .\nThose numbers have surged in recent days , rising from 117 on March 17 to 322 on March 20 .\nThailand has so far reported only one Covid-19 related death .\nHealth Minister Anutin  tourists for infecting Thailand with Covid-19 .\nOn March 12 , Anutin stated : \u201c Ninety percent of Thais are wearing masks .\nHowever , none of the Caucasians are wearing masks .\n\u201c This is the reason our country is being infected .\nWe should be more careful of the Caucasians than Asians .\n\u201c Right now , it \u2019 s winter in Europe , and with the [ coronavirus ] outbreak , they have all fled the cold and the virus to come into warm Thailand .\nMany of them are  the statement , written in the Thai language , said .\nThe tweet was deleted hours after it was widely condemned .\nThe Health Ministry later told reporters that while indeed the Twitter account in question belonged to Anutin , his staff sometimes posted tweets on his behalf .\nHowever , Anutin , who is believed to have prime ministerial ambitions , has not publicly apologized for the tweet .\nAnutin is widely perceived as epitomizing Thailand \u2019 s erratic official response to the crisis .\nThe racist remarks also risk hitting the  , which contributes as much as 20 % of gross domestic product ( GDP ) and relies heavily on top-spending Western travelers .\nOfficials have flip-flopped and contradicted one another in regard to various restrictions , including over key issues such as whether travel restrictions have or haven \u2019 t been imposed on certain countries .\nWhile health authorities have indicated most of the new cases have been local transmissions among Thais who recently traveled to heavily infected countries , including Italy , Japan and South Korea , Westerners are nonetheless bearing the  this week the closure of all schools nationwide and , in Bangkok , entertainment venues such as bars , massage parlors , and sports stadiums from March 18-31 .\nThailand \u2019 s April 13-15 Songkran new year holiday water festival , immensely popular with Western and other foreign tourists , has also been postponed indefinitely .\nIt was not immediately clear from where Anutin , a construction tycoon rather than medical professional , derived his 90 % statistic for mask-wearing Thais .\nDuring a taxi ride on March 19 across Bangkok , the  50 % of working , shopping or strolling Thais wearing face masks .\nEven fewer people wear masks in towns outside of Bangkok , where so far there have been virtually no reported cases .\nTo date there have been no reported Covid-19 cases among European travelers or at the beachside and mountainous resort areas they tend to vacation .\nEarlier on February 7 , Anutin , whose family runs the Sino-Thai construction company , said on-camera during a Health Ministry media event in Bangkok : \u201c Those damn Caucasian tourists , that  of , and the public as well , that they are not wearing medical face masks .\n\u201c They need to be kicked out of Thailand !\n\u201d the tycoon who became a politician said , notably while not wearing a mask .\nA Bangkok Post editorial on March 15 criticized Anutin for \u201c making racist comments about Westerners \u201d , who currently make the bulk of tourists in the country after Chinese travellers retreated in February when the disease first erupted in Wuhan .\nThe English language newspaper later published a cheeky  named David Amaan who suggested Anutin \u201c needs to be dealt with appropriately , starting with a strong disinfectant administered orally , followed by an enema.\n\u201d Tourists and expatriates have since expressed fear that the health minister \u2019 s anti-Western messaging could spark violent racial attacks against them in the street .\n\u201c It might go a bit hard core in coming days , especially the blame game against Europeans , \u201d said a worried German writer living in Bangkok .\nA Muay Thai training club \u2019 s manager told Bangkok \u2019  , we are not allowing any foreigners to come to the gym to workout .\n\u201c We don \u2019 t know who they are , where they have been , or who their friends are .\nThe foreigners could have been in contact with other foreigners , who have been to other places that they don \u2019 t know of , \u201d the Thai manager said .\nMany Thai boxing gyms are popular with Westerners and other foreigners , who also compete in prize fights against Thais at public venues .\nThe racial  face masks in this Southeast Asian nation .\nThe Thai Pharmacies Association \u2019 s 3,000 pharmacies \u201c have run out of face masks and hand sanitizers since last month , and have not been able to place orders , \u201d the association \u2019 s advisor Theparak Surathanond said .\nPrime Minister Prayut Chan-ocha transferred Internal Trade Department chief Whichai Phochanakjj on March 15 to investigate the mask scarcity .\nWhichai \u2019 s department was allegedly linked to exports of a large number of face masks during January and February , officials said .\n on an earlier surge of anti-China sentiment when the coronavirus first appeared in Thailand in January this year .\nThen , though , Thai officials bid to repress rather than stoke the xenophonia .\nIn Thailand \u2019 s second-largest city , Chiang Mai police told a Thai restaurant owner in February to remove a sign in front of her eatery which said in English : \u201c We apologize we are not accepting CHINESE customers .\nThank you.\n\u201d Tourist police told the restaurant owner that her sign could \u201c affect national security ,  Sod English news site .\nPolice instead suggested she could rewrite her sign to say politely but deceptively \u201c We ran out of food \u201d in Chinese .\nRichard S. Ehrlich is a Bangkok-based American correspondent reporting from Asia since 1978 ."
        },
        {
            "id": "59458b8c67e26d72",
            "title": "Was the US complicit in China\u2019s Covid research?",
            "content": "The Joe Biden administration closed the US State Department \u2019 s investigation into the origins of the Covid-19 pandemic .\nBut as the pandemic recedes in the United States , there is renewed interest by the scientific and journalistic communities about the origins of the virus and whether it could have escaped from China \u2019 s Wuhan Institute of Virology ( WIV ) .\nSo , a day later , the president opened a new investigation .\nThe flip-flop came amid Senator Rand Paul \u2019 s claim at a Senate committee hearing on the Covid-19 pandemic that the US collaborated  China to make a more deadly , transmittable coronavirus .\nThat \u2019 s putting the Chinese lab leak theory , which Beijing vigorously denies , back at the forefront of the Covid-19 origin debate .\nBased on papers published by WIV on the scientific work of Dr Shi Zhengli , the US government investigators have some catching up to do .\nIn 2015 , Dr Shi \u2013 popularly known as the \u201c bat lady \u201d \u2013 published a paper entitled \u201c A SARS-like cluster of circulating bat coronaviruses show potential for human emergence.\n American researchers associated with the University of North Carolina \u2019 s Department of Cell Biology and may be related to work funded by the US government .\nIt is possible , although we don \u2019 t know , that Dr Shi and her team successfully converted a coronavirus , specifically SARS-like virus SHCO14-CoV , from bats to other animals and not only mice .\nIt is also possible , but not proven , that the new virus quickly spread to other animals and then to lab workers , three of whom became sick  recent Wall Street Journal report .\nThis is known as \u201c gain of function \u201d research , which is considered by the US to very dangerous .\nBetween 2014 and 2017 , gain of function research , which had been actively subsidized by The National Institutes of Health ( NIH ) and other agencies , was suspended in the US .\nSlightly later , in 2019 , the US temporarily closed some laboratories , including the US Army Medical Research Institute of Infectious Diseases ( USAMRIID ) at Fort Detrick , Maryland ,  CDC : \u201c The two breaches [ at Fort Detrick ] reported by USAMRIID to the CDC demonstrated a failure of the Army laboratory to \u2018 implement and maintain containment procedures sufficient to contain select agents or toxins \u2019 that were made by operations in biosafety Level 3 and 4 laboratories \u2026 \u201d Level 4 is , in theory , the most secure type of laboratory known today ; China \u2019 s WIV is also a Level 4 lab .\nBut not all the Wuhan laboratory followed Level 4 standards and there are  that need to be accounted for .\nIn fact , the same kind of lapses that happened at Fort Detrick , which centered on waste treatment , also happened at the Wuhan lab .\nFurthermore , Fort Detrick was working with other American and foreign labs , which may have included Chinese facilities .\nFor example , Fort Detrick was connected to Canada \u2019 s National Microbiology Lab in Winnipeg , which was thoroughly penetrated by the Chinese , including at least one known member of China \u2019 s biowarfare community .\nAccording  newspaper : \u201c One of the Chinese researchers , Feihu Yan , from the People \u2019 s Liberation Army \u2019 s ( PLA ) Academy of Military Medical Sciences , worked for a period of time at the Winnipeg lab , a Level 4 facility equipped to handle some of the world \u2019 s deadliest diseases.\n\u201d There were at least seven Chinese scientists at the lab .\nTwo of them , \u201c Xiangguo Qiu and her biologist husband , Keding Cheng , were fired in January ( 2021 ) after the Canadian  security clearances be removed on national security grounds , \u201d ( allegedly for sending samples of deadly viruses to the Wuhan lab ) .\nOn at least one occasion , Qiu , and probably others , visited the Fort Detrick Laboratory .\nThe details are not known , but it can be reasonably surmised that the Winnipeg Lab and Fort Detrick were cooperating , and this cooperation might have included Wuhan .\nGiven Fort Detrick \u2019 s security level , further investigation is essential .\nIt also begs the question of Canada giving  from the PLA \u2019 s Academy of Military Sciences , top secret clearances .\nThe US and Canada , as part of the North American Defense Sharing Agreement , share classified information , which means there is a strong possibility that some classified American information made its way to Winnipeg and then to Wuhan or elsewhere in China .\nNot only does WIV need further investigation , but so do American institutions including the National Institutes of Health ( NIH ) , the CDC and Fort Detrick .\nIn 2017 and 2018 ,  of the Wuhan Laboratory .\nThat raises the question of why did a US inspection team gain entry multiple times to a sensitive Chinese laboratory ?\nThe answer seems to be that the Americans had special status because of high-level , top-secret cooperation between the US , China and other partners ( eg , Canada ) .\nTop US infectious disease expert Dr Anthony Fauci has said it would have been \u201c almost a dereliction of our duty \u201d if the NIH had not worked with China to study coronaviruses and \u201c collaborate  \u201d \u201c Respectable scientists \u201d working for the Chinese government .\nThat \u2019 s another avenue for investigation .\nInternational collaboration suggests the US may have halted gain of function research because it was easier and less politically risky to let China do it .\nChina has lower legal standards \u2013 try litigating in China if you have any doubt \u2013 and , as Fauci said , the US government funded Chinese labs and happily published papers by Chinese scientists .\nThose papers today give us a partial record of what the Chinese  perhaps even the US Army \u2013 were up to .\nThe CIA changes course The US intelligence community had to know all of this , and a lot more .\nBut the CIA and other senior American officials , including James Clapper , the former Director of National Intelligence , insisted that Covid-19 did not come from the Wuhan Laboratory but was zoonotic , namely that it was transmitted in nature by animals .\nToday the CIA appears to have tentatively reversed course as American scientists press for more information .\nA proper  US would trust China , knowing how sloppy the Chinese are about food and safety standards .\nThe faulty ventilators , Covid-19 test kits and N-95 masks for physicians and health workers that were sent abroad by China after the outbreak of the epidemic illustrated this clearly for the world to see .\nBut beyond sloppiness , it seems the US decided to fund and shift dangerous research to Chinese labs run by the Chinese state .\nThe Biden administration erred in closing the investigation and is right to have opened a new @ @"
        },
        {
            "id": "e9218d0d1553dad0",
            "title": "work injury compensation \u2013 Asia Times",
            "content": "China has lowered the payment by enterprises for employees\u2019 insurance, taking effect from Wednesday onward. The share borne by employers for urban workers\u2019 basic aged-care insurance was lowered to 16% across the country, according to a plan released by the State Council. The percentage was different among Chinese provinces before, as some had rates of [\u2026]"
        },
        {
            "id": "24c0c95c4e4f5ef4",
            "title": "Miao Wei \u2013 Asia Times",
            "content": "Miao Wei, Chinese minister of Industry and Information Technology, said the nation will fully open up the general manufacturing sector and implement \u201cpre-establishment national treatment, plus negative list\u201d rules to create a fair market environment for all players, as well as attracting more foreign investment. For example, Tesla is one of the first beneficiaries of [\u2026]"
        },
        {
            "id": "d316410be077b951",
            "title": "energy competition \u2013 Asia Times",
            "content": "New analysis from Carbon Tracker shows it could be cheaper to build new renewable energy sources than to operate existing coal-fired power plants in Southeast Asia within 10 years. There are three inflection points that will make coal power economically obsolete: new renewables outcompete new coal; new renewables outcompete operating existing coal; and new firm [\u2026]"
        },
        {
            "id": "60185a95f80eadad",
            "title": "Taiwan gay documentary wins top award at the 2017 Teddy Award",
            "content": "Documentary \"Small talk\" by Taiwanese filmmaker Hui-chen Huang, an intimate portrait of the relation between herself and her lesbian mother, won the Best Documentary at the 2017 Teddy Awards, which could not be more timely given the recent parliamentary steps towards the legalization of same-sex marriage in Taiwan.\n\n\u201cWe come from Taiwan, a small but beautiful island, which may soon become the first country in Asia with same-sex marriage this year. This award is the best gift for those who have been fighting for the marriage equality,\u201d said director Huang in her acceptance speech.\n\nThe documentary is a letter from Huang to her mother, who silently suffered from an abusive relationship that arose from a forced marriage in Taiwan in the 1970s, as well as a rejection of her sexual orientation by society and gradual estrangement from her two daughters.\n\n\"Small talk\" was selected for Berlin International Film Festival Panorama Section, which drew a lot of attention and favorable review. The film is the first documentary of children who grew up with gay parent that recording their interaction and daily lives, which also nominated for the best documentary and best editing award of the Golden Horse in 2016.\n\nIt took Huang almost 20 years to finish the film. After coming across of the form of film making called documentary in 1998, Huang realized that there is a way for her to tell her own story to the world, and talk about what is it like to be a child with a lesbian mother."
        },
        {
            "id": "7feafa65c733ed5e",
            "title": "touch id \u2013 Asia Times",
            "content": "Fingerprint recognition is now found on numerous smartphones, and such biometric authentication is even more vital in China now that mobile payments and smartphone-based e-wallets are pervasive in the nation. It\u2019s a breeze just to touch your phone with your finger to tell the device it\u2019s you and the bill is settled, instantly. But if [\u2026]"
        }
    ],
    "label": 2,
    "label_text": "high"
}