{
    "source": "atlanticcouncil.org",
    "articles": [
        {
            "id": "16a75aa92fa2ca19",
            "title": "How do you sanction a problem like Lukashenka?",
            "content": "The West is looking to increase sanctions against Belarus dictator Alyaksandr Lukashenka but must tread carefully to avoid creating opportunities for Russia to expand its geopolitical influence. (Sergei Gapon/Pool via REUTERS)\n\nThe isolation of Belarus dictator Alyaksandr Lukashenka\u2019s regime is intensifying. Belarusian diplomats are being expelled from Western countries and more face ejection . Major European companies are enduring fierce criticism for doing business in Belarus and are under increasing pressure to divest. And allegations are surfacing that Lukashenka misappropriated European Union funds.\n\nThe United States and the European Union meanwhile, continue to ramp up their sanctions regimes , although for the time being, these are largely focused on individuals. But calls are growing louder on both sides of the Atlantic to broaden and expand sanctions to include major companies.\n\nOpposition leader Sviatlana Tsikhanouskaya has called for sanctions on the Belarusian state-controlled potash producer Belaruskali, which is a major source of revenue for the Lukashenka regime and controls about one-fifth of the global market. Recent revelations that the company has been selling potash, a key ingredient in fertilizer, below the market price in China and India have led to allegations of dumping. This is further intensifying calls for sanctions, particularly in potash mining US states like New Mexico.\n\nBut expanding sanctions to include large state-run firms like Belaruskali is not without risk. Kremlin-backed oligarchs and businesses are seeking to leverage the crisis in Belarus to snatch up troubled industrial assets in the country and expand Russia\u2019s footprint and political influence there.\n\nAtlantic Council Senior Fellow Anders Aslund, author of the book \u201cRussia\u2019s Crony Capitalism: The Path from Market Economy to Kleptocracy,\u201d argues that sanctioning major Belarusian companies like Belaruskali risks \u201cisolating Belarus further from the Western world and making it even more dependent on Russia, which already accounts for more than half of the country\u2019s foreign trade.\u201d\n\nThis debate over how to sanction, and how much to isolate, Belarus reflects the thorniness and complexity of the security dilemma facing the West as the crisis over the country\u2019s disputed August 2020 presidential election drags into its eighth month.\n\nSubscribe for the latest from BelarusAlert Receive updates for events, news, and publications on Belarus from the Atlantic Council. Email\n\nWestern policy towards Belarus needs to thread a very difficult needle, punishing Lukashenka and his cronies for their abysmal human rights violations while at the same time preserving Belarusian sovereignty and preventing Russia from exploiting the crisis to de facto annex its smaller Western neighbor. Should Moscow succeed in this effort, it would significantly change the security balance on NATO\u2019s eastern flank. For this reason, Western sanctions policy toward Belarus cannot be divorced from policy toward Russia.\n\nThe United States imposed sanctions on nine Belarusian companies following the country\u2019s 2006 presidential elections. The sanctioned companies included the oil and chemical concern Belneftekhim, the Hrodna Azot chemical and fertilizer factory, and the Naftan oil refinery.\n\nBelaruskali managed to evade those sanctions when it was spun off from Belneftekhim, sparking an effort in the US Congress to re-impose new sanctions on the company. The effort was led by members of Congress from New Mexico, a major potash mining state, including Rep. Steve Pearce and both of the state\u2019s US Senators . The push for sanctions on Belaruskali stalled in 2015 when Washington suspended sanctions on Belarusian companies following the release of several political prisoners.\n\nAs the prospect of fresh sanctions on Belarusian firms moves back onto the agenda, Kremlin-connected oligarchs and companies are eyeing the country\u2019s key economic assets, according to Aslund . Russian potash giant Uralkali, owned by the Kremlin-connected oligarch Suleiman Kerimov, has reportedly intensified its longterm campaign to acquire Belaruskali. The Russian chemical producer Uralkhem, which is owned by the Belarusian-born Russian citizen Dmitri Mazepin, is said to have its eye on Hrodna Azot.\n\nThis is all important to consider in crafting any sanctions policy toward Belarus. With roughly 250 Belarusian political prisoners in jail, the most basic goal of Western sanctions is to punish the Lukashenka regime for flagrant rights abuses and electoral falsification. In the past, the Belarusian dictator has been adept at gaming the system with minor concessions to get sanctions eased, something the West needs to be suspicious of in the current environment.\n\nBut the Belarusian crisis is taking place in a broader geopolitical context in which the Kremlin is trying to leverage Lukashenka\u2019s isolation and vulnerability to expand Russia\u2019s political, economic, and military footprint in Belarus. Western policy toward Russia, including sanctions policy, aims to deter Moscow\u2019s aggression against its neighbors and contain its efforts to spread malign influence in Europe and North America.\n\nThese policy goals toward Belarus and Russia, which reflect both Western interests and values, cannot be divorced from each other. This raises a series of questions that need to be carefully considered.\n\nWould sanctioning large Belarusian state-controlled companies drive them into the arms of Kremlin-linked companies and oligarchs? Or conversely, would sanctions against these enterprises deter Russian efforts to acquire them? Would the threat of sanctions against Russian firms and individuals who use Moscow\u2019s power to acquire Belarusian companies as part of a Kremlin-backed effort to softly annex Belarus be an effective deterrent?\n\nThere are no easy answers to these questions. But they make it clear that Western policy toward Russia and Belarus needs to be approached as a coherent whole.\n\nBrian Whitmore is a Nonresident Senior Fellow at The Atlantic Council\u2019s Eurasia Center, an Adjunct Assistant Professor at The University of Texas at Arlington, and host of The Power Vertical Podcast.\n\nFurther reading\n\nThe views expressed in UkraineAlert are solely those of the authors and do not necessarily reflect the views of the Atlantic Council, its staff, or its supporters.\n\nRead more from UkraineAlert UkraineAlert is a comprehensive online publication that provides regular news and analysis on developments in Ukraine\u2019s politics, economy, civil society, and culture. Read More\n\nThe Eurasia Center\u2019s mission is to enhance transatlantic cooperation in promoting stability, democratic values and prosperity in Eurasia, from Eastern Europe and Turkey in the West to the Caucasus, Russia and Central Asia in the East. EXPLORE THE PROGRAM"
        },
        {
            "id": "5a74beba7ba2b28e",
            "title": "How the US can help Colombia surmount dual crises",
            "content": "A member of the Colombian Red Cross medical team takes a swab sample to be tested for the coronavirus disease (COVID-19) from a Venezuelan refugee who fled his country due to military operations, in Arauquita, Colombia March 28, 2021. REUTERS/Luisa Gonzalez\n\nOn the eve of the two-hundredth anniversary of diplomatic ties between the United States and Colombia, there is \u201cgood momentum to strengthen the bilateral relationship,\u201d says Colombian President Iv\u00e1n Duque.\n\nDuque shared his optimism for the future of US-Colombia relations during an Atlantic Council Front Page event hosted by the Council\u2019s Adrienne Arsht Latin America Center. The event, moderated by author and journalist Marie Arana, also featured US Senators Roy Blunt (R-MO) and Benjamin Cardin (D-MD), the co-chairs of the Adrienne Arsht Latin America Center US-Colombia Task Force.\n\nUS President Joe Biden will further strengthen ties between Washington and Bogot\u00e1, Duque said, especially in regard to one particular issue: the rising influx of refugees arriving in Colombia from neighboring Venezuela in what he called \u201cthe biggest migration crisis in the world today.\u201d\n\nCardin agreed with Duque and added that the US-Colombia friendship \u201crepresents one of the most successful foreign-policy partnerships that any two countries can point to around the world.\u201d\n\n\u201cWhen we look at what we\u2019ve been able to accomplish together over the past twenty years, it\u2019s with great pride,\u201d said Cardin. \u201cAnd we say that recognizing that we see backsliding on democratic institutions in far too many countries in our own hemisphere. But we see Colombia moving forward in strengthening its democratic institutions.\u201d\n\nBut Blunt cautioned that \u201cwe still need to work on being sure we don\u2019t have obstacles\u201d in the relationship like tariffs. \u201cI think we need to treat our great strategic partner, Colombia, [with] the highest level of equity as the great partner they are when those things [come] up.\u201d\n\nDuque said he hopes to execute a new joint action plan with the Biden administration. This, he suggested, could mark \u201ca new chapter in bilateral relations\u201d based on security, democratic values, trade, investment, and coordinated efforts to fight climate change.\n\nDuque outlined how Colombia has transformed recently, including with advancements in the energy transition and in high tech, with the support of the United States. He also identified several goals for Colombia in 2021 including vaccinating 70 percent of the Colombian population, encouraging a safe economic recovery, and achieving a sustainable social transformation by making pandemic-related social programs permanent.\n\nWatch the full event\n\nColombia\u2019s COVID-19 strategy\n\nWith nearly 2.4 million infections and over 62,000 deaths so far, Colombia has acutely felt the impact of the pandemic. However, Duque said his country is today in \u201cmuch better shape than other countries\u201d in the region and even the world, including those with higher per-capita incomes than Colombia.\n\nIn addition to increasing its number of intensive-care units, Colombia has bought COVID-19 vaccines from Pfizer/BioNTech, Moderna, Sinovac, Johnson & Johnson, and Oxford-AstraZeneca. At the time of his appearance, Duque said that the government has already administered 1.3 million shots and hopes to reach 150,000 a day by April 17.\n\nWhile Duque praised Biden for rejoining the World Health Organization and joining the COVAX Facility\u2014the program through which Colombia has agreed to purchase twenty million vaccine doses\u2014he also criticized the unequal distribution of vaccines around the world.\n\n\u201cWe have countries that have bought vaccines, but they haven\u2019t been able to receive [any], not even one. And obviously that has to change,\u201d he said, pointing out that meanwhile, \u201csome countries have bought four or five or six times the size of their population in vaccines,\u201d disrupting the market.\n\n\u201cI am very optimistic that\u2026 what we\u2019re going to have is an oversupply and not what we have today,\u201d Duque said. But he added: \u201cIt might be too late for many countries, because definitely there are people who are taking advantage politically to create social unrest due to the circumstances of the lack of provision of vaccines.\u201d\n\nFrom the US perspective, Blunt said \u201cwe need to do our best to be sure that we\u2019re assisting our friends in Colombia with vaccines that are available.\u201d He explained, \u201cWe don\u2019t want other countries, who don\u2019t have the friendly intentions that we have, coming in and providing vaccines to Colombia. One, some of these countries never quite provide the vaccines that the initial discussion says they\u2019re going to provide. And two, it needlessly puts a foot in the door of a country that\u2019s dedicated to democracy, of a country that\u2019s really working to have the rule of law, to help grow their economy.\u201d\n\nConfronting the Venezuelan migration crisis\n\nIn February, Duque granted temporary protection status (TPS) for ten years to all Venezuelans in Colombia. Duque said that at present, Colombia hosts 32 percent of the estimated 5.4 million Venezuelan migrants and refugees who have fled deteriorating conditions at home.\n\nDuque said that granting TPS to these 1.8 million migrants means they\u2019ll have access to formal employment opportunities and essential services like healthcare and the COVID-19 vaccination program.\n\nThe Venezuelan humanitarian crisis amounts to \u201cthe biggest migration crisis in the world today,\u201d said Duque, who added, \u201cWe have decided to embrace this challenge with fraternity and with a humanitarian sentiment.\u201d\n\nCardin called the decision to grant TPS \u201ca real model for the global community,\u201d adding that \u201cthe long-term benefits will be in regard to the relationship between your two countries. But I think the people of Venezuela see that peace and prosperity in Colombia needs to be duplicated in Venezuela.\u201d\n\nDuque highlighted the Biden administration\u2019s decision to grant TPS to almost 400,000 Venezuelan citizens on US soil, but he also urged US companies, especially those working in information technology, to nearshore in Latin America where labor costs are lower than they are in the United States. He explained that migrants crossing both the US-Mexico border and the Colombia-Venezuela border do so in search of better economic opportunities and that nearshoring may increase opportunities for these migrants in their home countries. \u201cIf there is a strategic nearshoring of those investments in Latin America, it can be a way to contain massive migration to the United States,\u201d he said.\n\nLarry Luxner is a Tel Aviv-based freelance journalist and photographer who covers the Middle East, Eurasia, Africa, and Latin America. Follow him on Twitter @LLuxner.\n\nFurther reading"
        },
        {
            "id": "5274fe880bfd360c",
            "title": "Where does China really stand on debt relief?",
            "content": "China's Commerce Minister Zhong Shan attends a news conference at the State Council Information Office, following the outbreak of the coronavirus disease (COVID-19), in Beijing, China, May 18, 2020. REUTERS/Thomas Peter\n\nAs developing countries confronted the daunting challenges of the COVID-19 pandemic and the ensuing global economic downturn in April, the international community mobilized support for these vulnerable nations with announcements of debt relief. Policymakers hoped that freeing up billions of dollars originally destined for debt service would help these countries weather the public health and economic storms.\n\nThe International Monetary Fund (IMF) and World Bank got the ball rolling, and the Group of Twenty (G-20) promised a moratorium on debt service payments for the remainder of the year. China\u2014the largest bilateral creditor to low-income countries\u2014committed to the G-20 process. Even private lenders sent soothing messages.\n\nBut with the exception of the Bretton Woods institutions, which followed through immediately, the process of turning promises into money has been slow. For example, banks and bondholders now insist on negotiating every loan and bond issuance that requires debt relief.\n\nThe Paris Club, a group of major creditor countries that establishes rules and practices for sovereign debt relief, is reported to have agreed on loan deals with Dominica, Grenada, Mali, and Nepal\u2014and is talking with about twenty others. However, several of the seventy-seven countries eligible for relief\u2014notably Kenya\u2014have demurred because of the proposed terms and concerns about credit rating downgrades if they accept debt relief.\n\nNo country has been quieter about the negotiations than China, whose policy banks, commercial banks, and state-owned enterprises lent about $152 billion to Africa alone in the years before the pandemic. Bilateral talks\u2014separate from the Paris Club process\u2014are said to be underway in Beijing, and long-term restructuring agreements may ensue.\n\nChinese officials regularly reiterate their commitment to the G-20 initiative (most recently in a Foreign Ministry white paper released on June 7). But if experience is any guide, Chinese negotiators will drive hard bargains that belie their claim that China and developing countries \u201care good brothers.\u201d\n\nThe crucial question is which types of lending will be affected. Chinese officials draw a distinction between interest-free, government-to-government credits, and \u201cpreferential\u201d loans from the China Export-Import Bank and China Development Bank that represent the largest part of China\u2019s overseas lending. But there are many other players involved: the China Africa Research Initiative at Johns Hopkins University has identified more than thirty banks and companies with loans in Africa, some of them made at commercial rates.\n\nAn April 16 article in the government mouthpiece Global Times, offered a window on the Chinese negotiating position. A Ministry of Commerce official wrote that preferential loans \u201care not applicable for debt relief and are more complex with regards to any difficult debt problems. Simply waiving debtors\u2019 obligations as some countries or organizations have called for is not going to be effective as a solution.\u201d A May 25 article by the same official elaborated that while \u201cChina will actively promote the G-20 debt service suspension initiative\u2026(s)imply offering write-offs would not be in accordance with African countries\u2019 long-term development interests.\u201d\n\nA more accurate statement would be that write-offs would not be in the long-term interests of Chinese lenders, who answer to the government and bondholders.\n\nClearly, Chinese loans have helped kick-start infrastructure development in countries that do not have ready access to other sources of financing. The Center for Global Development has determined that nearly all Chinese loans \u201chave some degree of concessionality\u201d (although not as favorable as World Bank loans). However, the terms of the financing remain opaque. Reporting in various countries\u2014for example, Kenya\u2014has revealed odious requirements. Moreover, the absence of open bidding and other brakes on corruption give rise to charges of overcharging and bribery\u2014as documented in countries from Malaysia to Uganda.\n\nAt the same time, Chinese-funded projects too often have been based on unrealistic assumptions about a country\u2019s ability to repay\u2014a problem that became obvious when oil and other resource prices began falling in 2015. Many loans were made without central control, something that some Chinese officials discussed with IMF officials amid last decade\u2019s lending spree. Beijing\u2019s embassies often were not fully aware of the scope of lending for projects springing up around them and often were in the dark about countries\u2019 ability to repay. It has only been in the past year that \u201cdebt sustainability\u201d has become a watchword of Chinese policy.\n\nOfficials at the Peoples Bank of China and other line ministries pushed to join the Paris Club about five years ago. But powerful officials in Beijing vetoed the proposal. The compromise was observer status, although Chinese officials were not empowered to discuss their country\u2019s debt exposure. China\u2019s unwillingness to participate in Paris Club efforts to collect debt data has been an issue with other creditors.\n\nThis is not simply a matter of bureaucracy. The Paris Club plays an essential role getting the creditor countries and multilateral institutions like the IMF on the same page to ensure a collaborative debt-restructuring process.\n\nOf course, it is not only Chinese lending that now is under scrutiny. Private sector lending from European banks and Eurobond issues has ballooned in recent years; African countries issued about $102 billion of Eurobonds as of March 2019. However, only ten developing countries worldwide accounted for 85 percent of issuances in 2017-19.\n\nWith Western private sector lenders insisting on loan-by-loan negotiations, and China signaling that the bulk of its loans potentially will not be eligible for debt relief, some countries will have to choose between repaying loans and responding to a crisis that threatens the well-being of millions.\n\nSo far, many developing countries have avoided the worst effects of the virus. But it may be only a matter of time before underdeveloped health systems are overwhelmed. China can make a big difference by accelerating debt relief. But it is not clear whether Beijing is prepared to act under any motivation beyond the bottom-line concerns of its own lending institutions.\n\nJeremy Mark is a former senior communications adviser and speechwriter to the IMF management team. He previously was an award-winning reporter for The Asian Wall Street Journal.\n\nFurther reading:"
        },
        {
            "id": "83c2c78a92c8f577",
            "title": "The impact of COVID-19 on either shore of the Mediterranean",
            "content": "The COVID-19 pandemic has wreaked havoc on almost every nation of the world, creating new challenges and exacerbating preexisting ones. Attention has been focused on the health sector, as it was the first impacted by the pandemic. However, various actors rapidly utilized the effects of the health crisis for political purposes. At the same time, the pandemic has become a decisive factor in many countries\u2019 economic, political, and social development. This necessitates deeper analysis to understand the pandemic\u2019s long-term impact in the various regions of the world. The states of North Africa and the broader Mediterranean region are no exception; in each one, the crisis has become a central factor around which old and new forces have converged. Understanding the interplay between these states\u2019 responses to the pandemic and their struggles to manage conflicts, economic problems, migration, and protest movements is vital for the public and policymakers alike.\n\nThe crisis caused by COVID-19 is unlikely to recede any time soon. There is a foreseeable future in which the political, economic, and societal impact of the crisis\u2014and states\u2019 responses\u2014could facilitate a further breakdown in European solidarity, leading to the failure of a \u201cEuropean agenda\u201d toward the Mediterranean, and thereby a rise in conflicts and tensions on the southern shore of the Mediterranean Basin. These dynamics will be further complicated by the US presidential election in November 2020, which could alter the course of foreign policy in the region in one way or another.\n\nWith this in mind, this report draws on case studies of Libya, Tunisia, Egypt, Algeria, and migration to the EU to illuminate the key challenges faced in the Mediterranean community, and warns of the undesirable outcomes ahead if international inaction toward the region persists.\n\nClick here to download the report.\n\nFor media inquiries, please contact [email protected]."
        },
        {
            "id": "1ff33322d155598b",
            "title": "As the aviation industry recovers from one crisis, it is looking to the next: climate change",
            "content": "An aircraft, operated with sustainable aviation fuel (SAF), is refueled at Frankfurt airport, Germany, November 27, 2020. REUTERS/Ralph Orlowski\n\nThe COVID-19 pandemic has generated \u201cthe most severe crisis for aviation ever,\u201d said Marc Hamy, vice president of corporate affairs, sustainability, and environment at Airbus. But there\u2019s another crisis on the horizon for the aviation industry: \u201cincreasing pressure coming from climate change. So we absolutely need to recover from this crisis in aviation, and at the same time we\u2019ll have to manage the most important transition in the history of our sector: decarbonized aviation.\u201d Hamy added.\n\nHamy was speaking at an Atlantic Council 2021 Global Energy Forum event moderated by Thomas Hicks, founding principal and managing director of Mabus Group.\n\nScott Kirby, CEO of United Airlines, noted that \u201cwe never contemplated anything like this [pandemic], even in our worst-case planning scenarios.\u201d The pandemic has made sustainability \u201cmore important than ever,\u201d he argued, because after the global spread of COVID-19 \u201cthere is no way that anyone can tell you with a straight face that we are not part of a global community and everything that happens everywhere in the world is connected to everywhere else.\u201d\n\n\u201cThe signals are out there that as we come out of this, we\u2019re going to have to be more conscious of sustainability,\u201d agreed Jennifer Holmgren, CEO of LanzaTech. Jeremy Baines, president of sustainable aviation fuel-producer Neste US, reflected that \u201conce we get out of this [pandemic], I want to start flying again\u2026 but there\u2019s also an awareness that we want to do it more sustainably than in the past.\u201d\n\nHere are the key takeaways from their discussion on decarbonizing aviation.\n\nDecarbonizing solutions abound, but there\u2019s no magic bullet\n\nWhat the near-future holds: Hamy said he believes \u201ccarbon-less aviation is possible and we can achieve it in this lifetime.\u201d But Baines added that he doesn\u2019t think \u201cthere is a magic bullet to this; there\u2019s no one single solution that is going to make flying more sustainable.\u201d\n\nStep one: modernize aviation: Not every solution will require groundbreaking new technologies or fuels, Kirby clarified: \u201cWe estimate that we can improve efficiency by fifteen percent by just using, essentially, GPS technology to fly instead of flying the highways in the sky that we fly today.\u201d He also highlighted carbon sequestration as one of many solutions: \u201cI\u2019m convinced there\u2019s no way we\u2019re going to decarbonize the planet without that,\u201d he said.\n\nWhat airlines can do: But airlines are also investing in futuristic innovations and commitments to decarbonize their flights. For example, Airbus aims to put a zero-emission aircraft into service by 2035 that runs on hydrogen. Hamy believes hydrogen could constitute \u201ca very large part of the energy production of transport in the near future and I think we cannot miss this opportunity,\u201d and that hydrogen may one day replace oil. Meanwhile, United Airlines has committed to reducing greenhouse-gas emissions by 100 percent by 2050 and has invested in 1PointFive, a project\u2014led by partners Oxy Low Carbon Ventures of Occidental Petroleum Corporation and Rusheen Capital Management\u2014that aims to capture carbon-dioxide emissions from the air. By investing in the project, Kirby hopes to lower the cost of carbon capture across the board: \u201cI recognize it\u2019s not economical today\u2026 You\u2019ve got to come down exponentially on those cost curves.\u201d\n\nWork with what we have today: Baines fears that technological innovations like hydrogen-powered planes and low-cost carbon capture may still be \u201ca while off,\u201d but noted that fuel solutions are already reducing emissions by about 80 percent today and the fuel \u201cworks without changing any infrastructure.\u201d Holmgren agreed, adding that \u201csustainable aviation fuel is a key way to bend the [increasing carbon emission] curve and a key way to do something in the aviation industry now.\u201d\n\nWatch the full event\n\nSustainable aviation fuel, explained\n\nFrom gas to fuel: Holmgren explained that to make sustainable aviation fuel, LanzaTech uses and converts gases. \u201cSo it can be industrial waste gases, carbon monoxide, hydrogen, carbon dioxide, gasified municipal solid waste, gasified biomass, [and] we can also take direct air capture.\u201d When asked whether the company predicts encountering an undersupply of feedstock once the production of sustainable aviation fuel ramps up, Holmgren replied that \u201cthere is plenty of feedstock\u201d and \u201conce we start getting into solid waste and mixed waste, there\u2019s nothing stopping you.\u201d\n\nA flexible supply can meet demand: Baines agreed, noting that \u201cyou would really start seeing the demand pick up and the supply would come online to match it.\u201d For example, Neste US has used cooking oil from airports but is \u201calso looking to move into algae\u2026 we can also use forestry waste.\u201d Baines added that the conditions for feedstock supply are looking even better in the future, as passenger vehicles are beginning to go electric, leaving sustainable fuels behind. \u201cThat will free up feedstocks for the harder industries, like the aviation sector,\u201d he explained.\n\nAn impact beyond the environment: Asked whether aircraft perform as efficiently on sustainable aviation fuel as they do on fossil fuels, Hamy explained that currently, the fuel is only approved for 50 percent blends or less, but he\u2019s detected no issues. \u201cNow, we have to explore if we can go up to 100 percent; we think it will be possible,\u201d said Hamy. Holmgren added that, although it may not be noticeably more efficient than fossil fuels, sustainable aviation fuel is better for people as well. \u201cThese fuels don\u2019t have sulfur, particulates are significantly less,\u201d she explained, which means \u201ca big reduction in contrails. These things are really important if you live near an airport\u2026 And so they augment the social justice issue.\u201d\n\nIt\u2019s not just airlines; the government can help too\n\nIncentivize innovation: Efforts to decarbonize require \u201cpartnership and leadership\u201d across industry and government, said Holmgren, noting that she found it \u201cextremely important to have [government] incentives that enable the production of sustainable aviation fuel.\u201d She added that government incentives can also help create \u201ca distributed approach to the production of aviation fuels\u2026 [to] build the first [plant], build the second one, build the fourth one, and then this will take off.\u201d\n\nSupport the farmers behind fuel: Holmgren also suggested that fuel producers and farmers who produce ethanol for aviation fuel harness the opportunity to make their processing more sustainable\u2014and get government credits for making sustainable choices such as using better agricultural practices and lower-carbon fertilizer. LanzaTech recently established the company LanzaJet, which aims to produce ten million gallons of sustainable aviation fuel from ethanol each year. \u201cI see a partnership between the producers and the farmers, creating a lower [carbon-intensity] product by figuring out how to make the feedstock production more sustainable.\u201d\n\nRaise the cost of climate impact: Kirby said \u201cwe\u2019re not going to solve this unless we put a price on carbon\u2026 and [get] support for sequestration and other credit mechanisms. Government support for those [is crucial] so that you can build the economies of scale and drive the prices down.\u201d\n\nFurther reading"
        },
        {
            "id": "6630482d93c20c58",
            "title": "NAFTA\u2019s successor is about to take effect. Here\u2019s why it will be good for North America\u2014and bad for the WTO",
            "content": "Flags of Mexico, United States and Canada are pictured at a security booth at Zaragoza-Ysleta border crossing bridge for commercial and private transport, in Ciudad Juarez, Mexico January 16, 2020. REUTERS/Jose Luis Gonzalez\n\nThe United States-Mexico-Canada Agreement (USMCA) will take effect on July 1, 2020, replacing the North America Free Trade Agreement (NAFTA). The USMCA features several important changes while maintaining trade flows worth $1.2 trillion among the three-member countries.\n\nIt is the latest of the 303 regional trade agreements (RTAs) currently in force\u2014whose rank is likely to increase in the foreseeable future. The RTAs have hollowed out the World Trade Organization (WTO), and this process is likely to accelerate going forward. About half of world trade is now covered by the RTAs, reducing the scope and relevance of WTO rules and tariff schedules, as well as its dispute settlement and appeal mechanism.\n\nIf the USMCA is used as a template for future US trade negotiations, that would hasten the regionalization of world trade, fragmenting the global trading system based on the WTO and marginalizing the organization.\n\nBelow are key features of the USMCA, most of which are new in a US trade agreement.\n\nAuto parts rules of origin: raising the threshold from 62.5 percent to 75 percent (and 70 percent for steel and aluminum used in making parts).\n\nUse of quota: while being frowned upon by the WTO, the USMCA contains side letters to exempt 2.6 million passenger vehicles each from Canada and Mexico from potential Section 232 tariffs (of the US Trade Expansion Act of 1962, threatened by the United States on national security ground) on an annual basis, and roughly current annual volumes of auto parts.\n\nNew labor requirements: 40 to 45 percent of auto parts must be made by workers earning at least $16 per hour by 2023\u2014to be more comparable to the US average wage levels in this sector. Mexico has also passed labor reform law promoting the unionization and collective bargaining rights of their workers.\n\nAgricultural markets: US farmers can have better access to Canada which has agreed to raise its tariff-free quotas on dairy, poultry, and egg products under its supply management regime.\n\nDigital trade: for the first time, there is a full chapter on free digital trade in an FTA. The chapter prohibits import duties and other charges on electronically transmitted digital products; discriminatory treatment of cross-border data transfers; and forced data localization.\n\nDispute settlement: state-to-state disputes regarding a matter which arises under this agreement, or under another international agreement, including the WTO agreement, to which the disputing parties are party, are to be settled in a forum selected by the complaining party\u2014giving it a choice of forum most favorable to its position, instead of automatically referring WTO disputes to the WTO dispute settlement system. Furthermore, if the formation of the arbitration panel (in a chosen forum) is being blocked by noncooperative responding parties, the USMCA Implementation Act (US Public Law 116-113) allows the United States to use its domestic laws to impose safeguards on any surges in imports from Canada and Mexico.\n\nDealing with state-owned enterprises (SOEs) and subsidies: requiring SOEs to compete on commercial basis and that any advantages such as subsidies enjoyed by the SOEs do not have adverse effects on US companies and workers. These provisions are more comprehensive than the WTO\u2019s rules on subsidies and countervailing duties.\n\nDealing with a non-market economy: any member wanting to negotiate a free trade agreement with a non-market economy (as defined by a member\u2014primarily aiming at China) has to keep other members informed; and upon conclusion of such agreement, the other members can withdraw from the USMCA with a six month notice.\n\nIncluding a chapter on currency manipulation: this is the first time currency manipulation is included in a trade agreement. Traditionally, currency issues are dealt with by the US Treasury, normally in consultation with the International Monetary Fund (IMF) and its members.\n\nPotential impacts of the USMCA\n\nSeveral features of the USMCA can be viewed as representing the US template in future trade negotiations. Many of those features enjoy bipartisan political support and therefore are likely to stay beyond US President Donald J. Trump\u2019s presidency. Specifically, US emphases on free digital trade, reducing tariff and non-tariff barriers to its agricultural exports, dealing with SOEs and subsidies, dealing with a non-market economy, preserving the US ability to enforce its trade laws in trade remedies\u2014including the anti-dumping, countervailing duties and safeguards laws, and currency manipulation can be found in the US Trade Representative\u2019s negotiating objectives vis-a-vis the United Kingdom and the European Union (EU).\n\nIn addition to agriculture, there are new areas of frictions concerning the upcoming trade negotiations with the United Kingdom and the EU. The free digital trade emphasis in the USMCA would be at odds with the plan of many European countries (Austria, France, Hungary, Poland, Turkey, the United Kingdom, and others) to proceed with their national versions of a digital services tax after the United States pulled out of the multilateral negotiations sponsored by the Organization for Economic Co-operation and Development (OECD). The United States has threatened retaliatory tariffs on any country imposing digital taxes.\n\nIn addition, the USMCA emphasis on free cross-border flows of data would need to be reconciled with the EU General Data Privacy Regulation (GDPR). Obviously, the difference between the US position and China\u2019s security-driven restrictions on cross-border flows of data is much more glaring.\n\nAlso problematic is the USMCA chapter dealing with non-market economies\u2014this would complicate the EU\u2019s effort to negotiate a Comprehensive Agreement in Investment with China as well as the United Kingdom\u2019s desire to seek a trade deal with China. On top of those issues, the US threat of imposing Section 232 tariffs on automobiles and auto parts remains a major irritant in the negotiations.\n\nFor developing countries, in the context of its effort to tighten the self-designation as \u201cdeveloping countries,\u201d if the United States makes regular use of its demands contained in the automobiles chapter, for example the requirement that 40 to 45 percent of auto parts have to be made by workers earning at least $16 per hour, that would dilute the comparative advantages enjoyed by developing countries in their efforts to promote foreign trade to industrialize their economies.\n\nMore generally, the emphasis on tightening rules of origin for auto parts will strengthen emerging trends toward regionalization. Many companies have taken advantage of technological advances, especially in automation, and followed a desire to be close to their customers by setting up local production facilities to supply large national or regional markets such as North America. Recently, this regionalization trend has received strong impetus from the US-China trade war and from efforts to diversify and streamline complex global supply chains due to disruptions caused by the COVID-19 pandemic.\n\nFinally, quite detrimental to the integrity of the WTO is the USMCA use of quota in side letters (exempting current volumes of automobiles and parts imports from Canada and Mexico fro potential future tariffs); provisions for a complaining party to select the forum to settle disputes even if the matters arise under the WTO agreement; and preserving the US ability to use its domestic laws to remedy trade complaints. These will lead to a further marginalization of the WTO dispute settlement mechanism. Already the WTO Appellate Body has been rendered inoperative due to lack of the necessary quorum to hear cases since the beginning of the year. Furthermore, the United States has signaled its opposition to using WTO resources to support the alternative trade dispute appeal system recently launched by the EU, China, and eighteen other countries. The US opposition to the use of WTO resources to support activities benefiting a subset of the membership can also have a detrimental effect on the plurilateral approach\u2014increasingly used by many WTO members trying to make headway in new trade negotiations with like-minded countries since the global multilateral approach has failed over the past decades.\n\nIn short, while the USMCA preserves free-trade flows among the three member countries, its use by the United States as a template for future trade negotiations, starting with the EU and the United Kingdom, would have a far-reaching effect on future developments of world trade. The global trading regime based on the WTO would shift more and more toward regional trading arrangements, in the process further fragmenting world trade and marginalizing the role of the WTO. This is all happening at a vulnerable moment for the WTO, which is going through a process of selecting a new director-general.\n\nHung Tran is a nonresident senior fellow at the Atlantic Council and former Executive Managing Director at the Institute of International Finance.\n\nFurther reading:"
        },
        {
            "id": "3afadc69b4df24cb",
            "title": "Nepal in the face of intersectional crises: A history of mismanagement",
            "content": "Nepalese youths holding placards maintain social distance as they take part in a protest demanding better and effective response from the government to fight the coronavirus disease (COVID-19) outbreak as the number of infections spikes, in Kathmandu, Nepal June 13, 2020. REUTERS/Navesh Chitrakar\n\nAs one of the poorest countries in the world, Nepal needs a transparent and adequate pandemic response to both mitigate the effects of coronavirus and protect from a further increase in poverty. However, Nepal\u2019s poor governance track record\u2014characterized by inadequate leadership after the 2015 earthquake, a divided ruling party, corruption and mishandling of funds by the government, and questionable governance practices by the prime minister\u2014not only puts the population at a disadvantage in weathering the pandemic, but it also may deal additional blows to the country\u2019s health and economic wellbeing.\n\nNepal entered the pandemic era with several severe underlying crises, largely due to the government\u2019s 2015 mishandling of earthquake disaster response, creating the conditions ripe for pandemic response failure in 2020. Today, 44 percent of healthcare facilities that were damaged in 2015 have yet to be reconstructed; over 70 percent of the population is involved in the informal economy, where they lack access to critical social safety nets; and, since 2015, an additional 700,000 Nepalis have been pushed into poverty. Overcrowding, malnutrition, and little to no income\u2014factors associated with poverty in Nepal\u2014heighten individuals\u2019 susceptibility to COVID-19 and render adherence to public health safety measures, as well as access to medical care, nearly impossible. To prevent the worsening of these risk factors, a transparent and efficient COVID-19 response plan is necessary; six months in, this has yet to materialize.\n\nThe Nepalese government has pervasively and glaringly mismanaged their pandemic response: it faces various allegations of instigating corruption, manipulating food prices, and neglecting quarantine facilities. Given Nepal\u2019s Least Developed Country (LDC) status, the economy cannot bear the cost of further corruption. Poor governance diverts necessary funds from COVID-19 relief efforts and heavily undermines future plans for economic recovery that could secure the lives of the quarter of the population that lives below the United Nations poverty line or the families that depend on remittances, which make up 26 percent of the economy. A devastated economy will not only impede growth but will also aggravate long-standing patterns of structural inequality. Thus, corruption and the mishandling of funds by the Nepalese government have exacerbated the economic impact of the pandemic. In May, Nepali families that lost income due to COVID-19 represented one-third of families across the country\u2014but in earthquake-affected areas, they represented 87 percent of families. It is thus imperative the government cut corruption to protect vulnerable groups and mitigate a widening inequality gap.\n\nHeightened divisions between the newly unified Communist Party of Nepal (Unified Marxist Leninist) and Maoist Centre have led to a mismanaged pandemic response. Three years post-unification, different competing factions within the ruling party are still alive; according to co-chairs KP Sharma Oli\u2014the current prime minister\u2014and Pushpa Kamal Dahal, \u201cbetrayal and counter-betrayal continue to prevail.\u201d Internal fissures hamper future economic recovery and threaten to quash years of positive growth. Ganesh Sah, a Standing Committee member, attested that \u201cthough the COVID-19 issue was listed as the second agenda when the Standing Committee meeting started on June 24, it was rarely discussed in the 80 days, except on some rare occasions.\u201d Instead, party members noted leadership spent the time deadlocked in a power tussle: since a faction in the party led by Pushpa Kamal Dahal channeled its energy to weakening Prime Minister Oli, governing leaders did not place enough emphasis on the pandemic and its impacts. Continued intra-party disputes and dismissal of the pandemic will lead to greater suffering and delay urgently needed measures to weather the aftershocks.\n\nA further hindrance to COVID-19 relief efforts routinely lies in Oli\u2019s ineffective governance practices. The prime minister conducts misinformation, denial, and nationalist campaigns to silence his waning popularity and credibility. To date, there is ample evidence that incompetent leadership is costing innocent lives; given Oli continuously undermines the severity of COVID-19, Nepal may be heading down a similar path. In conjunction, the Oli administration prioritizes political maneuvers that aim to consolidate the prime minister\u2019s power\u2014censorship of the media, controversial new ordinances, and a border skirmish with India, to name a few\u2014over COVID-19 relief efforts that benefit the general population. Such decision-making undermines democracy in favor of creeping authoritarianism and deepens divisions within the ruling party. Oli\u2019s inability to thrive without nationalist rhetoric will catalyze eventual calls for his resignation. A change in leadership amid a crisis is not ideal for a country historically plagued by political instability, but fresh leadership and energy are necessary to mitigate the impending repercussions and re-establish effective governance that can adapt to new challenges such as COVID-19.\n\nThe government is working slowly toward improving its pandemic response, starting with supporting the informal sector. In May, the government announced plans to provide informal workers additional opportunities to participate in public-works projects for a subsistence wage. Job creation is indeed a significant start, but this should be done in conjunction with an increase in social spending to temporarily extend coverage to informal workers. Without a basic level of income security and access to healthcare, Nepali individuals are likely to remain trapped in vicious cycles of vulnerability, poverty, and social exclusion, which pose challenges to their welfare, human rights, and the country\u2019s overall economic and social development.\n\nGoing forward, Nepal must clean up its governance and ensure a robust post-COVID-19 reconstruction plan to fully embrace democracy, foster economic growth, and promote individuals\u2019 wellbeing. Minimizing corrupt practices will not be instantaneous but enforcing accountability mechanisms and electing new leadership are a start. Given that corruption permeates much of Nepal\u2019s political sphere, civic engagement and pressures from international institutions (such as the UN) is imperative to ensuring better governance and increased development effectiveness. By obtaining and disseminating information, exposing abuses of power, and mobilizing public support, civil society organizations can apply heavy political pressures to improve governance.\n\nThe pandemic carries heavy consequences for Nepal\u2019s future; the outbreak will hit nearly every sector of the country\u2019s economy, shaving up to 0.13 percent of the gross domestic product (GDP) and rendering up to 15,880 more jobless. To minimize the incoming impacts, the government, international institutions, and civil society organizations must work together to eliminate corrupt practices and revitalize relief efforts to protect a greater share of the population.\n\nCapucine Querenet is an intern at the Atlantic Council\u2019s South Asia Center.\n\nFurther reading:"
        },
        {
            "id": "9d8e10fa807c5f83",
            "title": "Belarus human rights crisis: Concerns grow for political prisoners",
            "content": "Belarusian journalists Katsiaryna Andreyeva and Darya Chultsova await sentencing in Minsk on February 18. (REUTERS)\n\nBelarusian opposition leader Sviatlana Tsikhanouskaya issued an emotional plea on March 15 for five jailed Belarusians to call off their hunger strikes. \u201cPlease stop your hunger strikes. Your lives are the most precious thing for Belarus. My team and I will do everything possible to approach the day when you can walk freely with your loved ones in a new Belarus,\u201d she declared in a video address.\n\nTsikhanouskaya\u2019s appeal reflects mounting concerns over the plight of the hundreds of detainees currently being held by the regime of Belarus strongman Alyaksandr Lukashenka. These political prisoners were arrested in the course of a merciless crackdown by security services against a pro-democracy protest movement that first arose seven months ago. Although exact numbers have yet to be confirmed, human rights groups believe that almost 300 Belarusians are currently incarcerated as political prisoners of the regime.\n\nBoth the US and the European Union have repeatedly condemned the crackdown as well as the unlawful and politically motivated detention of activists, trade union members, political figures, bloggers, and journalists. In total, over thirty thousand Belarusians are believed to have been taken into custody since protests first erupted in the country in the immediate aftermath of the August 9, 2020 presidential election. Belarus is now the site of what is almost certainly Europe\u2019s largest organized campaign of political repression since the end of the Cold War.\n\nIn a March 15 statement to the UN Human Rights Council, Amnesty International condemned the Lukashenka regime\u2019s ongoing crackdown. \u201cHundreds of opposition figures, human rights defenders, journalists, and others expressing dissenting opinions continue to be detained on trumped-up charges or sentenced to prison terms following unfair trials in order to obstruct them from carrying out their work, including the documentation of human rights violations,\u201d the statement noted. Meanwhile, in February 2021, senior United Nations human rights official Michelle Bachelet warned of a \u201chuman rights crisis of unprecedented dimension in Belarus.\u201d\n\nSubscribe for the latest from BelarusAlert Receive updates for events, news, and publications on Belarus from the Atlantic Council. Email\n\nThe hundreds of political prisoners currently being held in Belarus come from a variety of backgrounds and represent a broad cross section of Belarusian society. They are united by accusations of involvement in a grassroots and non-violent movement to end the country\u2019s 26-year dictatorship and transition towards a more democratic system of government.\n\nProtests have flared sporadically throughout the more than two and a half decades of Lukashenka\u2019s reign, but he has never previously faced a challenge as consolidated or robust as the current nationwide opposition movement, which arose following last summer\u2019s deeply flawed presidential vote. With public discontent already rising due to economic stagnation and the regime\u2019s bungled handling of the coronavirus pandemic, attempts to falsify the election outcome proved to be the last straw and provoked an emphatic response.\n\nSince protests began in August, the regime has responded with waves of escalating violence and terror tactics. Alongside the tens of thousands who have been temporarily detained and the hundreds still languishing in Belarusian prisons, many more have fled the country to avoid further persecution. The list of exiles includes Belarusian opposition leader Sviatlana Tsikhanouskaya herself.\n\nJournalists and bloggers have been especially hard hit by the crackdown, with arrests beginning in the run-up to the August presidential election, well before the outbreak of mass anti-regime protests. Many of those who have emerged from custody have recounted their experiences of systematic human rights abuses and torture.\n\nNumerous individual accounts from Minsk and other cities across Belarus provide a window into the dire conditions and psychological pressures facing the country\u2019s political prisoners. \u201cBelarusian blogger Siarhei Piatrukhin cut his veins in prison. His lawyer states the reason was that Siarhei could not handle the horrible sanitary conditions in his cell. For having done so, he was placed into a punishment cell,\u201d recounts Franak Via\u010dorka, a Belarusian journalist and Nonresident Fellow at the Atlantic Council who is currently a Senior Advisor to Sviatlana Tsikhanouskaya.\n\n\u201cThe situation is psychologically very difficult for political prisoners and they are experiencing mental duress, having spent months behind bars without much investigative work with their involvement,\u201d added Katia Glod, a Nonresident Fellow at CEPA.\n\nAccording to human rights groups, prisoners are often placed in cells together with patients suffering from COVID-19 or other diseases. They are routinely denied access to even the most rudimentary healthcare. \u201cThe jailing process does not merely violate the human rights of political prisoners. These actions are taken by the prison authorities and security services precisely for the sake of breaking the spirit of the protesters and journalists,\u201d says Belarusian journalist and Atlantic Council Nonresident Fellow Hanna Liubakova.\n\nTsikhanouskaya is now actively lobbying Western governments and human rights bodies to take action. She remains hopeful that a strong international reaction could still constrain the Lukashenka regime. In her recent address to Belarusian political prisoners, the opposition leader claimed that the UN may launch a mechanism to hold those accountable for illegal detentions as soon as next week. \u201cBut I don\u2019t know if you still have a week,\u201d she noted.\n\nVladislav Davidzon is a Nonresident Fellow at the Atlantic Council\u2019s Eurasia Center.\n\nFurther reading\n\nThe views expressed in UkraineAlert are solely those of the authors and do not necessarily reflect the views of the Atlantic Council, its staff, or its supporters.\n\nRead more from UkraineAlert UkraineAlert is a comprehensive online publication that provides regular news and analysis on developments in Ukraine\u2019s politics, economy, civil society, and culture. Read More\n\nThe Eurasia Center\u2019s mission is to enhance transatlantic cooperation in promoting stability, democratic values and prosperity in Eurasia, from Eastern Europe and Turkey in the West to the Caucasus, Russia and Central Asia in the East. EXPLORE THE PROGRAM"
        },
        {
            "id": "ade4af41a5889960",
            "title": "Atlantic Council",
            "content": "Tue, Mar 30, 2021\n\nNonresident Senior Fellow Alex Ruiz in a report on the need to adopt a national strategy to combat misinformation and disinformation around COVID-19 and future public health threats.\n\nIn the News by the GeoTech Center"
        },
        {
            "id": "20d53761f369cbc3",
            "title": "Whose voices count on Afghanistan? The politics of knowledge production",
            "content": "Over the last two decades, Afghanistan has rebuilt its academic and expert capability, with an increasingly vibrant research and academic community who are at the frontlines of the challenges and opportunities the country is grappling with. Yet these voices and their ideas are often sidelined, dismissed, and rarely at the center of debates on Afghanistan. The political nature of knowledge production and how it shapes narratives, understandings, processes, and outcomes is becoming increasingly apparent in the Afghan context.\n\nThe soft power of experts working in and on these conflict spaces is considerable. Experts can shape policies and practices, structure whose ideas and voices are suppressed or promoted, and can even disrupt or determine resource flows for elites, civil society, and communities. This makes it imperative that we recognize how research and policy analysis involves making ethical and political choices about whose knowledge counts and whose voices are heard.\n\nJoin the Atlantic Council\u2019s South Asia Center on Thursday, April 1 at 9:00 AM US ET / 5:30 PM AFT for a panel discussion on the politics of knowledge production in Afghanistan and how we can make the Afghanistan policy space more representative of the peoples, histories, and realities on the ground.\n\nFeaturing\n\nOrzala Nemat\n\nDirector\n\nPolitical Ethnographer and Veteran Researcher on Afghanistan\n\nAfghanistan Research and Evaluation Unit\n\nBashir Safi\n\nFormer Senior Adviser\n\nCT, CVE, and Propaganda in Conflict Zone\n\nAfghan National Security Council\n\nMariam Safi\n\nCo-Director\n\nWomen, Peace, and Security, and Peace Processes\n\nThe Afghanistan Mechanism for Inclusive Peace\n\nObaid Ali\n\nCo-Director\n\nPolitical Analyst and Veteran Researcher on Afghanistan\n\nAfghanistan Analysts Network\n\nIntroductory and concluding remarks by\n\nSahar Halaimzai\n\nNon-resident senior fellow\n\nAtlantic Council\u2019s South Asia Center\n\nModerated by\n\nMuska Dastageer\n\nLecturer\n\nAnti-Corruption Expert\n\nAmerican University of Afghanistan\n\nThe South Asia Center serves as the Atlantic Council\u2019s focal point for work on greater South Asia as well as its relations between these countries, the neighboring regions, Europe, and the United States. EXPLORE THE PROGRAM\n\nRelated Content"
        }
    ],
    "label": 2,
    "label_text": "high"
}