{
    "source": "avoiceformen.com",
    "articles": [
        {
            "id": "783a51c6a7712eec",
            "title": "Andy Bob exposes feminist hatred of gay men in new book \u2013 A Voice for Men",
            "content": "Some of you may recall Andy Bob\u2019s seminal series of articles on Why Gay Men Don\u2019t Need Feminism. If you did read it, you won\u2019t need the reminder.\n\nOur friend, Andy Bob (Matthew Lye), not satisfied with simply writing an epic indictment of feminism from the perspective of a man who happens to be gay, also gave his agreement to help our mission by letting us turn that series into a book. With an introduction by yours truly and a foreword by David Palmer, the book is now available on Amazon Kindle. As ebook sales allow, we will also take on the expense of having it formatted for print on demand and eventually on audio book in Matthew\u2019s voice.\n\nThe book, The New Gay Liberation: Escaping the Fag End of Feminism, is a scorching indictment of feminist hatred of all things male, meticulously documented and unassailably cogent. It is instant classic material and will forever answer the question: What do you give a gay man who already has feminism?\n\nI\u2019d like to take the opportunity to encourage all MHRAs, male feminists and fence sitters, gay, straight or transgender, to purchase this book. At $4.99 it is a great way to support the mission here and to acknowledge Matthew\u2019s unique and critically important contributions to the discussion of sexual politics in the modern age.\n\nAnd if you would, please share this on your social media pages as well as with friends and family. The long coopted voice of gay men now has another, better platform. We need to make sure it is heard in as many places as possible.\n\nBUY IT HERE."
        },
        {
            "id": "57752161eb1a515a",
            "title": "Warren Farrell on FOX Primetime: \u201cGender\u201d Policy Council Ignores Boys in time of COVID \u2013 A Voice for Men",
            "content": "Warren Farrell on FOX Primetime: \u201cGender\u201d Policy Council Ignores Boys in time of COVID"
        },
        {
            "id": "a9dffa5807dc9429",
            "title": "Featured \u2013 A Voice for Men",
            "content": "A couple of weeks ago, I published this piece about my son, who doesn\u2019t want to be a man. I didn\u2019t expect so many people to read it, and discuss it so thoughtfully. I was blown away by that. And so many of the people who did comment on it had taken the time to \u2026\n\nMy son doesn\u2019t want to be a man (part 2) Read More \u00bb"
        },
        {
            "id": "07f53d73fa711a76",
            "title": "10,000,000 \u2013 A Voice for Men",
            "content": "It is particularly gratifying, in the afterglow of the First International Conference on Men\u2019s Issues, that we get another reason to celebrate as a community.\n\nOn November 1, 2011, after 15 months online, our \u201clittle globe\u201d hit its first 1,000,000 visits. I was so encouraged at the time that I wrote the following:\n\nAfter 15 months online we are rapidly approaching our first million visits to AVfM. And if current traffic holds or continues to grow we will have at least twice that much after another 15 months. I am betting we do even better than that thanks to the dedicated efforts of all the people who contribute quality additions to the growing library of MRA literature, and the increasing number of men and women who are stepping up to rattle the worlds cage with FTSU.\n\nI actually worried at that point if I was being overly optimistic. It turns out I was not. We did, in fact, hit more than twice that much in the next 15 months.\n\nAnd here we are, less than three years from the point we hit our first million, about to go over the 10,000,000 mark. I have to say, it feels pretty good.\n\nSomething else from back in that day. At the time I made that post I said, \u201cAfter a slight leveling off when the site was rebuilt, we are tracking upward in Alexa ranking again, headed toward a coveted place in the top 100,000 worldwide rankings.\u201d\n\nThat seems like a lifetime ago. Since then our numbers have blown the doors off Alexa and AVFM has become one of the top 30,000 most visited websites in the world and one of the top 12,000 in the United States.\n\nLet me take this great moment to thank all the recent donors in our current fundraiser, which ends tomorrow night. If you would like to help us celebrate this milestone with a couple of bucks in the tip jar, we will be happy to take it and put it to use. Or, just sit back and take a look at that globe, think about the incredibly successful conference we just had, and about the one we are planning for next year and know that you are a part of it.\n\n100,000,000 visitors will be here before you know it, and then ten times that, because we are never going to stop.\n\nAs we grow, we hope to do even more. More organization, effecting more change in the public discourse, and, importantly, the day we can start serving men and boys with even more tangible, direct services.\n\nThere was a time when I doubted that could ever really happen. But those days are gone. The Men\u2019s Rights Movement is going forward because it must, and AVFM is going to be the spearhead of it happening.\n\nA wonderful day/evening to you all.\n\n&amp;amp;lt;applet codebase=\u201dhttp://rc.revolvermaps.com/j\u201d code=\u201dcore.RE\u201d width=\u201d350\u2033 height=\u201d350\u2033 archive=\u201dg.jar\u201d&amp;amp;gt;&amp;amp;lt;param name=\u201dcabbase\u201d value=\u201dg.cab\u201d /&amp;amp;gt;&amp;amp;lt;param name=\u201dr\u201d value=\u201dtrue\u201d /&amp;amp;gt;&amp;amp;lt;param name=\u201dn\u201d value=\u201dfalse\u201d /&amp;amp;gt;&amp;amp;lt;param name=\u201di\u201d value=\u201d2uoYUMOiVm5\u2033 /&amp;amp;gt;&amp;amp;lt;param name=\u201dm\u201d value=\u201d6\u2033 /&amp;amp;gt;&amp;amp;lt;param name=\u201ds\u201d value=\u201d350\u2033 /&amp;amp;gt;&amp;amp;lt;param name=\u201dc\u201d value=\u201dff0000\u2033 /&amp;amp;gt;&amp;amp;lt;param name=\u201dv\u201d value=\u201dtrue\u201d /&amp;amp;gt;&amp;amp;lt;param name=\u201db\u201d value=\u201d000000\u2033 /&amp;amp;gt;&amp;amp;lt;param name=\u201drfc\u201d value=\u201dtrue\u201d /&amp;amp;gt;&amp;amp;lt;/applet&amp;amp;gt;\n\n\n\nNote: This article is also available in Italian.\n\n"
        },
        {
            "id": "08e227cb8ef47558",
            "title": "Brother K \u2013 Ending genital mutilation of children \u2013 A Voice for Men",
            "content": ""
        },
        {
            "id": "3988005d345414db",
            "title": "Advertise at A Voice for Men \u2013 A Voice for Men",
            "content": "Contact us at avoiceformen@gmail.com\n\nAVFM offers a highly targeted advertising opportunity for individuals and companies who offer goods and services for a predominately male demographic.\n\nSelling a book?\n\nBook advertising is placed in the right sidebar. Booksellers get a full 380 pixel wide x corresponding height of their book cover, linked to Amazon.com or another platform from which the book is sold.\n\nEach book advertisement comes with a header bar containing the text of your choice (subject to approval) for $135.00 US per month with a three-month minimum. The advertiser may renew every three months, before expiration, at the same rate for up to one year.\n\nFor booksellers, the top spot (underneath the donation area) will be rotated on a monthly basis, with only four booksellers under contract at any given time.\n\nThe advertisement will contain graphics from your book cover (which advertiser must provide) and one line of text of your choice for the header bar.\n\nOther sidebar ads\n\nSmall Sidebar Ad\n\nSmall sidebar graphic ads are available with an ad size of 380 x 180 pixels. The rate for the small sidebar ads is $80.00 US per month with a three-month minimum, paid in full, in advance.\n\nThe advertiser may renew every three months, before expiration, at the same rate for up to one year.\n\nLarge sidebar ad\n\nLarge sidebar ads are available with an ad size of 380 x 380 pixels. The rate for the large sidebar ads is $125.00 US per month with a three-month minimum, paid in full, in advance.\n\nThe advertiser may renew every three months, before expiration, at the same rate for up to one year.\n\nImportant\n\nWe do not accept advertising from companies that sell tobacco products, pornography, gambling, dating sites or products targeted at women.\n\nFor more information or to advertise, please contact us at avoiceformen@gmail.com."
        },
        {
            "id": "0085b5af99fc8283",
            "title": "Proposed: How a smaller, less intrusive government would forward the interests of men \u2013 A Voice for Men",
            "content": "Editor\u2019s note: This article is also available in Spanish and Romanian.\n\n\n\nIn response to several articles here on A Voice for Men and elsewhere about libertarians and men\u2019s rights, I\u2019m prompted to write about the history of government thought control and the means of restraining it by constitutional limitations on its powers. Western governments are more and more intrusive on private decisions, and modern feminists strongly influence their actions and propaganda from their positions in academia, government, and non-profits. Restricting government\u2019s powers to interfere in private decisions and control the media message would give private personal decisions more room, and men would benefit.\n\nFeminism started out with a quest for equity in job opportunities, voting, and freedom to choose. This initial agenda (\u201cequity feminism\u201d) won a lot of support from fair-minded men and women, though even then there was a strong element of gynocentrism in the movement.\n\nBy choosing to notice only the bad things that happen to women in our own time as well as other cultures and times, modern feminists have failed to work for truly equal treatment of men and women. Instead of seeing individuals and their rights as important, modern feminists and other social justice warriors believe that only a relentless focus on oppression of some categories of individuals by others is the key to righteousness, and their collectivist view of group rights leaves little space for sympathy for anyone who cannot claim membership in an oppressed class. They believe as a religious cult would believe that if only they explain their beliefs hard enough to the unenlightened, the scales will fall from their eyes and goodness will triumph. No amount of victory in achieving their goals would ever be enough for them to end their battles, since new groups of the wicked can always be identified to battle against; the battle itself nourishes their egos and so it must continue. If all their enemies have been vanquished, villainy is defined down to catch a new class of microvillains whose microagressions and incorrect thoughts must be corrected.\n\nNote that it is no longer enough that \u201cvictim\u201d classes be treated equally by government and in employment and public accommodations\u2014theirs is now a push for equal outcomes to overcome private rights of association and contract, so women (or men!) who desire to work less or take out more time for family would not be allowed to bargain for those conditions of employment by asking for less pay for less work. Implicitly, all employees with the same job title and duties must be paid the same regardless of their individual contributions or their own desires for a lesser degree of commitment to the business.\n\nEqual opportunity does not imply there should be equal outcomes because diversity of interests and abilities between individuals and the sexes means there will be unequal interest in career options that require 60 hours a week of work, intense focus on mechanical problems, manual labor, or hazardous conditions. Similarly, you will not get or expect equal interest in the highly social, helping professions that on average women appear to prefer. Efforts to force equal employment in every company by race, sex, age, or other class are simply doomed\u2014any company that balanced its workforce to match these desiderata would find themselves forced to hire less productive employees, crippling them against their competition not so constrained. Jesse Jackson has called for federal pressure on high-tech firms to require equal employment outcomes in tech jobs. When you talk to a social justice warrior about this, you get an answer remarkably similar to what socialists said in the 1980s when you asked how any country could level outcomes (\u201cto each according to his needs\u201d) without the productive escaping to another country to achieve what they could without the shackles: \u201cWell, that\u2019s why they had to build the Berlin Wall.\u201d To stop the defection of those who want to be free to follow their own preferences, this preferred system must be extended everywhere or somehow escape must be controlled and punished by, say, walls, machine guns, and gulags.\n\nSo what we have is a small but highly influential ideological group, educated, generally well off, and embedded in academia, media, government, and non-profit work throughout the United States. They continually agitate for larger and more intrusive government that would employ more of their kind, the better to regulate away all imperfect thought and behavior. Business and profit-making enterprise is viewed as suspect because it is partly beyond their political control, so efforts to take control of decisions inside businesses continue, and the expanding HR departments, lobbyist payments, and political contributions of businesses reflect the need to pay for protection against this bureaucratic tendency. Similarly, hospitals and schools have responded to the increasing regulation and government funding of their activities by hiring many more high-paid administrators while shorting the low-level staff who actually do the work because they must do so to get along in an increasingly bureaucratized, legalized, and centrally controlled environment. This employment of large numbers of high-paid staff who don\u2019t directly produce anything of value for customers has greatly increased the cost of domestic services like health care and education, and the drag on Western economies has brought economic growth to a halt in many places.\n\nWe have seen such bureaucracies before\u2014the churches that for centuries held both political and moral authority over weak governments in Europe attempted to regulate thought and action to increase their own power. Wrangling over state religion and power led to incessant warfare. The solution to the problem of state interference in private thought and belief was finally found in the Enlightenment idea of separation of church and state. As Thomas Jefferson wrote in his letter to the Danbury Baptist Association in 1802:\n\nBelieving with you that religion is a matter which lies solely between Man & his God, that he owes account to none other for his faith or his worship, that the legitimate powers of government reach actions only, & not opinions, I contemplate with sovereign reverence that act of the whole American people which declared that their legislature should \u2018make no law respecting an establishment of religion, or prohibiting the free exercise thereof,\u2019 thus building a wall of separation between Church and State.\n\nThe early history of the colonies that later became the United States is instructive. Many of the colonies had an established church (the Massachusetts Bay colony notoriously drove out religious dissidents and hanged the Quaker Mary Dyer on Boston Common in 1660) and wished to maintain their government support for a specific religion even as the Enlightenment took hold, but it became clear that any government uniting the colonies would have to take a neutral stance toward religion that enforced a set of human rights (constraints on government action on individual thought and choice) to allow them all to co-exist peacefully. The great flaw of this compact, its political tolerance of slavery and second-class citizenship for slaves, was only corrected by the upheaval of the Civil War, which cemented the primacy of the federal government and its enforcement of the ideal of individual rights within the states.\n\nAlbion\u2019s Seed: Four British Folkways in America by David Hackett Fischer is an eye-opening look at the four founding British cultures of colonial America and how each of them continues to influence present-day political preferences and power struggles. Other immigrant cultures (German, Irish, Scandinavian, etc.) were also influential but tended to join with one of the four founding cultures that closely represented their views, resulting in the welter of memes of political belief now contending for influence.\n\nIn New England, the Puritans from East Anglia settled between 1629 and 1640, the years immediately preceding the English Civil War in which Oliver Cromwell and the Puritan army defeated and beheaded King Charles I. Their colony started with a rigid, established church that was intolerant of free thought.\n\nIn Virginia, settlers consisted of vanquished supporters of King Charles and the established (Anglican) Church of England, primarily from the south and west of England. They tended to be more relaxed about religion and more business- and trade-oriented.\n\nQuakers then arrived in the Delaware Valley (Philadelphia area) from the English midlands (and their religious kin from various German sects) between 1675 and 1715. Their way was strongly religious and pacifist but recognized the importance of freedom of conscience.\n\nThe good coastal lands having been occupied, the Scotch-Irish\u2014referring collectively to immigrants from the north of England, lowland Scotland, and Ulster\u2014settled the Appalachian hill country from 1717 to 1775. Scrappy and suspicious of any effort to tax and control by hated distant governments, their attitude of automatic resistance is still visible in today\u2019s politics, with Sarah Palin an example of the type.\n\nOnly a government that respected and mediated the difference between these founding cultures could work for a larger United States.\n\nAs time has gone on, these Enlightenment understandings have been eroded, and \u201cAmericanism\u201d (the practice of tolerance and \u201cminding your own business,\u201d belief in progress, self-sufficiency, and freedom of thought for all citizens regardless of sex, race, wealth, or heritage) is less practiced. Our social justice warriors value freedom of speech and thought but only for approved speech and thought; heretical ideas are to be stamped out by denying speech and punishing the heretics. It is no longer surprising to hear a college activist suggest that certain kinds of speech be forbidden by law.\n\nThere are signs that popular culture has taken note of the tendency toward totalitarianism and government propaganda from the social justice warriors. Dystopian YA novels like The Hunger Games show a population repressed and manipulated by a media-controlling central government. The movie version of the novel The Giver takes some shots at this mindset; a thoughtful review of the movie version in The Atlantic \u201cWhat Is the Price of Perfect Equality?\u201d gets at its politics:\n\nEngels saw the institutions of family and private property as deeply entwined. Part of Engels\u2019 objection to the institution of the family was that it involved a \u201cprogressive narrowing of the circle, originally embracing the whole tribe, within which the two sexes have a common conjugal relation.\u201d Marxism\u2019s benevolent tendencies are swallowed up by concern and preference for one\u2019s immediate family, which becomes the unit of basic inequality\u2026. Commerce and trade, it turns out, are just as dependent on the passions as the passions are dependent on commerce and trade in The Giver. The true nightmare of a dystopian world is that all of these things are interconnected, and that by losing one or the other, by engineering it away socially or medically, nightmarish unintended consequences will ensue.\n\nThe solution to this contention over social preferences and culture is analogous to the separation of church and state. To accommodate all religious and social beliefs in a framework of law and justice that respects all such beliefs that can be consistent with universal human rights, a government has to be prohibited from interfering when those beliefs are practiced without harming an individual\u2019s rights. We might call this generalized idea \u201cSeparation of Culture and Government.\u201d\n\nWhile the modern feminists would wish to eliminate such current cultural communities as Mormonism, ultra-orthodox Judaism, socially conservative evangelical Christians, conservative Catholicism, and unreformed Islam from the scene, a bargain must be struck to prevent further strife: the law will not take a position on any social belief\u2014it will not take sides for or against social conservatives or social justice warriors. Any individual is free to practice their beliefs with other like-minded individuals in voluntary association. Attempts to bring the force of the law to bear on changing social mores and behaviors that are not in violation of individual rights would be prevented. The law of marriage would revert to the law of contract, with social conservatives free to enter into perpetual marriage contracts with features like dowry, alimony, and discriminatory child custody and support arrangements, while others would be free to bind themselves to marriages that maintain individual property and call for equal arrangements for child custody, with no alimony implied unless provided for by contract. No group could punish an individual member for behavior contrary to its beliefs except by private action: social sanctions, excommunication, and shunning. Lobbying the central government to adopt your preferred social arrangements by law would, ideally, occupy far less time and attention in national politics as such efforts were struck down by the courts.\n\nCurrently, modern feminists have won considerable power to use government support and propaganda to free women of some of the obligations of the patriarchal culture they wanted to replace. Not only to correct injustices in law and employment, but also to increase government spending and regulation to provide support that women formerly might have had to negotiate and serve a partner or employer to obtain. Both ever-expanding social welfare states and the failed Communist states reduced individual accountability and replaced allegiance to family and employer with allegiance to the state\u2019s goals, and that is the model modern feminists prefer and are now working toward in the US.\n\nUnder such a controlling regime, there is far less reward for striving. Hard work is replaced by contentious committee meetings and political struggles for pieces of a shrinking pie. The increasing numbers of academics, government workers, and non-profit workers operate detached from practical considerations of serving customers. It becomes easier to slack off, and so more people slack off. The endpoint occurs when the productive have fled or chosen more leisure over work, and the economy collapses after years of stagnation. In the family sphere, we already see the endpoint in entire communities where single mothers struggle to raise children without benefit of a father to help and guide, young men are either in prison or involved in gangs, and intact families with bourgeois values are forced to move away. Women are taught that they are victims of oppressive males, and the enlarged state will take their side in any disputes and support them directly if they have children. What had been a safety net for people in tragic circumstances became a way of life for millions.\n\nMen and women who don\u2019t want to take the role offered them in the culture they grew up in have the choice of not doing so or bucking their culture to find a partner who more closely reflects their chosen values\u2014this is America, where you can be who you want to be! But under a government that micromanages social arrangements and decides family custody and support decisions based on \u201cvictim feminism,\u201d men are never safe from rape accusations, your children can be taken away from you easily, and the population of women one might productively partner with has been programmed to see themselves as victims entitled to use government to win any disputes that might come up. If you are hardworking and successful on your own, you are taxed heavily to support other men\u2019s children and fund the politically correct bureaucrats who harass your business. This thumb on the scale of justice makes marriage a negative-sum game for many men (especially the poor and disadvantaged), and the elevation of bureaucrats and academics above workers in the private sphere damages men\u2019s career prospects, unless of course they adopt the conformist ideology.\n\nThe limited government crowd doesn\u2019t want no government. It is generally recognized that externalities and free-rider problems can only be handled by a government; defense, civil justice and policing, pollution regulations, and public health regulation (quarantines, vaccination requirements, etc.) are areas that can only be handled by a monopoly state. But political decision-making is a blunt and inefficient mechanism, and those matters that can be handled by private business and voluntary social organizations should be, both for efficiency and freedom of choice. The libertarian and smaller government crowd wants a government that concentrates on effectively and efficiently handling matters only it can handle well. The expansion of the government sphere at the expense of the private sphere is analogous to Microsoft\u2019s destruction of most competitive software applications companies in the 1980s: using its near-monopoly in operating systems and the enormous profits to enter the applications market, marketing its mediocre applications, and funding them when any normal company would have given up. Eventually, competitors were worn out and stopped funding new development; Office products took over, ending most of the progress in the field for a decade. Using the power to tax and the lack of any mechanism to disband failed government programs, mediocre government-funded services (like monopoly elementary and secondary education) crowded out the privately funded community schools, and after a century of increasingly centralized control, local parental control of schools and their curricula has almost vanished. Education is now heavily influenced by modern feminists, and children are indoctrinated in feminist and anti-masculine ideas.\n\nIt took generations for feminists and progressives to capture the commanding heights of government, media, education, and non-profit foundations. From their perches they have directed a campaign to change the culture and enlarge the state, and they have won. Federal government authority has expanded to directing university handling of rape allegations and defunding men\u2019s sports teams under Title IX. Meanwhile, antiquated family law (as in, for example, Massachusetts) remains unreformed, designed for an era in which the woman was assumed to be a fragile flower needing protection and forever a ward of her husband even after no-fault divorce.\n\nSome of these problems of feminist excess are now getting more mainstream attention, but the best solution is the libertarian-ish one of limited government. Both major US parties are flirting with libertarian ideas like an end to the War on Drugs and government surveillance excesses, but the bureaucratic underbrush that limits freedom the most has been a part of our lives for a long time, and few see how damaging it is becoming. State-by-state reform of divorce and alimony laws is happening but slowly.\n\nFew candidates for office believe voters will support a pledge to do less. Efforts to reduce bureaucratic and centralized control of people\u2019s lives have been politically difficult, until perhaps now when the incompetence and waste of large government projects has become more obvious. While there is a temptation for M(H)RAs to join feminists in playing the victim card (\u201cMen are victims too! Help us!\u201d), men don\u2019t need special programs to regain fairness; they need a government that stops interfering and lets organic social relations between men and women resume a more natural course.\n\nFeature image by Ludovic Bertron"
        },
        {
            "id": "9cd519259a4a8cb8",
            "title": "A Voice for Men",
            "content": "What we are witnessing is a hacking of the parental brain with the bait of dramatized neoteny. Once our biological operating system..."
        },
        {
            "id": "e139f7724d57dc6d",
            "title": "Donate to A Voice for Men \u2013 A Voice for Men",
            "content": "PayPal has banned us for wrongthink. So, we have turned to SubscribeStar for support subscriptions. You can select from the options there. Just click on the image to get started. And thanks in advance for chipping in!\n\nIf you prefer to not use SubscribeStar, you can mail checks in any amount made out to:\n\nRed Pill Solutions, LLC\n\n3735 Franklin Rd. SW #172\n\nRoanoke, VA 24014\n\nThose who prefer bitcoin can use that option.\n\nBITCOIN WALLET 3BfqbqW4fDv8tVWPqHhcynHf6yVDjNLPcG\n\nFinally, you can support Paul Elam\u2019s ongoing individual work on Patreon and Subscribe Star."
        },
        {
            "id": "e0ac85b06fb3ea74",
            "title": "Covid-19: Fewer men in the dating pool \u2013 women most affected \u2013 A Voice for Men",
            "content": "As anyone not hiding under a rock should know, the coronavirus is carving its way through human populations and it is taking the lives of men in higher numbers than women. The coffins of men are lined up in rows before the furnaces, but little attention is paid to the true victims of that massacre \u2013 the women who watch on while grieving in silence.\n\nWho will hear their voices?\n\nThis clearly is a grave situation for bevagina\u2019d humans \u2013 the best humans \u2013 who are toiling on the front lines as the only ones truly capable of dispensing emotional labor, medical assistance to the elderly, and childcare \u2014 while men stand back and gaze in wonder at women\u2019s special skills and \u2018ways of knowing\u2019 during a peak emotional time.\n\nAs the recent headline reminds us, \u2018Women more stressed, burdened by coronavirus than men, poll finds. 5 ways to help change that.\u2019\n\nThank goodness someone is trying to address women\u2019s grievances, along with the journalists already addressing same with thousands of moving articles underlining the horrific fact that women are most affected by, well, literally anything and everything. The article lists women\u2019s noble deeds, each deserving of serious chivalric response from the masses of unwashed Don Quixotes.\n\nAs the article says, women are the \u201cmost affected\u201d by stress at this time, not men, and this prompts women to take more burdensome precautions than males. Moreover, unlike the case of men who feel nothing (or very little, lets be honest), such womanly stress makes women worry all the more. The article tells:\n\nWomen are worried that they or someone in their family will get sick from the new novel coronavirus, known officially as COVID-19. They worry more about losing income and worry more about putting themselves at risk because they can\u2019t afford to stay home, according to the Kaiser Family Foundation (KFF), a non-profit organization focused on national health issues.\n\nThe bombshell revelation of women\u2019s hidden stress was unearthed by a KFF\u2019s \u2018self-reporting\u2019 poll for over 1,200 adults ages 18 and older in the U.S. that found women worry more than men which, for any thinking, compassionate person, indicates that most emotional support, resources, money and other compensations should be directed overwhelmingly to women.\n\nWhile waiting for the necessary cash bonuses and other supports from governments, there are many things we as a society \u2013 and especially men \u2013 can do to alleviate women\u2019s worries. The article makes some preliminary suggestions, starting with how women can give themselves more self-love:\n\n1. Give yourself five minutes to write down everything that is worrying you at the moment, Ali said. Next, look at your worries and see if you can pull from each one something that is in your control, something that you can manage. Then, acknowledge in each worry the things you cannot do anything about, i.e., not being able to control when schools will reopen or whether someone at the grocery store may have coronavirus.\u201d 2. Practice self-love in the form of deep breathing and mindfulness and gratitude practices. \u201cThese are things that don\u2019t take a lot of time and cost us nothing and even five minutes is better than not doing anything at all,\u201d Ali said. \u201cFind those little times throughout the day to find your center so you can better help yourself therefore your partner and your children.\u201d 3. Find community in this time that you may be physically alone. \u201cIt\u2019s really important to recognize that social distancing is not social isolation,\u201d Ali said. \u201cEven if you have individuals in your home with you, it could be helpful to reach out to siblings and friends and colleagues and make a connection.\u201d 4. Start where you are now and realize there is no one way to handle a pandemic, Rodsky said. \u201cUnderstand that your home is going to look different than other homes and it doesn\u2019t have to look like others\u2019 homes,\u201d she said.\n\nImportantly men, most of whom are spending most of their time in the shadows, and on the sidelines like voyeurs, are asked to step up to the plate and start supporting the pandemic\u2019s frontline worker sex:\n\n5. Spend 20 minutes every night debriefing about how everything is going. \u201cSit down with your partner and say, \u201cHow are we doing? How\u2019s it going with us? How are we doing with homeschooling? Who\u2019s doing laundry tomorrow?'\u201d she said. \u201cAsk open-ended questions.\u201d Eve Rodsky, author of the book Fair Play, shows couples how to build a stronger marriage through sharing the workload at home. Eve Rodsky, author of the book Fair Play, shows couples how to build a stronger marriage through sharing the workload at home. Rodsky said asking open-ended questions and starting by explaining why something is important to you instead of just why something has to get done. \u201cIf you can focus on why it\u2019s important to you in your nightly check-in, it\u2019s the most important communication tool in a crisis,\u201d she said, noting that couples also need to agree that \u201call time is created equal,\u201d i.e., we all only have 24 hours in a day. If you don\u2019t have a partner, the nightly check-in is still a valuable tool to help you see what\u2019s going well, what\u2019s causing stress and what you can control versus letting go of.\n\nSolid advice for men who are sitting around twiddling their thumbs clueless about how to help; in short, men are called to be emotional support persons who can sit patiently and listen to women talk about their feelings.\n\nIts the least they can do.\n\nWhile advice for women to focus more on themselves is increasingly urgent, the authors of the article, and indeed most mainstream press, have overlooked perhaps the most devastating price women will pay as a result of this pandemic: the reduction of men in the available dating pool.\n\nIn this, society draws a great big fat blank, and we all too quickly forget Hillary Clinton\u2019s sage advice that women are the primary victims of war \u2013 or in this case, pandemics.\n\nBoth collectively and individually, we need to pause and spare a thought for Becky who works in a lowly job at the local sandwich shop and who yearns for a husband who will provide the financial backbone of her dream for a better life. Or think of lonely Chloe, a feminist who works at the United Nations UNESCO department and who desires a man to support her in her endless emotional labors. These women, and millions more just like them are poised to find that the dating game will become more difficult as the numbers of available men are thinned by death \u2014 not to mention the competition between women for the remaining men is going to become far more catty and vicious.\n\nDoes anybody care that Becky will now have to face vicious relational aggression when simply seeking a date, or that Chloe will be more lonely than ever?\n\nI doubt it. Such is the life of woman.\n\nIt seems that women have never mattered, and society will probably turn its back on women at the very moment Tinder begins to implode with infighting and the inevitable misuse of the \u2018report button\u2019 aimed at deplatforming competitor-women\u2019s dating profiles. The lack of sympathy for this potential situation is truly gut wrenching.\n\nI live in hope that the next series of headlines to appear in mainstream media will be concerned with how Becky is going to fight the impending dating wars. Aside from that, its on us gents\u2026 or at least on those of us who are not yet deceased. We might begin by giving women more of whatever it is they are demanding, or alternatively, and perhaps more wisely, we could isolate our covid19-ridden bodies in the hope we can draw our final breaths in peace \u2014 away from the incessant ring of feminist whining."
        }
    ],
    "label": 0,
    "label_text": "low"
}