{
    "source": "azfamily.com",
    "articles": [
        {
            "id": "14587c71aa2e2dca",
            "title": "US & World News",
            "content": "451: Unavailable\n\nThe page you are attempting to access is not available in your country."
        },
        {
            "id": "e98c975a358740e6",
            "title": "Maricopa County delivering ballots, equipment for election audit",
            "content": "451: Unavailable\n\nThe page you are attempting to access is not available in your country."
        },
        {
            "id": "4f4472076d2f55dd",
            "title": "California expands drought emergency to large swath of state",
            "content": "451: Unavailable\n\nThe page you are attempting to access is not available in your country."
        },
        {
            "id": "8d94ecb436c562ad",
            "title": "6 Arrests Made in Arizona Undercover Operation Targeting Child Sex Crimes",
            "content": "MESA , AZ ( 3TV/CBS 5 ) \u2013 An undercover operation aimed at alleged child sex criminals netted six arrests recently for authorities in Mesa .\nMesa police officials say the undercover investigation , named `` Operation Leather Mitt , '' called for ads to be placed , \u201c on websites commonly sought out by suspects seeking illegal sex acts.\n\u201d Investigators waited for a \u201c customer \u201d to take the bait , and then made the arrest .\nSix arrests were made after suspects , ranging in age from 21 to 56 , made deals for various sex acts  arrested in the undercover operation have been identified as : \u2022 33-year-old Jonathan Techur , charged with child sex trafficking , attempted sex conduct with a minor and money laundering \u2022 41-year-old Ricky Hrubienski , charged with child sex trafficking , attempted sex conduct with a minor and money laundering \u2022 35-year-old Shane Blanton , charged with child sex trafficking , attempted sex conduct with a minor and money laundering .\nOperation Leather Mitt was conducted by the Mesa Police Department in partnership with Homeland Security Investigations and the Attorney General 's Office @"
        },
        {
            "id": "114ac499e7e54639",
            "title": "Tocchet won't return as coach of Coyotes after 4 seasons",
            "content": "451: Unavailable\n\nThe page you are attempting to access is not available in your country."
        },
        {
            "id": "6d1b4f31364272b7",
            "title": "Arizona Secretary of State Certifies Election Results for Biden",
            "content": "PHOENIX ( 3TV/CBS 5 ) -- The Arizona 2020 general election results were certified Monday morning by Governor Doug Ducey and Secretary of State Katie Hobbs .\nHobbs certified results at the official canvass for federal , state , legislative offices , and statewide ballot measures with Chief Justice Robert Brutinel also in attendance and signing .\nJust ten days prior , Maricopa County 's Board of Supervisors voted unanimously to confirm that all ballots cast in the county were accounted for , and every valid vote will be in the final election results .\nWHAT HAPPENS NEXT Governor Doug  , which will lead to the selection of the state 's electoral college voters .\nBecause of Arizona 's Electoral College laws , all of the state 's 11 electoral votes will go to President-elect Joe Biden .\nThe Electoral College is sometimes referred to as a `` winner take all '' system because the winner of the state 's popular vote typically get all of the state 's electoral votes .\nElectors are usually pledged to vote according to their statewide popular vote , but if they vote against , they 're  Some states , including Arizona , have passed laws banning faithless electors .\nIf an electoral voter votes faithlessly , they can either be replaced or even fined .\nEarlier this year in July , the U.S Supreme Court ruled 9-0 upholding the authority of states to bind presidential electors to their state 's popular vote when casting their ballots .\nThe Supreme Court made their ruling after several legal challenges from Colorado and Washington resulted in the removal or sanctioning of faithless electors during the 2016 presidential election .\nIn their ruling  defied the will of their state 's voters by voting for another candidate . ''\nArizona 's law , ARS 16-2-212 , states in part the following : '' A presidential elector who knowingly refuses to cast that elector 's electoral college vote as prescribed ... is no longer eligible to hold the office of presidential elector and that office is deemed and declared vacant by operation of law . ''"
        },
        {
            "id": "984f6b56c8c85f01",
            "title": "Arizona Monsoon",
            "content": "451: Unavailable\n\nThe page you are attempting to access is not available in your country."
        },
        {
            "id": "c874fae758c0bb84",
            "title": "Arizona Senate assures feds election recount is secure",
            "content": "451: Unavailable\n\nThe page you are attempting to access is not available in your country."
        }
    ],
    "label": 2,
    "label_text": "high"
}