{
    "source": "bangkokpost.com",
    "articles": [
        {
            "id": "2c65e5c416e9fa95",
            "title": "TRUST GOLF ANNOUNCED AS TITLE SPONSOR OF NEWLY NAMED WOMEN\u2019S SCOTTISH OPEN",
            "content": "TRUST GOLF ANNOUNCED AS TITLE SPONSOR OF NEWLY NAMED WOMEN\u2019S SCOTTISH OPEN\n\nTRUST GOLF ANNOUNCED AS TITLE SPONSOR OF NEWLY NAMED WOMEN\u2019S SCOTTISH OPEN\n\n\u2022 Scottish Government agrees new five-year commitment to the Women\u2019s Scottish Open\n\n\u2022 Dumbarnie Links announced as venue for 2021 Trust Golf Women\u2019s Scottish Open\n\nTrust Golf, part of the TCT Corporation, will title sponsor the Women\u2019s Scottish Open this year, giving the prestigious event a major boost alongside a new long-term commitment from the Scottish Government.\n\nKnown as the Ladies Scottish Open since being established in 2007, the Tournament will be renamed the Women\u2019s Scottish Open as well as taking place at a brand-new venue in Dumbarnie Links from 12-15 August 2021.\n\nWith the Scottish Government, through VisitScotland, confirming its ongoing support of women\u2019s golf through a five-year funding commitment to the Women\u2019s Scottish Open, the introduction of Trust Golf as the new title sponsor sees a further boost for the illustrious co-sanctioned LPGA and Ladies European Tour event.\n\nThe Thai-based technology enterprise, founded by Dr. Prin Singhanart, works with the next generation of Thai golf professionals and through its sponsorship of the Women\u2019s Scottish Open hopes to forge closer relationships with Scotland and to further develop its educational programme.\n\nDr. Prin commented: \u201cWe are delighted to be partnering with Scottish Government, IMG, the LPGA, and the Ladies European Tour as we look to bring our company\u2019s ethos out into the wider world. This leading Tournament offers us a wonderful platform to spotlight the work of Trust Golf and we really feel that there is no better place for us to take our next step than Scotland, the Home of Golf. We are honoured to partner with Visit Scotland who have done so much to support golf, and especially the women\u2019s game, and excited to be part of Dumbarnie Links\u2019 first professional golf tournament. I\u2019m excited to see how we can develop this partnership in the future.\u201d\n\nThe Scottish Government and VisitScotland have a long-standing commitment to women\u2019s golf having supported the Women\u2019s Scottish Open from 2007 and been partners of the AIG Women\u2019s Open since 2011. The country also hosted the hugely successful Solheim Cup at Gleneagles in 2019, setting a record for attendance at a women\u2019s golf event. The new agreement will see the Scottish Government and VisitScotland continue to support the Women\u2019s Scottish Open with investment of up to \u00a36m through to 2025.\n\nCabinet Secretary for Economy, Fair Work and Culture Fiona Hyslop said: \u201cOur long-term commitment to the Women\u2019s Scottish Open underlines the important role women\u2019s sport plays at the heart of a fair and equal society and I\u2019m pleased that we are able to continue our support for a tournament that has grown into one of the most important on the women\u2019s golf calendar. It is vital that we continue the momentum from hosting The 2019 Solheim Cup and maintain Scotland\u2019s position at the forefront of the sport. We welcome the support of Trust Golf as title sponsor and look forward to working with them to ensure that women\u2019s golf continues to be a positive force for good. With the change of tournament name showcasing a progressive approach and a move to a stunning new venue in Dumbarnie Links, I\u2019m looking forward to seeing the event go from strength to strength in the coming years.\u201d\n\nNew tournament host venue, Dumbarnie Links is one of Scotland\u2019s newest courses yet most lauded as it made an immediate impression on golf aficionados worldwide when it opened in May 2020, already establishing itself as an unmissable golfing experience on the east coast. Situated on land that has a mile and a half of sea frontage with panoramic views over the Firth of Forth, it sits comfortably amongst the likes of St Andrews, Kingsbarns and Crail located just down the coastline.\n\nClive Clark, a former European Ryder Cup player and renowned course architect who founded, designed and developed Dumbarnie Links, said: \u201cWe are very excited to be hosting our first professional event this summer and are looking forward to showcasing our beautiful course to the global audience that follows professional golf. We are very much looking forward to seeing how the world\u2019s best women golfers take on the challenges of Dumbarnie Links as well as partnering with Visit Scotland and Trust Golf.\u201d\n\nRoss Hallett, SVP, Golf Events at IMG added: \u201cAt a time when the world is still dealing with COVID-19, and appreciating that there are big challenges in the world right now, it is undoubtably a time to look to the future. This is exactly what Trust Golf, Visit Scotland and Dumbarnie Links have done in committing to this important women\u2019s event in Scotland. Women\u2019s sport has been disproportionally disadvantaged during the last 12 months and I know I speak for everyone at the LPGA, Ladies European Tour and all the players when I say how appreciative we are to all three organisations. I\u2019m delighted to welcome Trust Golf and Dumbarnie Links as the Women\u2019s Scottish Open\u2019s newest partners and I\u2019m excited about what the partnership can achieve.\u201d"
        },
        {
            "id": "2d2ccf6908d24e31",
            "title": "Prosecutors indict 5 over blocking of Queen's motorcade",
            "content": "Prosecutors indict 5 over blocking of Queen's motorcade\n\n(Left to right:) Suranat Panprasert, 35, Ekachai Hongkangwan, 45, and Bunkueanun \"Francis\" Paothong, 21, appear at the attorney general's office after being indicted for attempted violence against the queen during a pro-democracy demonstration last year, when a royal motorcade encountered dozens of protesters, in Bangkok, on Wednesday.\n\nFive activists were indicted on Wednesday on charges of attempted violence against the queen during a pro-democracy demonstration last year, when a royal motorcade encountered dozens of protesters.\n\nTheir lawyer Poonsuk Poonsukcharoen said prosecutors indicted the five under a section of the law that carries a minimum sentence of 16 years in prison for violence or attempted violence against the queen, heir-apparent or regent.\n\n\"I did not have such intentions, nor was I trying to do so. I've reaffirmed these facts over the past few months,\" said one of the accused, Bunkueanun \"Francis\" Paothong, 21.\n\nMore serious breaches of the same law can result in life imprisonment, or a death sentence if an act is likely to endanger their life.\n\nOthers include Suranat Panprasert, 35, a coordinator for a youth group, Ekachai Hongkangwan, 45, and two others. All have denied the charges and are seeking bail.\n\nThe case centres on an encounter at the height of anti-government demonstrations last year when Her Majesty the Queen's convoy passed through a group of protesters on Oct 14.\n\nVideo from the incident showed police pushing protesters away from the queen's car.\n\n\"We are just hoping for bail because we did not do anything wrong. We had no idea the royal convoy was coming,\" Mr Ekachai said.\n\nAnti-government protesters that emerged last year demanded the resignation of Prime Minister Prayut Chan-o-cha and broke longstanding taboos by openly calling for reforms of the powerful monarchy.\n\nThe Royal Palace has not commented directly on the protests since they began last year.\n\nThere are currently 19 youth activists in jail having been denied bail. They face a litany of charges, including sedition, while 12 of them are also charged with lese majeste, or insulting the monarchy, a crime punishable by up to 15 years in prison.\n\nMs Poonsuk on Wednesday told reporters her clients were not protest leaders and would not repeat offences.\n\n\"We hope the court will see that the five defendants are not a flight risk,\" she said."
        },
        {
            "id": "6ea3072854cfc41e",
            "title": "Advisor to the Deputy Prime Minister joins BOI and Microsoft visit to Wang Chan Valley",
            "content": "Advisor to the Deputy Prime Minister joins BOI and Microsoft visit to Wang Chan Valley\n\nM.L. Chayotid Kridakon, advisor to the Deputy Prime Minister, and Mr. Narit Therdsteerasukdi, Deputy Secretary General of the Thailand Board of Investment (BOI), led BOI executives and Microsoft (Thailand)\u2019s management team on a visit of the Eastern Economic Corridor Innovation (EECi) in Wang Chan Valley, Rayong Province.\n\nThe group received a briefing from the project\u2019s administrators, led by Dr. Pailin Chuchottaworn, Chairman of the Council of the Vidyasirimedhi Institute of Science and Technology (VISTEC), and visited various projects in the EECi. The EECi includes advanced research and innovation in fields such as biotech, automation, robotics and smart electronics, as well as leading educational institutes in science and technology such as VISTEC and Kamnoetvidya Science Academy (KVIS)."
        },
        {
            "id": "bdeaa0835aae29c4",
            "title": "Karen fleeing violence in Myanmar",
            "content": "Karen fleeing violence in Myanmar\n\nRangers help Karen escaping the violence in Myanmar by crossing the Salween River to Mae Sariang district of Mae Hong Son on Tuesday. Eight injured Karen were taken to Sob Moei Hospital in the district. Video by Ranger\n\nPublished: 17:04"
        },
        {
            "id": "bafcaa94735a1819",
            "title": "An overwhelming challenge",
            "content": "A significant number of mentally ill homeless people lack access to proper care. One foundation sees the need and is trying desperately to fill that gap\n\n(Photos by Wichan Charoenkiatpakul)\n\nPop* was wandering around a market in his dirty clothes. People in the area avoided him because they knew he was a homeless drug addict with mental instability. Most in his shoes have little hope of returning to mainstream society. Pop was not the case.\n\n\"While Pop may have years of struggle ahead of him, at 21 years old he is still young,\" said Sittiphol Chuprajong, Humans on the Street project manager under The Mirror Foundation. Fortunately, staff from the project found Pop and took him to a hospital for treatment.\n\n\"Despite his mental illness, he can communicate with people. We explained to him that after he undergoes treatment at the hospital, we will find him a job and a place to stay. The Mirror Foundation has a project, 'Jang Wan Kha (Hire Me)', which finds jobs for the homeless and jobless people. If he has a job, he can stand on his feet,\" Sittiphol said.\n\nThere were around 1,300 homeless people in Bangkok, one third with mental disorders, according to 2018 figures from the Thai Health Promotion Foundation. And Pop is one of them. It's estimated that around the country, there are about 30,000 homeless people, many with physical and mental health issues.\n\nAlso according to a 2015 survey conducted in Bangkok, Chiang Mai and Khon Kaen by the Social Research Institute of Chulalongkorn University and Thai Health Promotion Foundation, there were 1,500 homeless people without identification cards, 55% of whom could not access state healthcare, with 70% suffering from a mental illness.\n\nAmanda Obdam with staff from The Mirror Foundation. (Photo: facebook.com/mirrorf)\n\nThe Humans on the Street Project was placed in the spotlight when The Mirror Foundation invited Amanda Obdam, Miss Universe Thailand 2020, to join their project as a communication volunteer ambassador. The invitation, made on Facebook, was polarising since it occurred shortly after Amanda was fired by the Mental Health Department as its ambassador due to her political comments made on social media. Amanda later accepted the invitation to be the foundation's ambassador.\n\n\"Amanda is qualified to be our communication volunteer ambassador. As Miss Universe Thailand 2020, the public will listen to her and she will help give the foundation a stronger voice. We looked over her profile and discovered that Amanda has an interest in mental illness issues, so we do not have to inform her much about it. She understands how to speak about this subject matter. Since the Mental Health Department did not want her as its ambassador, she will be helpful for the Humans on the Street project,\" said Sittiphol.\n\nThe project was established in 2012 after staff from the foundation learned that a homeless, mentally unstable woman who roamed around near their office had delivered a baby on the street. That case triggered them to develop the programme, which dovetailed with the foundation's main mission to search for missing people -- many mentally ill patients turned out to be those missing people.\n\n\"Many patients with schizophrenia, for example, are very difficult for their caretakers. Some are prone to destroy things and have tantrums. When they want to leave their homes, they just walk out and cannot find their way back. Some of the patients have hallucinations, delusions and chaotic thinking and behaviour. Some believe that people are trying to kill them,\" Sittiphol said.\n\nHomeless women are the priority cases, the project manager said.\n\nThe Humans on the Street project helps homeless people with mental illness. (Photo: facebook.com/HumanOnStreet)\n\n\"Women are at risk of sexual assault. Other priorities are patients who are harmful to themselves and others. For example, a patient who runs back and forth on the streets or destroys property or is aggressive. These cases must be assisted first,\" Sittiphol added.\n\nSittiphol has found many difficulties in working with government agencies, such as the police, many of whom lack the training and resources to assist the mentally ill homeless. Sittiphol estimates that 90% of the calls to police on mentally ill homeless persons are ignored. The foundation will contact the superintendent of the police station to request assistance for transporting a patient to a hospital. However, police officers sometimes do not have a proper vehicle to pick up patients.\n\n\"A patient is taken in a van and sometimes is handcuffed if there is no police officer to look after the patient. That is not the appropriate way to handle a patient,\" Sittiphol said.\n\nIn order to speed up the process, the project collaborated with the Ministry of Interior and hospitals in order to scan fingerprints of patients, so that hospitals can identify a patient and process the case by using state welfare. Each case will no longer be a burden to the hospital.\n\n\"Identifying a patient also helps us to contact the patient's family, so the patient can return home after a treatment,\" said Sittiphol.\n\nSittiphol hopes that Amanda Obdam will use her social media platform to increase awareness about the homeless mentally ill.\n\n\"We would like to change how people see the homeless mentally unstable on the streets. Society should not think that these people are crazy or lunatics. They are patients who need help. We think leaving them to roam the streets is not appropriate. We hope that Amanda's messages will change the attitude of people,\" Sittiphol said.\n\nAmanda Obdam, Miss Universe Thailand 2020, serves as the foundation\u2019s communication volunteer ambassador.\n\nMiss Universe Thailand has shared a post about the Humans on the Street project, urging people to show compassion to these homeless patients. Amanda also told the foundation's staff that she will continue to work on the project even after the end of her Miss Universe Thailand term.\n\n\"Amada will join our team to see how we work on the street this month. If she has first-hand experiences, she will have a clearer picture for her message,\" he said.\n\nNot everyone is happy with having Amanda representing the project. The foundation has been criticised for supporting young protesters and some people made comments on social media that they will stop donating to the foundation.\n\n\"We did not choose Amada for any political reasons. We believe she is suitable for the position and will be helpful for patients. Our donors are mature and can figure out what we work for. Our work will prove our intentions,\" explained Sittiphol.\n\nWithout proper treatment, the homeless mentally ill can suffer greatly. Their conditions, both mental and physical, can become chronic, leading to lengthy hospital stays and difficulties mainstreaming them back into society.\n\nSittiphol called on state organisations like the Mental Health Department and the Ministry of Social Development and Human Security to increase programmes to help the mentally ill homeless. He said that while state foster homes provide adequate food, hygiene and accommodation, some shelters lack psychological services or proper rehabilitation services for patients discharged from hospitals.\n\n\"The patients just live day by day which is not right for human beings,\" he said.\n\n*Not his real name"
        },
        {
            "id": "48c4db413a56aba2",
            "title": "Restaurant employee fired after alleged abuse of job applicant",
            "content": "Restaurant employee fired after alleged abuse of job applicant\n\nA staff member of a wine-themed restaurant in Bangkok was accused by a job applicant of alleged physical abuse. (Capture from a clip posed on Pim Pawinee's Facebook account)\n\nA female employee of a well-known restaurant in Bangkok \u2013 identified by Thai media as Wine Connection \u2013 lost her job after alleged physical abuse of a job applicant who then posted a video of the encounter on social media, drawing heavy criticism from netizens.\n\nThe employee allegedly squeezed the applicant's arm, pulled her ear, ripped off her face mask and then threw her out of the restaurant.\n\nFacebook user Pim Pawinee on Tuesday posted a message and two clips of the incident during her job interview at one of the wine-themed restaurant chain's outlets.\n\n\u201cToday, I had an appointment for a job interview. I earlier talked with HR, who told me I could apply for work there, but the restaurant seemed not to know about it. A staffer there spoke rudely to me. I said I would show her a chat message (regarding the conversation with HR) via the LINE app. But I forgot that I had left my mobile phone with my niece, who was waiting outside the restaurant. The staffer then asked me whether I was ready to work as they worked as a team, and asked how old I was. She spoke unpleasantly (both in voice and action). I then said I would not take the interview test. I did not want to stand there and let someone humiliate me.\n\n\u201cI didn\u2019t speak in an angry way. I felt shy. Shortly afterwards, this employee squeezed my arm, pulled my ear and then removed my face mask. She pulled me out of the restaurant and threw my face mask on the floor. I then took my mobile phone back from my niece and returned to this restaurant to film the clips as shown here.\n\n\"I admit I was traumatised by her treament of me. I am just a university student wanting to gain work experience. What I experienced makes me scared of applying for jobs. I have worked at three or four places before, but have never encountered anything like this,\u2019\u2019 wrote the job applicant.\n\nShe did not name the restaurant. Her clips showed an employee in a red T-shirt who allegedly treated her badly.\n\nWine Connection Thailand on Wednesday posted an announcement on its Facebook page that the company had learned about the incident and the inappropriate action of its employee. The firm found her action unacceptable and terminated her employment."
        },
        {
            "id": "6696bd3d4052b9d8",
            "title": "Don't cosy up to junta",
            "content": "Don't cosy up to junta\n\nAs soon as Prime Minister Gen Prayut Chan-o-cha said he did not understand in what way Thailand supports the Myanmar military junta, he exposed himself and the country to disgrace.\n\nThe PM on Monday issued yet another denial about Thai-Myanmar engagements that seems to have only heightened the doubts more than clearing them.\n\nAsked about claims that the Thai government is supporting Myanmar troops who have killed more than 500 citizens since the Feb 1 coup, the prime minister issued a denial, saying nobody would support the use of violence against people.\n\nApparently frustrated, the PM seemed to wonder why the claims keep resurfacing.\n\nIn expressing his incredulity, the PM may have hit on the heart of the matter. The problem is not that people do not understand Gen Prayut's denials.\n\nThe problem is the premier himself does not understand that many of the engagements that he attributed to being \"parts of the normal border trade\" or \"needs to maintain military communication channels\" are no longer acceptable in the face of the atrocities committed by the Myanmar security forces.\n\nIt's imperative that Gen Prayut catch up with the awful reality on the ground of our western neighbour.\n\nIf the prime minister had a firmer grip on the situation, he wouldn't have defended the Thai military's decision to send representatives to attend Myanmar's Armed Forces Day celebrations on Saturday.\n\nOn that day, Myanmar's security forces, which had vowed to \"protect the people and strive for democracy\" opened fire on protesters, slaughtering more than 90 people including several children across the country.\n\nIt was one of the bloodiest days of the anti-coup protests, now chastised as a day of shame by discerning members of the international community.\n\nThe United Nations condemned the Myanmar military's killing of civilians, including children and young people, in the strongest possible terms.\n\nThe European Union's delegation to Myanmar said the 76th Armed Forces Day will remain engraved in history as a day of terror and dishonour, adding the killing of unarmed civilians was indefensible.\n\nAmid the condemnations, Thailand had the dishonour of being one of eight nations that sent representatives to attend the notorious Armed Forces Day.\n\nAs if it was not damaging enough to be seen to be cosying up to the Myanmar junta, PM Gen Prayut tried to defend the indefensible.\n\nTo say that the Thai military had to send representatives to attend Myanmar's annual Armed Forces Day because they need to keep open a communications channel and mechanisms that will enable Thailand to follow political developments in Myanmar rings hollow.\n\nAs the nation's leader, Gen Prayut must be aware that having Thai representatives witnessing this show of force at a time when the security forces were embarking on a brutal crackdown on the protesters would generally be regarded as a display of camaraderie with the Myanmar military.\n\nThe gesture could be interpreted as Thailand condoning the violence being pursued by the Myanmar military against its own people, which is not Thailand's standpoint.\n\nPM Gen Prayut must come to terms with the situation. The only engagement that Thailand can pursue with Myanmar now is trying to stop the killings of unarmed demonstrators and extend humanitarian assistance wherever possible.\n\nA leader with stature should understand this much."
        },
        {
            "id": "a2443291ba13d5ee",
            "title": "Amazon union drive voting ends, counting set to begin",
            "content": "Amazon union drive voting ends, counting set to begin\n\nA union supporter stands outside during a shift change before sunrise at the Amazon.com, Inc. BHM1 fulfillment center on March 29 in Bessemer, Alabama, at the conclusion of a months-long organizing effort\n\nBESSEMER (UNITED STATES) - Voting concluded Monday on whether to create the first Amazon labor union in the United States, at a warehouse in Alabama, after a historic, five-month David vs Goliath campaign.\n\nAttention has now turned to ballot counting by federal officials following a contentious unionization drive which has drawn national attention and the involvement of numerous political figures and activists.\n\nThe campaign continued to the bitter end with labor activists from around the United States meeting workers before dawn to congratulate them for their efforts.\n\n\"I'm proud of the workers at Amazon for standing up and saying enough,\" said Joshua Brewer, the local president of the Retail, Wholesale and Department Store Union.\n\nThe RWDSU will represent the Bessemer warehouse's 5,800 employees if they choose to unionize in the vote that ended Monday.\n\nThe National Labor Relations Board, the federal agency which manages union elections, was set to begin the count on Tuesday. The final results could take several days or weeks, given that some ballots may be challenged based on errors in signature or other factors.\n\nThe bruising months-long unionizing battle has sparked intense debate over workplace conditions at the online retail behemoth, which has more than 800,000 US employees.\n\n\"Amazon's biggest fear already happened: 3,000 of their own employees said we cannot work in these conditions... It exposed a systemic problem in Amazon's warehouses,\" Brewer told AFP.\n\nComing at a time when Joe Biden has promised to be the country's \"most pro-union president,\" the Bessemer warehouse effort could open the floodgates to unionization drives at other Amazon sites, as well as at other firms, activists say.\n\nUnions and political leaders have argued that Amazon employees face constant pressure and monitoring, with little job protection, highlighting the need for collective bargaining.\n\nAmazon has argued that most of its workers don't want or need a union and that it already provides more than most other employers, with a minimum $15 hourly wage and other benefits.\n\nFor five months, union organizers in Bessemer have been posted at the intersection between a busy interstate highway and several hulking industrial buildings to make their case.\n\n\"We need safe working conditions. We need to be treated with respect and equality,\" said Amazon employee Jennifer Bates. \"We're not getting paid what we deserve to get paid.\"\n\nAnother employee, Lafonda Townsend, said she was initially happy with her pay.\n\n\"But then that was before I got in there,\" she said, describing having to eat fast on breaks \"like a prisoner... because if you're one minute late, there's an hour unpaid time that they're taking away from you.\"\n\nAmazon went on a hiring spree in 2020 and nearly doubled its net profit to $21 billion, thanks to the explosion in demand during the pandemic.\n\nBut the second-largest US employer is embroiled in a fierce battle with political leaders and the public over its policies.\n\n- 'Maintain power' -\n\nIts spokespeople recently attacked left-wing politician Bernie Sanders, who supports the union, on Twitter.\n\nThey also insisted that no worker had been reduced to urinating in plastic bottles because of a lack of time to go to the bathroom, contrary to media reports.\n\nOn site, the company uses all sorts of tactics to dissuade would-be unionists, from text messages touting existing benefits to posters in the toilets.\n\nMany observers say the issue is less about finances, and more about control.\n\n\"Amazon is like most US employers. It wants to maintain power over everything and make sure that workers do not have the ability to negotiate over any aspect of their jobs,\" said Rebecca Givan, a professor of labor relations at Rutgers University.\n\n\"Big tech companies, like other employers, will spend an almost unlimited amount of money in persuading workers not to unionize,\" she said.\n\nDawn Hoag, a warehouse quality manager, believes employees don't need representatives to voice their needs.\n\n\"If... all these stories were all true, then there are 5,800 idiots working inside the building where I work, and I don't work with a single idiot, and I'm not an idiot,\" she told AFP.\n\nBut Darryl Richardson, the 51-year-old employee who first called in the RWSDU, said it was time to \"take a stand.\"\n\n\"I need job security. I need to be able to retire one day,\" he said.\n\nRichardson's call has already opened the floodgates, Brewer added.\n\n\"We have received over 1,000 different inquiries from about 50 different warehouses so far,\" he said."
        },
        {
            "id": "339595e256856b84",
            "title": "Shorter Covid-19 quarantine from April 1",
            "content": "Shorter Covid-19 quarantine from April 1\n\nTravellers arrive at Suvarnabhumi Airport in Samut Prakan province and will be quarantined right away. Quarantine has been shortened for most arrivals from April 1 (File photo)\n\nQuarantine will be reduced to seven days for people coming from overseas who have received two doses of vaccine at least 14 days before arrival, beginning on Thursday, the Centre for Covid-19 Situation Administration confirmed on Wednesday.\n\nApisamai Srirangson, assistant spokeswoman, said people who had not been vaccinated, had received only one dose of vaccine, or whose second shot was less than 14 days previously, would spend 10 days in quarantine.\n\nThe current 14-day period would remain for people arriving from countries where the Covid-19 virus had mutated.\n\nThe counting of quarantine days would start right away for arrivals between midnight and 6pm. For later arrivals, day 1 of quarantine would start the following day.\n\nForeigners must test negative for Covid-19 before coming to Thailand.\n\nFor seven-day quarantine, foreigners would be tested once after arrival, on days 5-6. Thai returnees who were not tested before flying would be required to give a sample on arrival and be tested once more, on days 5-6.\n\nFor 10-day quarantine, arrivals would be tested twice, on days 3-5 and days 9-10.\n\nFor 14-day quarantine, arrivals would be tested three times - on arrival day, days 6-7 and days 12-13.\n\nFor all categories, arrivals would be traced by a tracking system for 14 days.\n\nPrime Minister Prayut Chan-o-cha, as director of CCSA, would approve the new quarantine measures, Dr Apisamai said."
        },
        {
            "id": "d71acf18774ec37d",
            "title": "Hong Kong rail operator to cut fares to help residents 'ride out tough times'",
            "content": "Hong Kong rail operator to cut fares to help residents 'ride out tough times'\n\nHong Kong's rail operator will cut ticket prices by 1.7% to help residents affected by the coronavirus outbreak.\n\nHONG KONG: Hong Kong's rail operator will cut ticket prices by 1.7% this summer in its first reduction in more than a decade as the economy continues to limp along during the coronavirus pandemic.\n\nThe MTR Corporation has revealed that the reduction would begin on June 27. It last raised fares by 3.3% in 2019.\n\nThe company is making the cut despite posting a record deficit of HK$4.8 billion (20 billion baht) in 2020, falling into the red for the first time since going public in October 2000. An existing scheme backed by the government allowing commuters to claim back up to 20% of the fare for each trip is due to end in March and is unlikely to be extended.\n\nBut the rail giant has decided to provide a 5% rebate for every trip taken between April 1 and June 26.\n\nUnder a fare-adjustment mechanism deal between the MTR Corp and the government, the majority shareholder, ticket price changes are calculated using the inflation rate and a wage index for transport workers. The operator pointed to the 0.7% year-on-year drop in inflation in December and the 1.5% annual decrease in transport workers' salaries.\n\nThe reduction is the first since the formula was implemented when the MTR Corp merged with the Kowloon-Canton Railway Corporation in 2007.\n\nMTR Corp commercial director Jeny Yeung Mei-chun said the reduction reflected economic realities.\n\n\"We truly feel that both MTR and Hong Kong people have been hard hit by and have been facing continuous unprecedented challenges amid the pandemic over the past year,\" Yeung said. \"Notwithstanding the difficulties, as a Hong Kong-rooted corporation, MTR is dedicated to keeping Hong Kong moving and riding out the tough times together with the public through different measures and promotions.\"\n\nThe price cut and other fare promotions are expected to cost more than HK$900 million for 2021-22. The MTR Corp will also continue to offer more than HK$1.7 billion in fare concessions annually to different types of customers, including students.\n\nQuentin Cheng Hin-kei, spokesman for the commuter concern group Public Transport Research Team, said the MTR Corp played \"fair and square\" under the mechanism which required the company to slash prices that factored in macroeconomic statistics.\n\n\"Although the 20% fare rebate subsidised by the government will come to an end in March, the MTR Corp still showed some sincerity by willingly giving out 5% rebates on each journey,\" Cheng said.\n\n\"It's still better than nothing, given that the company is expecting to take a financial loss in rolling out the discount,\" he added.\n\nTransport sector lawmaker Frankie Yick Chi-ming said the rail operator had kept its word to follow the mechanism it had set up with the government.\n\n\"It's their basic duty to cut the fares based on the calculation mechanism,\" Yick said.\n\nHe pointed out that the rail operator's ridership had pummelled due to the \"abnormal effects\" of the pandemic, but projected that passenger numbers would resume quickly if the virus situation came under control.\n\n\"The company's biggest challenge right now is recouping the loss in rental income, as some tenants have pulled out from the usually popular but expensive MTR retail locations,\" Yick said.\n\nMeanwhile, legislator Ben Chan Han-pan, from the pro-Beijing Democratic Alliance for the Betterment and Progress of Hong Kong, said the price cut was not enough to help those in dire straits.\n\nHe said while the unemployment rate had risen to 7.1%, the fare-adjustment mechanism had only resulted in a 1.7% reduction in train fares.\n\n\"Many residents are in deep waters because they lost their jobs or are trying to cut on daily expenses. The small cut in fares wouldn't be much help,\" Chan said.\n\nThe Transport and Housing Bureau said the government had long asked the MTR Corp to respond to public concerns and offer more fare concessions, taking into account the overall economic environment and market conditions.\n\nThe bureau added the public transport fare subsidy scheme, which covers one-third of monthly commute expenses, would be extended from June 30 until the end of the year. The monthly subsidy cap would also be raised to HK$500 starting on Thursday."
        }
    ],
    "label": 1,
    "label_text": "mixed"
}