{
    "source": "bigthink.com",
    "articles": [
        {
            "id": "5d4de9daada744e6",
            "title": "2 new ways to find aliens, according to a Nobel Prize winner",
            "content": "Inventions with revolutionary potential made by a mysterious aerospace engineer for the U.S. Navy come to light."
        },
        {
            "id": "9dd79b9a72096a11",
            "title": "Bitcoin mining: What is it? Why does it consume so much energy?",
            "content": "Bitcoin mining: What is it? Why does it consume so much energy?\n\nOnce a lucrative exercise anyone could do, bitcoin mining has grown out of control, and governments are weighing what to do."
        },
        {
            "id": "988417662e3898a4",
            "title": "Why decarbonizing cities is the first step to net-zero",
            "content": "A team of archaeologists has discovered 3,200-year-old cheese after analyzing artifacts found in an ancient Egyptian tomb. It could be the oldest known cheese sample in the world."
        },
        {
            "id": "5c8aa13193bac898",
            "title": "Get certified in cybersecurity with this expert training guide",
            "content": "\"The question is which are okay, which are not okay.\""
        },
        {
            "id": "437e86d50b792a53",
            "title": "5 Ways Playing Chess Can Boost Your Mind and Your Life",
            "content": "The research also raises an intriguing question: Can we get around the Heisenberg uncertainty principle?"
        },
        {
            "id": "68d0914d045fb1e2",
            "title": "Why is everyone so selfish? Science explains",
            "content": "\"The question is which are okay, which are not okay.\""
        },
        {
            "id": "6323f035d077c189",
            "title": "Scientists Create Sperm from Human Skin to Cure Infertility",
            "content": "\"The question is which are okay, which are not okay.\""
        },
        {
            "id": "f6f33ca168c087b2",
            "title": "What is environmental racism?",
            "content": "\"The question is which are okay, which are not okay.\""
        },
        {
            "id": "ed28baea04fd202b",
            "title": "Did Jesus use cannabis oil to perform miracles?",
            "content": "Did Jesus use cannabis oil to perform miracles?\n\nAs marijuana grows more acceptable in the US, fringe groups and experts are beginning to consider its role in the Christian faith. Could cannabis oil have helped Jesus perform miracles?"
        },
        {
            "id": "75884e1f08a331e6",
            "title": "Were the ancient Egyptians black or white? Scientists now know",
            "content": "\"The question is which are okay, which are not okay.\""
        }
    ],
    "label": 2,
    "label_text": "high"
}