{
    "source": "bipartisanreport.com",
    "articles": [
        {
            "id": "45eec7814ab9aec7",
            "title": "\u2018The Lincoln Project\u2019 Connect Trump & McConnell Corruption In New Ad",
            "content": "The anti-Trump conservative group known as The Lincoln Project has released a new video ad taunting Trump over the rift between him and Senate Minority Leader Mitch McConnell ( R-Ky. ) .\nTrump has taken personal credit for McConnell \u2019 s re-election in 2020 , but Mitch has been in office for decades in the reliably red-leaning state of Kentucky \u2014 so Trump \u2019 s effort to claim McConnell \u2019 s victory as some kind of vicarious win for himself seems delusionally misguided , to say the least .\nThe new Lincoln Project video highlights how McConnell has at least  At one point , McConnell even directly blamed Trump for the January riot at the Capitol .\nIn the new ad , narration says as follows : \u2018 Does Mitch call the shots now , Donald ?\nYes he does .\nHe says he runs the Republican Party , the party you built .\nHe \u2019 s the boss now .\nHe \u2019 s even taking shots at you .\nWhen did Mitch overpower you ?\n..\nHe doesn \u2019 t care what you think of candidates , he \u2019 s in charge  and they \u2019 ll be loyal to Mitch\u2026 not you .\nIs this still your party or not ?\nYou can \u2019 t keep up\u2026 If you don \u2019 t do something soon\u2026 you can kiss 2024 goodbye.\n\u2019 Check out the video below : Trump has yet to publicly confirm whether or not he intends to try and win the presidency again in 2024 , although in the meantime , he \u2019 s continued to push the nonsense that he was the rightful winner last year .\nHe has also apparently been  or at least could be reinstated as president by August of this year because of supposedly imminent confirmations of imaginary election fraud , but in truth , there is no real-world evidence at all backing up this idea ."
        },
        {
            "id": "68e4cfe2d16eccbc",
            "title": "New Federal Trump Criminal Investigation For Election Meddling Proposed By Senator",
            "content": "During an appearance on NBC \u2019 s Meet the Press over the weekend , Sen. Sheldon Whitehouse ( D-R.I. ) , who is a member of the Senate Judiciary Committee , suggested new criminal investigative efforts , apparently at the federal level , to examine attempts by former President Trump and others to meddle with the presidential election in Georgia .\nAt present , Atlanta-area District Attorney Fani Willis is conducting a criminal investigation of matters related to that issue , and she has recently been reported to have moved the investigation forward through means like interviews with key individuals  , the Senate Judiciary Committee recently released an interim report from its ongoing investigation into attempts to use the Justice Department to affect the election outcome , and Whitehouse characterized the committee as possessing a \u201c very complete picture \u201d of Trump \u2019 s role in the corruption .\nAs the Senator put it on NBC : \u2018 We have a very complete picture of the extent to which Trump was personally involved in this .\nThis is a question in which you can actually connect the president of the United States to  on Georgia included personal contacts with top officials there .\nInfamously , the then-president at one point implored Georgia Secretary of State Brad Raffensperger to \u201c find \u201d enough votes to swing the election from Biden , who \u2019 d won in Georgia .\nRaffensperger refused , but other lines of pressure were present , from longtime Trump ally Rudy Giuliani \u2019 s promotion of false claims about the integrity of the election at Georgia legislative hearings to a visit by then-White House chief of staff Mark Meadows to the site of an  in Cobb County .\nConsidering his then-role as a federal official , there was an obvious undercurrent of pressure to Meadows \u2019 s Georgia stop .\nOn NBC , host Chuck Todd posed the following question to Whitehouse , discussing the Judiciary Committee \u2019 s report : The Senator replied as follows : \u2018 I don \u2019 t want to get into criminal referrals ; we \u2019 re still at the interim level .\nBut I would point to just the geographic fact of so much of what took place at the Department  Being focused on sending letters to the Georgia legislature saying that they could open up in special session and redo the election and send a separate slate [ of electors ] , and the extent to which that interconnects with the DA \u2019 s investigation into Trump \u2019 s personal efforts to threaten officials in Georgia on the same question , I think , is a very ripe area for at least Georgia \u2019 s further investigation , and we \u2019 ll see what the Department of Justice wants to do with it @ @"
        },
        {
            "id": "03af17693e2020ae",
            "title": "Rand Paul Denies Trump Lost Election During \u2018ABC Sunday\u2019 Meltdown",
            "content": "Sen. Rand Paul ( R-Ky. ) sounded delusional during an appearance on ABC \u2019 s This Week with host George Stephanopoulos over the weekend .\nDuring the show , Paul feverishly defended the idea that there \u2019 s a legitimate reason to question the duly documented outcome of the 2020 election , and he added that he even thinks that there \u2019 s still a chance that a court fight over that election could reach the U.S. Supreme Court !\nDays after the inauguration of President Joe Biden , Paul is apparently still holding onto the unhinged hope that there  intervention .\nEventually , Paul got into rhetorical territory that rivaled infamously ridiculous comments from ex-Trump adviser Kellyanne Conway , who insisted that the Trump administration was presenting so-called \u201c alternative facts \u201d when their statements conflicted with reality .\nOver the weekend , Paul said that there are \u201c two sides to every story , \u201d which makes him sound as though he was struggling with the concept of basic reality .\nThere are not \u201c two sides to every story \u201d !\nThe difference between documented lies and facts is not  he acknowledges the fact that the recent election was \u201c not stolen , \u201d Paul refused to answer in the affirmative .\nHe refused to acknowledge that Trump conclusively lost the election .\nInstead , Paul commented as follows : \u2018 Well what I would say is that the debate over whether or not there was fraud should occur .\nWe never had any presentation in court where we actually looked at the evidence .\nMost of the cases were thrown out for lack of standing , which is a procedural way of  were several states in which the law was changed by the Secretary of State and not the state legislature .\nTo me , those are clearly unconstitutional , and I think there \u2019 s still a chance that those actually do finally work their way up to the Supreme Court.\n\u2019 Paul \u2019 s allegation that no court actually considered the supposed evidence of widespread election fraud is false .\nBesides , the Department of Justice also investigated the issue , and they concluded that there was no legitimate evidence of systematic election  against the media .\nHe belligerently commented as follows : The basic reality that Paul petulantly refuses to acknowledge is not a matter of debate .\nPresidential election results in every single state underwent comprehensive examination .\nThere was no statewide or nationwide election-rigging scheme .\nPaul \u2019 s insistence that there \u2019 s at least a chance of the contrary is stunning .\nHe added as follows , angrily ranting directly at Stephanopoulos : \u2018 What I would suggest is that if we want greater confidence in our elections , and 75  is that we do need to look at election integrity , and we do need to see if we can restore confidence in the elections\u2026 Where you make a mistake is that , people coming from the liberal side like you , you immediately say everything is a lie instead of saying there are two sides to everything .\nHistorically what would happen is if I said that I thought there was fraud , you would interview someone else who said there wasn \u2019 t , but now you insert yourself in the  that everything I \u2019 m saying is a lie.\n\u2019 Check out his comments below :"
        },
        {
            "id": "8c4bc8276aab00f5",
            "title": "Trump Caught Secretly Mocking His Religious Supporters",
            "content": "According to a new report in The Atlantic , President Donald Trump \u201c secretly mocks his Christian supporters.\n\u201d Based on his publicly known behavior , it \u2019 s not exactly surprising for there to be behind-the-scenes accounts of Trump belittling the religion of the people who have chosen , for whatever reason , to support him .\nTrump doesn \u2019 t even regularly attend church ( Democratic presidential nominee Joe Biden does , however ) .\nAmong other examples , Trump \u2019 s former longtime \u201c fixer \u201d Michael Cohen told reporter McKay Coppins that on one occasion in  top conservative Christian leaders are \u201c all hustlers.\n\u201d Rather than finding some kind of common ground with the espoused morals of their religion , Coppins writes that the idea from those who \u2019 ve been in the president \u2019 s inner circle is that Trump was more interested in using grifting as the common ground between him and certain top evangelicals .\nAs Coppins writes , \u201c From the outset of his brief political career , Trump has viewed right-wing evangelical leaders as a kind of special-interest group to be schmoozed ,  has secured the support of numerous prominent evangelicals during his time in the public spotlight , many of whom have simply written off his glaringly belligerent personal behavior .\nAccording to Cohen , who shared this anecdote in his new memoir , after a 2011 meeting with conservative Christian leaders in which they laid their hands on him and prayed for him , Trump mockingly asked , \u201c Can you believe that bullshit ?\n\u201d Trump has even been somewhat blunt about his dubious connection to Christianity while speaking directly with certain conservative  of a late 2016 meeting between Trump and top evangelicals in which he says that he doesn \u2019 t \u201c know the Bible as well as some of the other people \u201d and mockingly recounts his first encounter with his eventual vice president , Mike Pence .\nCiting sources including former Trump Organization executive Barbara Res , former campaign staffer A.J .\nDelgado , and the president \u2019 s own niece , Mary Trump , Coppins writes that \u201c [ to ] those who have known and worked with Trump closely , the  spiritual side is laughable.\n\u201d Again \u2014 this dubiousness shouldn \u2019 t exactly come as a surprise to anyone who has followed Trump \u2019 s behavior for any substantial amount of time .\nHe has demeaned women , his political opponents , people of color , people from certain other ( majority non-white ) countries , and the list goes on .\nWill there be any Christian movement away from Trump in the 2020 election ?\nThe Biden campaign seems to think it \u2019 s possible \u2014 they \u2019 ve bought ad space "
        },
        {
            "id": "2afcc5f1c8692a99",
            "title": "Schiff Check-Mates Trump Over USPS Sabotage Attempt",
            "content": "There has never been a more blatant attempt to rig an election than Donald Trump \u2019 s moves to defund the United States Postal Service in order to block mail-in ballots .\nIn the midst of a pandemic , the safest way to vote is the one way Trump is trying to prevent , although he \u2019 s named red states that he feels have \u201c a good system.\n\u201d On Thursday , shortly after it was reported that Trump \u2019 s appointed postmaster general , Louis DeJoy , had machines that sort mail quickly removed .\nPreviously , it  employees of the postal service to slow down the mail .\nIt \u2019 s a power grab assisted by a corrupt postmaster general who owns stock in a shipping company that competes with the USPS .\nIt \u2019 s also assisted by Republicans in Congress , who have had little to say about Trump \u2019 s attempt to limit voter turnout , an indicator that \u2019 s always more positive for Democrats than Republicans .\nWhile Democrats fight against the attack on American democracy , Republicans remain complacent and silent about Trump \u2019  What is most important in 2020 is that everyone gets to cast a ballot , no matter how that has to be accomplished .\nKeeping Americans safe is the job that Trump was elected to do , but he \u2019 s far more concerned with his own self-interest .\nTwitter agreed with Schiff about Trump \u2019 s power grab , but many felt that Congress could be doing more to address it .\nRead some of their comments below :"
        },
        {
            "id": "feb01fa65bab1ac8",
            "title": "Trump\u2019s Secret Coronavirus Panic Details Leaked To Monday \u2018Vanity Fair\u2019",
            "content": "Donald Trump appeared on camera talking about the cruise ship moored two and one-half miles off-shore from California .\nThere were 19 people on board who had the virus , and 17 of those individuals were crew members .\nThe ship was a floating Petri dish with almost 3,000 passengers , but Trump did not want to let the ship offload .\nHe said he preferred to keep the people on board the ship , not for their own safety , but to keep the confirmed case numbers down .\nThat showed Trump \u2019 s thinking when it came to  how could people feel sympathy for the super germaphobe ?\nThe president has been trying to manage the coronavirus ( COVID-19 ) story , but the outbreak will not be stuffed into a control box .\nIt has a mind of its own and will go where it wants .\nHowever , there were plenty of suggestions about how to handle the situation .\nPOTUS worried according to an article in The Vanity Fair : Coronavirus sprung forth in China , but now there were 34 U.S. states with documented cases of coronavirus  has known about the pandemic since January .\nThe stock markets took huge dives overnight , causing the Dow Jones to circuit break several times Monday , when it lost seven percent of its value .\nThat has not happened since the not-so-great depression in 2008 .\nThis president has the warped idea that the press is always out to get him .\nSo his automatic response in a morning tweet was : The commander-in-chief has also been frustrated , because he wanted his administration to handle the new cycle on the virus  the White House said : Last week White House official Larry Kudlow refused Trump \u2019 s request that he hold an on-camera press briefing , sources said : Trump hated the way he looked on camera during a Fox News town hall meeting last Thursday .\nA source familiar with the conversation said : Trump was wearing his \u201c Keep America Great \u201d cap and told reporters : Then , the president pivoted to the \u201c Ukraine shakedown : \u201d One former official noted : Another individual thought the press conference went badly  about getting the virus.\n\u201d Former Republican aide Sam Nunberg explained the Ebola situation in 2014 : One Mar-a-Lago guest disagreed and said Trump appeared to be handshaking energetically last weekend : Another person near the White House said that the president had requested his Secret Service detail set up \u201c a screening program and bar anyone who has a cough from the White House grounds : \u201d A former West Wing official told Vanity Fair that Trump would hold his rallies , even in the face of White House concerns : The  this Facebook page .\nThese quick , two-minute reads interpret the report in normal English for busy people .\nMueller Bite-Sizes uncovers what is essentially a compelling spy mystery .\nInterestingly enough , Mueller Bite-Sizes can be read in any order ."
        },
        {
            "id": "a5fa2af32c65126a",
            "title": "Adam Schiff Rolls Over Kevin McCarthy For Betraying Democracy",
            "content": "As the nation continues to grapple with the fallout of the GOP-inspired attack on the Capitol in January , Rep. Adam Schiff ( D-Calif. ) has spoken up against Rep. Kevin McCarthy ( R-Calif. ) , the current leader of the House Republicans , who would be set to become House Speaker in the godforsaken event that Republicans win control of the House .\nIn a clip that Schiff shared from an appearance on \u201c Pod Save America \u201d ( a podcast ) , the California Congressman shared an anecdote from 2010 when McCarthy outright lied to the press about  ride , Schiff had told McCarthy he felt as though Democrats would be victorious in the then-upcoming midterms , but McCarthy claimed Schiff said the opposite : that he thought Republicans would win .\nLater , Schiff says that McCarthy admitted to him that he \u2019 d lied to the press .\nSchiff pointed out that \u201c everything I ever needed to know about [ McCarthy ] , I learned \u201d back around the time of that debacle .\nAs Schiff pointedly put it : \u2018 [ Making things up ] is how  , he was really made for a moment like this .\nWhen his party doesn \u2019 t believe the truth matters at all , you make up your own alternate facts , and you say anything , you do anything to get power , to keep power , and in that sense , McCarthy and Trump were really made for each other.\n\u2019 Going forward , Democrats are of course hoping to keep Republicans from winning majorities in the House ( and Senate ) , which would put McCarthy ( and Mitch McConnell  elections , the relative popularity ( especially compared to Trump ) of Biden and the relatively high levels of public approval for key Democratic policy proposals could help boost Democratic chances .\nDemocrats are currently working through two infrastructure spending bills , one focusing on more traditional infrastructure like roadways and broadband internet and the other focusing on \u201c human infrastructure , \u201d meaning more socially inclined causes like child care and care for elders .\nEnacting one or both bills could provide Democrats with another boost in elections , since putting the  of Democratic policies for Americans ."
        },
        {
            "id": "a958a1750f867b4b",
            "title": "Liz Cheney Shames GOP Colleagues In Defense Of Gen. Milley",
            "content": "During a House hearing this week , Rep. Liz Cheney ( R-Wyo . )\ncame to the defense of Chairman of the Joint Chiefs of Staff Gen. Mark Milley , who has faced criticism from some on the right after he was revealed to have repeatedly spoken with a top Chinese general towards the end of Donald Trump \u2019 s time in power .\nOn those calls , of which there were two , Milley sought to reassure the Chinese that U.S. forces would not be attacking their country , and he has also been reported to have indicated that  whom he was speaking of any impending attack .\nContrary to those who \u2019 ve claimed that he essentially went rogue , Milley has explained how he made these calls in coordination with staff members for the head of the Defense Department , and he wasn \u2019 t the only person from the American side on either call .\nStill , Republicans have persisted in their attacks on Milley .\nDuring the very same hearing where Cheney spoke in Milley \u2019 s defense , Rep. Matt Gaetz ( R-Fla. ) self-confidently insisted that  command.\n\u201d In contrast , Cheney commented as follows , referring to the assault on the Capitol : \u2018 In the aftermath of that attack , many of the members of our Constitutional system failed to do their duty .\nMany of them punted .\nMany of them today are still attempting to obstruct the investigation into that attack , attempting to whitewash what happened .\nGeneral Milley , you found yourself , in your Constitutionally prescribed role , standing in the breach .\nAnd for any member of this committee , for  our nation , to question your understanding of our Constitution , your loyalty to our Constitution , your recognition and understanding of the civilian chain of command is despicable.\n\u2019 Milley \u2019 s fact-checks of Gaetz \u2019 s inaccuracies weren \u2019 t the only such move that the top General made during Congressional hearings this week .\nWhile speaking to Senators the day before the House hearing , for instance , Milley also adeptly shut down a line of questioning from Sen. Tom Cotton ( R-Ark . )\n, who \u2019 d asked  resign if , as the Senator characterized it , his advice kept getting ignored .\nMilley laid out in response how his role as a top adviser to the president doesn \u2019 t involve providing advice only if the president decides to take it .\nIn so doing , Milley also re-iterated his commitment to abiding by the civilian chain of command ."
        },
        {
            "id": "268855e635cc7f0d",
            "title": "Adam Kinzinger Calls Out  \u2018Circus-Barker McSpacelaser\u2019 Marjorie Green",
            "content": "The Republican Party is continuing its erosion as certain members of Congress from its ranks turn against each other .\nRecently , it \u2019 s been Reps. Nancy Mace ( R-S.C. ) and Marjorie Taylor Greene ( R-Ga. ) among those going at it after Mace spoke against recent derogatory comments made by Rep. Lauren Boebert ( R-Colo. ) about Rep. Ilhan Omar ( D-Minn. ) .\nBoebert mockingly compared Omar , who is Muslim and was born in Somalia , to a suicide bomber \u2014 and Greene has kept up the antagonism of Omar even after Boebert shared a  fall into Gossip Girl-level nonsense with ease , don \u2019 t they ?\nJust be not racist , for goodness sake !\nIt \u2019 s not difficult ! )\nGreene ranted to Mace on Twitter that she was \u201c out of your league \u201d for criticizing Boebert \u2019 s racist remarks , to which Mace replied , in part , that what she \u2019 s \u2018 not is a religious bigot ( or racist ) .\nYou might want to try that over there in your little \u201c league.\n\u201d \u2019 Rep. Adam  against Greene , pointing out some of the broader ramifications of what \u2019 s been going on .\nAs he put it , in response to Mace \u2019 s take-down of Greene : Kinzinger spoke more expansively regarding his thoughts on McCarthy during a recent appearance on MSNBC , where he explained McCarthy \u2019 s acceptance of right-wing extremism like that perpetrated by Greene as a gambit at obtaining enough support within the party to become House Speaker in the event that Republicans win control of the House .\nSpeakers of the House  Kinzinger said that McCarthy \u201c knows that if he does happen to win [ the Speakership ] by catering to\u2026 what used to be the exotic element of our party ; now it \u2019 s kind of the mainstream element a little bit \u2014 that they \u2019 re going to not necessarily support him , or he \u2019 s going to have to continue to beg them for their support .\nBut I guess if it \u2019 s so important for him to win that [ Speaker ] vote in a year ,  .\n\u201d"
        },
        {
            "id": "a13f521d19bea151",
            "title": "Supreme Court Upholds Challenge To Wisconsin Voter Suppression",
            "content": "Voting rights lawyer Marc Elias reported this week that the U.S. Supreme Court had rejected a request from Republican state legislators in Wisconsin for a case challenging redistricting plans to be thrown out .\nAs explained by the voting rights organization Democracy Docket , the original case \u201c argues that , due to political gridlock between Wisconsin \u2019 s governor and legislature , reapportioned maps will not be enacted in time for 2022 elections , \u201d and thus , the filing \u201c asks the court to declare the current maps unconstitutional and implement new maps that adhere to the constitutional  \u201d As also summarized by Democracy Docket , Wisconsin state legislators had argued that the lawsuit is \u201c premature \u201d and fails to show proper standing to bring the case at all on the part of the plaintiffs , but the Supreme Court rejected this motion \u2014 although the court does not appear to have issued any explanation of its reasoning .\nStill , it \u2019 s worth observing how , even with a Trump and Senate GOP-backed conservative majority in place , the Supreme Court can be the venue for ( even  as the original court challenge in question is now remaining intact .\nCurrently , it \u2019 s on hold until early next year .\nLast month , Wisconsin Democratic Governor Tony Evers vetoed legislative districts that had been approved by Republican state legislators , observing that the lines kept previous unfair advantages for the Republicans largely in place \u2014 although Trump didn \u2019 t even win there in 2020 , so it \u2019 s not as though the state is overwhelmingly Republican .\nEvers said at the time that while \u201c other politicians  try and predetermine our elections , as they try to create controversy where there is none , as they try to discredit the hard work of our election administrators and poll workers who helped ensure we had a free , fair , and secure election last November , I will not.\n\u201d He added that the issue hinged on \u201c elected officials having the courage to do the right thing when it mattered most .\nAnd the members of this Legislature failed to deliver.\n\u201d As summarized by the Associated Press , Evers  the fight over the once-a-decade job of drawing new political boundary lines for legislative and congressional districts to the courts.\n\u201d State courts will be taking the lead , for now , as judges apparently dealing with the same federal lawsuit reported on by Elias have indicated that they \u2019 ll be declining to move until a state court case plays out .\nRead more here ."
        }
    ],
    "label": 0,
    "label_text": "low"
}