{
    "source": "bnonews.com",
    "articles": [
        {
            "id": "92f25c9b6c24f440",
            "title": "Ohio Amber Alert: Soull Minnehan abducted in Franklin County",
            "content": "An Ohio Amber Alert has been issued for 1-year-old Soull Minnehan after he was violently abducted in Madison Township in Franklin County, local officials say. Anyone with information is urged to call 911 immediately.\n\nThe abduction happened on Tuesday after an incident of domestic violence between the suspect and the child\u2019s mother at a home in the 3000 block of Hatfield Court. The mother was struck by a gun and shots were reportedly fired, but no one was hit by bullets.\n\nThe suspect has been identified as 51-year-old William Hannah, who is described as a white male with blonde hair and brown eyes, standing 5 feet 7 inches tall and weighing 160 pounds. He has a tattoo on his upper left arm and a cross on his wrist.\n\nThe nature of Hannah\u2019s relationship to the child was not immediately clear, but he is not the father.\n\nHannah, whose photo has not yet been released, left the scene in a black 2003 GMC Yukon Denali with Ohio license plate JGP2058, according to the amber alert. \u201cSuspect is armed and should be considered dangerous,\u201d police said.\n\nSoull, whose name was also spelled as Soul by the sheriff\u2019s office, is described as a 1-year-old white male with bald hair and blue eyes, standing 36 inches tall and weighing 38 pounds. He was last seen wearing blue pajama.\n\nAnyone who sees Soull, Hannah, or the suspect vehicle is urged to call 911 immediately, or call the Franklin County Sheriff\u2019s Office at 1-877-AMBER-OH (1-877-262-3764) if you have any other information that could help investigators.\n\nThis is an amber alert. Please check back or follow @BNONews on Twitter as details become available. If you want to receive breaking news alerts by email, click here to sign up . You can also like us on Facebook by clicking here ."
        },
        {
            "id": "9bdf3f980e16b7e9",
            "title": "Tiger Woods seriously injured in California car crash",
            "content": "Golfer Tiger Woods is undergoing surgery for multiple leg injuries after the car he was driving went off a road and rolled over in Los Angeles County, officials and witnesses say. His condition has been described as \u201cserious.\u201d\n\nThe accident happened at about 7:12 a.m. on Tuesday when emergency services were called for a single-vehicle, rollover accident on Hawthorne Boulevard in Ranchos Palos Verdes. How the crash happened was not immediately clear.\n\n\u201cThe vehicle sustained major damage,\u201d the Los Angeles County Sheriff\u2019s Department said in a statement. \u201cMr. Woods was extricated from the wreck with the \u2018jaws of life\u2019 by Los Angeles County firefighters and paramedics, then transported to a local hospital by ambulance for his injuries.\u201d\n\nWoods\u2019 agent, Mark Steinberg, said the golfer sustained \u201cmultiple leg injuries\u201d in Tuesday\u2019s crash, but specific details were not immediately released. \u201cHe is currently in surgery and we thank you for your privacy and support,\u201d he said.\n\nA spokesperson for the Los Angeles County Fire Department said Woods was in a \u201cserious condition\u201d when he was taken from the scene, but his injuries are not believed to be life-threatening.\n\nOther golfers and friends said they were shocked by Tuesday\u2019s accident.\n\n\u201cI am sick to my stomach,\u201d golfer Justin Thomas said at a press conference. And former President Donald Trump, who awarded the Presidential Medal of Freedom to Woods, said: \u201cGet well soon, Tiger. You are a true champion!\u201d\n\nTiger Woods is one of the most successful golfers of all time, spending a record 683 weeks in the World Number One position, most recently from March 2013 through May 2014. He won the annual Masters Tournament 5 times and won both the U.S. Open and The Open Championship 3 times."
        },
        {
            "id": "e16f8088df455843",
            "title": "U.S. national debt tops $24 trillion for the 1st time",
            "content": "The public debt held by the United States has surpassed $24 trillion for the first time, nearly double when compared to a decade ago and up by one trillion in less than six months, according to the U.S. Treasury Department.\n\nThe total public debt was $24,011,523,316,653.36 on Wednesday, of which $18 trillion is debt held by the public and the remaining $6 trillion are intergovernmental holdings. This is up by more than a trillion when compared to November 1, when the national debt reached $23 trillion.\n\nThe national debt nearly doubled during the presidency of Barack Obama, with a record deficit of $1.4 trillion in 2009, but the debt has continued to rise at an accelerating rate under President Donald Trump. The Republican overhaul of the U.S. tax code in December 2017 is forecast to raise the deficit by $1.8 trillion through 2027.\n\nThis year\u2019s deficit is expected to be $1.1 trillion, according to the non-partisan Congressional Budget Office (CBO), which released its estimate before the coronavirus outbreak in the U.S. The projected deficit is forecast to rise from 4.6 percent of gross domestic product (GDP) in 2020 to 5.4 percent in 2030.\n\nOther than a six-year period during and immediately after World War II, the deficit over the past century has never exceeded 4.0 percent for more than five consecutive years, according to CBO. During the past 50 years, deficits have averaged 1.5% of GDP when the economy was relatively strong.\n\nHistory of the U.S. national debt\n\n1783: $43 million (the first public debt)\n\n1800: $82.9 million\n\n1835: $0\n\nThe entire public debt was paid off under President Andrew Jackson.\n\nThe entire public debt was paid off under President Andrew Jackson. 1845: $15.9 million\n\n1860: $64.8 million (before the Civil War)\n\n1865: $2.6 billion (after the Civil War)\n\n1893: $1.5 billion\n\n1914: $2.9 billion (before World War I)\n\n1919: $27.3 billion (after World War I)\n\n1930: $16.1 billion\n\n1939: $40.4 billion (before World War II)\n\n1946: $269.4 billion (after World War II)\n\n1963: $305.8 billion\n\n1975: $533.1 billion\n\n1982: $1 trillion\n\n1996: $5 trillion\n\n2008: $10 trillion\n\n2017: $20 trillion\n\nThe debt held by the public is expected to reach $27.3 trillion by the end of 2027, according to CBO. This does not include debt issued to government accounts, such as Social Security trust funds, because they don\u2019t directly affect the economy and have no effect on the budget. Taken together, it would push the total debt well above $30 trillion by the end of 2027."
        },
        {
            "id": "84e00925f6168dc7",
            "title": "Brazil\u2019s capital city on lockdown to quell coronavirus surge",
            "content": "Brazil\u2019s Federal District, which includes the capital city Brasilia, will be put on lockdown in an effort to contain a growing surge of coronavirus, officials said Friday.\n\nThe new measures are similar to those taken in Brasilia during the first wave and requires the closure of all local businesses for in-person services, with the exception of essential services.\n\nA decree issued by Governor Ibaneis Rocha added that schools in the region will be closed and alcohol cannot be sold after 8 p.m. Those who violate the lockdown risk a fine or criminal prosecution.\n\nBrazil is facing a new wave of coronavirus with nearly 66,000 new cases and 1,582 new deaths reported on Thursday, making it the deadliest day of the pandemic. The seven-day average for daily deaths is also at the highest level since the outbreak began.\n\nRui Costa, the governor of Bahia, warned this week that Brazil\u2019s health system could collapse as early as two weeks from now. He said his state had 1,000 ICU beds reserved for COVID-19 patients and, when 200 new beds were added, they filled up overnight.\n\n\u201cWe are already seeing the problem worsen throughout the country,\u201d Costa said, according to the Folha de S.Paulo newspaper. \u201cIn Rio Grande do Sul, Bahia, Cear\u00e1, we have never seen a situation like this before.\u201d"
        },
        {
            "id": "b9bf84239edd2175",
            "title": "Hitman dressed as nurse kills hospital patient in northern Mexico",
            "content": "A fugitive who survived a shooting in northern Mexico earlier this month has been executed by a gunman disguised as a nurse, officials say. The killer managed to flee and no arrests were immediately made.\n\nThe attack happened on early Tuesday morning when an unidentified man dressed as a nurse evaded security forces and entered the IMSS hospital in Juarez, a city near El Paso along the U.S. border.\n\nLocal media said the suspect went to a room on the fourth floor, where he killed one of the patients by shooting him in the head at close range. Panic erupted and the suspect managed to flee.\n\nThe victim was identified as 36-year-old H\u00e9ctor Antonio Ram\u00edrez, who survived a shooting in Juarez earlier this month and was wanted by police. Local media said the arrest warrant was issued in 2013.\n\nNearly 35,000 homicides have been recorded in Mexico so far this year, making it one of the most violent years on record. The figures are slightly down from last year, when the government reported a record 35,614 homicides."
        },
        {
            "id": "6b38c2e80c25e21d",
            "title": "Macau to reopen casinos after no new cases of coronavirus are found",
            "content": "Macau, the world\u2019s biggest gambling hub, will allow casinos to reopen after nearly two weeks with no new cases of coronavirus, officials say. Other venues such as cinemas and nightclubs will remain closed for the time being.\n\nEarlier this month, the region\u2019s chief executive ordered a 15-day closure of the gambling industry after 10 cases of coronavirus were confirmed in Macau. Since then, no new cases have been confirmed, although some people are still being tested.\n\nChief Executive Ho Iat Seng announced Monday that casinos are allowed to reopen on Thursday morning. Casinos which are not fully prepared to reopen can apply for a delay of up to 30 days, the local government said in a statement.\n\nLi Weinong, the secretary for economic affairs and finance, said the distance between gaming tables should be increased and casinos should check people for fever when they enter the venue. Visitors should also be wearing masks, Li said.\n\nMany other public venues in Macau remain closed for the time being. This includes cinemas, theaters, indoor playgrounds, game rooms, internet cafes, bowling alleys, massage parlors, beauty salons, health clubs, fitness centers, bars and nightclubs.\n\nClosing the gambling industry was a drastic move for Macau\u2019s government. About 60% of the region\u2019s economy depends on the casino industry and another 11% on related sectors such as shops, hotels and restaurants.\n\nMore than 71,000 people, most of them in China\u2019s Hubei province, have been infected with the new coronavirus, which is officially known as SARS-CoV-2 or COVID-19. At least 1,775 people have died of the illness as of Monday morning.\n\nOf the 10 cases in Macau, half have recovered and the other five are in stable condition."
        },
        {
            "id": "232b0e3a4b858047",
            "title": "Breaking News, Developing Stories, Latest News Videos",
            "content": "New coronavirus variant found in the Philippines\n\nResearchers in the Philippines have discovered a new coronavirus variant which belongs to the same lineage as the Brazilian variant, officials say, but there\u2019s currently not..."
        },
        {
            "id": "26bd02eceec4c00e",
            "title": "Knife-wielding man kills 7 in \u2018random\u2019 attack in northeast China",
            "content": "At least seven people were killed Sunday when a man with a knife went on a stabbing spree on a street in northeast China, authorities and local media said, calling it a \u201crandom attack.\u201d The suspect was taken into custody.\n\nThe attack began at 8:14 a.m. on Sunday in Kaiyuan City in Liaoning province. Security footage showed the attacker lunging at passers-by, seemingly at random, before he was overpowered by police and taken into custody.\n\nAuthorities said seven people were killed and seven others were injured. One of those injured was a police officer who helped take the suspect into custody.\n\nDetails about a possible motive were not immediately known, but the state-run Xinhua news agency said the killings appeared to be a \u201crandom attack.\u201d Another report said the suspect \u2013 Yang Moufeng \u2013 was believed to be a man in his 60s with a history of mental illness.\n\n\u201cThe case is currently under further investigation,\u201d the city\u2019s Public Security Bureau said in a statement.\n\nChina has strict gun control laws but has seen a number of knife and vehicle attacks in recent years. In April 2018, a former student went on a stabbing spree outside a middle school in central China, killing nine students and injuring others."
        },
        {
            "id": "e1430d18e73c551c",
            "title": "Talk show legend Larry King dead at 87",
            "content": "Legendary talk show host Larry King, who interviewed presidents, celebrities, athletes, and businesspeople during a career which spanned more than six decades, has died after a weeks-long battle with COVID-19. He was 87.\n\nHis employer, Ora Media, said King died on early Saturday morning while being treated at Cedars-Sinai Medical Center in Los Angeles. The cause of his death was not immediately disclosed, but King had been hospitalized for COVID-19.\n\n\u201cWaking up to the news of the passing of Larry King felt like a punch to the gut,\u201d CNN founder Ted Turner said. \u201cLarry was one of my closest and dearest friends and, in my opinion, the world\u2019s greatest broadcast journalist of all time. If anyone asked me what are my greatest career achievements in life, one is the creation of CNN, and the other is hiring Larry King.\u201d\n\nBorn as Lawrence Zeiger in New York City in 1933, King launched his broadcasting career as a disc jockey at a Miami radio station in 1957. He started calling himself Larry King because the station manager said Zeiger was too difficult, and he legally changed his name a few years later.\n\nKing became increasingly popular in the late 1970s with a nightly talk show on Mutual Radio Network, which was broadcast on hundreds of radio stations across the United States. But his real break came in 1985, when he started \u201cLarry King Live\u201d on CNN.\n\n\u201cLarry King Live\u201d dominated CNN\u2019s lineup for 25 years, making it the network\u2019s most-watched and longest-running program with more than one million viewers nightly. But the show also aired on CNN International, making King one of the best-known journalists in the world.\n\nKing interviewed more than 30,000 people during his long career, including every sitting U.S. president from Gerald Ford to Barack Obama. He also interviewed then-presidential candidate Donald Trump and Russian President Vladimir Putin.\n\nIn November 1993, more than 16.8 million people tuned in to watch Larry King\u2019s NAFTA debate between Al Gore and Ross Perot. The episode ranked as the most-watched cable program of all time in the U.S., and kept that position for nearly 14 years.\n\nOver time, ratings for the nightly show began to fall and King announced his decision to step down in 2010. More than 2.2 million people tuned in on December 16, 2010, to watch his final show, which featured Bill Clinton, Donald Trump, Barbara Walters, Regis Philbin, and Tony Bennett.\n\nIn honor of King, the date of his final broadcast on CNN was proclaimed \u201cLarry King Day\u201d in California by Governor Arnold Schwarzenegger. \u201cHis legacy lives on and serves as inspiration for future generations of journalists and reporters,\u201d Schwarzenegger said at the time.\n\nAfter leaving CNN, King joined Ora Media to host \u201cLarry King Now\u201d and \u201cPoliticKING with Larry King,\u201d both of which were available on Ora TV, Hulu, and RT America.\n\nKing is survived by three of his five children and his estranged wife Shawn Southwick, whom he married in 1997. Their divorce \u2013 which King filed for in August 2019 \u2013 had not yet been finalized. King walked down the aisle a total of eight times, but two of the marriages were with the same woman, and another \u2013 to his high school sweetheart \u2013 was later annulled."
        },
        {
            "id": "0a3f621084254f63",
            "title": "Washington Amber Alert: Angeles Revueleta-Buenrostro missing from Yakima",
            "content": "A Washington State Amber Alert has been issued for 15-year-old Angeles Revueleta-Buenrostro after she was reported missing from her home in Yakima, officials say. She is believed to be with an older man who has threatened to kill her family.\n\nAngeles was last seen at about 11:20 a.m. on Monday when she went to take garbage out from her house in the 1000 block of North 2nd Street in Yakima and failed to return, according to the amber alert.\n\n\u201cAngeles was recently recovered in [Arizona] with a male that coerced her via social media,\u201d police said in the amber alert, which identified the man as 36-year-old Daniel Ovante. \u201c[He] recently made threats to come take Angeles and kill the family.\u201d\n\nDaniel is believed to be driving a black 2001 Ford F150 with 2 doors, a side step, and Arizona license plate BYR6257. Ovante has a felony warrant for his arrest and is considered \u201carmed and dangerous,\u201d according to police.\n\nAngeles is described as a 15-year-old Hispanic female with brown hair and brown eyes, standing 5 feet 5 inches tall and weighing 125 pounds. She was last seen wearing a blue hooded sweatshirt and torn jeans.\n\nAnyone who sees Angeles, Ovante, or the suspect vehicle is urged to call 911 immediately, or call the Yakima Police Department at (509) 457-0207 if you have other information that could help investigators.\n\nThis is an amber alert. Please check back or follow @BNONews on Twitter as details become available. If you want to receive breaking news alerts by email, click here to sign up . You can also like us on Facebook by clicking here ."
        }
    ],
    "label": 2,
    "label_text": "high"
}