{
    "source": "breakingnews247.net",
    "articles": [
        {
            "id": "0404c330c2fc7e68",
            "title": "El pene mas chico del planeta",
            "content": "a monkey escapes from the miami zoo and throws bananas from a tree Mario a monkey from the Miami Zoo has escaped last Friday from his cage when he escaped, he threw bananas at people from all over Los Angeles. This has led to a video called \"banana rain going viral\" right now this little criminal monkey is found in prison."
        },
        {
            "id": "5c6d2d39296effd0",
            "title": "La lloreria",
            "content": ""
        },
        {
            "id": "eb80fd70c91ad36a",
            "title": "Offenbach beschlei\u00dft Ausgangssperre f\u00fcr Kinder auch tags\u00fcber!!!",
            "content": "Offenbach beschlei\u00dft Ausgangssperre f\u00fcr Kinder auch tags\u00fcber!!!\n\nThis is a satirical website. Don't take it Seriously. It's a joke.\n\nTuesday 07 March 2059 9244 Shares\n\nUm der verherrenden Coronalage her zu werden hat der Oberb\u00fcrgermeister der Stadt Offenbach entschieden dass nun alle Kinder bis 16 auch tags\u00fcber ihre Wohnung nicht verlassen d\u00fcrfen!\n\nThis is a satirical website. Don't take it Seriously. It's a joke.\n\n/!\\ Report Abuse\n\nloading Biewty"
        },
        {
            "id": "f9bef1e41921f444",
            "title": "Joven chica de San Javier Se vio SNK en 3 d\u00edas",
            "content": "a monkey escapes from the miami zoo and throws bananas from a tree Mario a monkey from the Miami Zoo has escaped last Friday from his cage when he escaped, he threw bananas at people from all over Los Angeles. This has led to a video called \"banana rain going viral\" right now this little criminal monkey is found in prison."
        },
        {
            "id": "a90ffb4d24682d03",
            "title": "Cornetto man caught robbing cornettos",
            "content": "Cornetto man caught robbing cornettos\n\nThis is a satirical website. Don't take it Seriously. It's a joke.\n\nTuesday 07 March 2059 69486 Shares\n\nCornetto man (Asian male) found in corner shop near Birmingham robbing cornettos\n\nThis is a satirical website. Don't take it Seriously. It's a joke.\n\n/!\\ Report Abuse\n\nloading Biewty"
        },
        {
            "id": "9f097b734e902456",
            "title": "Moa hittats d\u00f6d i en skog n\u00e4ra \u00f6de huset",
            "content": "a monkey escapes from the miami zoo and throws bananas from a tree Mario a monkey from the Miami Zoo has escaped last Friday from his cage when he escaped, he threw bananas at people from all over Los Angeles. This has led to a video called \"banana rain going viral\" right now this little criminal monkey is found in prison."
        },
        {
            "id": "df551104fc5799a2",
            "title": "Coco",
            "content": "Coco\n\nThis is a satirical website. Don't take it Seriously. It's a joke.\n\nTuesday 07 March 2059 89294 Shares\n\nO.o\n\nThis is a satirical website. Don't take it Seriously. It's a joke.\n\n/!\\ Report Abuse\n\nloading Biewty"
        },
        {
            "id": "408f11727a20225a",
            "title": "Spider-Man caught on live camera",
            "content": "Spider-Man caught on live camera\n\nThis is a satirical website. Don't take it Seriously. It's a joke.\n\nTuesday 07 March 2059 82616 Shares\n\nHttps://m.youtube.com/watch?v=E-v_RdtwlmQ\n\nThis is a satirical website. Don't take it Seriously. It's a joke.\n\n/!\\ Report Abuse\n\nloading Biewty"
        },
        {
            "id": "c5e344ff076751da",
            "title": "Otkriveni novi istoriski podaci , o time ko je trebao biti kralj Ju\u017enih Slovena",
            "content": "Otkriveni novi istoriski podaci , o time ko je trebao biti kralj Ju\u017enih Slovena\n\nThis is a satirical website. Don't take it Seriously. It's a joke.\n\nTuesday 07 March 2059 26684 Shares\n\nNovi podaci su ju\u010de bili prona\u0111eni u fabrici Yeezy-a o tome kako je Kanye West sada\u0161nji predsjednik Bo\u0161nja\u010dke Stranke,vjerni Musliman i mitropolit Crnogorsko-primorske mitropolije Kanye West trebao biti kralj Ju\u017enih Slovena , odnosno on je trebao biti kralj Crnogorske Khalife koja je trebala ujediniti sve Ju\u017ene Slovene nakon Prvog svjetskog rata.Ovi podaci su bili zapisani u knjizi Legenda o Kanjo\u0161u Zapadovi\u0107u.Cijeli svijet je iznena\u0111en ovim otkri\u0107em koje je dalo potpuno novi oblik istoriji Ju\u017enih Slovena , mada i cijelog svijeta.\n\nThis is a satirical website. Don't take it Seriously. It's a joke.\n\n/!\\ Report Abuse\n\nloading Biewty"
        },
        {
            "id": "7340562b1a973a02",
            "title": "Pablo Iglesias se muda a Colmenar tras dimitir",
            "content": ""
        }
    ],
    "label": 0,
    "label_text": "low"
}