{
    "source": "bringmethenews.com",
    "articles": [
        {
            "id": "89559766262b71e6",
            "title": "Cloquet man suffers serious head injury after UTV lands on him",
            "content": "Police say the 56-year-old was not wearing a helmet or a seat belt.\n\nA Cloquet man suffered a serious head injury after crashing the UTV he was driving Sunday afternoon.\n\nThe incident happened in the area of Hwy. 53 and Swan Lake Road in New Independence Township at 2:30 p.m., with police called to a report of an overturned UTV.\n\nThe victim, a 56-year-old man, was found 1.5 miles east if the Independent rest area on Hwy. 53.\n\nAccording to the St. Louis County Sheriffs Office: \"It appeared the male was executing a u-turn when his UTV overturned, causing him to be ejected and the UTV landed on him.\n\n\"The victim was not seatbelted in and was not wearing a helmet.\"\n\nHe suffered a serious head injury as a result of the crash, and was taken to Essentia St. Mary's in Duluth.\n\nNote: The details provided in this story are based on the police\u2019s latest version of events, and may be subject to change."
        },
        {
            "id": "5ca2f9d2d49f2f4a",
            "title": "It snowed this morning in Minnesota. Yesterday it was in the 80s.",
            "content": "That 's spring in Minnesota , for you .\nAccording to the National Weather Service in Duluth , a weather observer in International Falls said it snowed for about 10 minutes around 7 a.m. , leaving a trace of snow .\nThe high in International Falls on Tuesday was 82 degrees .\nThe low Wednesday morning was 35 degrees , NWS said .\nNothing is more `` spring in Minnesota '' than that .\nA cold front moved across northern Minnesota overnight , bringing cooler temperatures after a few days of warmer-than-normal weather across the state , NWS Duluth says  in International Falls is 63 , much cooler than the stretch of low-80s the area saw May 23-May 25 , NWS historical data show .\nAnd although there was a trace of snow reported Wednesday morning , it 's far from the record 0.3 inches of snow that fell on the date in 1970 .\nThe chilly forecast for the second half of the week has prompted the NWS to issue a frost advisory in northern Minnesota for 1 a.m. to 7 a.m. Thursday , so bring those tender plants inside for the  even colder air '' will arrive Thursday night into Friday , just in time for Memorial Day weekend and the unofficial start of summer ."
        },
        {
            "id": "56f2a04153dda0ff",
            "title": "Wild take Game 1 over Vegas in overtime thriller, 1-0",
            "content": "It was an epic dual between Cam Talbot and Marc-Andre Fluery.\n\nAndy Witchger / Bring Me The News\n\nJoel Eriksson Ek's power-play goal in overtime was all the Minnesota Wild needed to win Game 1 of the best-of-seven playoff series against the Vegas Golden Knights.\n\nEriksson Ek scored on the power play on a pass from behind the net by Jordan Greenway, with his shot deflecting of a defender's leg and beating goalie Marc-Andre Fluery just over three minutes into the overtime period.\n\nGame 1 of the first-round playoff series the Wild and Vegas went from being hyped as a duel of two of the top offenses in the Western Conference to a dual of two veteran goaltenders.\n\nCam Talbot stopped 42 shots for the Wild to earn his fifth career playoff shutout, while Marc Andre-Fluery, playing in the playoffs for a 15th consecutive season, made 26 saves for the Golden Knights, including a handful of highlight-reel blocks.\n\nThe game went to overtime with no score, but things opened up when Vegas was called for a hooking penalty 71 seconds into the extra period. Minnesota went on the power play and ended the scoreless battle after a Vegas turnover in their own end.\n\nGame 2 of the best-of-seven series between the Golden Knights and Wild is at 9 p.m. Tuesday in Las Vegas. Game 2 will be televised on NBC Sports Network.\n\nMore to come."
        },
        {
            "id": "3748a0f8004da97d",
            "title": "3 Mpls officers injured on night of shootings, stabbings and fights",
            "content": "It was a tense weekend for the city of Minneapolis.\n\nThe weekend proved to be unusually busy \u2014 and dangerous \u2014 for Minneapolis police, three of whom were injured after responding to incidents around the city early Saturday morning.\n\nAccording to a media briefing from MPD, the first incident happened at about 1:00 a.m. in the Uptown area, where a group of drag racers were \"engaging in exhibition driving\" and \"causing damage to the roadways and endangering the personal safety to those in the area.\"\n\nWhen officers showed up to the scene, the suspects \"turned their aggression towards law enforcement,\" throwing rocks and other items at them, MPD says.\n\nTwo officers were injured as a result and subsequently treated at Hennepin Healthcare.\n\nIn a separate incident about an hour later downtown, police were pepper-sprayed as they responded to a report of a stabbing and a brawl outside the bar scene near Hennepin Avenue and 5th Street North.\n\nThree people suffered head injuries during the melee, including one police officer who was transported to Hennepin Healthcare for treatment.\n\nThe night also saw a wave of gun violence, with six people suffering gunshot wounds in four separate incidents.\n\nThe victims include a pre-teen girl who was shot in the head while jumping on a trampoline with other children in north Minneapolis. She was rushed to the hospital in \"very critical condition.\"\n\nPolice are investigating a report that a red four-door Ford pulled into the alley and a shooter fired from the car at the home.\n\nNote: The details provided in this story are based on the police\u2019s latest version of events, and may be subject to change."
        },
        {
            "id": "c3ee2e15cdf9d99d",
            "title": "MN Business",
            "content": ""
        },
        {
            "id": "d2730fcd284e40f0",
            "title": "Here is Minnesota's COVID-19 update for Sunday, May 16",
            "content": "Sunday's COVID-19 update from the Minnesota Department of Health (MDH) includes 805 new cases and 10 new deaths.\n\nThe state's death toll is 7,296 since the start of the pandemic. Of the total deaths, 60% (4,390) were residents of long-term care.\n\nThrough May 13, the state reported that 2,722,944 people have received at least 1 dose of the COVID-19 vaccine while 2,325,495 people have completed their vaccine series.\n\nSixty-one (61) percent of Minnesotans aged 16-plus have received at least one shot, while 88.2% of the age-65-plus population has had at least one dose of a vaccine. Overall, 49% of the state's population has had at least one dose.\n\nMDH has a public dashboard to track vaccine progress in Minnesota, and you can view it here.\n\nHospitalizations\n\nHospitalization data isn't updated at weekends.\n\nThrough May 12, the number of people with COVID-19 hospitalized in Minnesota was 464, which is up from 453 reported Thursday.\n\nOf those hospitalized, 123 people were in intensive care and 341 were receiving non-ICU treatment.\n\nHere's how Minnesota's hospital admissions have progressed since Mar. 7.\n\nMar. 7: 223 (177 non-ICU, 46 ICU)\n\nMar. 13: 255 (194 non-ICU, 61 ICU)\n\nMar. 20: 324 (246 non-ICU, 78 ICU)\n\nMar. 27: 356 (264 non-ICU, 92 ICU)\n\nApr. 2: 439 (337 non-ICU, 112 ICU)\n\nApr. 8: 595 (461 non-ICU, 134 ICU)\n\nApr. 14: 699 (531 non-ICU, 168 ICU)\n\nApr. 20: 676 (483 non-ICU, 193 ICU)\n\nApr. 26: 641 (457 non-ICU, 184 ICU)\n\nMay 2: 576 (421 non-ICU, 155 ICU)\n\nMay 9: 481 (348 non-ICU, 133 ICU)\n\nMay 13: 464 (341 non ICU, 123 ICU)\n\nTesting and positivity rates\n\nThe 805 positive results in Sunday's update were from 25,507 completed tests, creating a test positivity rate of 3.15%.\n\nAccording to Johns Hopkins University, Minnesota's test positivity rate over the past seven days is 4.69%.\n\nThe World Health Organization recommends that a percent positive rate (total positives divided by total completed tests) of below 5% for at least two weeks is necessary to safely reopen the economy. That 5% threshold is based on total positives divided by total tests.\n\nCoronavirus in Minnesota by the numbers\n\nTotal tests: 9,677,017 (up from 9,651,515)\n\n9,677,017 (up from 9,651,515) People tested: 4,175,936 (up from 4,167,261)\n\n4,175,936 (up from 4,167,261) People with at least 1 vaccine shot: 2,722,944 (up from 2,707,414)\n\n2,722,944 (up from 2,707,414) People who have completed vaccine series: 2,325,495 (up from 2,294,000)\n\n2,325,495 (up from 2,294,000) Positive cases: 594,427 (up from 593,622)\n\n594,427 (up from 593,622) Deaths: 7,296 \u2013 403 of which are \"probable*\" (up from 7,286)\n\n7,296 \u2013 403 of which are \"probable*\" (up from 7,286) Patients no longer requiring isolation: 578,338 (up from 576,890)\n\n* Probable deaths are patients who died after testing positive using the COVID-19 antigen test, which is thought to be less accurate than the more common PCR test."
        },
        {
            "id": "ca5e3a3a9044fc87",
            "title": "Twins' defense, bullpen squander another rally",
            "content": "This is the story of the 2021 Twins.\n\nFox Sports North via YouTube\n\nAndrelton Simmons tied the game in the bottom of the eighth inning but poor defense and a leaky bullpen led the Twins to a 7-6 loss to the Oakland Athletics on Sunday afternoon.\n\nThe Athletics got on the board in the second inning when Matt Chapman lined an RBI single off Kenta Maeda. Max Kepler responded in the bottom half of the inning with a three-run homer to give the Twins a 3-1 lead.\n\nKepler added another RBI on a sacrifice single in the third but the Athletics got to Maeda in the fifth inning with three straight singles including an RBI single by Sean Murphy.\n\nRocco Baldelli turned to Tyler Duffey, who entered the game in a bases-loaded jam. After Seth Brown drove in a run on a ground out, the Athletics tied the game when Ben Rortvedt was called for catcher's interference on a rundown play.\n\nOn the next at-bat, Chapman delivered a sacrifice fly to give Oakland the lead and added another run on an infield single to put the Athletics up 6-4.\n\nThat set the stage for another rally off Oakland reliever Jake Diekman in the eighth. With Kepler leading off the inning with a double, Simmons delivered a two-run blast that tied the game at 6-6.\n\nBut unlike Saturday's come-from-behind win, the Twins couldn't hold the lead in the ninth. Ramon Laureano led off the inning with a single against Taylor Rogers and made his way to third on a throwing error by Josh Donaldson.\n\nAlthough Rogers struck out Chapman for the second out, the ball went past Mitch Garver to allow Laureano to score the winning run.\n\nAfter Sunday's loss, the Twins (13-25) will open a three-game series with the Chicago White Sox on Monday night."
        },
        {
            "id": "a3bb93cdee66cec1",
            "title": "Teen in serious condition after fall at abandoned Minneapolis mill",
            "content": "Multiple urban explorers have been hurt at the Fruen Mill.\n\nSomeone's been badly hurt in one of Minneapolis' abandoned mills \u2014 the latest in a long series of injuries at the sites.\n\nIt happened at Fruen Mill, located just west of downtown on the 300 block of Thomas Ave N.\n\nFire department officials say a 17-year-old boy fell five stories inside the building just after 10 p.m. on Friday, per MPR.\n\nThe station notes that crews had to cut through fencing and plywood and climb down into the mill to rescue him.\n\nPer WCCO, the victim \u2014 who was one of three teens found at the site \u2014 was taken to a nearby hospital in \"serious condition.\"\n\nThe extent of his injuries is not clear; no other injuries were reported.\n\nThis is far from the first such incident at Fruen Mill, where at least four people have fallen and one person has died since 2005. The most recent incident involved a man suffering serious injuries after a 40-foot fall in 2015.\n\nAround the same time, a University of Minnesota student fell to her death while exploring the Bunge Grain Elevator near Dinkytown.\n\nIt's part of a larger problem with abandoned mills (and other derelict industrial sites) in Minnesota, which are an attractive destination for so-called urban explorers.\n\nAs the Star Tribune reported, the rise of social media and devices like GoPro have driven the popularity of urban exploration in recent years, with Minneapolis being a prime location because the city \"generally doesn\u2019t demolish vacant sites that are structurally sound because of potential for redevelopment.\"\n\nBut the hobby \u2014 which is popular across the U.S. and around the world \u2014 comes with a wide range of risks, including structurally unsound buildings, \"the toxic chemicals known as PCBs, lead paint and mercury (especially at former power plants) and mold, asbestos and pigeon droppings,\" the New York Times says.\n\nThe paper points out that urban explorers also face legal ramifications, as the activity often involves trespassing on private property."
        },
        {
            "id": "39c696487d3c999a",
            "title": "Brooklyn Center City Council votes to establish new sweeping public safety measures",
            "content": "The resolution is named after Daunte Wright and Kobe Dimock-Heisler, who were both killed by police in Brooklyn Center.\n\nThe Brooklyn Center City Council voted Saturday to establish a broad slate of public safety policies, including a new community response department to respond to certain noncriminal calls.\n\nThe resolution, first put forward by Mayor Mike Elliott, is named after Daunte Wright and Kobe Dimock-Heisler, who were both killed by police in Brooklyn Center.\n\nThe resolution establishes a new unarmed \u201cCommunity Response Department\u201d to respond to citizens experiencing \u201cmedical, mental health, disability-related, or other behavioral or social need.\u201d\n\nAccording to material provided by the city, 88% of 911 calls in Brooklyn Center are related to these kinds of noncriminal issues.\n\nIt would also create an unarmed traffic enforcement department to handle traffic stops. Wright was killed by a Brooklyn Center police officer during a traffic stop last month in Brooklyn Center.\n\n\u201cDaunte Wright and Kobe Dimock-Heisler were young men robbed of their futures. Robbed of joy and lives with their loved ones,\u201d Elliott said in a statement.\n\n\u201cAs we continue to acknowledge that real justice is both of them alive today, our community has made it clear that it is time for real, transformative change that is going to keep everyone in our city safe. With this resolution, we are taking a critical first step towards that change.\u201d\n\nThe new Community Safety and Violence Prevention Committee laid out in the resolution would be responsible for reviewing city safety data and making recommendations to the council.\n\nThe committee would also create a citizen oversight body that could review collective bargaining agreements between the city and police department and make recommendations to city officials.\n\nThe resolution passed 4-1, with Council Member Kris Lawrence-Anderson voting against it.\n\nAccording to MPR News, the families of both Wright and Dimock-Heisler were in attendance at the meeting."
        },
        {
            "id": "4854bf1da3cf3d01",
            "title": "K-9 training at Willmar public housing complex on hold after ACLU complaint",
            "content": "The ACLU posted a photo on social media of a sign alerting residents at the Lakeview Apartments of K-9 training taking place in the building.\n\nACLU of Minnesota\n\nA police plan to train K-9 officers in a public housing complex in Willmar has been put on hold after concerns were raised by the American Civil Liberties Union of Minnesota.\n\nThe Minnesota ACLU posted a picture on Twitter Friday of a sign at the Lakeview Apartments in Willmar, which are managed by the Kandiyohi County Housing and Redevelopment Authority.\n\nThe sign tells residents that the building will be used as a training ground for Willmar Police Department K-9s, including in \"interior common areas, stairways, hallways and vacant apartments\" during \"any hour.\"\n\nIn a release, the ACLU said the partnership would turn the Lakeview Apartments into a \u201cde facto police state\u201d and raises \u201cserious legal and public policy concerns.\u201d\n\nAfter the complaint was made, Willmar Police Chief Jim Felt announced that the training has been put on hold while the concerns were reviewed.\n\n\u201cNo training exercises will be conducted at the Lakeview Apartment complex while this matter and the concerns raised are under review,\u201d he wrote in email, according to the Duluth News Tribune.\n\n\"At no time was it the intention of the Willmar Police Department for this training to focus on individual residents of the Lakeview Apartment complex, their guests or occupied units in the complex,\" he added.\n\nThe ACLU stated it had submitted a Data Practices Act request for all information related to the partnership between the Housing and Redevelopment Authority and WPD.\n\nTeresa Nelson, legal director of the ACLU of Minnesota, also sent a letter to Willmar Mayor Marv Calvin and the City Council urging them to end the partnership.\n\n\u201cThis plan is bad public policy because it will disproportionately subject public housing residents, including low-income earners, immigrants, and Black, Indigenous, and People of Color to a police training experiment without their consent at a time in which our state is experiencing significant trauma related to police excessive force,\u201d Nelson wrote.\n\nBring Me The News has reached out to the Willmar Police Department for comment."
        }
    ],
    "label": 2,
    "label_text": "high"
}