{
    "source": "buffalonews.com",
    "articles": [
        {
            "id": "e811453cebe50173",
            "title": "Person pulled from car submerged at brink of Niagara Falls...",
            "content": "The Coast Guard copter arrived at the scene at about 1:55 p.m. and began to hover over the partially submerged vehicle .\nAfter several minutes , a diver in an orange suit holding an ax , edged out the door of the aircraft and was slowly lowered toward the vehicle .\nAs the rotor wash whipped up the river \u2019 s current , the diver managed to reach the vehicle , grab onto it from the passenger side and open the front passenger door .\nAs dozens of onlookers , including members of the public , media and emergency responders  diver raised his arm to signal to the copter \u2019 s crew that he had reached the occupant .\nThe diver , holding tightly onto the woman \u2019 s body , was lifted into the air and lowered carefully onto dry land at about 2:15 p.m .\nEmergency personnel swiftly surrounded them .\nRola said no movement was observed in the vehicle in the period leading up to the rescue attempt and a state park official confirmed the woman was dead before the Coast Guard diver got to her .\nPolice were able  the owner of the vehicle , though it was n't clear whether that was the woman who was pulled from it .\nThere were no other occupants .\nRola said the woman was in her late 60s and was from this area but declined to further identify her .\nThere was no information provided about a cause of death ."
        },
        {
            "id": "18d880aba8581ea6",
            "title": "UPDATE: Body pulled from submerged car above falls in Niagara rescue attempt...",
            "content": "The Coast Guard copter arrived at the scene at about 1:55 p.m. and began to hover over the partially submerged vehicle .\nAfter several minutes , a diver in an orange suit holding an ax , edged out the door of the aircraft and was slowly lowered toward the vehicle .\nAs the rotor wash whipped up the river \u2019 s current , the diver managed to reach the vehicle , grab onto it from the passenger side and open the front passenger door .\nAs dozens of onlookers , including members of the public , media and emergency responders  diver raised his arm to signal to the copter \u2019 s crew that he had reached the occupant .\nThe diver , holding tightly onto the woman \u2019 s body , was lifted into the air and lowered carefully onto dry land at about 2:15 p.m .\nEmergency personnel swiftly surrounded them .\nRola said no movement was observed in the vehicle in the period leading up to the rescue attempt and a state park official confirmed the woman was dead before the Coast Guard diver got to her .\nPolice were able  the owner of the vehicle , though it was n't clear whether that was the woman who was pulled from it .\nThere were no other occupants .\nRola said the woman was in her late 60s and was from this area but declined to further identify her .\nThere was no information provided about a cause of death ."
        }
    ],
    "label": 2,
    "label_text": "high"
}