{
    "source": "bullshido.net",
    "articles": [
        {
            "id": "7d8fdfbb9859cfa8",
            "title": "Oh You\u2019re an INTJ? STFU \u2013 The Myers-Briggs Test is BS",
            "content": "The Myers-Briggs Type Indicator is basically astrology for slightly-less-dumb people. Nonetheless, it\u2019s probably the most popular personality assessment in the world. That\u2019s a big f\u2019n problem.\n\nWhether you\u2019re a Kyle or a Karen, a Chad or a sad virgin (INTJ), what you aren\u2019t is a damn Dungeons and Dragons character that fits neatly into one of 16 classes with corresponding special abilities unique to each. That\u2019s not how anything works, except maybe that failed saving throw against deception that caused you to fall for this bullshit in the first place (seriously, how low is your INT score?).\n\nSomeone rolled all 3s.\n\nA Brief History of the BS\n\nThe MBTI was created by two ladies with a rudimentary college education. Katharine Cook Briggs had a degree in Agriculture, and Isabel Briggs Myers seems to have dropped out of college to get married. They\u2019re often characterized as \u201chousewives\u201d in criticism of the MBTI, but to be charitable, that\u2019s somewhat unfair. Both were, however, fans of the early psychologist Carl Jung, and based much of the test on his work.\n\nAnd that\u2019s the catch: Carl Jung was to Psychology what a Hot Pocket is to nutrition: sure, you might feel satisfied for a short period of time, but eventually it\u2019ll become clear that it was\u2014and you are now\u2014filled with piping-hot garbage. Jung was into some hoakey shit including (and appropriately), Astrology, along with ESP, Telekinesis, and other force abilities.\n\nHave you heard the tragedy of Darth Kermit the \u201cWise\u201d?\n\nYou\u2019d think that would be enough to make anyone with aspirations of being taken seriously as a scholar to distance themselves from Jungian concepts, but these things are precisely what attracts a lot of people to them in the first place. Some intellectuals, like Jordan Peterson (above), wrap themselves up in ephemeral Jungian gobbledygook to justify their own non-falsifiable beliefs. And that term describes much of Jung\u2019s actual work in the field of Psychology after splitting from Freud: non-falsifiable, and consequently, low in external validity which is just a tiny bit necessary if you\u2019re going to try and meddle in other people\u2019s minds and lives. This isn\u2019t about Jung though, so if some uncomfortable fee-fees are welling up from your Shadow, go clean your room, eat a plate of raw hamburger, and then read the rest.\n\nThis stock photo described itself as \u201cHandsome suspicious man looking at camera\u201d.\n\nThe Synchronicity of a Multi-million-dollar Industry\n\nIf you\u2019ve ever taken an MBTI test at your workplace as a part of the employment process it might be a good idea to dust off the resume: you\u2019re employed by idiots\u2014and not just ordinary idiots, the special kind of idiots that fill out those ridiculous \u201cWhich Game of Thrones Character Are You?\u201d questionnaires. If judgments are being made that affect people\u2019s ability to pay for their rent, healthcare, and feed their children, shouldn\u2019t they be based on actual science instead of bullshit?\n\nOf course not, not when there\u2019s money to be made selling that bullshit to people who should, but don\u2019t, know better. The field of Personality Psychology is actually one of the most empirically-valid of all the disciplines, up there with Neuropsych and Behavioral Genetics. Yet the implementation of psychometrics outside of academia seems to lose something in translation when it hits the human resources departments, and perhaps chief among the examples of this is the widespread use of the MBTI in corporate America.\n\nAccording to Lillian Cunningham at the Washington Post, CPP, the company with exclusive rights to the MBTI test, pulls in upwards of $20 million a year selling the bullshit test to under-informed, overpaid PowerPoint pushers.\n\nThis one described itself as \u201cBearded man in glasses feeling surprised\u201d. Us too, buddy.\n\nTL;DR (not a MB personality type)\n\nThe MBTI wasn\u2019t created by actual psychologists, let alone personality experts: it was created by superfans of an early psychologist who had as many\u2014if not more\u2014bad ideas than good: Carl Jung. It\u2019s basically the fan-fiction of personality tests.\n\nThe MBTI has poor external validity: it does not produce empirically-valid data that applies to practical, real-world use. It does, however, produce a bunch of money and wastes employee time.\n\nIt has garbage test-retest reliability: the same person taking the test multiple times can receive multiple results. If assigning letters to your co-workers is genuinely important to you it\u2019d be just as useful to drop a can of alphabet soup off your workplace\u2019s roof and read the sidewalk. It\u2019d be significantly cheaper too.\n\nIf you, for some reason need to do a personality inventory on yourself or others, the most empirically-valid, reliable test is still the classic Five-Factor Model which scores people on Openness to Experience, Conscientiousness, Extraversion, Agreeableness, and Neuroticism. Unfortunately, this doesn\u2019t sort you into Hogwarts houses or assign you bonus character attributes; it just gives you scientifically valid data.\n\nWe should probably apologize to this guy for abusing our stock photo license deal\n\nFurther Reading"
        },
        {
            "id": "3e0ae158c4dc4431",
            "title": "How to Argue Like a Badass, Not a Dumbass",
            "content": "Everyone hates those \u201cOne Simple Trick\u2026!\u201d articles. But some things really are simple. If you want to lose weight, you burn more calories than you consume. If you want to get stronger, you keep lifting heavier things. If you want to get better at fighting, you fight people that are better than you and learn from defeat.\n\nAnd if you want to get better at both arguing, and ultimately coming closer to knowing what is actually true rather than what you want to believe is true, you stop giving a shit whether or not you \u201cwin\u201d the argument, and start caring more about who\u2019s actually correct.\n\nBut that\u2019s the rub: most people\u2019s egos are so fragile that they\u2019re abjectly terrified someone else will even contradict them, much less disprove what they have to say. So they resort to rhetorical tricks, logical fallacies, gish galloping through forums and social media with shitposts like an incontinent racehorse headed towards a patch of carrots\u2014those carrots, of course being \u201cLikes\u201d from someone on their \u201cside\u201d of the debate.\n\nThat\u2019s because for people who are both morally, and cognitively weak, it\u2019s a difficult temptation to resist, especially when sites like Facebook are deliberately set up to encourage that kind of of thumb-based behavioral reinforcement by in-group signalling for approval.\n\nYou\u2019re not like those losers though, you, the person reading this. Right?\n\nStop.\n\nPause your brain. Freeze on the exact thought you\u2019re having right now: the fact that seeing Trump\u2019s face in the middle of the article almost certainly prompted some emotional reaction in you\u2014be it disgust, or tingles in your naughty bits, whatever\u2014proves that you\u2019re just as prone to irrational nonsense as everyone else.\n\nSorry for the interruption, but we had to call bullshit on you too. Because as a regular reader of Bullshido, you really are more likely to understand the problem we\u2019re dealing with, and consequently, more likely to help us spread the ideas to the rest of the world, and maybe even help us reduce the level of stupidity in it for everyone\u2019s benefit.\n\nAlso, as a regular reader, you\u2019re most likely that rare combination of critical thinking, high motivation, and huge fucking nerd. Not this guy:\n\nSo we\u2019ll use an analogy you\u2019ll understand:\n\nBe Like Goku\n\n[If you don\u2019t know who Goku is the argument we\u2019re making isn\u2019t going to work as well, so since we already have your click, go make up for your stunted childhood and watch DBZ in a locked room where no one can judge you. We\u2019ll still be here]\n\nYou\u2019re familiar with the \u201cStrawman\u201d argument/fallacy\u2014basically, pretending your opponent is saying one thing that\u2019s easy to refute, and attacking that. It\u2019s more common on the internet than pornography, and a huge pain in the ass for everyone.\n\nThe worst thing about a strawman argument is that it shuts down any productive communication so that nothing gets resolved, nobody walks away having learned anything, nobody is closer to the truth. Nothing changes; which really should be the point of arguing in the first place, assuming you really are one of those highly-driven critical thinkers we like around here.\n\nAnd if you really are one of us, you don\u2019t wade into arguments trying to impress others by signalling your virtue, looking for validation, or for some cringey, infantile kick of annoying the other person (no, U mad bro?). You argue for the same reasons you lift heavier weights, or spar with stronger people. You argue because you\u2019re trying to get that much closer to empirical truth yourself, and hopefully, drag the other motherfucker along with you.\n\nIt\u2019s one thing to spar with someone you completely outclass. Big deal, you\u2019re better than they are. You goddamn well should be. Or even worse, to go 100% with someone who\u2019s injured or asks you to go light. When you train for your ego rather than your skills, you might as well have not shown up in the first place.\n\nSo what would Goku do?\n\nHe\u2019d want to fight his opponent at his strongest.\n\nThe Steelman Argument\n\nThe exact opposite of the Strawman is the Steelman. Yes, like Colossus. Sort of.\n\nThink about it this way, if you\u2019re going to have a battle royal of fictional characters, Colossus would totally fucking wreck the Scarecrow from The Wizard of Oz. (I mean, so would just about anyone with a Zippo). You too, should want to fight Colossus, rather than derpy bag of hay. So, the point is that\u2026\n\nYou want to argue against the BEST version of the point your opponent is trying to make. That\u2019s it. That\u2019s the \u201cone simple trick\u201d. Keep in mind, we said \u201csimple\u201d, not \u201ceasy\u201d.\n\nYou want to argue against the BEST version of the point your opponent is trying to make.\n\nHow Do Argument\n\nHere\u2019s an example: you\u2019re in an argument on a contentious subject\u2026 let\u2019s say for the sake of avoiding offending anyone, it\u2019s about arming transgender illegal immigrant fetuses with assault weapons. For our purposes, you\u2019re going to take the con side of the argument, but we understand if that might be a stretch, so bear with us.\n\nInstead of saying: \u201cSo you want to ensure more obstetricians die in delivery room shootings!?\u201d\n\nYou respond more like: \u201cSo what you\u2019re saying is that all human beings, even the unborn\u2014which we haven\u2019t established yet the point at which life starts, but I will grant you that for now so I can get your point\u2014have a right to self defense, especially given their minority status, unconnected with their service in a militia. Is this correct?\n\nAgain we said, this is simple, but not easy. It\u2019s actually really effing difficult, because you\u2019re now carrying most of the weight of the argument on your own shoulders, effectively doubling your effort. TB;GG.\n\nMost people don\u2019t have the cognitive, or character strength to use the steelman in their arguments. But then again, most arguments on the Internet are garbage.\n\nBut you\u2019re not garbage, right? You\u2019re made of fucking steel."
        },
        {
            "id": "a2714fa034b7eaae",
            "title": "Math, Magic, or Psychology? The Guerilla War for Wall Street Supremacy",
            "content": "Wall Street is a really exciting place these days, huh? There is a lot of weird arcane black magic that goes on within the byzantine halls of our financial empires. This wizardry is far beyond the ken of mortals like me, and so I have mostly ignored it. However, there has been a great upheaval in the fiscal firmament of late, and I have found myself sliding further and further into fascination with the intricate web of, well, bullshit, that keeps our investment giants wealthy and strong. One conclusion is inevitable and I type it here merely to hear the sound of it echo inside my own skull.\n\nBillionaires do not play by the same rules as the rest of us.\n\nThis, of course, should have been obvious. In my defense, I have always understood this. But watching what happened when a bunch of guerrilla investors attacked the richest and most powerful people among us has illustrated in concrete terms what has always been more of a conceptual understanding of this phenomenon. Let\u2019s see if I can wrap my meager understanding of financial sorcery around it all, shall we?\n\nThe Stage:\n\nWelcome to the world of high finance, dear reader. It is a place unlike any other you have ever been. What you think is real is not, and what you would assume is formless vapor drives billions of dollars back and forth with no effort whatsoever. Investment is neither science nor art. It\u2019s magic. The magic of sophisticated computer algorithms and complex financial instruments wrought from game theory and good old-fashioned cons like 3-Card Monte. Except there are now 58,000 cards and the queen is a loosely-defined concept that only exists for brief moments at a time in any given space.\n\nAt the most basic level you have large companies that like to do well so their stock prices stay high. We are not going to deal with these right now. They are not the problem, here. Neither are most of the big name investment firms that deal in blue chips and long-term investing. In this article we will talk about the companies that trade in that stock to make a profit fast and hard. Specifically, we want to talk about hedge funds. What is a hedge fund? Glad you asked, because the definition is clear as mud. According to Investopedia, a hedge fund is a company that:\n\n\u201c\u2026 deals in alternative investments using pooled funds that employ different strategies to earn active returns, or alpha, for their investors. Hedge funds may be aggressively managed or make use of derivatives and leverage in both domestic and international markets with the goal of generating high returns (either in an absolute sense or over a specified market benchmark).\n\nIt is important to note that hedge funds are generally only accessible to accredited investors as they require less SEC regulations than other funds . One aspect that has set the hedge fund industry apart is the fact that hedge funds face less regulation than mutual funds and other investment vehicles.\n\nKEY TAKEAWAYS\n\nHedge funds are actively managed alternative investments that may also utilize non-traditional investment strategies or asset classes.\n\n\u2026\n\nWell. That does not help much at all, does it? Think of a hedge fund as the rogue cop in a bad 90\u2019s action movie. He does not like to play by anyone\u2019s rules and danger is his middle goddamn name. A hedge fund is a high-pressure boiler room where creative investors work out new and occasionally outlandish strategies for making money. They\u2019re rebels, mavericks, ruthless gunslingers. Whatever. The point is that to play in this arena, you need nerves of steel, powerful computers, well-heeled investors, a couple of pet politicians, and a schill so smooth it\u2019s frictionless. There is nothing illegal about what most hedge funds do\u2026 on paper. A major part of what a strong hedge fund does is to find loopholes and exploit weaknesses in regulations in ways that increase profits. They\u2019re creative and aggressive, and that is not necessarily illegal. That\u2019s gaming the system. This point will be important later.\n\nWhat\u2019s Happening?\n\nNot quite Cowboy Bebop\n\nWell, a bunch of idiots who get together on Reddit decided to buy a whole bunch of stock in Gamestop (GME) and AMC. The term for regular folks who buy stocks is \u201cretail investor,\u201d and most hedge fund types cannot say that without snickering into their $1,800-dollar handkerchiefs. Who cares about unwashed nerds buying up stocks of underperforming companies? No one, at first. Then lots of people started to care a whole lot when it became clear what those uppity peasants were really up to.\n\nYou see, a bunch of hedge funds had been \u2018shorting\u2019 all those stocks.\n\nWhat is shorting a stock? It\u2019s when you borrow a bunch of stock you think is losing value to profit off the difference in sell price later. To make this work, the hedge fund needs to buy back a bunch of stock for a lower price than the price they borrowed it at (called \u201ccovering\u201d their shorts). The problem facing a couple of these big hedge funds right now has a few different facets.\n\nFirst: GME stock was shorted for more shares than actually existed. That should not be possible. But it is. How? Fucking magic. Basically, the hedges were so sure that the stock price was going to tank they shorted the same shares more than once. Think about that. Bask in the stupidity of it. There was almost no way for everyone to cover their shorts in the first place. Somebody was going to lose their ass no matter what, and the hedge funds did not care who because they were playing with other people\u2019s money, anyway.\n\nSecond: The morons from Reddit are holding most of the shares they needed to buy and uh\u2026 they aren\u2019t selling them for nickels. They are holding out for a big payday.\n\nEconomics 101 time! In the case of both AMC and GME stock, there is not currently a lot of SUPPLY. The hedge funds HAVE TO BUY BACK THE SHARES THEY BORROWED, no matter how expensive they become. With those contracts looming, there is now a ton of DEMAND for those stocks. I don\u2019t want to dumb this down too far, but when you have a lot of DEMAND and very little SUPPLY for a thing, prices are gonna get to climbin\u2019.\n\nAnd climb they did. Gamestock shot to about 4,800% of the short price. This is called a \u201cshort squeeze\u2019 and it sucks for you if you shorted that stock. The hedge funds lost their minds, and also a few BILLION dollars in value overnight. The retail investors smelled blood, and they set their sites on another stock that was heavily shorted: AMC.\n\nThis time the hedge funds were ready, though. Do you think they took that shit laying down? Hell no. Now things get a little dark.\n\nThere\u2019s No Such Thing as a Short Ladder Attack!\n\nThe first salvo fired by Wall Street hedge funds in response to these coordinated short squeezes was their most basic. Several popular retail investing apps like Robin Hood suddenly stopped letting their customers buy AMC or GME stock. Period. They just said \u201cNope. Can\u2019t do it. Nuh uh.\u201d By cutting off the flow of regular joes gobbling up the stocks, they sliced off a huge chunk of the DEMAND that was driving the stock price up. If no one is buying (because you won\u2019t let them), then the hedge funds who need that stock at a low price can breathe easier. Robin Hood is already being sued for this, and several very loud voices in the federal government are demanding answers. RobinHood has claimed that the sudden increase in volume exceeded their required deposits and so they HAD to shut off those stock trades. This may in fact be the case, but it does not excuse the fact that it is their responsibility to execute the trades as required by their customers and their responsibility to provide services as advertised. They did not, and they failed in a way that was suspiciously advantageous to the many hedge fund investors who had also invested in RobinHood. If that smells fishy to you, then your nose is working properly.\n\nIn tandem, the Discord server being used by many retail investors squeezing GME shorts was shut down for \u201chate speech.\u201d The accusation is widely derided as laughable, and the influence of hell-heeled investors is suspected in the strange decision . The AMCstock subreddit disappeared for 36 hours as well, with no clear explanation for the absence. I suppose it could all be coincidental, but that is a lot of coincidences to parse.\n\nBullshido\u2019s Discord server\u2026 for the time being, apparently.\n\nThe next bit of financial witchcraft employed in the war with Redditors was much more insidious. Overnight, lots and lots of AMC and GME stock trades were going through. Hundreds and thousands per second. This is not that abnormal. It\u2019s called \u201dhigh-frequency trading.\u201d Clever little bits of software buy and sell stocks rapid-fire to take advantage of tiny little fluctuations in the prices. High frequency trading is not illegal. Colluding with other investors to use HFTs to affect stock prices is.\n\nWhere the hedge funds may have screwed up a little is in hiding their tracks. First they sent their little bots to beat the price downward by trading the stocks to each other at reduced prices. The actual volume of stock traded and the size of the individual positions stayed the same, but thousands of repeated trades at incrementally lower prices drove the average price downward. You can spot this manipulation when the stock price drops a lot on a high volume of trades that move very little actual stock. Normally, you need a lot of volume to see a big price change when actual market forces are in play. When a lot of people want to buy or sell a lot of something, the price fluctuates because a lot of that thing is being traded. That is not what is happening here.\n\nTo make this trick work tons of these tiny little trades have to happen really really fast. Hundreds a second, even. Each time the bot sells the same stock for fraction of a penny less, slowly eroding the average strike price and bringing the reported stock price down. That is what happened (and is still happening) to AMC and GME. But these bots don\u2019t really have the ability to randomize what they do because little of either stock is actually being traded. Rather, tiny bits of it are being traded OVER AND OVER AGAIN in a repeatable pattern.\n\nBehold the following two charts. These are the stock prices for GameStop and AMC on Feb 1st. Almost every single peak and valley is duplicated in real time, despite them trading at different price points and being different companies in wildly different markets.\n\nIt\u2019s worse in after hours, because MOST retail investors cannot make trades after hours. During the day, retail investors can punch back by buying the stock when this pressure drives the price low (\u201cbuying the dip\u201d). When that happens, demand comes up and the price starts to climb again. With very few retail investors trading after hours, the bots can run wild.\n\nSince AMC closed at 13.80 Feb 1, there has been a concerted attack on the stock during after hours trading. People have been calling this a \u201cshort ladder attack\u201d and irritating lots of smug know-it-alls. There is no record of the term \u201cshort ladder attack\u201d anywhere outside of the Reddit boards and this has caused a lot of poo-pooing. To many stock-savvy types it\u2019s just high-frequency trading doing its thing. What\u2019s the problem? We\u2019ll get to that.\n\nIs this illegal? Probably? Maybe? Hard to say. But what happens when the price drops? People get scared and sell to avoid losing more. Supply starts to go up, prices stay low, and the shorts get to cover at a lower price. The goal is to trick retail investors into selling at a lower price by making it look like the price was tumbling. Even if no one is really trading the stock and the price should not have moved at all.\n\nMisinformation is Still Information, Right?\n\nFIgures don\u2019t lie, but liars often figure. The complexity of these investments makes them ripe for misinformation campaigns. A particularly troubling example of this occurred on Feb 9th. Let\u2019s talk about Fintel.\n\nFintel is a big old financial reporting think tank. They monitor more than 9500 funds on Wall Street, and many funds and investors rely on their data to make important financial decisions. This data is the product they sell and why Fintel exists. Last week they committed a bit of an \u201coopsie\u201d that they are very sorry about. What did they do?\n\nThey altered the short volume for two very volatile and heavily-shorted stocks : GME and AMC. They basically posted one set of stats on Feb 6, and then overnight just\u2026changed them to exactly half the originally reported amount.\n\nWhy does this matter? Well, it did not happen to any other stocks they report on, and it was an oddly convenient error at an oddly convenient time. If you are a hedge fund, that is. You see, if a stock is heavily shorted, then rogue investors (poor people) can buy it up and squeeze the hedge funds for a higher stock price. If it\u2019s not heavily shorted, this won\u2019t work. Fintel\u2019s little faux pas changed the short volume by half on two stocks that are being squeezed pretty damn hard right now, giving the impression there was a lot less squeezing\u2026\n\nThey got caught, of course. Not by a regulatory body or eagle-eyed SEC official. No. It was a regular guy who suspected foul play and took the time to look. He contacted Fintel and they replied with \u201cyeah\u2026 we counted wrong. Sorry.\u201d\n\nMore specifically, what Fintel did was to (accidentally?) alter their data in a way that is beneficial to hedge funds who shorted GME and AMC. They claim the current data is the correct data, except it\u2019s radically different from what they had reported for MOST OF A YEAR up to that point. They changed it overnight on a weekend, where fewer people were likely to see it happen, too.\n\nIn the interests of objectivity, it is entirely possible that Fintel\u2019s excuse of \u201cwhoops, our bad,\u201d is legitimate. Mistakes get made all the time. Now picture yourself filing your taxes. At some point in doing so you make an honest mistake that nets you a big return. How will the IRS react when they catch that mistake? Will they care that you didn\u2019t mean it? Or will they demand what you owe with interest and penalties?\n\nThe case of Fintel\u2019s mistake falls into one of two categories: Gross negligence or outright collusion. It\u2019s an ugly look that on it\u2019s own would cause a rueful head shake. But when added to the high-frequency trading with no volume, retail platform shutdowns, and other market manipulations surrounding these stocks, Fintel\u2019s mistake should not be treated so lightly.\n\nIf you or I made that kind of error, we\u2019d be in jail.\n\nWhich Leads us to This:\n\nWhat the actual fuck is going on in these hedge funds? There is a strange, fuzzy, nebulous line between clever gamesmanship and market manipulation that seems to have faded into outright invisibility. High Frequency Trading is literally a license to change a stock\u2019s price any time you want. Wealthy investors have criminal levels of influence over the tools regular people use to participate in the stock market, and when that doesn\u2019t work they can just lie with impunity. Let us not forget that in 2008 bad investments nearly destroyed the US economy. The taxpayers had to bail out several large (HUGE) companies just to prevent another great depression. Those bad actors are still rich and none of them are in jail. Thirteen years later and nothing has changed.\n\nWell\u2026 something has changed. The veil of obscurity protecting these behaviors gets thinner every day. The Morlocks are getting smarter, and man, there are a lot of \u2018em. I think the Eloi are getting nervous.\n\nWhen a bunch of angry retail investors jumped into the same pool where the big funds swim and started to play by the same (lack of) rules, the response was predictable and disgusting. Market manipulation, purchase restrictions, collusion, manipulation, and outright lies were applied with no hesitation whatsoever. The sheer indignance of some hedge funds about the audacity of regular folks gaming the system in the exact same way they have been for years was telling. CNBC, Bloomberg, MSNBC and other media outlets were flush with angry billionaires calling for censorship of any place where people might talk about doing things to hurt their profits. Doing their part, most of these media outlets played along with the funds by refusing to acknowledge the bad behavior at play, and instead focussing on the recklessness of retail investors .\n\nThis is not a photoshop.\n\nIt\u2019s truly fascinating. Wall Street is now dealing with something it cannot automate or plug into a risk table: The sheer unshakeable stupidity of angry people with nothing to lose and a lot to gain. The average retail investor is playing with their savings account, not a multibillion-dollar portfolio. They can afford to be reckless. You don\u2019t have to be Sun Tzu to understand where the hedge funds might have gotten in trouble, here. When you and your enemy both have a lot to lose, risk must be considered and effects measured to the fourth decimal point. There\u2019s billions at stake for both sides, after all. When you are dealing with an opponent who does not care about the risk and just wants to see you bleed? Well, it turns out that is an altogether different thing. When there are millions of these frothing barbarians? Ouch.\n\nThere is no hiding where we are at. Actions that would earn lengthy prison terms for you or me are being done a hundred times a day on Wall Street. The audacity of the players is simply breathtaking. When regular folks banded together to stick it to \u2018em, the hedge funds did not even try to hide what they were doing. Why should they? The fines for their transgressions will be less than the losses they might take or the profits they may realize. Screwing over the little guy is part of the process and paying SEC fines is merely the cost of doing business. That is how little they respect the regular person and the rule of law. I suppose we always knew that, but watching it happen in real time is a touch disconcerting.\n\nFor historical context, ask a Roman about what happens when you exploit disgruntled barbarians with little to lose and much to gain. Whether or not the lying, manipulation, and securities fraud works this time, and it looks like it could, the game is probably changed forever."
        },
        {
            "id": "c820554a27119e46",
            "title": "Martial Arts Archives",
            "content": "What's it like to have someone actually gouge your eye out AND grab your dudebits in a fight and still win that fight? This guy can tell you! On this episode of The Art of Fighting BS podcast, we have an international SAMBO competitor who goes by the name of \"Blackmonk\" on the Bullshido forums. He's also the frontman for the band Bullshit Detector, if that ain't just f'n awesome."
        },
        {
            "id": "676ecd982d9c5dbc",
            "title": "Covid Denialist Physician Steven LaTulippe Stripped of License",
            "content": "\u201cI want to expose what I call \u2018Corona-mania'\u201d LaTulippe said at the \u201cStop the Steal\u201d rally of November 7th. He went on to say that the Coronavirus was \u201crapidly-mutating\u201d.\n\nThis is, in fact, exact opposite of what SARS-CoV2 researchers have concluded. Indeed, compared to other single-strand RNA viruses, the relatively slow mutation rate of the virus responsible for Covid-19 has been a boon to vaccine researchers, reducing the amount of effort needed to address variants.\n\nLaTulippe listed as his credentials his service in the Air Force and his status as a Christian minister, before transitioning directly into a confession that he and his staff refused to wear masks in his clinic, which was met with applause by the audience.\n\nThe now-former Oregon physician \u201cpetitioned\u201d the crowd to \u201ctake off the mask of shame\u201d before making wild claims that the public health measures were designed to undermine the Constitution and more ridiculously, conflating the \u201cdiameters\u201d of the virus with the particle filtration of the N95 mask, which disingenuously omits the fact that masks are for preventing the spread of respiratory droplets in which the virus is contained .\n\nThis is a common argument among denialists and downplayers, taking advantage of the general public\u2019s lack of understanding on how public health mitigation practices are implemented, and poor scientific literacy in general. Many often key in on a single solution\u2019s inability to completely prevent infection, while either being ignorant of or deliberately omitting the fact that each is a part of a broader comprehensive strategy to reduce, not completely eliminate risk.\n\nThe State of Oregon Takes Action\n\nIn response to being made aware of the video, an investigation was conducted. On December 3, the Oregon Medical Board issued an emergency suspension, finding that LaTulippe \u201c engaged in unprofessional conduct or dishonorable conduct \u201d for informing patients not to wear masks and not to self-isolate based on the idea that others should be infected to obtain herd immunity. Furthermore, the investigation determined that indeed his office did not require masks, did not screen patients for symptoms, and did not even offer hand sanitizer.\n\nThe board concluded that LaTulippe \u201c\u201dconstitutes an immediate danger to the public, and presents a serious danger to the public health and safety.\u201d He is now barred from practicing medicine anywhere in the state of Oregon."
        },
        {
            "id": "1c4b0645611bd431",
            "title": "Health Archives",
            "content": "No, we're not even going to bother with a description. These people are ignorant, and they are dipshits. Here you go. Look at them:"
        },
        {
            "id": "19e575027413082d",
            "title": "Mental Weakness and the \u201cJust World\u201d Fallacy",
            "content": "Every culture teaches its children a version of how the world works that is simplified down to a level kids can understand. But frankly, few cultures do it well, in a way that prepares their children for the harsh realities they will face as adults. And sadly, a lot of them simplify things down to such a sugary fairy tale that some children never outgrow it\u2014going on to be demi-adults with a childish worldview.\n\nThis is, obviously, a problem.\n\nIn Terry Pratchett\u2019s beloved fantasy novel \u201cHogfather\u201d, there is a conversation between Death and his granddaughter that brushes up against the issue:\n\nSusan: \u201cAll right,\u201d said Susan. \u201cI\u2019m not stupid. You\u2019re saying humans need\u2026 fantasies to make life bearable.\u201d\n\nDeath: REALLY? AS IF IT WAS SOME KIND OF PINK PILL? NO. HUMANS NEED FANTASY TO BE HUMAN. TO BE THE PLACE WHERE THE FALLING ANGEL MEETS THE RISING APE.\n\nSusan: \u201cTooth fairies? Hogfathers? Little\u2014\u201d\n\nDeath: YES. AS PRACTICE. YOU HAVE TO START OUT LEARNING TO BELIEVE THE LITTLE LIES.\n\nSusan: \u201cSo we can believe the big ones?\u201d\n\nDeath: YES. JUSTICE. MERCY. DUTY. THAT SORT OF THING.\n\nSusan: \u201cThey\u2019re not the same at all!\u201d\n\nDeath: YOU THINK SO? THEN TAKE THE UNIVERSE AND GRIND IT DOWN TO THE FINEST POWDER AND SIEVE IT THROUGH THE FINEST SIEVE AND THEN SHOW ME ONE ATOM OF JUSTICE, ONE MOLECULE OF MERCY. AND YET \u2014 Death waved a hand. AND YET YOU ACT AS IF THERE IS SOME IDEAL ORDER IN THE WORLD, AS IF THERE IS SOME\u2026SOME RIGHTNESS IN THE UNIVERSE BY WHICH IT MAY BE JUDGED.\n\nSusan: \u201cYes, but people have got to believe that, or what\u2019s the point\u2014\u201d\n\nDeath: MY POINT EXACTLY.\n\nPratchett\u2019s point here is sincere and heartfelt, but comes down on the wrong side of the issue. There is an implicit, elitist smugness, even if unintentional, that accompanies the line of thinking that people can\u2019t rationally understand the value of a thing and need to be manipulated into an irrational belief about it for their own good. It assumes that people are children, that they are mentally weak, and such weakness needs to be worked around rather than addressed directly.\n\nIt is one thing to make an informed choice that justice and fairness matter because you understand that a world without them would be nasty and brutish. It is entirely another thing to brainwash people into believing those values are woven into the fabric of the universe itself because you do not trust them to think for themselves. And this difference is important if you care about improving actual outcomes, because people who learn they don\u2019t have to think for themselves tend to have their thinking done by those without their best interests in mind\u2014weakness invites predators.\n\nThe Just World Fallacy\n\nWhen you put a name to this line of thinking its nonsensical nature becomes clear to just about anyone. Of course the world isn\u2019t a just place, of course life isn\u2019t fair. And then you walk away and immediately go about the rest of your day operating as if it is true anyway. You mumble \u201cwhat goes around comes around\u201d when your asshole neighbor falls off his roof. You pass a homeless person on the street and shake your head at their obviously bad life choices. And when something terrible happens to someone you actually care about, you secretly wonder if \u201cKarma\u201d brought it upon them.\n\nThe consequences of the this mindset are clear: if you believe the world is \u201cjust\u201d, in its very nature, you have no personal responsibility to pursue making it better. You have no duty to intervene when you see someone being assaulted in public, you do not have to care about world events, politics, or even your neighbor screaming in pain impaled on your shared fence if you don\u2019t want to. Just turn up the TV a little bit. If people truly \u201cget what they deserve\u201d, by some supernatural mechanism, you can go about doing whatever you want to do without any guilt. \u201cEverything happens for a reason\u201d, after all, right?\n\nThe consequences of the this mindset are clear: if you believe the world is \u201cjust\u201d, in its very nature, you have no personal responsibility to pursue making IT BETTER.\n\nWell, yes, but no . Everything happens for a multitude of reasons, not any singular reason, and the drive to reduce anything down to a single cause is partly the product of the fact that people don\u2019t want to think very hard about things outside of their control. Doing so is well-beyond uncomfortable, it can be downright terrifying to acknowledge how utterly random the causes of events are. And even more so, the fact that everything happens for a reason, doesn\u2019t mean everything happens for a purpose .\n\nAgain, this kind of thinking is the product of weak minds, and you don\u2019t overcome weakness by ignoring it.\n\nThere are really only two responses to being under a heavy burden\u2014whether literally with a barbell in the gym or figuratively in an adult awareness of the indifferent nature of the world: get crushed by it or get stronger. It takes mental strength to acknowledge that the world is not a \u201cjust\u201d place, that the good often suffer while the evil prosper, and that there is no justice for anyone save for what we pursue at great expense. The childish belief that there are angels and demons shaping the outcomes of our lives must give way to the wisdom that we are our own angels and demons.\n\n\n\nAnd for anyone who isn\u2019t weak, this is a call to action.\n\nSources and More Information\n\nLerner, M. (1978). The Belief in a Just World: A Fundamental Delusion."
        },
        {
            "id": "c6dcc344b3df032a",
            "title": "23 Mass Violence and Bad Active Shooter Training",
            "content": "The global Coronavirus pandemic has had the secondary effect of reducing incidents of school and workplace violence, especially shootings. But as the deployment of vaccines and recent shifts in policy prove likely to get the virus under control, something resembling the previous \u201cnormal\u201d finally seems to be on the horizon. Unfortunately, the occasional mass shooting was also a part of that condition of normality.\n\nMorgan Ballis, an expert on mass violence, comes on the episode to explain how and why much of the so-called \u201cActive Shooter\u201d training taught in workplaces and schools is of dangerously low-quality, and how to address that problem.\n\nMorgan is an emergency management consultant, Marine infantry veteran, and nationally recognized firearms instructor currently pursuing his PhD in active assailant preparedness and risk perception. You can find his website and organization, the Campus Safety Alliance here.\n\nListen below, or Subscribe on your favorite podcast platform"
        },
        {
            "id": "561813d89407a865",
            "title": "5G Karen Repellent Face Mask",
            "content": "$ 12.00 $ 9.95\n\nYeah so we got tired of explaining to Karens of every gender that wearing the mask isn\u2019t for protecting YOU, it\u2019s for protecting everyone else so now we\u2019re here.\n\nMade three layers of 100% cotton to help prevent anyone\u2019s nasty swamp breath from infecting everyone around them but let\u2019s face it, the real point of this mask is to hurt the feelings of people who by now have no excuse to be this stupid. We\u2019re selling these basically at cost, because people who try to make money off human suffering deserve to be launched out of a trebuchet into a fucking wall.\n\nLimited edition, orders shipping now!"
        },
        {
            "id": "33489838a4551013",
            "title": "Decoding Impeachment and Bad Legal Takes",
            "content": "My Facebook and twitter feeds have been inundated with bad legal takes related to impeachment. It\u2019s exhausting if you are, like me, unable to see rampant stupidity and flat-out wrong information not corrected immediately. So, instead of continuing to argue individually, I figured I\u2019d do it here to make my life a little easier. I\u2019m gonna walk you readers through the background, structure, and history of the Constitution and the impeachment clauses generally.\n\nBACKGROUND\n\nThe House voted to impeach President Trump for his actions on January 6th, 2021. They transmitted the Article of Impeachment to the Senate on January 25th, thus beginning the impeachment of former President Trump. Immediately, calls of the impeachment being \u201cunconstitutional\u201d abounded from nonlawyers. Heck, even a few well-respected lawyers like Prof. Turley and Prof. Dershowitz expressed the view that it\u2019s unconstitutional. We\u2019ll get to those arguments later.\n\nThis is flat out and totally wrong. First, let\u2019s examine the constitution. It is broken up into different articles. For our purposes, we\u2019re only concerned with Article I and Article II.\n\nTHE CONSTITUTION: ARTICLE I\n\nPreamble to the Constitution\n\nArticle I concerns itself with the goings-on of Congress. It establishes their authority and the contours of their power. It gives the House the sole power of impeachment and the Senate the sole power to try impeachments. In relevant part, it states that \u201cJudgment in Cases of Impeachment shall not extend further than removal from office and disqualification [from holding future federal office].\u201d This doesn\u2019t actually mandate any penalty for impeachment and does not specify that only current office-holders may be impeached. It literally only states the range of potential penalties that flow from impeachment. Remember this point: it does not mandate any penalty but instead limits the range of penalties.\n\nThis idea of limiting the range of penalties is not new in the Justice system, either. Most states have criminal sentencing schemes that provide a range \u2013 a minimum and maximum penalty \u2014 for a particular crime committed in a particular way. The Judge can\u2019t generally exceed the maximums or go below the minimums. But they are generally free to choose whatever penalty they want within the range.\n\nThus, Article 1 \u2014 the Article of the constitution that defines the contours of Congressional impeachment authority does not actually specify a penalty. Nor does it specify that only current office-holders may be impeached. To be clear, it also doesn\u2019t expressly state that former office-holders may be impeached, as well. This is called an ambiguity. With ambiguities, legal scholars look to the original meaning of the words, the history of the text, and the expectations and understandings of the drafters.\n\nSo, did the Founders contemplate ex officers being impeached? Yes. It was a common practice in England, was referenced in the federalist papers, and has happened in numerous instances in our country\u2019s history. Remember, the House has the sole power of impeachment and Article 1 does nothing to limit who may be impeached. Moreover, it makes no sense to allow an individual to resign prior to conviction in order to evade the consequences of their bad conduct.\n\nBut wait, can anyone be impeached?\n\nSurprisingly, this will not be the worst pun in this article\u2026\n\nNo. To be impeached, you must hold an office. You can\u2019t be impeached for doing a bad job if you don\u2019t have a job. Plus, the text makes it clear that only current or former officers may be impeached and tried because Article 1 states that removal from office and disqualification are the only punishments allowed. In short, you can\u2019t be impeached unless you held an office of the United States.\n\nOkay, back from that detour. So the Founders understood that impeaching and disqualifying former officers was permissible and allowed. Has it ever happened before? Well, yes and no. The closest case was that of former Secretary of War Belknapp. Belknapp did all sorts of bribery schemes and was impeached. Prior to trial, he resigned. What happened?\n\nBelknapp argued the Senate had no jurisdiction to try him because he was no longer a current officer. The Senate disagreed and, before commencing trial, affirmed its jurisdiction by vote. Belknapp was tried and narrowly acquitted.\n\nBut those senators who acquitted did so because they didn\u2019t have jurisdiction\u2026\n\nWrong and misleading, imaginary contrarian. While the Senators who voted to acquit may have done so because they didn\u2019t believe they had jurisdiction, that doesn\u2019t actually mean jurisdiction didn\u2019t exist. It did \u2014 the Senate affirmed that before commencing the trial. It\u2019s more like jury nullification rather than anything else. Juries are free, generally, to disregard the law and find a factually guilty defendant innocent. It doesn\u2019t change the facts and it doesn\u2019t change the law. It\u2019s one jury deciding that, in their view, the law shouldn\u2019t be applied in this instance.\n\nNo, not this either.\n\nSo, in summation, yes, the Senate has authority to try and even to convict former officers even if some Senators don\u2019t believe they have jurisdiction. It\u2019s no different from a jury finding a defendant accused of possessing marijuana \u201cnot guilty\u201d even if there is video of that defendant smoking pot and saying \u201cI love having marijuana in my front right pocket all the time\u201d. That particular jury may not believe that the conduct should be punished but it doesn\u2019t change the fact possession of marijuana is, generally, a crime.\n\nHaving examined the contours of Article I\u2019s impeachment clauses and their application throughout history, let us move forward to Article II\n\nARTICLE II\n\nSection 4 of Article II states that the \u201cPresident, Vice President, and all civil Officers of the United States shall be removed from office on Impeachment for, and Conviction of . . . high Crimes and Misdemeanors\u201d. Some laymen and bad-faith legal scholars construe this to mean that only current, sitting officers may be impeached. This is wrong.\n\nFirst, Article II concerns itself with the Executive power of the United States. It contours and defines the authority of the President and other civil officers (think cabinet secretaries and the like). Stop and think for a second: Why would limitations on the exercise of impeachment power (defined and articulated in Article I) be modified and narrowed in the Article that deals with Executive power?\n\nI\u2019ll help you: it wouldn\u2019t and it doesn\u2019t. Article II, Section 4 (the part that says that civil officers shall be removed\u2026) doesn\u2019t actually limit the scope or authority of Congress. It only mandates that, upon conviction, a sitting office-holder shall be removed. Nothing in this text expressly or impliedly limits the scope of impeachment power because this Article doesn\u2019t actually deal with the impeachment power. It simply says that if a civil officer is convicted they shall be removed. It doesn\u2019t even mention disqualification. It sets a mandatory minimum for a certain class of individuals but it does nothing to limit conviction or impeachment to former officers\n\nOKAY BUT THE CHIEF JUSTICE ISN\u2019T PRESIDING SO ITS UNCONSTITUTIONAL\n\nChief Justice John Roberts (Right)\n\nHard disagree, imaginary contrarian. While I definitely believe the Chief Justice should preside over the trial of any former President, the text of the Constitution makes it fairly clear that such a requirement is only necessary when the sitting President is on trial. Otherwise, it\u2019s up to the Senate rules \u2014 and the Supreme Court likely won\u2019t question that. Why?\n\nLet\u2019s talk Nixon, no, not that Nixon. Judge Nixon, an Article III* judge, was convicted and incarcerated for perjury. Yet, despite being incarcerated, he refused to resign from the judiciary. Thus, we had a federal judge in federal prison earning a federal salary for doing absolutely nothing. The only way to remove an Article III judge who refuses to resign is through impeachment. So, the House impeached and the Senate delegated a committee to hear evidence and make recommendations. The committee recommended convicted and the Senate quickly voted and convicted Judge Nixon, removing him from Office.\n\nJudge Nixon sued, stating that he was not afforded a \u201ctrial\u201d as contemplated in the Constitution. The Supreme Court refused to adjudicate the case because it constitutes a \u201cpolitical question\u201d. The political question doctrine is a doctrine that keeps the Supreme Court from overly interfering in matters wholly within the purview of another branch. Essentially, they said \u201cthe Senate has sole power of trying impeachments and we\u2019re not gonna second guess their determination of how trying impeachments should go.\u201d Of course, textually, its clear that the Chief Justice must preside at the trial of a sitting President yet no such requirement exists for trying someone who is not the President at the time of the trial. Again, to be clear, I believe the Chief Justice should preside but there is absolutely no requirement that he must do so in this instance.\n\nBUT I\u2019M STILL NOT CONVINCED\n\nNow this isn\u2019t even a damn pun\u2026\n\nOkay, I\u2019ll give it one more shot. If impeachment and conviction applied only to current sitting officers, an impeached President could resign before conviction and avoid being removed or disqualified from future offices. A President could resign to avoid impeachment, be appointed Vice President by the current President (who is the former Vice President), and then the current President could resign and the impeached President will become President again. Is that how you think the Founders intended the system to work?\n\nA Cabinet Secretary can be impeached, resign, and be re-appointed in order to avoid conviction and removal. Is that how the Founders intended the system to work?\n\nLimiting impeachment only to current office-holders renders the disqualification clause toothless and creates an unintended and inequitable loophole by which bad actors can escape the consequences of their actions. That is not justice and that is not what our Founders contemplated when drafting the Constitution or the impeachment clauses.\n\nBUT WHAT ABOUT DERSHOWITZ?\n\nGreat question. Prof. Dershowitz argued in the Wall Street Journal that you can\u2019t impeach a former president. It does a terrible job. The crux of his argument is that Article II, Section 4 states that the President shall be removed upon conviction. He then adds in the Article I language discussed above \u201cjudgment in cases of impeachment shall not extend further than to removal and disqualification\u201d. This is contradictory and misleading for a number of reasons.\n\nFirst, as discussed above, Article II, Section 4 only prescribes the minimum required punishment for a sitting official who is convicted after impeachment. Removal. That\u2019s it. Article II, Section 4 does not mandate even disqualification. Indeed, the issue of disqualification would be, per Senate rules, a separate vote after an individual is convicted.\n\nSecondly, Article I, as discussed above, sets the maximum punishment for individuals who are impeached and convicted. They may only be removed and disqualified. They cannot be jailed or incarcerated by Congress. By omitting mandatory disqualification in Article II (the part of the Constitution regarding executive authority), the Founders clearly intended to convey the possibility of an ex-office holder being impeached and convicted. Prof. Dershowitz\u2019s argument that the \u201cand\u201d in Article I mandates that both removal AND disqualification are required for a constitutional Senate trial is defeated by the plain text of the Constitution. If both elements were required, then Article II would have included mandatory disqualification along with mandatory removal.\n\nThird, the rest of Prof. Dershowitz\u2019s article notes that Congress did not impeach and try Nixon after he resigned. This, of course, ignores the glaringly obvious point: Nixon was not eligible to run for President again. There was no need to seek disqualification and no office to remove him from.\n\nWhat does Prof. Turley say? Essentially the same thing as Prof. Dershowitz . Prof. Turley essentially argues that because disqualification is an optional step, the predominant purpose is removal of unfit officers. While this argument does seem to have merit, it is ultimately unpersuasive. The Constitution enumerates only two penalties available for impeached and convicted officials and there is no reason to artificially limit one of the two simply because the official isn\u2019t subject to the other. Again, the Founders did not intend to allow an official to escape the consequences of their misconduct by resigning.\n\nIn the end, both pieces argue essentially the same thing: That impeaching former officials would be disastrous, have far reaching consequences, and be a political WMD. While those are valid points, they do not render the action unconstitutional. Bad politics doesn\u2019t make something violative of the Constitution no matter how many times people scream that it does.\n\nWRAPPING IT UP\n\nIn short, the Founders were well-versed in post-office impeachments and trials and expressly contemplated the possibility in their contemporaneous writings of the time. They did not include any language that limits the impeachment and trials in the Constitution and there is no evidence that they intended to do so. Contrast this with things like Bills of Attainder or ex-post-facto laws, which are expressly prohibited. Barring former officials from being impeached and tried renders the disqualification consequence entirely toothless (indeed, Belknapp resigned in an attempt to evade the consequences of impeachment). And, several times in our history, former officials have been impeached and tried. Thus, there really is no good-faith debate about this issue: Former officials can, and if appropriate, should be impeached and tried. It comports with the text, the history, and the historical practice of impeachments going back centuries.\n\nLastly, a few disclaimers because I\u2019m a lawyer (but not your lawyer) and I love disclaimers: This article is not intended to communicate or advocate any position on whether conviction is proper, necessary, or factually/legally supported. I\u2019m only discussing whether former officers CAN be tried, not whether they should be convicted. Secondly, all opinions are my own and do not necessarily reflect the views of any of my employers.\n\n*That\u2019s another article.\n\n\u2026and yes I\u2019ll show myself out for that amazing pun."
        }
    ],
    "label": 2,
    "label_text": "high"
}