{
    "source": "buzzfeednews.com",
    "articles": [
        {
            "id": "c398e2baefbc04bf",
            "title": "Ohio Has Reemerged As A Battleground State And It\u2019s A Huge Problem For Donald Trump",
            "content": "COLUMBUS , Ohio \u2014 It wasn \u2019 t supposed to be like this in Ohio until suddenly it was : both presidential campaigns in the state this week , showering voters with the attention and flattery they were told not to expect in 2020 .\nDemocratic presidential nominee Joe Biden huddled with union workers in Toledo and Cincinnati , calling the latter the \u201c starting gate \u201d to victory .\nVice President Mike Pence campaigned for the Republican ticket in Columbus , leading a daytime crowd in the Ohio State Buckeyes \u2019 rally chant ( O-H ! )\nas food  deep-fried cheese curds and potatoes .\nNational political reporters , meanwhile , wondered if the state might deliver Biden a quick and decisive victory on election night .\n\u201c It 's on , Ohio , \u201d Pence told supporters gathered outside a local concrete and construction firm .\n\u201c Ohio always looms large in a presidential election , all throughout our history , and that 's just as true today.\n\u201d Months ago , no one in either party could say such a thing with confidence .\nDonald Trump beat Hillary Clinton here  years later , Republicans won all but one partisan statewide office , prompting national Democrats to write Ohio off as a lost cause .\nAs swing states go , it was starting to look a lot like Missouri , a once-reliable bellwether that swung right in 2000 and never swung back .\nHere and now , though , Trump is in real trouble in a place it \u2019 s hard to imagine him winning reelection without .\nPolls show a tight race .\nHis reelection campaign keeps canceling reservations for TV ads ,  with his own .\nAnd down-ballot Republicans are distancing themselves from a president who is losing ground with several constituencies \u2014 older adults , suburbanites , white voters with a college education \u2014 that helped carry him in Ohio four years ago .\n\u201c There are a lot of Republicans out there who are not happy with what \u2019 s happening on the national scale and looking for someone who can be a uniter on the state level , \u201d Mehek Cooke , a Republican trying to flip an Ohio House district anchored  an interview with BuzzFeed News .\nCooke , a lawyer who worked in former governor John Kasich \u2019 s administration , pitches herself as an ally to both the police and the Black Lives Matter movement that Trump often disparages .\n\u201c I can \u2019 t change the national , \u201d she said .\n\u201c I \u2019 ve been able to reach across party lines and talk about unity.\n\u201d Ohio \u2019 s clear reemergence as a battleground crystallized in recent weeks and has coincided with Trump \u2019 s coronavirus diagnosis , which  debate in Cleveland .\nIt was another reminder of how Trump , 74 , constantly downplays a pandemic that has killed more than 215,000 Americans \u2014 from his refusal to consistently wear a mask in public to insisting , even after his brief hospitalization , that people should not be afraid of the virus .\nSome Republicans wonder if it \u2019 s already too late for Trump in Ohio .\nVoters here began casting early ballots last week and \u2014 like those in other states worried about the coronavirus pandemic , slow mail  sites \u2014 have been doing so at a record pace .\n\u201c So much of the cake is baked , \u201d Nicholas Everhart , who runs an Ohio-based Republican advertising firm , said in an interview .\n\u201c When and how does he stop that bleeding and trajectory ?\nThe opportunity for a late October surprise \u2026 has less of an impact with so much of the hay already in the barn.\n\u201d Even faithful supporters don \u2019 t feel great about Trump \u2019 s quick return to the campaign trail and aren  for him to come back to Ohio any time soon .\nLinda Delbert , a fan of the president \u2019 s , cringed at the question Monday in Columbus while waiting for Pence , the fabric of her Trump mask sucked inward as she considered a reply .\n( She was one of the few in the crowd to wear her mask firmly over her nose and mouth . )\n\u201c That \u2019 s a hard thing to say , \u201d Delbert , 70 , answered after about five seconds .\n\u201c You  best .\nI think he 's just a really high-energy person .\nHe \u2019 s a workaholic.\n\u201d A Quinnipiac University poll released Wednesday found a statistical tie between the candidates in Ohio : Biden at 48 % , Trump at 47 % .\nAmong those 65 and older , Biden led , 52 % to 44 % .\nOther recent polls in the state have shown Biden tied or ahead with seniors and leading with other groups that favored Trump four years ago .\nFox News , for example , measured Biden  women and white voters with college degrees .\nBiden also consistently leads Trump overwhelmingly among Black voters .\nThe tightening in Ohio is pronounced enough that Republicans know their candidates for local office are also at risk .\nThose in the crowd applauded politely Monday when Pence promoted Trump \u2019 s agenda and booed accordingly when he bemoaned cancel culture \u2014 on Columbus Day , in a namesake city where the removal of a Christopher Columbus statue over the summer reignited the tensions between those who view it as a symbol of genocide  a point of Italian pride .\nThey saved their loudest cheers for when the vice president urged the reelection of Rep .\nTroy Balderson , who barely won his seat two years ago in what \u2019 s become a competitive suburban district .\n\u201c I think a lot of people do not like the president , \u201d said Delbert , wrestling with the question of where Trump went wrong in Ohio .\n\u201c That 's what I 'm finding \u2014 that , you know , a lot of people just do n't like  @"
        },
        {
            "id": "cf95a40473166cc2",
            "title": "If You Find The Omicron News Depressing, Here\u2019s How Therapists Recommend You Cope",
            "content": "When you woke up to the news that there was a potentially dangerous new COVID variant called Omicron \u2014 a comic book villain name if there ever was one \u2014 you may have felt some things .\nYou might have had a heavy heart .\nFelt depressed .\nOr maybe that tiny , tiny bubble of hope that was growing , the thought that we may have turned a pandemic corner and things would get better , abruptly burst .\nThe news is hitting at a time , at least in the United States , that is generally about family  to others .\nAs an added layer of bleakness , the news was also a blunt reminder that despite the availability of safe and effective boosters in the US , much of the planet doesn \u2019 t have access to any type of COVID vaccine at all .\n\u201c The pandemic has made people feel traumatized and vulnerable and this Omicron is like a trigger , as it would be for any traumatic situation , \u201d said Dr. Vivian Pender , president of the American Psychiatric Association .\nPender said when the news  , and her patients started calling almost immediately .\n\u201c I \u2019 ve seen them to be more anxious than they have been before , even to the point of panic , \u201d she said .\n\u201c When these variants come up , with Delta and now even more so with Omicron , it \u2019 s sort of this re-experiencing of the whole 20 months of this , \u201d said Dr. Ashley Matskevich , a Boston-based psychiatrist who is also on the faculty at Harvard Medical School .\n\u201c It \u2019 s like  We asked mental health experts for tips and advice on how to deal with the latest in a seemingly never-ending wave of not-great pandemic news .\nCheck in with yourself Every person reacts differently to the news and there \u2019 s no right or wrong way to feel .\nYou may feel anxious , afraid , numb , annoyed , or in denial .\nYou might have even laughed at the utter ludicrousness of the situation .\nJust about every emotional reaction is normal , Matskevich said .\nHowever , it helps to  \u201c I think COVID , and especially Omicron now , can heighten existing problems , \u201d she said .\n\u201c It \u2019 s really much easier to feel happy in your relationship and friendships on a fair weather day.\n\u201d It can affect your mood and how you feel and act toward other people , so it helps to try to remember that as you interact with people , she said .\n\u201c It \u2019 s not your spouse who 's the idiot for not being upset about not being able to go  .\n\u201c It \u2019 s a really challenging situation.\n\u201d Focus on things you can control One thing that \u2019 s certain \u2014 there \u2019 s much that is outside our control , and that includes new COVID variants .\n\u201c There is the idea of how much this pandemic has taken from us and a really legitimate fear about what else it will take , \u201d Matskevich said .\n\u201c There are so many things coming that people are looking forward to and it \u2019 s really devastating to think we are  recommends focusing on the things that you can control , such as wearing a mask when indoors , getting vaccinated , and scheduling a booster if you are eligible .\nBe aware of things that might trigger anxiety Matskevich recommends that you notice your reactions to triggers and make behavioral modifications that help you look out for yourself .\nShe said she initially signed up for a daily roundup of COVID news until she found that it was a problem for her .\n\u201c I realized that every day at 6 p.m. ,  , my mood tanked , \u201d she said .\nShe unsubscribed from the email , and \u201c it did really help , \u201d she said .\nShe noted that \u201c it \u2019 s tough \u201d because it goes against our impulse to stay informed during a situation that appears threatening .\nHowever , we also won \u2019 t really know for a few weeks how dangerous Omicron is , or how protective current vaccines are against it .\nThere is no reason to be endlessly on your phone refreshing news feeds , she  place limits on myself in that way.\n\u201d One coping technique is to schedule a time to get updates on what \u2019 s happening with the pandemic .\nWorry postponement is \u201c essentially saying , yes I can worry about this , I can doomscroll or whatever it is , but it will be 4 p.m. on Friday , \u201d Matskevich said .\nEndlessly reading \u201c a million news articles \u201d can interrupt sleep and lead to sleep deprivation , anxiety , and depression , and reduce the chances that you will do  , she said .\n\u201c I almost view it as like a news pandemic and a COVID pandemic in terms of the impact on mental health , \u201d says Matskevich .\nRecognize when you are ruminating Rumination is an endless cycle of negative thoughts , a bit like a hamster running on a wheel .\nIt can contribute to anxiety and depression , but you might not even be aware that you are doing it .\n\u201c Journaling can be really helpful for that , \u201d Matskevich said .\nIf therapy is an  the cycle of repetitive negative thoughts .\nOther than that , strategic distractions , like getting into work , reading , and exercising , are all helpful and healthy coping behaviors when it comes to halting rumination , she said .\nCatastrophizing is imagining the most extreme and worst possible scenario in any given situation .\nFor example , if you have an ache or pain , you immediately think you have cancer , or if you have a fight with your partner , you assume that you will break up and that  .\nIf you find yourself going there , try giving yourself a reality check , aka a thought challenge , says Matskevich .\n\u201c Thought challenging is like swimming up-tide , \u201d Matskevich said .\n\u201c Say to yourself , is there any evidence that I can find that this might not be true ?\nOr is there any evidence I can find that the best-case scenario is also possible ?\n\u201d Pender says it \u2019 s also important to avoid potentially negative coping mechanisms .\nFor example , she recommends avoiding drugs  feel better .\n\u201c Using drugs or alcohol to deal with stress makes it worse in the long run , \u201d she said .\n\u201c In psychiatry , we talk about looking at your own evidence , \u201d she said .\nIt helps to realize that we \u2019 ve gotten through this before and \u201c we \u2019 ve still landed on the other side , and gone to dinner with friends and gone to events , \u201d she said .\nBy contextualizing the news , it \u2019 s a reminder that this is  , she said .\nIt \u2019 s important not to lose sight of the great scientific accomplishments that have been achieved in terms of vaccines and treatments , as well as \u201c how people have weathered this incredible challenge , \u201d said Dr. Reynold A. Panettieri Jr. , vice chancellor for translational medicine and science at Rutgers University .\n\u201c If we look at challenges in the world , World War II was seven years , and we are starting our second year , \u201d he said .\n\u201c We are going to  that we have to do it on terms that the virus dictates , not necessarily our terms.\n\u201d It \u2019 s OK to temporarily distract yourself by binge-watching a show , reading a book or doing some activity to take your mind off the news .\n\u201c It \u2019 s a great coping mechanism to be distracted by something warm and fuzzy , \u201d Pender said .\n\u201c People who have pets are in a good position.\n\u201d Matskevich recommends that people choose an activity outside work that is also ongoing , enjoyable  into distance running for her mental health , but other ideas could be trying every recipe in a cookbook or knitting a sweater .\n\u201c Having something that feels motivating and purposeful but also enjoyable is really important , \u201d she said .\nIt \u2019 s more important than ever to connect with other people , Pender said .\n\u201c Loneliness is really hurting people , \u201d she said .\n\u201c Now is the time to expand your social network as much as possible.\n\u201d If you are feeling burned out or overly  , family , and colleagues so you don \u2019 t feel like you are alone and isolated , Pender said .\nYou will probably find a lot of people are feeling the same way you are .\nTake care of yourself or others It \u2019 s important to get enough sleep , eat well , exercise , or do anything else that \u2019 s healthy and can make you feel better , Pender said .\nYou can try mindfulness , breathing exercises , or meditation .\n\u201c Even just taking a walk ,  something altruistic can also help , such as working at a soup kitchen or taking calls at a mental health hotline .\n\u201c If you are in a position to do that , you should do it , \u201d Pender said .\n\u2018 It helps you feel better.\n\u201d If none of these are helping , or aren \u2019 t helping enough , experts recommend you seek help with a mental health professional .\n\u201c If somebody is ruminating so much that they are not able to engage in relationships or they are  then they should get a consultation with a psychiatrist or a primary care provider who can refer to a psychiatrist , \u201d Pender said .\n\u201c There 's no one on this earth , if they are open to it , who would not benefit from an hour a week of therapy , \u201d Matsekvich said .\n\u201c Life is hard and therapy is great.\n\u201d The pandemic has changed one thing for the better \u2014 more mental health professionals offer virtual visits , which can hopefully make it easier to get help  will likely be a combination of virtual and in-person visits .\n\u201c For many , it \u2019 s made mental health care more accessible , \u201d Pender said .\n\u201c Telehealth is here to stay.\n\u201d The US National Suicide Prevention Lifeline is 1-800-273-8255 .\nThe Trevor Project , which provides help and suicide-prevention resources for LGBTQ youth , is 1-866-488-7386 .\nYou can also text TALK to 741741 for free , anonymous 24/7 crisis support in the US from the Crisis Text Line .\nFind other international suicide helplines at Befrienders Worldwide @ @ @ @"
        },
        {
            "id": "48f702de193b913b",
            "title": "Atlanta Mayor (And Possible Joe Biden VP Pick) Keisha Lance Bottoms Has Tested Positive For COVID-19",
            "content": "BuzzFeed News has reporters around the world bringing you trustworthy stories about the impact of the coronavirus .\nTo help keep this news free , become a member .\nBottoms , who is seen as a top contender to be Joe Biden 's running mate on the Democratic presidential ticket , tweeted that she had no symptoms when she tested positive .\nAtlanta Mayor Keisha Lance Bottoms announced Monday she has tested positive for COVID-19 , the disease caused by the novel coronavirus , as Georgia fights an uptick in cases of the virus .\nBottoms told MSNBC 's Joy  for COVID-19 , despite the fact that they had been taken precautions and both tested negative two weeks ago .\n`` It leaves me for a loss of words because I think it really speaks to how contagious this virus is , '' Bottoms told MSNBC .\n`` And we 've taken all of the precautions that you can possibly take .\nWe wear a mask .\nWe 're very thoughtful about washing our hands .\nI have no idea when and where we were exposed . ''\nShe said her husband 's  seasonal allergies were the only indications that they should both get tested again .\n`` This is just a lesson for everyone that you have to take every single symptom seriously , '' Bottoms said on MSNBC .\nThe mayor spoke at a press conference Sunday , following the shooting death of 8-year-old Secoriea Turner in Atlanta on Saturday , where she pleaded for an end to gun violence .\nBottoms told MSNBC that she had reached out to Turner 's parents to let them know of her diagnosis , and said she  next two weeks ."
        },
        {
            "id": "e0f4db6763d9b2e5",
            "title": "A Federal Judge Appointed By Trump Ruled To Let Church Gatherings Resume In Kansas",
            "content": "The journalists at BuzzFeed News are proud to bring you trustworthy and relevant reporting about the coronavirus .\nTo help keep this news free , become a member and sign up for our newsletter , Outbreak Today .\nA federal judge in Kansas ruled in favor of two Baptist churches challenging a ban on religious gatherings over 10 people , issuing a temporary restraining order on Saturday that found Gov .\nLaura Kelly \u2019 s restrictions for public assemblies during the coronavirus pandemic had likely violated the churchgoers \u2019 constitutional rights to religious exercise .\nUS District Court Judge John  Trump in 2017 , wrote in a four-page order that the state can not enforce its April 7 stay-at-home order \u201c prohibiting religious gatherings involving more than ten attendees , \u201d as long as the two churches use social distancing measures .\nFiled by the Alliance Defending Freedom , a conservative Christian legal group , the case is one of several challenges by religious organizations in the past couple weeks that attempt to block social distancing and shelter-in-place orders .\nThe group has contended the rules can unfairly punish people of faith .\n \u2019 s efforts , the Trump administration on Tuesday filed in court in Mississippi to help challenge a ban on drive-in church services .\nIn Kansas , the First Baptist Church of Dodge City and Calvary Baptist Church of Junction City had sued on Thursday to challenge the governor \u2019 s April 7 executive order that largely banned public assemblies over 10 people .\nThat state \u2019 s ban didn \u2019 t provide an exemption for religious groups , even though it explicitly allowed bars and restaurants to stay open if they take  libraries were also allowed to remain open .\nIn blocking the policy while the case proceeds , Broomes said the churches were likely to prevail to their challenge because the governor \u2019 s social distancing policy was overly broad and treated the churches differently than secular activity .\nBroomes wrote : \u201c Plaintiffs are likely to suffer irreparable harm in the form of denial of their constitutional right to the free exercise of their religion , arising from state-imposed restrictions on religious exercises that are not narrowly tailored to further the compelling governmental  19 , and which are more severe than restrictions on some comparable non-religious activities.\n\u201d According to the decision , the churches must abide by a set of social distancing measures proposed in their lawsuit , including keeping crowds under 50 people , avoiding physical contact , and deep-cleaning the churches before gatherings .\nThe ruling will remain until May 2 , Broomes said , \u201c unless extended by the court for good cause .\n\u201d"
        },
        {
            "id": "8dfb9059a53894e2",
            "title": "Pennsylvania\u2019s \u201cNaked Ballot\u201d Problem Is Spooking Elections Officials",
            "content": "WASHINGTON \u2014 Pennsylvania elections officials are scrambling to educate voters on how to properly submit their mail-in ballots after the state Supreme Court ruled officials can reject ballots received without secrecy envelopes .\n\u201c You know , it \u2019 s very concerning because we can see 30,000 to 40,000 ballots that can very likely be thrown out , just in Philadelphia , in this upcoming general election , \u201d Philadelphia City Commissioner Lisa Deeley told BuzzFeed News during a phone interview Thursday .\n\u201c And we know in Pennsylvania , you know , after what we saw in 2016 ,  election.\n\u201d Last week , the Pennsylvania Supreme Court ruled officials can reject ballots that are not enclosed in a secrecy envelope to conceal how a person voted .\nThis is a reversal from just this summer , when local election officials had instructed counties to count ballots that came in \u201c naked , \u201d or outside of their secrecy envelopes , in June \u2019 s elections .\nDeeley , an elected Democrat , is calling on the state legislature to eliminate the secrecy ballot altogether .\n\u201c One voter who is disenfranchised  told BuzzFeed News .\n\u201c But we are disenfranchising tens of thousands of voters under the cover of law .\nIt is n't fair to Pennsylvanians that their vote will not be counted on a mere technicality , which is really a vestige from the past.\n\u201d The court decision has officials and local advocacy groups rushing to do a last-ditch voter outreach campaign on the new rule , just over a month before the presidential election .\nThe result of that outreach could decide the presidency : Donald Trump won Pennsylvania with  in 2016 .\nDeeley said the city commissioners \u2019 office is adding messaging to its communications plan that would advise voters on how to properly submit their mail-in ballot .\nSince the ruling , the commissioners \u2019 office has added a step-by-step explainer graphic on secrecy envelopes to its website and social media platforms .\nThe decision adds to an onslaught of confusion for Pennsylvania voters , from the fearmongering around mail-in voting coming out of the White House to the bevy of lawsuits from the Trump campaign that threaten the state \u2019  .\nThis election marks the first time Pennsylvania voters will widely use mail-in voting options .\nPennsylvania Gov .\nTom Wolf has pushed mail-in voting as a safe way to vote during the pandemic .\nCurrently , 16 states require a secrecy sleeve to validate mail-in ballots .\nIt \u2019 s a measure installed for security and was first adopted by states like Kentucky to avoid voter intimidation .\n\u201c The challenge is balancing voter privacy with voter accessibility , \u201d Kentucky \u2019 s former secretary of state Trey Grayson told BuzzFeed News  sounding the alarm about votes being tossed , but in another context , other groups could sound the alarm about voters losing the secrecy of the ballot.\n\u201d But in states like Kentucky , there \u2019 s a \u201c cure \u201d option , where , in some cases , voters have an opportunity to either resubmit their ballots , vote in person , or give up their anonymity should their ballots be deemed invalid .\nThe practice , however , requires a longer voting period or rules that allow votes to be counted  .\nIn the meantime , nonprofits are committing to voter outreach around the issue as best they can during a pandemic .\nDavid Thornburgh , president of the Committee of Seventy , a Philadelphia-based good government organization , has held events on Facebook Live , Zoom , and panels that have reached a couple hundred people .\nBut its voter outreach campaign , WeVote , which partners with large businesses like health insurers , could reach a half-million voters , he said .\n\u201c At one level , it \u2019 s real simple  , an outer envelope , and you need to use both when you are returning your mail ballot for it to count , \u201d Thornburgh said .\n\u201c The challenge is , we \u2019 ve got 10 or 15 times as many people voting by mail in this election than we did four years ago.\n\u201d The ruling has inspired partisan nonprofits to organize .\nRepresent PA , a Philadelphia PAC looking to support more women running in state and federal elections , holds biweekly \u201c breakfast briefings \u201d for women all over  in the political process .\nExecutive Director Christine Jacobs said Thursday 's event centered around election security and , in light of the recent court ruling , naked ballots .\n\u201c All of the Republican discussions are designed around putting restrictions on voting rather than encouraging people to vote , \u201d Jacobs said .\n\u201c I think that the feeling is the exuberance of making sure that the Democrat votes are held up.\n\u201d Jamie Perrapato , who heads Turn PA Blue , called the decision a \u201c form of voter suppression \u201d  combat it , adding language to their voter outreach scripts and planning to share graphics on how to properly submit a ballot .\nBut overall , Perrapato said , this just adds to the anxiety so many people are feeling around voting : \u201c I just keep yelling : There \u2019 s two envelopes ; don \u2019 t throw anything out !\n\u201d"
        },
        {
            "id": "d7de43814dc06637",
            "title": "His Victory Was Major For Progressives. Now He Wants To Keep It Going By Expanding The Supreme Court.",
            "content": "WASHINGTON \u2014 At 33 and not yet a member of the House of Representatives , Mondaire Jones might not seem like the obvious choice to lead Congress in the fight to expand the Supreme Court \u2014 but come January , he hopes to do just that .\n\u201c There 's not been a leader on this issue in the House of Representatives .\nI 'm excited to be the point person in the House of Representatives on this subject area , \u201d Jones said in an interview with BuzzFeed News on Monday .\n\u201c I think that [ reform like  we can have durable progressive legislation that will stand the test of time when faced with opposition from political hacks on the Supreme Court and in the lower courts.\n\u201d Jones won the primary to replace New York Rep. Nita Lowey earlier this year , garnering endorsements from Rep. Alexandria Ocasio-Cortez and Sens .\nBernie Sanders and Elizabeth Warren .\nThe district is heavily Democratic , so Jones is expected to win the seat in November .\nHe and Ritchie Torres , another Democratic congressional nominee in New York , are likely to  members of Congress .\nAnd for months , he \u2019 s made expanding the number of justices on the Supreme Court central to his progressive agenda .\nIt \u2019 s an idea that has gained increasing traction among Democrats in Congress and liberal groups following the death of Justice Ruth Bader Ginsburg last Friday and Senate Majority Leader Mitch McConnell \u2019 s vow to hold a vote on her replacement this year .\n\u201c It is time we do something about the Roberts court 's assault on democracy .\nExpanding the Supreme Court  wrote in an opinion column published by Salon in April .\n\u201c Court expansion would not cause a death spiral of democracy .\nThat death spiral is already here .\nAnd it will only get worse if we do nothing.\n\u201d Now , in the wake of Ginsburg \u2019 s death , Jones is reiterating his call , pushing for 13 seats on the Supreme Court instead of the current nine \u2014 and calling on former vice president and current Democratic nominee Joe Biden to join him in that fight .\nBiden hasn  Friday but has previously argued against court-packing , saying it would set a dangerous precedent and \u201c come back and eat us alive.\n\u201d \u201c It is the case , and has been for many years now , that there is a hyperpartisan conservative majority on the Supreme Court of the United States that is hostile to democracy itself and the will of Congress , \u201d Jones told BuzzFeed News on Monday .\n\u201c There has not been a democratic institution that Justice Roberts and his majority has not been hostile to ,  of elections , or efforts to make it easier for folks who are eligible to vote to have their voices heard.\n\u201d Even under a Biden presidency and with Democrats in the majority in both chambers , Jones worries that the Supreme Court could still be a major impediment to a progressive agenda .\n\u201c I know that in 2021 , when Democrats have unified control of the federal government , that we will still have as a major obstacle having the progressive legislation that we enact upheld when it is challenged in  .\n\u201c If democracy is to be preserved , we have to expand the size of the Supreme Court and restore balance .\n\u2026 Roe v. Wade , the civil rights of LGBTQ people like myself , [ and ] the civil rights of racial minorities like myself are all at risk of being abridged by what may end up being a 6\u20133 conservative bloc on the Supreme Court.\n\u201d The idea of expanding the court has attracted new disciples in recent years , after Senate Majority Leader Mitch McConnell refused to hold  Obama \u2019 s Supreme Court nominee , Merrick Garland , in the eight months leading up to the 2016 election .\nMcConnell argued at the time the next president needed to be the one to replace the late Justice Antonin Scalia , who died in February that year .\nNow , with just weeks to go before the election , McConnell has announced that President Donald Trump \u2019 s nominee to replace Ginsburg will get a vote on the Senate floor .\n( McConnell argues that he blocked Garland not only because it  Senate and the White House were controlled by different parties . )\n\u201c Mitch McConnell set the precedent .\nNo Supreme Court vacancies filled in an election year , \u201d Sen. Ed Markey tweeted Friday night .\n\u201c If he violates it , when Democrats control the Senate in the next Congress , we must abolish the filibuster and expand the Supreme Court .\n\u201d"
        },
        {
            "id": "8592bc44874741e4",
            "title": "Some Republicans Oppose Letting Congress Vote Remotely During The Coronavirus Pandemic",
            "content": "The journalists at BuzzFeed News are proud to bring you trustworthy and relevant reporting about the coronavirus .\nTo help keep this news free , become a member and sign up for our newsletter , Outbreak Today .\nWASHINGTON \u2014 The House is working to change the way it has voted for the past 200 years to ensure members \u2019 safety amid the coronavirus pandemic , allowing some members to cast votes without having to travel to Washington .\nBut some Republicans oppose the idea , saying it would break with tradition .\nThe House is considering enacting voting by  absent member can give a colleague who is able to travel to the Capitol their vote to cast on their behalf .\n\u201c A Member casting a vote on behalf of another Member would be required to have exact direction from that Member on how to vote and would have to follow that direction , \u201d Rep. Jim McGovern , chair of the House Rules Committee , which is drafting the new rules for proxy voting , wrote in a statement last week .\n\u201c There would be no ability to give a  direct each and every vote.\n\u201d Although House Speaker Nancy Pelosi was initially reluctant to support a remote voting policy , House leadership now supports the proxy voting idea , given the continued spread of the coronavirus .\nHouse Majority Leader Steny Hoyer went further than Pelosi , suggesting that congressional committees could work virtually as well , including working on legislation and holding hearings by videoconference .\nThe House had initially planned to vote on the proposal this week , but on Wednesday Pelosi cancelled those plans , instead saying during a  forward with a bipartisan committee to review the policy .\nThe bipartisan group of lawmakers will include McGovern , House Majority Leader Steny Hoyer , Minority Leader Kevin McCarthy , and the House Administration Committee 's chair , Zoe Lofgren , and ranking member , Rodney Davis .\nSome House Republicans are objecting to any remote voting plans , arguing that the founders intended for members to vote in person .\n\u201c I think it 's a terrible idea , \u201d Rep. Jim Jordan told reporters , adding that he came back to  against proxy voting during the upcoming House Rules Committee hearing .\n\u201c What is it , 200-plus years we 've been\u2014 Congress has been meeting ?\nAnd you meet in person , you debate , and you vote in person .\nSo I think it \u2019 s that fundamental .\n`` And the idea that we 're going to now let someone else vote for us because we tell him how to vote \u2014 what happens when there 's a procedure motion that comes up ?\nHow do you handle that ?\n\u201d  to be in person in a debate .\nBecause , I mean , we 're [ a ] representative democracy , and you need someone there representing the constituents back home and fighting for the positions and issues that you told them you 're going to fight for.\n\u201d Republicans acknowledge that the House \u2019 s Democratic majority gives them virtually no power to stop the measure , and they have resigned to ceremoniously objecting .\n`` The Democrats got the majority if they want to do it .\nThey can do it  [ 've ] just got to make the argument , do the best we can \u2014 but if they 're determined to do it , and they have the votes , obviously they can .\nThey can get it done .\nI think it 's just wrong , just flat out wrong . ''\nDuring the 1918 flu pandemic , when an estimated 675,000 Americans died , Congress passed critical legislation with unanimous consent \u2014 just a few members were present to vote .\nThat \u2019 s what the House and Senate have  Congress to stop full sessions in person , but those votes can be stopped by any member who shows up to oppose them .\nWith more coronavirus recovery legislation on the way , getting every member of Congress to agree will only get more difficult .\nRep. Clay Higgins of Louisiana told reporters that Congress should be in session to debate \u201c significant measures \u201d that impact the entire country .\n`` I do n't support it at all , \u201d Higgins said of proxy voting .\n\u201c It is completely outside of  at the time was voting by proxy or by courier , and they clearly did not support that .\nWe 're to assemble and thus be held accountable .\nChanges in technologies come and go , but accountability ... was what the founders sought .\nSo I have zero support .\nI will vehemently fight against remote voting or proxy voting.\n\u201d \u201c Oh , I do n't think we should , \u201d Harris told reporters when asked if the House should move forward with remote voting .\n\u201c We should be here  the way it \u2019 s been done for 200 years ; that 's the way we should do it now.\n\u201d The House Rules Committee will likely meet to consider the changes .\nThe House is expected to then quickly vote on the new rules .\nMcGovern recommended proxy voting as a possibility in mid-March after his committee conducted a monthlong study on voting options amid the global health pandemic .\nThe committee released a final presentation on its recommendation during a Democratic caucus meeting last week .\nAs early as mid-March ,  to a letter urging Pelosi and House Minority Leader Kevin McCarthy to allow remote voting , not long after President Donald Trump announced guidelines restricting gatherings of 10 people or fewer ."
        },
        {
            "id": "e93c9ce3761cf0b9",
            "title": "Trump Gave Capitol Rioters The Language To Deny Reality",
            "content": "They attacked the \u201c fake news , \u201d denounced the \u201c deep state \u201d and the \u201c swamp , \u201d and vowed to \u201c take back \u201d the Capitol and the country .\nWASHINGTON \u2014 Shortly after thousands of Trump supporters descended on the Capitol on Jan. 6 , Joshua Haynes of Virginia texted a selfie in front of a pile of mangled metal camera gear , bragging that he \u2019 d assaulted the \u201c fake news.\n\u201d \u201c We attacked the CNN reporters and the fake news and destroyed tens of thousands of dollars of their video and television  of the pile we made out of it , \u201d Haynes wrote , according to an FBI affidavit .\nIn the days after the insurrection , alleged rioters urged friends and family to regard media coverage as \u201c fake news , \u201d notwithstanding the mountain of video footage from inside and outside the Capitol .\nOn Jan. 7 , Karl Dresch of Michigan insisted via text that news reports about violence at the Capitol were \u201c fake , \u201d even as he described the day in the same message as a \u201c good  shoulda been there ... .the news is all fake ... and just to correct shit..we wasn \u2019 t violent but we took the capitol , \u201d Dresch wrote , according to messages quoted by prosecutors .\nDonald Trump didn \u2019 t invent the phrase \u201c fake news , \u201d but he \u2019 d made it his own by the time he left the White House .\nHe deployed it countless times since 2016 in speeches and tweets to discredit critical or unflattering media coverage \u2014 particularly when it was not , in fact  Trump \u2019 s supporters had absorbed his full roster of reality-defying linguistic devices and used them to distort facts or justify their participation in the assault on the Capitol .\nThe most common Trumpism on display on Jan. 6 was \u201c stop the steal , \u201d the rallying cry among Trump and his allies referring to the lie that there was widespread voter fraud in the 2020 election .\nBut the language that Trump supporters used in social media posts , interviews , and messages to friends and family explaining why they traveled  they weren \u2019 t all there simply to protest the election .\nThe riots were a convergence of four years of grievances and conspiracy theories , from anger at pandemic lockdowns and \u201c cancel culture \u201d to the QAnon collective delusion .\nThe 500-plus criminal cases filed so far in connection with the insurrection are peppered with Trumpian turns of phrase going back to the 2016 campaign .\nThey underscore his yearslong influence on the right-wing lexicon \u2014 and , as a result , how his supporters engage with politics , culture ,  \u2019 s likely to far outlast a single term .\nCapitol riot defendants railed online against the \u201c deep state.\n\u201d They approvingly described the physical takeover of the Capitol as part of a bigger movement to \u201c take back \u201d the country , a frequent Trump theme .\nSome of these words and phrases have evolved way beyond their original meaning .\nWhen Trump spoke in 2016 about wanting to \u201c drain the swamp , \u201d it was usually a reference to political operatives in Washington .\nWhen Garret Miller , a  sent a message claiming he \u2019 d identified the police officer who shot and killed Trump supporter Ashli Babbitt at the Capitol , he wrote that the officer was \u201c part of the swamp , \u201d according to the government .\n( US Capitol Police have declined to identify the officer , and the Justice Department announced in April that they would not face charges . )\nOne defense lawyer called the investigation into the insurrection \u201c the largest political witch hunt \u201d in Justice Department history , echoing one of Trump \u2019  .\nEven Hillary Clinton \u2019 s use of a private email server when she was secretary of state made an appearance \u2014 the mother of two men charged with joining the riots , Matthew Klein and Jonathanpeter Klein , texted to suggest that one of them \u201c [ p ] ull a Hillary and use a hammer \u201d to destroy his phone , according to prosecutors .\nThe insurrection brought together a broad spectrum of Trump supporters , including some of the more dangerous elements emboldened under him \u2014 QAnon believers , members  Boys and anti-government militias , and self-proclaimed white supremacists .\nCourt filings show how members of these factions took Trump \u2019 s expressions of tacit , if not explicit , support \u2014 like when he told the Proud Boys to \u201c stand back and stand by \u201d \u2014 as permission to descend on the Capitol .\nEven out of office and kicked off mainstream social media platforms , Trump still has a megaphone .\nIn speeches and in statements via email , he still rails against \u201c fake news \u201d and the \u201c  s the victim of a \u201c witch hunt , \u201d and insists the election was \u201c rigged \u201d \u2014 another word that \u2019 s repeatedly cropped up in the texts and online posts quoted in charging papers against alleged rioters .\nHis continued influence over the conservative movement has had consequences for his supporters in court .\nJudges have ordered several defendants to stay in jail while their cases are pending based in part on the fact that they \u2019 re still listening to him .\nWhen US District Judge Amy Berman Jackson  bars , she noted that he \u2019 d told someone after the insurrection that Trump was \u201c the only big shot I trust right now.\n\u201d \u201c Defendant \u2019 s promise to take action in the future can not be dismissed as an unlikely occurrence given that his singular source of information \u2026 continues to propagate the lie that inspired the attack on a near daily basis , \u201d Jackson wrote .\nThe term \u201c fake news \u201d originally was used to describe information that was completely manufactured ; former BuzzFeed News reporter  .\nBut by 2016 Trump had co-opted it to refer to any critical reports .\nWhen Dona Bissey of Indiana posted on Facebook about her time at the Capitol on Jan. 7 , she thanked people for checking on her and told them to \u201c turn off the # FakeNews , \u201d according to her charging papers .\nBissey is set to enter a guilty plea later this month .\n\u201c We are Home [ heart emoji ] .\nThank You to ALL that messaged checking in and concerned [ kiss face emoji  \u2019 ll remember forever [ hug emoji ] .\nI \u2019 m proud to be a part of it !\nNo Shame [ eight American flag emojis ] .\nBTW turn off the # FakeNews , \u201d Bissey wrote , along with a photo of someone holding a sign that read , \u201c Do It Q.\n\u201d Bissey had traveled to the Capitol on Jan. 6 with Anna Morgan-Lloyd , who pleaded guilty to one misdemeanor count of illegally demonstrating inside the Capitol .\nMorgan-Lloyd was conciliatory at sentencing and told the judge  became a savage display of violence \u201d ; she was sentenced to three years of probation and no jail time .\nAppearing on Fox News the next day , she struck a different tone .\n\u201c When they call it an insurrection , what do you say ?\n\u201d host Laura Ingraham asked .\n\u201c I can only talk about the area I was in , and I do n't believe it , \u201d Morgan-Lloyd replied .\n\u201c But as I said , that 's only from the area I was at.\n\u201d  that Fox had \u201c limited her response.\n\u201d Stephen Ayres of Ohio recorded a video about his experience at the Capitol after he returned to his hotel , according to the government .\nHe spoke about how the \u201c fake news \u201d wouldn \u2019 t accurately report what had happened but that he and people he was traveling with had \u201c seen it all \u201d and recorded their own footage to share .\nOn Jan. 7 , Daryl Johnson of Iowa posted on Facebook repeating a lie pushed by some prominent Republicans that  had infiltrated the crowd , per charging papers .\n\u201c You need to look more deeply into what actually happened - what the media is saying is completely false , \u201d Johnson wrote , according to messages the FBI says it found after a judge signed off on a search warrant for his account .\n\u201c It was antifa causing the damage .\nI was there !\n\u201d Like \u201c fake news , \u201d Trump didn \u2019 t invent the term \u201c deep state , \u201d but it became a staple of his  investigations that he and his administration faced and to attack law enforcement for not prosecuting his political foes .\nThe late linguist Geoffrey Nunberg summed up Trump \u2019 s definition of it as \u201c a cabal of unelected leftist officials lodged deep in the government who are conspiring to thwart the administration \u2019 s policies , discredit its supporters and ultimately even overturn Trump \u2019 s election.\n\u201d Samuel Fisher , a self-described \u201c dating coach \u201d from New York who ran a website under the name \u201c Brad Holiday , \u201d put  before going to the Capitol , in which he offered several theories about what might happen as the day unfolded , according to the government .\n\u201c Trump has an Ace card up his sleeve .\nHe plays it .\nThe Deep State is arrested and hanged on the White House lawn for the High Treason , \u201d Fisher wrote , explaining one of his predictions of what could happen .\nIf Joe Biden were ultimately sworn in , he continued , his theories were that either \u201c we live under the rule  party \u201d or \u201c Patriots show up in the millions with guns .\nThey execute all treasonous members of government and rebuild.\n\u201d Alleged Capitol rioters charged with being part of a conspiracy involving the far-right militant group the Oath Keepers used the \u201c deep state \u201d narrative , too , according to the FBI .\nJessica Watkins of Ohio , one of the defendants in the case , allegedly messaged someone listed as a \u201c recruit \u201d a few weeks after the November election warning that the \u201c deep state \u201d was  is accused of organizing members of the conspiracy to travel to Washington to try to disrupt Congress \u2019 s certification of the Electoral College results on Jan. 6 .\n\u201c I don \u2019 t underestimate the resolve of the Deep State , \u201d Watkins told the person on Nov. 17 , 2020 .\n\u201c Biden may still be our President .\nIf he is , our way of life as we know it is over .\nOur Republic would be over .\nThen it is our duty as Americans to fight , kill  months after the insurrection , another alleged member of the Oath Keepers conspiracy , Kenneth Harrelson , brought up the \u201c deep state \u201d in a text exchange cited by the government about tactics to avoid government surveillance .\nHe allegedly told an unidentified person to avoid discussing plans near phones , TVs , \u201c or anything plugged in , \u201d and to use protective cases for electronic devices while traveling .\n\u201c I hope the Deep State feels this pain !\n\u201d he wrote on March 5 ; he was arrested less  Ronald Reagan is usually credited with popularizing the phrase \u201c drain the swamp \u201d in the early 1980s .\nIt generally refers to tamping down on the influence of lobbyists and other traditional power brokers in Washington .\nPoliticians from both parties have used it to pitch themselves as political outsiders , and Trump carried on that tradition during his 2016 campaign .\nHis supporters picked up on it as a stand-in for referring broadly \u2014 and pejoratively \u2014 to Democrats and official Washington .\nAlan Hostetter of California , charged in another  Dec. 19 about his plans to follow Trump \u2019 s directive to come to DC on Jan. 6 .\nAccording to the government , he wrote : \u201c I will be there , bullhorns on fire , to let the swamp dwellers know we will not let them steal our country from us.\n\u201d \u201c Hitting DC in the 5-7th..you should pop thru !\nWe gon na Storm the Swamp , \u201d Anthony Williams of Michigan posted on Facebook on Dec. 30 , according to his charging papers .\nThe day after the  Cua of Georgia posted a message on Parler addressed to \u201c swamp rats , \u201d writing , \u201c The events at the capital were a reminder that WE THE PEOPLE are in charge of this country and that you work for us .\nThere will be no \u2018 warning shot \u2019 next time.\n\u201d The FBI cites screenshots of tweets by defendant Brandon Straka of Nebraska defending the breach of the Capitol .\n\u201c Perhaps I missed the part where it was agreed this would be a revolution of ice cream cones &  from lying , cheating globally interested swamp parasites .\nMy bad , \u201d he wrote .\nIn the lead-up to Jan. 6 , the government says Dresch ( the Michigan man who told a friend to disregard news reports about violence ) posted on Facebook about his plans to travel to Washington , writing : \u201c NO EXCUSES !\nNO RETREAT !\nNO SURRENDER !\nTAKE THE STREETS !\nTAKE BACK OUR COUNTRY !\n1/6/2021=7/4/1776.\n\u201d In a video allegedly recorded from a terrace outside the Capitol on Jan. 6 , Bradley Weeks  We \u2019 ve had to break things to get through , but we \u2019 ve gotten through .\nWe \u2019 ve gotten through , and we are going to take back the Capitol !\nWe \u2019 re taking back our country !\n\u201d Corinne Montoni of Florida posted on Parler throughout Jan. 6 , according to the government , including one message that stated : \u201c Storming the Capitol to take back our country from traitors !\nThis is OUR HOUSEEEE !\n\u201d The next day , an anonymous tipster alerted law enforcement  an interview to a Finnish news outlet talking about participating in the insurrection .\n\u201c We \u2019 re standing up and we \u2019 re taking our country back , \u201d Cordon said .\n\u201c This is just the beginning.\n\u201d \u25cf"
        },
        {
            "id": "bd8d113b1be0c90b",
            "title": "People Are Still Using Cannabis During The Pandemic. How Are They Getting It?",
            "content": "What better way to deal with a global , economy-shattering , life-altering , seemingly endless pandemic than tucking in at home ( as the government has asked you to do for a few weeks now ) , watching something soothing ( may I recommend Tiger King ? )\n, and rolling a joint , using some CBD drops , eating an edible , or whatever else is your preferred method of cannabis relaxation ?\nBut , of course , it \u2019 s not clear how much access to cannabis we \u2019 ll have as the shutdown goes on .\nIn  hundreds of people across the country and in Canada told us how they were getting their cannabis products , how supply has changed , how their dealers have changed the process of buying , and whether they \u2019 re worried about future supply as the quarantine goes on .\nWe also received a number of replies from dealers in different cities who either are ramping up sales due to high demand or have stopped selling entirely because they can \u2019 t do so safely .\n( In fact , thanks to me tweeting  dealers who wanted to talk , my inbox now has a number of emails asking for leads on new dealers from people who lost theirs .\nIf any of you know someone \u201c mainly in the Sharon/Stoughton/Canton area \u201d of Massachusetts , I know a guy who needs a guy . )\nFor people in smaller towns , access to weed feels scarce , and there are a lot of worries that one day , it won \u2019 t be available at all .\nFor people in larger cities , they can still  with stringent rules .\nIn cities where weed is legal , only a certain number of customers can enter the dispensary at a time , meaning there are often long lines queued up outside .\nIn cities where it \u2019 s illegal , dealers are often refusing cash and only taking Venmo , and not allowing customers to touch any of the product except what they buy .\nThese rules are reasonable \u2014 and are likely going to become more and more customary \u2014 for the time we \u2019 re living in ,  usually associate with inviting a stranger over to your home and rummaging through their backpack before choosing a treat for yourself .\nWhat \u2019 s clear , at least , is that the shutdown has only made people want to buy even more weed during our collective endless , unwanted staycation .\nNo better time than now , when we have literally nothing to do but sit and wait , to ride out life with a blunt .\nAs one dealer said , \u201c Do you have any idea how many people would  ?\n\u201d I would be remiss if I didn \u2019 t mention that smoking weed , especially right now , isn \u2019 t a great idea for your health .\nSmoking has a lot of adverse health effects in general , but , in the time of COVID-19 , it \u2019 s even more ill-advised because it increases the risk of respiratory illness .\nThe complications that come with coronavirus \u2014 tightening in your chest , trouble breathing \u2014 could be made worse if you \u2019 re a regular smoker .\nBut coronavirus  products for their health during this time .\nWhether it \u2019 s for pain management for cancer treatments , anxiety , depression , PTSD management , or just to while away the seemingly infinite hours that we \u2019 re all trapped in our own homes , the demand for weed has skyrocketed in the last few weeks .\nOne cannabis seller in Denver wrote saying that business is busier than ever .\n\u201c We \u2019 re considered an \u2018 essential service , \u2019 \u201d 30-year-old \u201c budtender \u201d Jane ( a pseudonym ,  respondents identified by name in this story ) said , \u201c which is a mixed blessing because I have to pay for my divorce and rent but I \u2019 m immunocompromised so I \u2019 m just trying to stay as clean as possible and socially distance.\n\u201d Jane confirmed that sales have jumped .\n\u201c We usually see around $ 25,000 to $ 30,000 a day in sales , but we \u2019 ve seen that jump by roughly $ 10,000 daily in the last week , \u201d she wrote , adding that tips  We used to see 350 people a day and now we see about 450.\n\u201d In Denver , there \u2019 s a strict curbside-service-only rule , so the place where she works now sees between 25 and 40 customers in their parking lot every day .\nMany of them , however , aren \u2019 t locals .\n\u201c We \u2019 re still seeing a flow of completely blase tourists .\nThey just want to see Colorado , they don \u2019 t care , \u201d she said .\n\u201c Like the seniors who want  because they \u2019 re stiff from sitting around and just bored enough to give cannabis a whirl.\n\u201d Another seller based in Dallas \u2014 where cannabis is not legal \u2014 also reported a big jump in their sales .\n\u201c I normally make $ 300 per day during the week in profit , and about $ 2,000 each weekend , \u201d he said .\n\u201c Well , this past weekend I made $ 4,000 and $ 800 each [ week ] day.\n\u201d When asked if he \u2019 s worried about his supply  all .\nI run with the wolves.\n\u201d What \u2019 s really affecting sales right now , however , is unemployment .\nSo far , thanks to the pandemic \u2019 s disruption of the economy ( and everything else , while we \u2019 re at it ) , more than 3 million unemployment claims have been filed nationally .\n\u201c My customer base is very small , \u201d said another cannabis seller based in Greensboro , North Carolina , where weed isn \u2019 t legal .\n\u201c Even losing one person can really  \u201d On the other hand , people who still have discretionary income are buying twice as much as they normally do , and some dealers are only selling entire ounces in order to avoid leaving their houses more frequently than they have to .\nFor frequent-ish users , there seems to be a minor panic about getting access to weed .\n\u201c Some people are scared they \u2019 ll run out , just like with booze and toilet paper , \u201d Jane said .\n\u201c Some people need more now for the stress  .\nSome need their medicine desperately as at any other time , like my medical patients who are sequestered because they have compromised immune systems from chemo .\n\u201c Some are just preppers .\nColoradans are stockpiling cannabis and guns like crazy .\nSome people even think they \u2019 ll never see legal weed again , that if we eventually shut down , that it \u2019 ll be the end of all of this , \u201d Jane said .\n\u201c They \u2019 re panic shopping , just like with everything else.\n\u201d For  medical purposes , they are indeed panic shopping , but there \u2019 s a real fear behind their anxiety .\nKaren is mostly worried about access for the sake of her 18-year-old son , who has autism .\nShe gives him edibles , which help him sleep along with calming his behavioral issues and his OCD , instead of the costly pharmaceuticals he used to be on , which also caused a host of unpleasant side effects .\n\u201c He was on Risperdal and it caused him to grow breasts , \u201d she  the emotional and mental maturity of maybe a four year old .\nHere he was , 14 or 15 , and he was growing breasts , and that was really confusing for him .\nWe had to pull him off that medication but a lot of that dealt with a lot of OCD-type things and harmful behavior-type things.\n\u201d Medicating her son with weed has helped mitigate the symptoms of his autism , but has also allowed her to take him off pharmaceutical medication altogether .\nKaren also smokes weed herself to help  pain , and PTSD .\nAs with her son , she also had a series of bad side effects with her pharmaceutical medications .\n\u201c I used to take Xanax and have terrible , terrible side effects on that and go to scary places , \u201d she said .\n\u201c I haven \u2019 t had to deal with any of that for years .\nThere \u2019 s a fear of going back to that.\n\u201d The results from our callout show a pretty anxious group of people from around the country and in  about getting the cannabis they want or need .\n\u201c I \u2019 m worried for my friends who get it locally to help their pain and anxiety , \u201d wrote one person from Kansas .\n\u201c I \u2019 m afraid it will make their conditions worse and they won \u2019 t have anything to help.\n\u201d Many users are unable to work right now because they weren \u2019 t working for an essential service , and are no longer making any money .\n\u201c If I don \u2019 t work , \u201d wrote  buy.\n\u201d \u201c My dealer said he could barely find me any for a last sale and to watch what I use , \u201d wrote one person who said they were from the Midwest .\n\u201c The price started at $ 300 for an ounce but he found some for $ 230 today , thank god.\n\u201d Many replies came from people who stocked up when state-by-state shutdowns first started being announced , mostly buying large quantities of buds to tide them over until , hopefully , we can all go back outside  who offer pickup in their homes or delivery are risking their own health .\n\u201c I worry about the health of my dealer , \u201d wrote one person .\n\u201c They are a nice person.\n\u201d If you \u2019 re medicating with weed right now , losing access to it is a scary proposition .\nThe fallout ( and misinformation ) of this virus is making it harder for people to get their prescriptions filled , and pharmacies are now completely overrun .\nFor Jennifer , 39 , from Austin , Texas ,  seizures .\n\u201c Smoking helps regulate my anxiety to where I have less seizures .\nThe more I \u2019 m anxious , the more seizures I have .\nIt also helps with the pain of seizures , because my body is so out of whack , I \u2019 m almost like a pretzel after them , \u201d she said .\n\u201c It \u2019 s a little bit scary .\nI \u2019 m trying to be as sparse as I can with it.\n\u201d Worse , maybe , is that Jennifer \u2019 s seizures  the added stress of worrying about the world ending .\n\u201c You have these thoughts , can I pick up my UPS box sitting there on the front door ?\nCan I go to my mailbox ?\nWas the mailman sick ?\nThe more I think about it , the more I stir about it , the more it gets me going.\n\u201d For now , Jennifer \u2019 s dealer is still delivering , but she \u2019 s also worried her dealer will have to stop going outside .\n\u201c I told her  and lock down .\nCome quarantine with me.\n\u201d For now , the risk for users isn \u2019 t necessarily whether there \u2019 s enough weed to go around , or whether that weed will be affordable \u2014 though , some people are reporting that their dealers are selling ounces for $ 300 and up , nonnegotiable .\nThe concern is that eventually , people who sell cannabis products ( namely ones in states where weed isn \u2019 t considered essential ) will just stop offering pickup and drop-off .\n\u201c As soon  I have a whole set-up ready to start growing my own , \u201d Karen said .\n\u201c I \u2019 m trying to get six plants growing [ if ] the stores shut down or the price of weed jump back up.\n\u201d Sarah uses weed to manage her symptoms from borderline personality disorder .\n\u201c If I don \u2019 t have weed and we go on a LEGIT quarantine , I seriously might go crazy , \u201d she wrote , adding that she \u2019 s concerned about how she might self-harm if she  , insofar as coronavirus-based fears go , this is tempered by one undeniably true fact about drugs \u2014 legal or not \u2014 that Sarah knows for sure : \u201c Drugs keep going , no matter what \u2019 s happening.\n\u201d \u25cf"
        },
        {
            "id": "9e176f70fad16a03",
            "title": "The Coronavirus Outbreak Is Now Officially A Pandemic, WHO Says",
            "content": "The pandemic pronouncement comes less than three months after the Dec. 31 notification of the organization by Chinese authorities of a new virus in Wuhan , China , affecting dozens of people and tied to a seafood market selling wild game .\n`` 'Pandemic ' is not a word to be used lightly , '' said Tedros , at a briefing in Geneva , Switzerland .\n`` All countries can still change the course of this pandemic . ''\nCiting `` alarming inaction '' by some countries with growing coronavirus cases , World Health Organization director-general Tedros Adhanom Ghebreyesus on  a pandemic \u2014 meaning it is spreading outside containment measures in multiple countries worldwide .\nIdentified as a new coronavirus genetically related to 2003 \u2019 s SARS virus , but more easily transmitted and with a dangerous serious case fatality rate of 2 % to 4 % , it has now spread to more than 100 nations and more than 118,000 cases .\nExperts project that 40 % to 70 % of humanity \u2014 that 's 3 billion to 5.5 billion people \u2014 might eventually become infected by the virus because of a  immunity to the novel pathogen .\nIn Italy and Iran , Tedros warned the situation was very serious , with patients filling intensive care wards , and shortages of ventilators , protective equipment , and medical staff .\nHe pointed to the successful bottling up of outbreaks in China , with more than 80,0000 cases , and South Korea , with more than 7,000 , as pointing to the possibility of constraining the epidemic in countries worldwide .\nItaly 's Prime Minister announced on Monday that coronavirus lockdown measures were being extended to  be restricted to reasons of work , health , and emergencies , until April 3. WHO had long resisted calling the coronavirus epidemic a pandemic , fearing that it would halt efforts at containing outbreaks in nations with weak public health services .\nThe designation doesn \u2019 t free up any funds or create any obligations on United Nations member states .\n`` I think that it was a pandemic before now , '' coronavirus expert Stanley Perlman of the University of Iowa told BuzzFeed News , in reaction to the declaration .\n in 2009 , 1968 , and 1957 , when new strains of flu circled the world in a few months .\n`` This is a characterization of a situation , it is not a trigger for anything other than more aggressive and intense action , '' said WHO 's Mike Ryan , calling for countries with limited numbers of cases to strengthen containment of the outbreak .\n`` It is a call to not give up . ''"
        }
    ],
    "label": 2,
    "label_text": "high"
}