{
    "source": "canadafreepress.com",
    "articles": [
        {
            "id": "9bac340782519f3f",
            "title": "The Right View with President Donald J Trump and Lara Trump",
            "content": "The Right View with Lara Trump\n\nThe Right View with President Donald J Trump and Lara Trump\n\nRumble \u2014 Join President Trump and Lara Trump as they discuss social media censorship, China, Joe Biden, the FAKE NEWS, and a potential 2024 run! #TheRightView\n\n\n\n\n\nSHOW DISQUS COMMENTS"
        },
        {
            "id": "7aacef774b2dadca",
            "title": "Are Democrat Leaders Medicated By Handlers Before They\u2019re Allowed Out?",
            "content": "Could it possibly be that anointed Dem leaders are being administered some kind of drug to make them appear hale and healthy when they\u2019re out in public?\n\nAre Democrat Leaders Medicated By Handlers Before They\u2019re Allowed Out?\n\nW hat is it about high-profile Democrats that their most peculiar form of acrobatics is falling both UP and DOWN the stairs? Yesterday it was media-installed President Joe Biden taking a tumble, twice falling UP a railed stairway when attempting to negotiate boarding Air Force One.\n\nBiden\u2019s slipping-and-falling routine perfectly matches that of Hillary Clinton Biden\u2019s slipping-and-falling routine perfectly matches that of Hillary Clinton dating all the way back to 2011. In the 2016 presidential race, which former Secretary of State Hillary Clinton lost to Donald Trump, Clinton needed help just making it up the stairs. \u201cBefore her flight to Yemen in 2011, the then-Secretary of State was boarding a plane to Yemen when she slipped to her knees at the doorway and was only saved from further embarrassment when an aide gave her a helping hand. ( Daily Mail , March 18, 2013)\n\n\n\nPresident Joe Biden FALLS multiple times while boarding Air Force One\n\n\n\n\n\nWhile visiting a rehabilitation center in 2016 She lost her balance briefly while climbing the steps of a home for ex-offenders and substance abusers on the grounds of the former Charleston Navy Yard in February 2016. She was helped up by her aides. \u201cWhat is it with Hillary and stairs? Clinton slips twice during trip to India - five months after she broke her toe in a London hotel: ( DailyMail , March 13, 2018) \u2022 Hillary Clinton again slipped on stairs during a visit to India on Monday\n\n\u2022 She is there promoting her book explaining her 2016 presidential loss\n\n\u2022 Blamed voters who \u2018didn\u2019t like black people getting rights\u2019 in her remarks\n\n\u2022 Follows her October 2017 spill in a London hotel that left her with broken toe\n\n\u2022 Clinton\u2019s September 2016 collapse at the 9/11 memorial raised health concerns.\u201d \u201cHillary Clinton has slipped on a set of stairs yet again, just five months after breaking her toe in London. \u201cCameras were rolling in Mandu, India on Monday as Clinton descended a set of stone stairs at the Jahaj Maha palace and slipped not once but twice even as aides held her by the arms. \u201cAfter the second slip, Clinton kicked off her sandals and proceeded the rest of the way down the steps without incident.\u201d\n\n\n\n\n\n\u201cThe questionable health condition of Hillary Clinton should be a major issue of the 2016 campaign. (Kyle Olson, American Mirror , Aug. 7, 2016). \u201cThe latest evidence comes in the form of Clinton being helped up a set of stairs by multiple individuals outside what appears to be a home. \u201cThe photos, published by Reuters and Getty in February but only now gaining national attention, show the 68-year-old candidate with aides holding her arms as she ascends the stairs.\u201d \u201cClinton, wobbly on her feet during the 2016 presidential campaign particularly on stairs, fell twice coming down the stairs in Mandu, India in 2017, even though being held up by two burly \u2018men folk\u2019.( Canada Free Press, March 13, 2018-) Clinton\u2019s 2016 9/11 memorial collapse, when she had to be hefted into a waiting van like a sack of potatoes, was shocking to see. When Clinton wasn\u2019t falling she was suffering from seemingly chronic coughing fits.\n\n\n\n\n\n\n\n\n\nAnd now it\u2019s the irrational (Open the border!) Biden\u2019s turn: \u201cPresident Biden, who tripped Friday while boarding Air Force One, drew scrutiny from conservatives who pointed out he once mocked former President Donald Trump\u2019s slow walk down a ramp during a trip to West Point. ( Fox News , March 19, 2021) \u201cBiden poked fun at Trump last September, months after the former president was filmed gingerly walking down a ramp following his commencement address at the U.S. Military Academy. Trump critics, including the Lincoln Project, later used the footage in social media posts and ads questioning his fitness. \u201cLook at how he steps and look how I step,\u201d Biden said at the time. \u201cWatch how I run up ramps and he stumbles down ramps.\u201d \u201cConservatives seized on Biden\u2019s remarks after he was caught on camera stumbling several times while climbing the steps to Air Force One at Joint Base Andrews. Biden appeared to briefly favor his knee before completing the climb. \u201cDonald Trump Jr. was among the Biden critics who commented on his stumble, asserting that media outlets targeted Trump for his walk down the ramp. \u201cI remember the press bashing Trump for touching the rail once. Biden falls repeatedly but I\u2019m sure he\u2019s the picture of health,\u201d Trump Jr. wrote. \u201cNo wonder all our enemies are pouncing simultaneously and mocking him publicly.\u201d \u201cWhite House Communications Director Kate Bedingfield tweeted this afternoon that Biden was fine. \u201cI know folks have seen that President Biden slipped on his way up the stairs to AF1, but I\u2019m happy to report that he is just fine and did not even require any attention from the medical team who travels with him,\u201d Bedingfield said. \u201cNothing more than a misstep on the stairs.\u201d\n\n\n\n\n\nPerhaps Bedingfield would be better advised to tell Biden that besides not throwing stones at people in glass houses, he shouldn\u2019t throw lies at enemies that the media claimed took a spill. \u201cPresident Biden stumbled twice and fell as he scaled the stairs to Air Force One on Friday at Joint Base Andrews. ( Fox News , March 19, 2021) \u201cThe president was briskly climbing the stairs to the presidential jet before appearing to trip, attempting to gather himself, then tripping again. Proving that the winds don\u2019t just blow out turbines during rare winter storms in Texas, Fox News reported that a reporter in the pool following Biden reported that \u201cit\u2019s a windy day at Andrews\u201d. \u201cFrom one camera angle, Biden\u2019s entire torso went out of view when he stumbled the second time, though his hand can be seen still holding onto the railing of the jet stairs. Biden then got up and made it the rest of the way up the jet stairs. (Fox News) \u201cAnother video angle shows that Biden was down on his knee for a moment, before getting up and pausing briefly with one hand on the railing and the other rubbing his knee.\u201d No Democrat or media said \u201cWHOOPSIE!\u201d when Biden took two spills on the stairs yesterday. Bedingfield wrote it off as \u201cNothing more than a misstep on the stairs\u201d. \u201cBiden in December fractured his foot while chasing his dog. (Fox News) \u201cTop American leaders have a history of struggling with the stairs used to board the aircraft meant to carry them around the world and keep them safe from attack. \u201c Shouldn\u2019t that more accurately be that \u201ctop Democrat leaders \u201chave a history of struggling with the stairs?\u201d So wuzzup with top Democrats falling up stairs? Could it possibly be that anointed Dem leaders are being administered some kind of drug to make them appear hale and healthy when they\u2019re out in public? If so, the meds Dems could be having prescribed for their leaders\u2014just like the leaders\u2014are not up to the job they\u2019re supposed to do.\n\nSHOW DISQUS COMMENTS"
        },
        {
            "id": "6256d1e547042353",
            "title": "La Bella Vita \u2026 Luxury Cruising from Venice to Mantua",
            "content": "David Powell spent a week on the luxury barge La Bella Vita cruising the Italian Renaissance from Venice to Mantua in considerable style!\n\nLa Bella Vita \u2026 Luxury Cruising from Venice to Mantua\n\nWednesday, we\u2019ve been on La Bella Vita for 3 days and definitely no mid-week blues for me. It\u2019s a beautiful sunny morning and I\u2019m on the top deck early today. I pop into the wheelhouse and after a quick chat with Captain Roger I take in the breathtaking views as we make our way along Italy\u2019s River Po. Cruising on a luxury barge is totally relaxing and with so much to see and do it\u2019s the perfect way to spend a week making friends and creating wonderful memories. But let\u2019s start at the beginning of this European Waterways cruise from Venice via the Venetian Lagoon, Chioggia, the Po Valley, Bianco Canal, Ferrara to Mantua \u2026 a truly magical Italian experience.\n\nAfter an early morning flight from London to Marco Polo airport in Venice we make our way to the Hotel Laguna Palace just a short taxi ride. From here we are picked up at 2.30pm for our transfer to the barge by private chauffeured mini bus. Cruise Director Giulia, our guide for the week and deckhand Dario introduce themselves and Dario loads our luggage into the mini bus, from now on it\u2019s luxury all the way! My wife and I introduce ourselves to friendly fellow guests and then after a short journey we spot La Bella Vita for the first time moored just outside the city of Venice. As our luggage is safely placed in our stateroom we enjoy a lovely prosecco welcome and meet the crew of 8: Captain Roger, 2nd Captain Andrea, deckhand Dario, the two onboard chefs Andrea and Leonardo, Ma\u00eetre Francesca, Hostess Leonyja and Cruise Director Giulia. We are getting on well with our fellow guests, we\u2019re a small group from the U.K., America and Australia, all looking forward to a week\u2019s cruising, exploring and enjoying the all inclusive fine food and wines! La Bella Vita is a stylish 20-passenger vessel with a typically modern Italian interior offering a high standard of comfortable, fully air-conditioned accommodation. There are 2 upper deck suites and 8 lower deck staterooms. All cabins are en-suite and have a closet with drawer, storage space under the bed, reading lights, a mirror and safe. The 8 staterooms have large picture windows whilst the 2 suites have a Juliet balcony. There\u2019s a bright and very spacious dining room and a lovely lounge/bar area with books, games and a piano. Outside on top is a huge sundeck with sun canopies and comfortable sun loungers to view the wonderful scenery. There\u2019s also a spa pool to enjoy and 10 bicycles which can be used on certain days depending on La Bella Vita\u2019s location. Another prosecco or two and we set sail along the Giudecca Canal for the short cruise into the heart of Venice. What a start \u2026 imagine seeing the most famous Venetian monuments from the river and then mooring near the Naval Museum alongside private luxurious yachts. From here it\u2019s just a short walk to St Marks Square, past the Gondolas, the white limestone Bridge of Sighs to the fabulous Doge\u2019s Palace where a private guided tour has been arranged by Giulia. Our group also take in the sights of St Marks Square some of us enjoying an ice-cream and then it\u2019s a stroll back to La Bella Vita for the first of our wonderful dinners freshly prepared onboard with regional specialties, red and white wines, dessert and cheeseboard. Drinks included in the cruise are non-alcoholic beverages, tea and coffee, whilst the well stocked bar is open 24 hours which includes wines, spirits, beers and soft drinks. There\u2019s the opportunity to stroll into Venice again after dinner although after a nightcap we all decide to retire to our staterooms to be ready for the following days activities, which have been outlined by Giulia.\n\nAs Giulia said, no day is the same on this cruise itinerary and whilst a walking tour of Venice was planned, she realised that the majority of guests had been in Venice for at least a couple of days already so she asked if we would prefer to visit the Murano glass factory. A resounding yes and soon we are being whisked by a lovely teak finished private taxi boat to the nearby island of Murano. Here we enjoy a private tour seeing how Murano glass is produced first hand. Six showrooms are packed with hundreds of pieces of superb outstanding Murano glass items ranging in price from 10 euros to thousands. As my wife said, mind your backpack! Returning to La Bella Vita and following lunch onboard, we say goodbye to Venice and set off along the Venice lagoon to the pretty town of Pellestrina our mooring for the night. Before dinner we work off a few calories with a bike ride along the footpath near the sea wall, there\u2019s very little traffic to worry about. Next up its pre-dinner drinks at a local restaurant and bar. Dinner that night was another masterpiece by Andrea, asparagus carbonara, braised quail with sultana spinach, an Italian cheese and a selection of white and red wines. This cruise is already full of amazing experiences and Tuesday is no exception as we sail into Chiogga, transfer to a small traditional boat for a tour of Chioggia\u2019s pretty canals. We catch up with Andrea at the colourful fish market and our group happily helps him choose fresh fish and seafood. On our return to La Bella Vita we start cruising along the River Po.\n\nIf I asked where would you find a flock of pink flamingo\u2019s I doubt if Italy would feature very highly in the answers, but pink flamingo\u2019s we certainly found as we cruised near a nature reserve. Captain Roger stopped for us to take photos as we head up river to Taglio di Po enjoying sensational views on the way. Here we stop for the night and a special dinner has been arranged ashore at the beautiful 17th Century Villa Ca\u2019Zen, a huge private stately home close to the river where Lord Byron courted the Countess Giuccioli and wrote some of his best poetry. We were hosted by the owners of this magnificent building welcomed with prosecco and canap\u00e9s, a tour of the gardens and chapel followed by a wonderful dinner. Now it\u2019s Wednesday, back where I started, cruising the River Po and it\u2019s truly spectacular. Later that morning we leave the Po and enter the Bianco canal via a lock where a friendly herd of goats come running to greet us! After a fabulous morning of cruising and lunch featuring the fish we chose at the market, we head off to the 17th Century Bagnoli estate where a private tour of the Renaissance gardens and wine cellars has been arranged. Wine tasting of the renowned\n\nestate-grown vintages goes down well. Following dinner that night there\u2019s a lively and very funny surprise show laid on and a delightful night is enjoyed by all. There\u2019s a saying, when you are enjoying life time races by and this was certainly the case on La Bella Vita. Already it\u2019s Thursday and we visit the Renaissance city of Ferrara where a guided tour has been arranged including a view of the 14th Century Estense Castle with its moat, marble balconies and the fabulous 15th Century frescoes at Schifanoia Palace. After lunch onboard we cruise again past lovely villages and farmsteads arriving at Governolo for the night. The dinner menu is Lasagne alla Bolognese, grilled beef, oregano potato puree, buttered baby carrots followed by Goloxessi cookies and a superb selection of wines \u2026 Andrea has again excelled himself.\n\n\n\n\n\nThe weather has been wonderful all week and Friday is the same, a beautiful day for our final cruise. There are several low bridges on our route and the crew has to dismantle the sun deck canopy. Andrea the 2nd captain makes sure we all keep our heads down and then we arrive at the captivating lakeside setting of Mantua. We have free time and a guided tour of the 14th Century Ducal Palace. Tonight it\u2019s the Captain\u2019s farewell party where the crew joins us for a fabulous night; we all agree what a super cruise this has been. Conclusion\n\nThis was truly a unique and fabulous experience cruising the Italian Renaissance from Venice through the waterways to the lakes surrounding Mantua. Highlights include the breathtaking landscapes, experiencing the history and local culture, outstanding food and wine and exceptional friendly service from all of the wonderful crew from start to finish. My wife and I loved every minute and we wouldn\u2019t hesitate to recommend La Bella Vita \u2026 this is luxury cruising at its best!\n\n\n\n\n\nMore Information European Waterways offer luxury hotel barging along the canals and waterways of Europe. Prices for a 6 night cruise aboard the 20 passenger La Bella Vita start at \u00a32,890 per person and include all gourmet meals, fine wines, an open bar for the duration of the cruise, daily escorted excursions, admissions, and private transfers at either end of the cruise. Full barge charters are also available for families and groups. European Waterways are currently offering 10% off charters on a number of departures in 2020, valid when booked before 13th September 2019. Tel: 01753 598555 or Toll Free from USA 1 877 879 8808\n\nWebsite: europeanwaterways.com\n\nSHOW DISQUS COMMENTS"
        },
        {
            "id": "cbbfcc63b3c464cf",
            "title": "COVID Double-Down",
            "content": "Could it be that the masks are making us sicker?\n\nCOVID Double-Down\n\nA s Red States (Republican-leaning) open up and the citizens shed their masked sign of oppression from their faces, the Blue States (Liberal-Democrat-Marxist-Communist-leaning) are doubling down on their Pandemic protocol madness. In Southern California, stores that used to not mind me walking in without a facial armband on my face are now kicking me out, despite my cries that I have a medical exemption (face coverings more-often-than-not cause me to go into dizzy spells or long episodes of vertigo). Aldi personnel actually escorted me out of the store, and refused to check-out my wife\u2019s full grocery cart despite the fact that, unlike me, she was wearing a face mask.\n\nCalifornia\u2019s gotta\u2019 be pretty bad if Oregon is a better alternative Signs along the side of the road are popping up all over California about adding some COVID Alert app on our phones (so they can keep track of our associations with other people ... you know, in case they are COVID positive). What is alarming about all of this is that I live in what is considered a relatively conservative area in Southern California. In places like Los Angeles County the mandates have gotten even stricter, and co-mingling with other people is being heavily discouraged.\n\n\n\nWe can\u2019t have those domestic terrorists getting together and planning another not-so-peaceful romp through the Capitol again, you know.\n\n\n\nThis week my wife, and I, and three of our seven grandchildren, traveled north up through California to the Oregon Coast. Our thirty-something son is holding down the fort at home. Along the way, especially around the Interstate-580 approach to the 101 Freeway just north of San Francisco, we saw how bad it really is in California. Despite making this trip half a dozen times per year (we plan to move permanently out of California in the near future to our cabin in the woods on the southern Oregon Coast; California\u2019s gotta\u2019 be pretty bad if Oregon is a better alternative) it still does not cease to amaze me about how bad the liberal parts of California truly are. In the Bay Area the number of people driving their cars with masks on, jogging with masks on, walking their dogs with masks on, and pumping gas far from anyone else with their masks on, was incredibly high in the San Francisco Bay Zone. The signs for the CA COVID app were greater in frequency, and along the roadway as we passed through Berkeley and Oakland the homeless infestation was mind-boggling. Entire encampments of homeless tents and cardboard structures lined the sidewalks, filled the parks, and breached the freeway underpass zones.\n\n\n\nAnd, yes, the smell was pretty horrid, too.\n\nGolden State\u2019s Governor, Gavin Newsom I was in Oregon four times last year; in June, July, August and October. Each of those times in the small coastal town our property lies near I never wore a facial condom, and not a word was uttered to me, except on the last trip at a Bi-Mart (where they actually kicked me out ... and I was shocked, because the same store on previous occasions had given me no hassle). On this trip, however, deep into the Winter/Spring intersection of 2021, and during a time most believe is beyond the tail-end of the COVID-19 emergency, everybody in town are wearing masks, and even the Grocery Outlet shooed me off like I was some kind of irritating insect. I literally can do nothing in town. My wife has had to go to the store without me. If I were alone, I would starve (not that a week-long fast wouldn\u2019t do me any good). What is happening? Florida is wide open from what I hear. My friend in a small town in Tennessee said they are laughing at us out here for still wearing the worthless masks on our arrogant, virtue-signaling California faces. While the Golden State\u2019s Governor, Gavin Newsom, has been backing off on the indoor dining mandates as a recall effort slams his administration against the wall, the oppressive masking of Americans has not only increased, but on the West Coast the dummies are happily doing it to themselves.\n\n\n\nI even saw a dude on a boat in the Chetco River by himself ... with a mask on. Was he worried he might infect the fish?\n\n\n\n\u201cThe science,\u201d I am told. \u201cFollow the science.\u201d\n\n\n\nHow about following common sense?\n\n\n\n\u201cWe\u2019ll let you in to your physical therapy appointment without a mask if you\u2019re just willing to get the vaccination.\u201d Masks are about as effective of stopping a virus as a chain-link fence is when it comes to blocking mosquitoes. Once the cloth gets moist, the air we exhale shoots out the sides, anyway. States with more lenient lockdown rules, and lax mask requirements have the lowest infection rates, but in the liberal-left States, where the edicts are tightest, we are not only seeing higher infection rates, but higher rates in other issues (suicide, domestic violence, pneumonia, face rashes) related to the pandemic protocols and tyrannical facial diaper wearing.\n\n\n\nCould it be that the masks are making us sicker?\n\n\n\nCould it be that killing our ability to be social animals make us unhappy, and even violent or suicidal?\n\n\n\nCould it be that destroying economies over an illness with a better than 99% survival rate may have us on edge, unhappy, and through that stress it may be turning us into a bunch of folks descending into the pit of things like depression?\n\n\n\nCould it be that the science is wrong, and the alleged cures are worse than the illness?\n\n\n\n\u201cDon\u2019t worry,\u201d I was told recently at the Veteran\u2019s Administration Hospital. \u201cWe\u2019ll let you in to your physical therapy appointment without a mask if you\u2019re just willing to get the vaccination.\u201d\n\n\n\nSHOW DISQUS COMMENTS"
        },
        {
            "id": "e990eccdde0a88cb",
            "title": "Democrat Blaming Trump For Border Mess Turning Against Them",
            "content": "More Machiavellian than anything tried to date (Russian collusion, Impeachment, accusations of Trump being the spark plug behind the Jan. 6 \u2018Insurrection\u2019 at the still fenced-in Capitol), the Dems have convinced themselves that they can get away with blaming the America-1st president for the soon-to-come total loss of America\u2019s cherished and long-held assured sovereignty.\n\nD emocrats have to ( just have to ) erase America\u2019s sovereignty by coaxing in immigrants over the border in order to get to blame it on former President Donald Trump.\n\nAn inexcusable outrage when considering that sovereignty, after all, is what makes America, America\n\nAn inexcusable outrage when considering that sovereignty, after all, is what makes America, America.\n\nNo matter what the cost of human suffering\u2014including women and children lost to human trafficking, this is the one plan the Democrats will NEVER let go.\n\nBut even in their fit of pique, they leave undeniable clues of their intention.\n\nJust watching Biden\u2019s Homeland Security Secretary Alejandro Mayorkas on CNN shows clearly where the Biden administration is headed\u2014and taking everyone with them:\n\n\u201cHomeland Security Secretary Alejandro Mayorkas blamed former President Donald Trump on Sunday\u2019s \u201cState of the Union\u201d on CNN for the situation at the U.S.-Mexico border. ( Breitbart , March 21, 2021)"
        },
        {
            "id": "2384d76fafa16300",
            "title": "Blood Brothers: Barack Obama, Lindsey Graham, and John McCain",
            "content": "Clearly , Lindsey Graham wants to protect Obama .\nAnd by protecting Obama , he hides his bloody hands in Syria and his anti-Trump maneuvers that started Russia-gate in the first place President Trump once said about Senator Lindsey Graham that he \u201c would like to stay in the Middle East for the next thousand years with thousands of soldiers and fighting other people \u2019 s wars.\n\u201d This statement is critical to understanding why Senator Graham has announced that he won \u2019 t bring Barack Hussein Obama before the Senate Judiciary Committee to explain his role in Russia-gate .\n Security Adviser Michael T. Flynn because Flynn was opposed to the Obama policy of using the CIA to destabilize the Middle East and bring the Muslim Brotherhood and other Jihadist forces to power .\nBut here \u2019 s the kicker : Graham and the late Senator John McCain were blood brothers with Obama in promoting the \u201c Arab spring \u201d uprisings in the Middle East that left 560,000 dead in Syria alone when a civil war ensued .\nTo make matters worse , the Russians won anyway .\nThis is a real scandal  against Trump that Graham friend and collaborator John McCain gave to the FBI in the form of the Steele dossier .\nWhat \u2019 s more , it was Graham who actually encouraged McCain to go to the FBI with this bogus document , which was based on Russian disinformation .\nAny simple Google search discloses many stories about the \u201c secret \u201d operations ordered by Obama and carried out by John Brennan \u2019 s CIA that sent arms through Saudi Arabia and Qatar into the hands of \u201c rebels \u201d in the Middle  .\nThe New York Times estimated the cost of the CIA program at $ 1 billion .\nSo-called \u201c moderate \u201d forces supported by the U.S. even admitted some of their weapons went to groups like al Qaeda and ISIS .\nFlynn considered America \u2019 s intelligence on the rise of Sunni terrorist groups in the Middle East to be flawed Incredibly , Graham and McCain turned on Obama only when he failed to escalate the wars even further .\nThey had sought 20,000 more U.S. ground troops in Syria and Iraq in  \u201d a major blot on America \u2019 s reputation and standing in the world , are critical to understanding Obama \u2019 s involvement in the plot to prevent Flynn from serving as Trump \u2019 s National Security Adviser .\nRemember that Obama had fired Flynn from the Defense Intelligence Agency ( DIA ) and then Flynn had campaigned for candidate Trump , who had promised an end to unwinnable foreign wars .\nThis was a direct challenge to Obama \u2019 s legacy .\nFlynn had been appointed Trump \u2019 s National Security Adviser  Post made a \u201c scandal \u201d of Flynn \u2019 s conversations with the Russian Ambassador .\nFlynn was forced out , framed by the FBI , and pleaded guilty under pressure to charges of lying .\nBelated recognition of the set-up has led the Justice Department to now drop the case against him ( although a Clinton-appointed federal judge is trying to keep it alive ) .\nFlynn has been unable to explain his side of the story because of the legal assault against him .\nBut according to his writings and previously  \u2019 s intelligence on the rise of Sunni terrorist groups in the Middle East to be flawed .\nCiting intelligence from the DIA , the agency he ran , he saw the Obama policies as producing more instability and chaos , even leading to the rise of the Islamic State , or ISIS .\nIn short , Obama \u2019 s policy was producing more terrorists .\nUsing the CIA to destabilize the Assad regime in Syria had already backfired by provoking a Russian military response When Trump ended this disastrous policy in mid-2017  in a story headlined , \u201c Trump ends covert CIA program to arm anti-Assad rebels in Syria , a move sought by Moscow.\n\u201d This was an attempt to keep Russia-gate , which was then underway , going full-speed ahead , by creating the impression that Trump was doing Moscow \u2019 s bidding .\nEchoing the Post , Lindsey Graham sent out a Tweet , saying that if the story were true and the CIA program was ending , \u201c it would be a complete capitulation to Assad , Russia , and Iran.\n to destabilize the Assad regime in Syria had already backfired by provoking a Russian military response , in the form of intervention on behalf of Syria in 2015 .\nAssad is still in power to this day , consolidating his victory , and so are the Iranian mullahs .\nEventually , Trump made another smart move \u2013 withdrawing U.S. military support for the Kurds , a Marxist-led group seeking their own independent state in the region that claimed to be fighting ISIS .\nWisely , Trump left this problem to the Turks ,  U.S. support for the Kurds with good reason , since Kurdish groups have been waging war on Turkish civilians for decades .\nTrump understood that the Turks were the best defense against Syrian and Russian expansionist designs in the region .\nSteele dossier was peddled not only by the Democrats but by McCain and Graham to frame Flynn , Trump , and other officials as Russian agents At the same news conference where he rejected Graham \u2019 s Middle East policies , Trump went on to say , \u201c The people of South  get into a war with Turkey , a NATO member , or with Syria .\nLet them fight their own wars .\nThey \u2019 ve been fighting for a thousand years .\nLet them fight their own wars.\n\u201d Considering this tension between Trump and Graham ( and Obama ) , Graham \u2019 s rejection of Trump \u2019 s request for Obama to testify at his upcoming Russia-gate hearings makes sense .\nHe knows the truth would backfire on those who were co-conspirators in the Obama/CIA policy that led to so much death  and which Michael T. Flynn opposed ) .\nClearly , Graham and McCain were on Obama \u2019 s side and bear some of the responsibility for the terrible loss of life in the region , not to mention the millions of refugees .\nIn order to deflect attention away from those \u201c dirty wars , \u201d the Steele dossier was peddled not only by the Democrats but by McCain and Graham to frame Flynn , Trump , and other officials as Russian agents .\nNo matter how pro-Trump Graham today sounds , in  s Fox program , the cold hard facts tell a different story .\nGraham , who helped get Russia-gate started , is now going to hold hearings into how Russia-gate got started ?\nThat \u2019 s a joke .\nIt \u2019 s even more laughable now that Graham says he won \u2019 t call Obama as a witness .\nClearly , he wants to protect Obama .\nAnd by protecting Obama , he hides his bloody hands in Syria and his anti-Trump maneuvers that started Russia-gate in the first place .\nCliff Kincaid  , Inc. usasurvival.org ."
        },
        {
            "id": "b4e4764bed1915f7",
            "title": "Christmas in the Land of the Long White Cloud",
            "content": "Meri Kirihimete! That\u2019s \u201cMerry Christmas\u201d in M\u0101ori and just one of the many unique things you\u2019ll notice while celebrating Christmas in New Zealand. A Kiwi-style Christmas is all about summer, outdoor fun and relaxation. This doesn\u2019t mean that age-old traditions are ignored; they just get a different treatment. Here\u2019s how some festive celebrations will play out in various corners of New Zealand this holiday season.\n\nA Christmas Tree\u2014Naturally\n\nIn New Zealand, Christmas trees come in many forms. Some are created naturally and need no further decoration\u2014like the pohutakawa, New Zealand\u2019s native Christmas tree. You\u2019ll spot them lining coastal areas of the North Island, blooming with bright crimson flowers over summer and providing the perfect natural shade for beachgoers.\n\nAuckland\u2019s Tallest\n\nThe Auckland Sky Tower becomes New Zealand\u2019s tallest Christmas tree when festive-themed lighting illuminates the tower throughout December. At 328 metres (1,076 ft), the Sky Tower is the tallest man-made structure in New Zealand\u2014it weighs 21 million kilos (20,000 tonnes), equivalent to 40 million average-sized Christmas puddings. The Sky Tower will display Christmas lighting until December 27, with a short break before the New Year\u2019s Eve lighting, laser show and fireworks.\n\nAnd, then there\u2019s the longest\u2026 For the first time this year, Auckland Harbour Bridge lights up each night until December 24 with a dazzling light and sound show that repeats every 15 minutes between 9 p.m. and midnight.\n\nFranklin Fairyland\n\nA suburban street in Auckland\u2019s inner city becomes a Christmas wonderland each year when residents adorn their houses and gardens with a dazzling array of Christmas lights. With carol singing and plenty of Christmas cheer, a wander down Franklin Road is sure to build Christmas spirit."
        },
        {
            "id": "a4b1b6760d53910e",
            "title": "Lifestyles",
            "content": "W ant to enter the world of audiophile listening but don\u2019t know where to start? There\u2019s a new book and accompanying high resolution disc combination available now that can help you learn where to start, where to focus your time and attention, and even how to listen critically.\n\nThe book is \u201cThe Stereo\u201d, an \u201cAudiophile\u2019s Guide\u201d coming from the word processor of long-time audiophile and entrepreneur Paul McGowan, who also happens to be one of the movers and/or shakers behind Boulder, Colorado\u2019s PS Audio company.\n\nIt isn\u2019t for everybody, but if you plan to drop even just a few grand on a higher end audio system, the $58US the pair costs could be an excellent investment that could actually save you money by helping you not waste it."
        },
        {
            "id": "897cb63ea42fe76e",
            "title": "New Zealand issues \u2018new\u2019 world map",
            "content": "Prime Minister Jacinda Ardern returns alongside Rhys who has been on the trail for six months to solve the unfathomable mystery of how a country bigger than the UK could be missing off so many maps.\n\n\n\nThis time, the duo is backed by world renowned director and fellow Kiwi, Sir Peter Jackson, who shares his theory with the world that New Zealand is closer than they think. In fact, it\u2019s in the middle of the earth. Sir Peter\u2019s involvement in the investigation was a natural connection as the man responsible for bringing Middle-earth to life.\n\n\n\nLong-time friend of New Zealand, British rock star Ed Sheeran even manages a cameo\u2026not surprising given his recent tea and scones date with PM Ardern and close connection with Sir Peter, performing the sound-track \u2018I See Fire\u2019 on one of his epic Hobbit films.\n\n\n\n\u201cI love New Zealand \u2013 it stole my heart, and it feels bonkers anyone could miss it off a map,\u201d says Sheeran.\n\n\n\nPrime Minister Ardern says, \u201cI\u2019ve loved seeing the global response to our campaign. With a little help from Sir Peter, my hope is that people will see New Zealand right where it deserves to be - on the top of their list of places to visit!\u201d\n\n\n\nThe video was created by Tourism New Zealand as part of its global marketing efforts and is the follow-up to a video launched six months earlier."
        },
        {
            "id": "d9ed6c2dedcb8548",
            "title": "What Are We Looking For?",
            "content": "That depends on what it is that we want. If we want more power, passing more laws, winning more elections, and placing more judges on the courts is the road to take. And how much power do we want? Is there ever enough power? History always shows us that those who have obtained wealth, fame, and power always want more.\n\nRepublicans, Democrats, those on the far right and far left are all searching for something. Should we pass more laws, win more elections, place more judges on the courts to get what we want?\n\nWhat you \u201cneed\u201d is awareness. So simple yet so hard\n\nIn the 1948 movie Key Largo, where gangster Johnny Rocco played by Edward G. Robinson, responds to what he ultimately wants with the answer \u201cmore.\u201d Hence, it seems that the acquiring of power by politicians today does not satisfy that desire for more power; it only increases it.\n\nDid it ever occur to these men and women in Washington that they could acquire all the power in the world and still be searching for something?\n\nDid it ever occur to these men and women in Washington that what they are looking for cannot be found with power or money?\n\nAnd is there a way that people, not only politicians but all people, can know what they are looking for?\n\nThere is, and you don\u2019t need intelligence, strength, or youth to find out. You don\u2019t need to acquire anything. What you \u201cneed\u201d is awareness. So simple yet so hard.\n\nThrough awareness, what eludes people is made clear. If all our politicians were aware, our border crisis would disappear. Our elections would be fair, and our crime rates would diminish."
        }
    ],
    "label": 0,
    "label_text": "low"
}