{
    "source": "capitalandmain.com",
    "articles": [
        {
            "id": "72a79a9a1e0506de",
            "title": "New Law Aims to Expand Access to HIV Prevention \u2014 But Will It?",
            "content": "Back in March, Quadeer Jones, a 23-year-old actor in Los Angeles, decided to get pre-exposure prophylaxis, or PrEP, to protect himself from HIV when having sex. He made an appointment at the Los Angeles LGBT Center to get PrEP medication, the antiretroviral Truvada, traveling more than 30 miles. Once he arrived at the center, the process was relatively easy. \u201cI had to schedule an appointment for rapid HIV testing,\u201d he says. \u201cThey said I was negative. I got my prescription and meds and I was out the door in about an hour.\u201d\n\nJones, a New York transplant, had an easier time getting PrEP than most people, and his situation is even more unusual because it was his very woke father who told him about PrEP after hearing about it on a TV commercial. Many people who want PrEP, at least those who aren\u2019t close to an LGBT-friendly clinic, might have trouble getting a doctor to prescribe PrEP, or finding one who even knows what it is. And then they might not find a pharmacy with Truvada, or a newer drug called Descovy, in stock. In many parts of the country, paying for PrEP can be another hurdle, though thanks to Medi-Cal and the state PrEP Assistance Program, the meds are free or nearly free for most Californians. Regular lab tests for people on PrEP long-term are often an out-of-pocket expense.\n\n\n\nTruvada and Descovy, along with other meds, can be taken like \u201cmorning after\u201d medication for people who may have accidentally exposed themselves to HIV.\n\n\n\nThese hurdles cause unnecessary delays in obtaining what can be lifesaving medication. Approved by the FDA in 2012 to prevent HIV, Truvada \u2014 and now Descovy \u2014 provides up to 99 percent reduction in HIV risk for HIV-negative people, when taken as directed. More than just the pills, PrEP is a regimen that also requires regular HIV tests and testing for kidney functions.\n\nBoth medications can also be used in post-exposure prophylaxis, known as PEP \u2014 taken, along with other meds, like \u201cmorning after\u201d medication for people who may have accidentally exposed themselves to the virus. But waiting several days for a doctor\u2019s visit, another few days for HIV test results and maybe another day for insurance preauthorization can make PEP unusable. PEP can be obtained at some emergency rooms or urgent care clinics \u2014 that is, if ER doctors are willing to provide it.\n\nThe Centers for Disease Control and Prevention (CDC) estimates that more than 1 million people in the U.S. could benefit from PrEP, but prescriptions for it have been underwhelming, particularly among the most vulnerable populations \u2014 young gay and bisexual men of color and trans women. Since it was approved to prevent HIV in 2012, only 135,000 prescriptions had been filled in the U.S. by October 2019. AIDSVu, a collaborative research project between Emory University and Gilead Sciences, the maker of the meds used for PrEP, estimates there are approximately 28,000 PrEP users in California, although the data do not include closed health systems like Kaiser Permanente. Still, PrEP use is significantly below the need: The California Department of Public Health estimated that between 221,528 and 238,628 Californians would meet the criteria for PrEP. According to the CDC, HIV-negative people who are sexually active or using IV drugs may be at risk of contracting HIV.\n\n\u201cDemedicalizing\u201d protection against HIV\n\nLast year California lawmakers aimed to boost the use of PrEP and PEP by removing some of the barriers to obtaining them. The passage of Senate Bill 159 (SB 159) made the state the first in the nation to allow pharmacies to sell a 60-day supply of Truvada or Descovy without a doctor\u2019s prescription. The bill also eliminated preauthorization requirements for the meds.\n\nThe goal of SB 159, co-sponsored by California Sen. Scott Wiener (D-San Francisco) and Assemblymember Todd Gloria (D-San Diego), was to have anyone who needs the medication be able to walk into any pharmacy and get it, without a doctor\u2019s appointment, on the same day. The provision to nix insurance preauthorization took effect January 1. The other provision \u2014 pharmacy sales without a doctor\u2019s prescription \u2014 has been taking a little more time to implement.\n\n\n\nSeveral California counties are among the highest in the nation for new HIV diagnoses. In Imperial County, 29 of every 100,000 people were newly diagnosed with HIV in 2017.\n\n\n\nMitchell Warren, Executive Director of AVAC (AIDS Vaccine Advocacy Coalition), says SB 159 will help more people have access by partially \u201cdemedicalizing\u201d access to meds. \u201cWe distribute contraceptives in ways that are demedicalized. You don\u2019t have to run the gamut of nurses, etc. We are at the beginning of looking at demedicalized delivery [of PrEP] and that is very important.\u201d\n\nDisparities in PrEP access\n\nAs a product of a data fellowship from the University of Southern California Annenberg School of Journalism, this story is the first of a two-part series exploring how the law could work as intended, what regions of the state might benefit the most \u2014 the PrEP \u201cdeserts\u201d \u2014 and what stumbling blocks could keep it from succeeding. Some of the biggest stumbling blocks, though, are not a fault of the law, but have more to do with the disparities inherent to health care in America, including scarcity of facilities in many communities, medical mistrust and, particularly important for a law aimed at preventing HIV, stigma \u2014 both on the part of patients and providers.\n\nSeveral California counties are among the highest in the nation for new HIV diagnoses.\n\nIn Imperial County, 29 of every 100,000 people were newly diagnosed with HIV in 2017, according to the latest statistics available. However, that\u2019s far below Fulton County, Georgia, with 69 out of 100,000 and Stewart County, Georgia, with a whopping 130 cases per 100,000. The Deep South has been a hotbed of HIV infections for years. As far as PrEP use, California is doing a bit better than the South, thanks partly to the statewide PrEP Assistance Program, which is run by the California Department of Public Health Office of AIDS and which provides financial assistance with PrEP medication and related expenses.\n\nBut there are significant differences in PrEP use from county to county in California. Advocates tell Capital & Main that differences have much less to do with paying for PrEP than with the number of places a person can get it, stigma and knowledge that PrEP exists as an effective HIV prevention tool. In short, PrEP use is highest where there is what advocates call \u201ca culture of PrEP.\u201d On that measure, one county, San Francisco, is succeeding. Most other counties are severely lagging.\n\nA tale of two counties\n\nSan Francisco County, which shares the same boundaries as the city, is compact and diverse. With fewer than a million people, San Francisco is one of the most densely populated major American cities.\n\nPrEP data provided by researchers at the Rollins School of Public Health at Emory University\n\n\n\nSan Francisco\u2019s rate of PrEP use for all age groups is the highest in the state by far; in 2018, 644 of every 100,000 residents were using PrEP; that dwarfs all California counties, including one with a much larger population, though spread out: San Bernardino.\n\nBordered by Nevada and Arizona to the east, San Bernardino County is home to more than 2 million people across more than 20,000 square miles of high and low desert and mountains, the largest county outside of Alaska. It\u2019s more than half Latino and has a nearly 15 percent poverty rate.\n\nIn addition to having one of the lowest overall rates of PrEP use of all data available, at 35 out of every 100,000, San Bernardino County also has one of the lowest use of PrEP based on the estimated number of people who could benefit from it (PrEP-to-need ratio, or PnR), and the lowest PnR in California for people under 24 years old. The map below shows that in 2018, for every person newly diagnosed with HIV in San Bernardino County, there were 2.82 people using PrEP. For those under 24, there were 1.63 people on PrEP. By contrast, in San Francisco County, the numbers were 20.33 and 11.34.\n\nPrEP data provided by researchers at the Rollins School of Public Health at Emory University\n\n\n\nThere are a couple of reasons for this disparity, according to Michael Chavez, a case manager at the Foothill AIDS Project (FAP) in San Bernardino. \u201cThere is no LGBT center in San Bernardino County,\u201d he says. \u201c[Foothill AIDS] is point-of-contact for all communities, but the ones who come here usually have HIV.\u201d\n\nChavez adds that the number of young men who come to FAP for any reason is very low, and the project doesn\u2019t yet have a clinic to provide PrEP and PEP, though that\u2019s in the works. Right now, people who want PrEP are likely to drive 50 miles west to the L.A. LGBT Center, or APLA Health, he says.\n\nIn Part 2: Why pharmacists don\u2019t prescribe PrEP and PEP . How the lack of free testing could undermine sales. What health care factors could determine the success or failure of California Senate Bill 159.\n\nChavez notes that the median income is lower than in L.A. County, and the amount of information about HIV and PrEP is harder to find. \u201cIf they don\u2019t see an ad on TV about PrEP, they probably won\u2019t know about it,\u201d he says.\n\nIn theory, any doctor in California, or the country, could prescribe PrEP, but that doesn\u2019t mean they do. According to data from the CDC, the number of locations to get a PrEP prescription in San Bernardino County \u2014 but not necessarily obtain the medication \u2014 is eight: two doctors, one Kaiser Permanente facility, one CVS MinuteClinic and four public clinics. That\u2019s compared to 50 providers in San Francisco County.\n\nIn listening sessions with young, sexually active LGBTQ young adults conducted in Los Angeles, a common theme was that primary physicians didn\u2019t know what PrEP was, and many of those who did know wouldn\u2019t write a prescription. Some participants even recounted being \u201cslut-shamed\u201d for being sexually active. More than one participant said doctors and nurse practitioners said of their desire to have gay sex, \u201cYou\u2019re not a real man.\u201d Health care workers in county facilities were particularly prone to these sentiments. This, in 2020.\n\n\n\n\u201cI could walk out my door and I would not be able to find an HIV drug in a 10-mile radius.\u201d\n\n\u2014 Michael Chavez, Foothill AIDS Project, San Bernardino.\n\n\n\nSB 159, in theory, is a workaround for culturally conservative physicians \u2014 that is, if there are enough non-culturally conservative pharmacists willing to opt in. When the law is working as intended, it will go like this: Any Californian could go into a pharmacy and ask for PrEP or PEP, get the required HIV test \u2014 if they haven\u2019t had one in the past seven days \u2014 on the spot, and walk out with a 60-day supply of PrEP or a 28-day supply of PEP. As part of that service, the pharmacist would hand off the customer to a doctor for ongoing care and lab tests.\n\nChavez says SB 159 will eventually expand access to PrEP, but doubts it will create a mass rush to pharmacies without a public awareness campaign; the law didn\u2019t set aside money for publicity. And Chavez, who manages FAP\u2019s specialty drug program, says pharmacies that provide Truvada or Descovy for PrEP and PEP \u2014 or even provide these meds for HIV treatment \u2014 are few and far between in the county.\n\n\u201cI could walk out my door and I would not be able to find an HIV drug in a 10-mile radius,\u201d Chavez tells Capital & Main. \u201cYou can order it by mail, but that won\u2019t help if you need it right away, like PEP.\u201d In addition, the pharmacy might prove intimidating for potential customers. \u201cPeople don\u2019t want to walk into a pharmacy to get PrEP and have other customers hearing that they need PrEP.\u201d Some young men who participated in listening sessions for these stories also worried about getting \u201cattitude\u201d from their pharmacists like they have from primary care doctors and nurse practitioners.\n\nUnlike in San Bernardino County, PrEP is everywhere in San Francisco. An LGBT mecca for nearly a century, San Francisco was an epicenter of HIV from the early years of the epidemic. So, as it was one of the first areas to address the ravages of AIDS, it also has been aggressive in preventing HIV, the virus that can lead to AIDS. Now, it has a Getting to Zero initiative, as do several other California cities, which is expanding PrEP access and encouraging people in STD clinics to consider PrEP.\n\n\n\n\u201cEven with the steps we have taken to increase access and reduce financial barriers, significant challenges remain, such as stigma, systemic racism and lack of culturally competent providers.\n\n\u2014 Craig Pulsipher, APLA Health\n\n\n\n\u201cThere is community norm to be on PrEP here,\u201d says Hyman Scott, Clinical Research Medical Director for the San Francisco Department of Public Health. \u201cSan Francisco has a very empowered and well-resourced community able to access PrEP. The motto is \u2018Every door should be the right door\u2019 to PrEP. We do hear this in focus groups a lot if it comes down to who in your social network takes it and are they supportive of it. And the provider culture is supportive here and that is not true everywhere.\u201d\n\nToo early to determine its effectiveness\n\nSB 159 was written to make getting PrEP anywhere in the state as easy as it is in San Francisco. According to the California Pharmacists Association, however, no pharmacist has yet completed the required training to sell PrEP under the law, and it isn\u2019t even clear which pharmacists will agree to sell it. SB 159 is an opt-in law, not unlike a 2016 law allowing sales of birth control without a prescription, a worrisome comparison given the initial resistance of pharmacists. However, PrEP and PEP require ongoing testing for kidney functions, as well as regular testing for HIV, which makes it a slightly more complex service than providing birth control.\n\nEven the law\u2019s strongest proponents, including Craig Pulsipher, Associate Director of Government Affairs for APLA Health, admit that the law won\u2019t mean that people can get PrEP and PEP at any pharmacy right away. Pulsipher says that while he\u2019s optimistic that SB 159 will result in more people using PrEP and PEP, the bill was never intended to be the \u201cbe-all end-all solution.\u201d\n\n\u201cEven with the steps we have taken to increase access and reduce financial barriers, significant challenges remain that are more difficult to address, such as stigma, systemic racism and lack of culturally competent providers,\u201d he says. \u201cWe have much more work to do to address these issues and a host of other factors that impact a person\u2019s willingness and ability to take PrEP.\u201d\n\nIn part two of this series, I will explore some of these issues, including why pharmacists might decide not to prescribe PrEP and PEP, how the lack of free testing services around the state could undermine sales, and how health disparities and health care incentives could determine the success or failure of SB 159.\n\nThis article was produced as a project for the USC Annenberg Center for Health Journalism 2019 Data Fellowship.\n\nCopyright 2020 Capital & Main"
        },
        {
            "id": "3f431fd11decb63e",
            "title": "Videos Archives",
            "content": "Amazon Union Campaigners Dig In: \u2018I\u2019m Gonna Stay Here and Fight\u2019\n\nFor many, the warehouse workers\u2019 organizing drive is less about wages or benefits, and more about winning dignity and respect."
        },
        {
            "id": "d24d3d8031d2ffc6",
            "title": "Migrants Stuck In Mexico Finally Allowed Into U.S.",
            "content": "On Thursday Feb. 25, the first residents of the migrant tent encampment in the Mexican city of Matamoros were finally allowed to cross the border to the United States. Twenty-seven people, some of whom had requested asylum as many as 18 months ago but were forced to wait in Mexico under former President Donald Trump\u2019s Migrant Protection Protocols (MPP) program, were finally given permission to continue their asylum process in the U.S. Among the group were women, children and transgender individuals who had been persecuted in their home countries.\n\n\n\n\n\nThe processing of camp residents began the previous day with impressive efficiency. The camp was sealed off to newcomers, with everyone asked to remain in their tents. As the day progressed, staff from various United Nations agencies together with representatives of other nongovernmental organizations (NGOs) patiently moved from tent to tent registering each person and explaining the next steps in the process.\n\n\n\n\n\nAs day broke on Thursday, the first group were given COVID-19 tests and then walked across the border, processed by U.S. customs and then driven a few hundred meters by bus to the Brownsville, Texas, bus station, where they were greeted by reporters and emotional members of NGOs.\n\n\n\n\n\nDozens of volunteers worked tirelessly around the clock to plan for every eventuality. As the buses of migrants arrived, organizations set up booths providing legal services, clothing, shelter, food and transportation. These people will now be able to wait in the U.S. in the hope of ultimately being granted asylum.\n\n\n\n\n\nAs a result of MPP, thousands of men, women and children found themselves waiting in Mexican border towns. Around 3,000 lived in tents on the banks of the Rio Grande in the city of Matamoros, Tamaulipas, which borders Brownsville in Texas. The U.S. Department of State considers Matamoros so dangerous that consular staff may only travel within a limited radius from the consulate and at certain times of day.\n\n\n\nIn March 2020, as borders closed due to the pandemic, court dates were suspended, further delaying immigration proceedings. Many people gave up on the idea of entering the United States legally and numbers in the camp dropped to around 700. Some people crossed illegally, some headed back to their home countries and others moved into crowded, often squalid, apartments in the city.\n\n\n\nAs the year progressed, a tall wire fence, topped by loops of razor wire, enclosed the camp. The only entrance was strictly policed by Mexico\u2019s National Institute of Migration. Journalists were largely excluded from documenting the conditions of the camp.\n\n\n\nMany, including young children with no access to formal education, have survived in the camp for more than 18 months. Now, there is the proverbial light at the end of the tunnel.\n\n\n\nEight nations are represented within MPP: Mexico, Guatemala, Honduras, El Salvador, Nicaragua, Cuba, Haiti and Venezuela. Mexicans are exempt from the program; however, the closure of the border meant that they too were forced to wait.\n\n\n\nOver 70,000 people have been affected by MPP in 2019 and 2020, according to the nonpartisan TRAC Center."
        },
        {
            "id": "dc89d459d7ca12b6",
            "title": "Affordable Housing Archives Tags",
            "content": "A New Series Examines California\u2019s Housing Meltdown\n\nThe first of the month has come to strike terror in renters, while homeownership seems like a fantasy to the young. How did this happen?"
        },
        {
            "id": "adcb1c53787a18cf",
            "title": "How California Oil Spillers Fend Off New Climate Laws",
            "content": "This story is part of Covering Climate Now, a global journalism collaboration strengthening coverage of the climate story.\n\nWhen Bakersfield-based oil company E&B Natural Resources sought to put wells in Hermosa Beach that would dig through the ocean floor sideways in 2013, the company\u2019s president said he wanted the community\u2019s trust.\n\n\u201cWe understand that we must not only demonstrate that we can operate in a safe and environmentally responsible manner, but we must also establish trust,\u201d Steve Layton told the Los Angeles Times. But Hermosa Beach rejected Layton\u2019s offer of trust by voting down the proposed project.\n\nNow environmentalists in Los Angeles say that E&B Natural Resources has violated another community\u2019s trust after one of its pipelines at the Inglewood Oil Field leaked more than 1,600 gallons of oil on April 6, according to an initial state spill report, which says a shipping pipeline valve was left open through human error. A call to the Los Angeles County Fire Department\u2019s Health Hazardous Materials Division to confirm the final spill amount was not returned by publication time.\n\n\n\nThe California Independent Petroleum Association is one of the most aggressive forces lobbying against tighter\n\nenvironmental and climate regulations.\n\n\n\nOil producers have been drilling in the Inglewood field, the largest urban field in the country, since the 1920s, producing more than 400 million barrels of oil since. Environmental justice activists have recently started calling attention to the field\u2019s health impacts on predominantly Black surrounding communities.\n\nThe spill was relatively small, but E&B Natural Resources plays an outsize role in the industry and wields influence in California politics, in part because company president Layton is also the chairman of the California Independent Petroleum Association. The trade group represents around 500 independent oil and gas producers in the state and is one of the most aggressive forces lobbying against tighter environmental and climate regulations.\n\nSabrina Lockhart, a spokesperson for CIPA, said that Layton leads the association\u2019s board of directors meetings. He is listed as the association\u2019s principal officer on the group\u2019s most recently available tax filings. He also hosted a CIPA wine auction at his beachfront home in Long Beach last summer.\n\nThe Inglewood Oil Field is currently under the management of Sentinel Peak Resources. The pipeline owned by E&B Natural Resources that leaked was transporting oil to the field from a different drill site, according to Ted Cordova, a spokesperson for E&B Natural Resources.\n\nCordova didn\u2019t make Layton available for comment, but said the company takes \u201cfull responsibility\u201d for the accidental leak.\n\n\u201cOnce discovered, our crew immediately shut down the pipeline. As required, all federal, state and local agencies were notified and the Los Angeles Fire Department reported that the incident posed no threat to public health and safety,\u201d Cordova told Capital & Main.\n\nAccusations of environmental racism\n\nE&B Natural Resources\u2019 idle wells are the subject of a lawsuit. Redeemer Community Partnership is suing the Los Angeles Fire Department for allegedly failing to order E&B Natural Resources\u2019 to plug its wells at the Murphy drill site, which pose risks to the community from toxic fumes, carbon emissions and accidents.\n\n\u201cWe on a week-to-week basis see this operator drive this [Murphy] drill site under the influence of greed, with reckless disregard for the health and safety of residents,\u201d said Richard Parks, president of Redeemer Community Partnership, who calls the presence of oil operations there \u201cenvironmental racism.\u201d\n\n\n\nEnvironmental justice activists have called attention to the Inglewood Oil Field\u2019s health impacts on predominantly Black surrounding communities.\n\n\n\nWhile smaller oil projects in L.A. County such as the Hermosa Beach proposal have been rejected or mitigated by voters or community pressure, the Inglewood field has straddled the boundary between Culver City and unincorporated county land for nearly a century. It was completely unregulated by either jurisdiction until recently.\n\nAfter gas releases and odors in 2005 and 2006, the Plains Exploration & Production Company, which operated the field at the time, approached the county to institute a regulatory framework. The process was favorable to the industry from the start, according to Martha Arg\u00fcello, an environmentalist and co-chair of the STAND-L.A. Coalition and executive director of Physicians for Social Responsibility Los Angeles.\n\nArg\u00fcello says that by comparison with L.A. County, Culver City has made greater efforts to regulate its portion of the field, voting last October to examine how it could wind down its oil wells. Arg\u00fcello has lobbied the city of Los Angeles for years to implement 2,500 foot buffer zones between oil operations and homes, a distance based on studies of the health hazards near oil and gas operations.\n\nAbove: Inglewood Oil Field and surrounding neighborhood.\n\n\u201cIt\u2019s not surprising\u201d that the company responsible for the spill would share leadership with an oil lobbying group, according to Arg\u00fcello. \u201cThere\u2019s a lot of consolidation among companies in these fields. There\u2019s a network, and they\u2019re very well represented so we often find those relationships really challenging as we try to enact health policies.\u201d\n\nThose policies include a bill last year that would have instituted the 2,500 foot health safety zone between human dwellings and oil operations statewide. The bill died in a senate committee; the California Independent Petroleum Association said that killing the bill was its top priority. (Another bill mandating this health safety zone is currently wending its way through the Legislature, after being stripped of far-reaching regulations over hydrofracturing and injection wells.)\n\nCIPA spends big fighting oil regulations, climate legislation\n\nCIPA spent $1.35 million lobbying for pro-industry policies in 2019-2020, the most recent years for which data is available.\n\nIt succeeded in killing the health safety zone bill, and in addition, the association lobbied against a bill that would have required more oversight of groundwater quality and oil injection wells; a bill requiring the State Air Resources Board to publish annual data on greenhouse gas and air pollutants from wildfires; and a bill directing regulators to prepare for rising sea levels on California\u2019s coast. All died before going to a vote.\n\nCIPA also lobbied against a bill that increased criminal penalties for oil companies that knowingly spill oil in bodies of water or fail to properly clean it up. That bill was signed into law by Gov. Newsom last September, but only after being stripped of its strongest provisions.\n\nLobbying disclosures indicate that CIPA contributed about $1,896 each to several state legislators in March 2020, including to Sen. Steve Bradford (D), whose district includes the Inglewood field. Bradford and 10 other legislators also attended an event last year hosted by CIPA at the Rancho Valencia Resort & Spa, a luxury resort half an hour north of San Diego; CIPA\u2019s Sabrina Lockhart described it as a \u201cfundraising event.\u201d\n\nA spokesperson for Bradford declined to comment. According to CourageScore, a website managed by progressive groups, Bradford has received more than $160,000 in contributions from the oil and gas industry since 2000.\n\nCapital & Main also reported on CIPA\u2019s role in beating back new oil and gas regulations in Ventura County that would have brought certain new wells into compliance with environmental regulations implemented in the 1970s. CIPA worked with a public relations firm to gather signatures opposing the regulations, successfully delaying their implementation until a ballot vote in 2022.\n\nLayton has run E&B Natural Resources since 2000, according to an online profile, and belongs to an array of other industry associations such as the National Petroleum Council. He\u2019s a third generation oil producer once based in Texas and an outspoken advocate for smaller producers in comparison to multinational corporations like Chevron.\n\nIn a previous interview, Layton described his beliefs about the environment and the oil industry.\n\n\u201cPeople assume that members of the oil business don\u2019t care about the environment, when really we know that not only can oil be recovered in a safe and environmentally responsible manner, but that the revenue generated from the production of oil can and does accomplish great things. Revenue from oil production can in fact help provide the funding necessary to build the bridge to a future beyond a hydrocarbon-based economy,\u201d Layton said.\n\nCopyright 2021 Capital & Main"
        },
        {
            "id": "ecd36f4ae94de268",
            "title": "Corporations Profit From Killing DACA",
            "content": "\n\nEnding the Deferred Action for Childhood Arrivals (DACA) program is flat out wrong and inhumane.\n\nPresident Trump is jeopardizing the lives of 800,000 young undocumented immigrants who came here seeking better opportunities, often fleeing tough or dangerous conditions at home.\n\nThere\u2019s not much more to be said than that\u2014except that it\u2019s also a big moneymaker for a handful of private investors and corporations. Trump and Attorney General Jeff Sessions are leading the charge, but it\u2019s those that profit from immigration deportation that will gain the most.\n\nPrivate prison corporations already detain nearly two-thirds of the undocumented immigrants in Immigration and Customs Enforcement (ICE) custody, but ending DACA will surely give them more.\n\nSee, the two biggest private prison corporations, GEO Group and CoreCivic (formerly CCA), are actually legally structured as real estate companies. In their words, they provide the public with \u201creal estate projects,\u201d not incarceration. They see policies like ending DACA as an \u201copportunity\u201d to build more immigration detention centers \u201cthroughout the country rather than only clustered along the southern border.\u201d\n\n(By the way, their status as real estate companies also gives them a massive tax break. In 2015 alone, the corporations used their status and other avenues to avoid a combined $113 million in federal income taxes. Taxpayers are essentially paying them a bonus to cut corners, hurt prisoners, underpay workers and make it harder for us to send less people to prison and jail.)\n\nBeyond GEO Group and CoreCivic, a whole host of corporations that provide prison health care, food services, phone calls, bail bonds and other services stands to profit from more people being deported. Even Wall Street and the airline industry could get in on the action.\n\nAnd who knows how many of Trump\u2019s friends will profit? In just one example, this spring ICE opened an office in the same building as the headquarters of Buffalo power broker Jeremy Jacobs\u2019 corporation, Delaware North. The Jacobs family donated more to Trump\u2019s campaign than anyone in Western New York and last year hired a former U.S. Attorney who had just led the largest workplace immigration raid during the Obama administration.\n\nWe need mass action to force congress to act before the DACA program ends in March. We also need to keep shining the light on who profits from racism. That\u2019s how we win.\n\nThis feature is cross-posted from the Huffington Post."
        },
        {
            "id": "fdf347e71786dbfd",
            "title": "Latest News Archives",
            "content": "A Gas Pipeline Runs Through It: Brooklyn Faces Massive Grid Project\n\nNew York City consumes massive amounts of natural gas to stay warm and run stoves. Energy experts say there is a greener way forward.\n\nFrom Covering Climate Now and WNYC/Gothamist"
        },
        {
            "id": "6e2a4362893b306c",
            "title": "A Labor Day Homage to New Orleans\u2019 Rebuilders",
            "content": "Editor\u2019s Note: It\u2019s worth remembering, as we head into the Labor Day weekend and as Hurricane Katrina\u2019s 15th anniversary observances fade away, that much of New Orleans was rebuilt on the backs of Latino immigrants. As Frances Madeson reports, those seldom thanked laborers performed around the clock under harsh physical and economic conditions, and were often the victims of wage theft.\n\n\n\nThe evening before Marco and Laura were forecast to roar through the Gulf of Mexico towards New Orleans in a one-two hurricane punch, Santos Alvarado had peered the length of his street for suspicious vehicles before leaving his house to be interviewed for this article.\n\n\u201cI am undocumented,\u201d Alvarado says, \u201cand you always have to watch over your shoulder.\u201d\n\nIf not for the red tide algae bloom that brought an abrupt end to fishing in the waters on the southern coast of Honduras in 1998, Alvarado might still be at home there with his first family today. Compounding matters, just at the time he lost his livelihood, his 6 year old son got the nib of a pencil eraser stuck inside his nasal cavity. The doctors from the Cuban medical brigade who examined him in Honduras said extracting it would require surgery, and soon, if the boy\u2019s sense of smell was to be saved from the infection causing his nostril to hemorrhage and putrefy.\n\n\n\n\u201cThe laborers helped us get back on our feet and culturally changed our community. When we look back, we owe a debt of gratitude.\u201d\n\n\u2014 Former New Orleans city council president Arnie Fielkow\n\n\n\nAlvarado\u2019s wages for cutting coffee couldn\u2019t cover the 10,000 lempiras he needed to pay for the operation (about $400). He would earn that money over time in Houston, then found more work in Dallas. Eventually he traveled and worked with two brothers and a brother-in-law, until, in January 2006, they reached the post-Katrina landscape of New Orleans.\n\n\u201cI had heard about the devastation, but when I saw the destruction and the conditions, I wanted to cry as if I had lived here. Everything was in ruins,\u201d he says. \u201cThere were no people, no lights, and there was a foul smell throughout the city.\u201d\n\nBy then his family back home was almost entirely dependent on his earnings for survival, a situation that would not improve with the 2008 global economic crash and has extended to this day. Before COVID, he would send $300-$400 a month, sometimes more if they especially needed something.\n\nHe was an early arrival among the tens of thousands of Latino workers from Central America and Mexico recruited by operators or friends. The levee failures caused flooding in 80 percent of the city, and the work to clear the debris was steady for more than two years.\n\n\n\n\u201cThese houses were like ghost houses \u2014 branches everywhere, dead pets you had to take out. A lot of times there was no PPE, and you had to do it. We didn\u2019t know our rights.\u201d\n\n\u2014 Alfredo Carrera\n\n\n\nSleeping in a tent camp in City Park, he began cleaning schools, colleges, municipal and other governmental buildings, stripping the walls and floors to the metal studs, which other workers disinfected with bleach. It was all hard labor, but one job, dismantling a school kitchen, was so perturbing that talking about it all these years later still makes him squirm.\n\n\u201cThere was so much rotten meat; there were vegetables that had rotted, and we had to take all that out,\u201d he says. \u201cThere were four of us, and we would take turns because we couldn\u2019t bear the stench, 30 minutes each person.\u201d\n\nHe\u2019s testified about the incident before the Louisiana state Legislature and tells that story when challenged by locals who say that he came here to take their jobs:\n\n\u201cWhen we were in that kitchen, I would have loved for somebody to come and say, \u2018You\u2019re taking my job.\u2019 And I would\u2019ve said, \u2018Of course, please take it back.\u2019\u201d\n\n* * *\n\nOlga Tiburcios arrived in New Orleans in December 2005 to primitive living conditions she could scarcely believe.\n\n\u201cI was in a house of all men, and since I didn\u2019t have a room, I locked myself in the laundry room,\u201d she says, \u201cand slept on the floor.\u201d\n\n\n\n\u201cThe guy hit me with a bottle. He threw it at me when I asked for him to pay me the money he owed me. He said, \u2018If you don\u2019t leave right now I\u2019m going to call the police.\u2019\u201d\n\n\u2014 Olga Tiburcios\n\n\n\nA sewing teacher and seamstress in Mexico, she got a demolition job on her very first day in New Orleans. She had to be a quick study, picking up new skills as she worked. Until she became more experienced and connected, she was sometimes preyed upon by bosses.\n\n\u201cThe contractor, he obligated me to cook for everybody in the morning and dinner when I came home,\u201d Tiburcios says. \u201cI was so tired but he made me.\u201d Her extra work would keep her on her feet until 11 p.m. only to be up at 4 a.m. and back at the worksite by 6.\n\nShe left that crew for another, she explains, \u201cBecause the guy hit me with a bottle. He threw it at me when I asked for him to pay me the money he owed me. He said, \u2018If you don\u2019t leave right now I\u2019m going to call the police.\u2019\u201d\n\nIt wasn\u2019t her only instance of wage theft. \u201cI was owed thousands of dollars,\u201d she says. \u201cI lost all of it. I would search for the contractors at the addresses they\u2019d given me, but they couldn\u2019t be found.\u201d Alvarado, too, says he and his brothers were swindled out of $12,000.\n\n* * *\n\nOliver Thomas, radio host of WBOK\u2019s The Good Morning Show, was the president of the New Orleans City Council at that time.\n\n\u201cI remember an incident with a guy who said his name was Ernie,\u201d Thomas says. \u201cErnie showed up at my house with six or seven other guys and said, \u2018Man, people told me to come ask you to help.\u2019 And I said, \u2018Help with what?\u2019 He said, \u2018Man, these contractors, they\u2019re supposed to be paying us $18 an hour but they\u2019re only paying us $10.\u201d Thomas offered to assist them in reporting it, but they felt it was too risky because of their immigration status. This was before the Congreso de Jornaleros (Congress of Day Laborers) was established to organize the workers to fight rampant wage theft.\n\n\n\n\u201cSometimes, you had four feet of standing water. You had to pick up the carpet, the floor, the furniture, the heaviest things, the most toxic things\u2014that was our work.\u201d\n\n\u2014 Alfredo Carrera\n\n\n\nStarting in 2009 then-city council president Arnie Fielkow attempted to get a wage theft bill passed (Fielkow is now head of the Jewish Federation of Greater New Orleans). Ultimately, he co-sponsored a resolution on April 7, 2011, for the purpose of \u201capplauding and supporting the efforts of the Judges, Constable and Clerk of First City Court in addressing the issue of wage theft in New Orleans, and pledging to continue to work with all parties to seek additional effective instruments to address wage theft in New Orleans.\u201d The resolution was adopted.\n\nFielkow says the post-Katrina infusion of migrants both helped restore and refresh New Orleans as a global city. \u201cThe laborers helped us get back on our feet and culturally changed our community. When we look back, we owe a debt of gratitude.\u201d\n\nThomas also remembers street theft with neighborhood guys robbing migrants and disparaging them as \u201cwalking ATMs.\u201d\n\n\u201cThey\u2019d find out their paydays and worksites and go to the job and follow them,\u201d he explains.\n\nThomas says there were conversations in which other tensions between local Blacks and Latino migrant workers surfaced \u2014 \u201creal talk,\u201d but straight out of the divide and conquer playbook.\n\n\u201cOne young African American man from Central City said, \u2018Hey man, I can\u2019t walk down the streets of my city without being harassed and without the police stopping me, and I\u2019m legal.\u2019\u201d\n\n* * *\n\nAlfredo Carrera came from Mexico in 2006, and so far his best day in the United States was his first, because he made it in.\n\n\u201cI thought, okay, I\u2019ll go for one year,\u201d Carrera says, \u201cand here I am 14 years later.\u201d\n\nIn the immediate post-Katrina period, he experienced feelings of displacement similar to those expressed by the locals.\n\n\u201cYou suffered a little bit and would get sad and sentimental when the owners were crying for their homes and things that they had lost,\u201d he says. \u201cWe kept working but with our hearts so heavy and maybe like how they were feeling.\u201d\n\nThey began to rebuild the city, sustained by meals delivered by the Red Cross, or occasionally from the one Chinese restaurant open in mid-City, or by hot-dogs a guy sold out of his car. They lined up outside the one Winn Dixie grocery store that was open, but with limited hours. It was hardly enough food to meet the caloric demands of all the laborers clearing heavy, waterlogged debris.\n\n\u201cSometimes, you had four feet of standing water,\u201d Carrera says. \u201cYou had to pick up the carpet, the floor, the furniture, the heaviest things, the most toxic things\u2014that was our work. We didn\u2019t have gloves, we didn\u2019t have masks. When you went into a house that had been enclosed for two months, the mold\u2026these houses were like spook houses, like ghost houses, branches everywhere, dead pets you had to take out. A lot of times there was no PPE, and you had to do it. Everyone was coughing. We didn\u2019t know our rights.\u201d\n\nHe says Congreso\u2019s focus shifted toward police and Immigration and Customs Enforcement (ICE) abuse and harassment. Between 500 and 600 people routinely crowded their monthly organizing meetings, frantic to stop the deportation raids in 2013.\n\n\u201cMany people disappeared,\u201d Carrera says. \u201cWe never found out where they went. When we asked the police they said we handed them over to immigration. When we asked immigration they said no, they never came here. They were terrorizing our communities.\u201d\n\nCongreso mounted pressure and kept it up until the policy was changed via a federal consent decree\u2014a key protection was that the sheriff could no longer share information with ICE or allow officials to come into his jail. Carrera says the fight, which was relentless, was not just for themselves. \u201cIf the program had been fruitful, ICE was going to implement it nationwide.\u201d\n\nMore recently, the Congreso has demonstrated in support of the families of the three workers killed last October in the Hard Rock Hotel collapse. The precarious wreck in the heart of the city has stood for 10 months as a monument to all that\u2019s unfair for undocumented workers. The worker who exposed the hazardous conditions that led to the collapse has been deported, and the cadavers of the fallen were retrieved just last month after decomposing at the site.\n\nThe Congreso continues to meet virtually during the pandemic, tracking who\u2019s sick from COVID-19 and those who have died.\n\n\u201cIn truth, nobody wants to go to the hospital,\u201d Alvarado says. \u201cWe make our own home remedies. We only go to the hospital when we have problems breathing. We\u2019re worried a lot, because you hear the news and we know that that virus is very dangerous.\u201d\n\nMigrants have been excluded from unemployment benefits and stimulus aid, depending on parish of residence. It\u2019s been a scramble to cobble together food for survival from mutual aid and charitable donations; there is hunger and fear of hunger, and anguish for the families back home.\n\n\u201cI haven\u2019t been able to send a single dollar back home for months now. It hurts to see our families suffer,\u201d says Alvarado, \u201cto see that they\u2019re missing rice or shoes, the most essential things. If we had different conditions in our countries, if we could work there, we wouldn\u2019t be here.\u201d\n\n\u201cI don\u2019t want you to help me, I want you to understand me,\u201d Carrera says even more bluntly.\n\n\u201cWe\u2019re raising our voices. We know we\u2019re not going to see the victory, but our children might. We are teaching them to be good for the world and continue our struggle. This is what we\u2019ve learned based on what we\u2019ve lived.\u201d\n\nCopyright 2020 Capital & Main"
        },
        {
            "id": "8f04f33bc50e7ae5",
            "title": "Gavin Newsom Archives Tags",
            "content": "Gavin Newsom and Big Oil:\n\nIt\u2019s Complicated\n\nIf California\u2019s new governor had looked too good to be true in his first months in office, environmentalists would soon learn the truth."
        },
        {
            "id": "bbf4c8fb475f543b",
            "title": "Five Plot Twists from Police Attacks on L.A. Protesters",
            "content": "The crowd of tens of thousands of Angelenos who converged on Hollywood last Sunday was by far the largest seen in Los Angeles County during two weeks of sustained protests against systemic racism and police brutality, which were spurred by the death of George Floyd at the hands of Minneapolis police officers. But despite the throngs of protesters, the most visible police presence was an LAPD helicopter crisscrossing overhead.\n\nThe peaceful scene stood in stark contrast to earlier demonstrations that saw numerous clashes between protesters and a police force seemingly bent on squashing the marches through force and arrests \u2014 and on fighting political critics by attacking Los Angeles Mayor Eric Garcetti and members of the city council and board of supervisors.\n\nCapital & Main reviewed records from the initial weeks of protest to see what L.A.\u2019s police have been up to, and how the situation may continue unfolding.\n\n1. Violence on Video\n\nL.A. police were caught on camera using force numerous times in the early days of the protests.\n\nOfficers fired rubber-coated bullets at: people running away in downtown L.A.; a Marine Corps veteran in the Fairfax District who said he suffered a \u201cbrain bleed\u201d; a photojournalist whose camera was gashed instead of his face; an unhoused disabled man left bleeding in his wheelchair. Other cops were seen bashing protesters with batons and jabbing a journalist in the stomach. Officers also rammed a police vehicle into a crowd, knocking over two people before reversing and fleeing the scene.\n\nThe widespread attention these incidents received, largely thanks to social media, is already sparking calls for accountability.\n\nThe L.A. Police Commission\u2019s inspector general is reviewing social media posts like these and opening investigations into possible incidents of excessive force. Black Lives Matter\u2019s L.A. chapter and the Los Angeles Community Action Network are suing the city over officers\u2019 handling of the protests. Mayor Garcetti is directing the LAPD to \u201cminimize\u201d its use of rubber bullets when dealing with peaceful protesters, and California lawmakers say they will pursue legislation to limit law enforcement\u2019s use of projectiles.\n\n2. Thousands Arrested, None Charged\n\nPolice arrested at least 2,500 people across Los Angeles, mainly for violating curfew or failing to disperse, according to a Los Angeles Times review of booking records.\n\nBut those arrests may have been for naught. Los Angeles County District Attorney Jackie Lacey and Los Angeles City Attorney Mike Feuer decided not to prosecute these protesters. And while Feuer initially wanted to require all arrestees to meet with officers before dismissing their cases, he backtracked following criticism.\n\n3. LAPD Chief Blamed George Floyd\u2019s Death on Looters\n\nChief Michel Moore said that the death of George Floyd was as much on the hands of those inciting criminal acts at protests as on the officers involved in Minneapolis. After facing backlash, Chief Moore said he \u201cmisspoke.\u201d Mayor Garcetti defended Moore: \u201cWhen I heard him say what he said, I knew that he did not mean it.\u201d\n\n* * *\n\nThese violent acts and verbal missteps \u2014 and the widespread condemnation they received \u2014 are likely behind the LAPD\u2019s choice to scale back police presence at marches, including the massive one last Sunday. Instead, the cops seem to be waging a war of words against local policymakers.\n\n4. L.A. Police Union Lashed Out\n\nWhen Los Angeles Council President Nury Martinez introduced a motion considering cuts to the LAPD budget \u2014 a core protest demand \u2014 the union representing LAPD officers accused her of \u201ccreating a deeper division between our police officers and the community we serve.\u201d The union warned Martinez that when she calls the department seeking assistance now, \u201cwe may be a little late to answer.\u201d\n\nLos Angeles Police Protective League Director Jamie McBride also struck back against Mayor Garcetti over the proposed budget cuts and his comments describing officers as \u201ckillers.\u201d\n\n\u201cEric, do you really believe that Los Angeles police officers are killers?\u201d McBride asked. \u201cThe same officers that provide you 24-hour security extra measures at your residence 365 days a year?\u201d McBride\u2019s comments appear to be another veiled threat that officers may pull back their services from critical politicians.\n\n5. Angry Angelenos Humiliated the L.A. Police Commission\n\nAngered by police officers\u2019 handling of the protests, hundreds of Angelenos called in on Zoom to publicly berate the Los Angeles Police Commission during a seven-hour-long video meeting. The footage has been viewed more than a million times, according to Slate.\n\n\u201cThis department has failed so miserably that you\u2019ve mobilized a movement to defund your department,\u201d one caller said. \u201cI never thought that was something that would be on my radar, that would be a political agenda of mine, but you\u2019ve done it \u2014 you\u2019ve mobilized me, a lazy white person.\u201d\n\n* * *\n\nThe historically large and widespread protests seem unlikely to slow in Los Angeles or across the country anytime soon. American voters\u2019 support for the Black Lives Matter movement has increased almost as much during the last two weeks as it had in the previous two years, according to the New York Times. And policymakers are currently considering Black Lives Matter L.A.\u2019s calls to reshape the city\u2019s budget to \u201cprioritize care not cops.\u201d\n\nSo far, Los Angeles\u2019 Finest have pivoted from physical force to verbal clapbacks. But have they learned that brutalizing Angelenos at anti-police brutality protests only proves their point?\n\nCopyright 2020 Capital & Main"
        }
    ],
    "label": 2,
    "label_text": "high"
}