{
    "source": "care2.com",
    "articles": [
        {
            "id": "e40b71fddbc9f82c",
            "title": "petition: Bee hotels could be the answer to declining bee populations!",
            "content": "No one works harder than the mighty bee. Made up of nearly 20,000 distinct species, the global bee population makes up a huge percentage of pollinators who are responsible for supporting the reproduction of almost 90% of all flowering plants, and nearly 70% of crops.\n\nBut because of a whole host of factors, including colony collapse disorder, climate change, and urbanization, bees have been dying at scary rates. But in 2021, the crisis became a lot more clear. Researchers looked at the data and found that as many as 25% of bee species may have been lost since the 1990s.\n\nSign the petition and ask the United States to get serious about protecting the bees!\n\nHuman development like urbanization and industrial farming are responsible for a ton of lost plant and animal life -- degradation of habitats, loss of food sources, and proximity to humans and their roads, pesticides, and pollution have taken a huge toll on biodiversity. But for bees and other pollinators, at least, we have ways to make our human-dominated environments way more hospitable! Just look at what the Netherlands is doing.\n\nIn many Dutch cities, you can now find things like 'bee hotels,' 'bee stops,' and 'honey highways.' These may sound like scenes from a children's book about a bumblebee, but in fact they are vital initiatives that are keeping urban bee populations from dying off! 'Bee hotels' or 'bee bed and breakfasts' are constructed from bamboo and other hollow plant trunks and stems, and give bees who are busy pollinating a place to rest and nest. 'Bee stops' are mini gardens of native plants that are built on top of bus stops, otherwise unused and often unattractive spaces, bringing beauty to urban landscapes and food sources to urban bees. And the Honey Highway initiative works with cities to plant wildflowers in normally un- or underused spaces next to roads, waterways, and train tracks, again bringing beauty and bees in one fell swoop.\n\nThese initiatives aren't just beautiful ideas -- they are proving really, really effective. Amsterdam, for example, saw a 45% increase in solitary bee species between 2000 and 2015. More recently, thousands of Dutch citizens from many different cities participated in a bee census, spending time in their own gardens and backyards observing and counting bees. A combination of the data showed that over the years, bee numbers have remained steady!\n\nThere's a reason the Netherlands has been taking bee conservation so seriously -- pollinators are responsible for reproducing over 60% of the world's crops, and the Netherlands is the second largest global exporter of agricultural goods. Their economy and the global food supply depends on the mighty bee! But is the world's number one agricultural exporter taking the same measures? Who is that, anyway?\n\nIt's the United States, whose bee populations have been steadily following the global downward trend. If we want a world with flowering plants and food, the U.S. needs to get serious about keeping urban bee populations diverse, healthy, and around.\n\nSign the petition if you want to see Los Angeles, Chicago, and New York City create bee supporting initiatives like bee hotels, bee stops, and honey highways!"
        },
        {
            "id": "e680efe848c0bb67",
            "title": "petition: Convicted Animal Abusers Can Adopt Pets in 35 States",
            "content": "Did you know that in most states a person could heinously abuse an animal and then go out and adopt a new one the next day? Even after convicted of animal abuse, there is very little keeping that person from acquiring another animal in the future in virtually every state.\n\nThat's why we are calling on every state without a law preventing convicted abusers from adopting more animals to get one on the books immediately.\n\nThis is not only protection for all animals; it is well known that there is a strong connection between animal cruelty, child abuse, domestic violence and many other crimes.\n\nThere are only 15 states that have any laws preventing known abusers from adopting animals. About half of them have a limit on how long a judge can prevent someone from owning an animal, usually 5 years or so. The rest are up to each judge. But we need every single state to be able to ban abusers from adopting animals.\n\n\n\nMany states require mental health counseling for those convicted, which is fabulous, but not enough in terms of keeping other animals safe.\n\n\n\nMany municipalities like New York City and Chicago have registries and don't allow abusers to adopt. But that doesn't stop abusers from just going to another county to get an animal \u2014 there is no national registry.\n\nPlease sign my petition to ask the following states to put laws on the book to prevent convicted abusers from adopting animals: Alabama, Alaska, Arkansas, California, Colorado, Connecticut, District of Columbia, Georgia, Hawaii, Idaho, Illinois, Indiana, Iowa, Kansas, Kentucky, Louisiana, Maine, Maryland, Massachusetts, Mississippi, Missouri, Nebraska, Nevada, New Jersey, New Mexico, South Dakota, South Carolina, Rhode Island, Pennsylvania, Oklahoma, Texas, Ohio, North Dakota, North Carolina, & New York.\n\nMany states have laws banning animal abuse, but the penalties are light and don't deter abusers from adopting and hurting animals again. We need real laws that prevent convicted abusers from getting their hands on beautiful, innocent animals."
        },
        {
            "id": "fb5672266b61a5dd",
            "title": "petition: 1500 gray wolves remain. Idaho wants to kill off most of them.",
            "content": "Only around 1,500 gray wolves remain in existence in the state of Idaho. That is a tiny, shockingly small number \u2014 and should be a wake-up call for officials to do everything they can to protect this precious species and help save them from extinction.Instead, lawmakers in Idaho are doing exactly the opposite. It seems Republicans there are determined to, by pushing a measure that would allow hunters to kill more than 1,000 of the final wolves alive. That's more than 90% of their dwindling population.Even worse, state law would allow hunters to kill these animals by any methods they desire, so long as those methods are also used to kill other Idaho wild canines. This includes baiting wolves (ie tricking them), luring them to their deaths. And each hunter could target and kill an unrestricted number of wolves... every single year.The reason Republicans are able to exterminate wolves at all is because Donald J. Trump, simply put, had it out for the species. He did everything he could to push wolves off of the Endangered Species Act list of protected animals, weakening regulations, encouraging hunters, and putting wolves' lives back on the chopping block.Luckily, animal rights and environmental organizations have worked together to sue the federal government, demanding that gray wolves be re-listed as an endangered species and returned to a fully protected status. But until President Joe Biden's administration steps in to save the wolves, they're still in danger from Trump's people.The situation is getting more and more dire all over the country. In Montana, their journalist-punching governor recently broke the law by murdering a wolf and has come out in full support of other wolf-hunting murderers. South Dakota is also loosening up restrictions on hunting and trapping wolves, endangering the animals left there.We can't let wolves in Idaho suffer the same fate. And we certainly can't let gray wolves be murdered and hunted and baited and shot into extinction."
        },
        {
            "id": "97a33b05e9d2219e",
            "title": "Care2.com, Inc.",
            "content": "Care2 was founded with a simple mission: to help make the world a better place. Based in Silicon Valley, we are the world's largest social network for good. We are a community of over 40 million standing together, starting petitions and sharing stories that inspire action.\n\n\n\n\n\nFor the past 19 years, Care2 has been a pioneer in online advocacy and we continue to focus on being on the forefront of creating technology that connects people to ways to make a difference in the world.\n\n\n\n\n\nFrom the beginning, our vision has been to create a community for the people, by the people - and now, because of the recent passing of the JOBS Act, we can make this a reality and offer YOU the chance to become a partial owner of Care2! As we grow as a company, you can share in the financial upside as we stand together to build a kinder, more inclusive and sustainable world.\n\n\n\n\n\nThis is your chance to be a part of something special, but you must act now as due to regulations we have a limited number of shares available!\n\n\n\n\n\nInvestment\n\n$1.35/share of common stock."
        },
        {
            "id": "9ec25560701750a5",
            "title": "Care2 is the world's largest social network for good, a community of over 40 million people standing together, starting petitions and sharing stories that inspire action.",
            "content": "Our Promise: Welcome to Care2, the world's largest community for good. Here, you'll find over 45 million like-minded people working towards progress, kindness, and lasting impact.\n\nCare2 Stands Against: bigots, racists, bullies, science deniers, misogynists, gun lobbyists, xenophobes, the willfully ignorant, animal abusers, frackers, and other mean people. If you find yourself aligning with any of those folks, you can move along, nothing to see here.\n\nCare2 Stands With: humanitarians, animal lovers, feminists, rabble-rousers, nature-buffs, creatives, the naturally curious, and people who really love to do the right thing.\n\nYou are our people. You Care. We Care2."
        },
        {
            "id": "5a30953cf6d919f1",
            "title": "petition: 73 million dead sharks, butchered each year for their fins",
            "content": "Sharks are mysterious, prehistoric creatures that inspire intrigue and awe. Perfectly honed for their deep oceanic environments, sharks have survived 450 million years of evolution \u2014 and for some species of sharks, individuals can live more than 250 years. In the case of the Greenland shark, new research estimates they can live more than 500 years.These fish are incredible. And they're also deeply in danger.In the past 50 years, scientists have seen a worrying drop in shark populations all over the world. In fact,. There are a few reasons for this, but the biggest of all is clear: overfishing.Each year,and sliced apart to rip their fins from their bodies. The fin is all fishers care about, so they often throw sharks back in the water once they've cut their fin off \u2014 leaving them to slowly, painfully bleed out. These fins are then sold on international markets \u2014 and if things keep going at the rate they currently are,Lawmakers in the U.S.'s northern neighbor of Canada have already banned the shark fin trade, and now it's time for the U.S. to take action, too. That's why it's so encouraging to learn that members of the U.S. Congress have introduced a new bill that would prohibit the selling or buying of shark fins within the country. So far, it seems that the legislation may have large amounts of bipartisan support, meaning"
        },
        {
            "id": "423c0d386d1177fc",
            "title": "petition: TELL FAIRFIELD WARDE TO EXPEL RACIST BULLY, Fairfield, CT",
            "content": "A Fairfield Warde High School student posted a racist comment on social media against a fellow black student. The post read, \"why is this N*##*% in my class? why is he not in chains?\" The student's mother reported this incident to the school's principal and administration, but the school treated this incident lightly. The offending student was only given a 1-week suspension.\n\n\n\nBlack, Indigenous, and People of Color (BIPOC) shouldn't have to encounter this type of racist harassment from other students in a predominantly white institution. Fairfield Warde High School should take racism seriously, and the student who posted the racist comment should be expelled immediately.\n\nWhat happened in Fairfield Warde High School illustrates why public schools should incorporate education in diversity and interpersonal relations in their curriculum to avoid further racist incidents.\n\nPlease sign this petition to tell Fairfield Warde High School to expel the racist bully."
        },
        {
            "id": "56bbc9285f3bb589",
            "title": "petition: Corporations made us swim in plastic. Now make them pay to clean it up.",
            "content": "Corporations made us swim in plastic. Now make them pay to clean it up.\n\nby: The Care2 Team\n\nrecipient: Lawmakers in California, Colorado, Maryland, New Hampshire, New York, Oregon, Vermont, and Washington state\n\nOnce it's created, plastic never leaves the Earth. It never biodegrades. It never reduces into organic matter or fertile soil. Over time, it breaks down further and further into infinitely smaller pieces \u2014 but it always exists. In fact, through this process, it even finds its way into our bodies, getting lodged in our organs, through our tap water, bottled water, and foods \u2014 including table salt, seafood, and even beer.\n\n\n\nSimilarly bad: often, plastic doesn't even get recycled. And when it does go through the energy-intensive process of transforming it from one petroleum-based product into another, that's often on the taxpayers' dime... even though it's corporations that have created all these nasty plastic waste in the first place.\n\n\n\nThere's something fishy about that, especially considering that due to these corporations' plastic obsession, plastic is quickly becoming the most abundant \"fish\" in the oceans (set to outnumber real fish within the next 29 years).\n\n\n\nSign the petition to demand that U.S. state governments force plastic-producing corporations to pay for the costs they've inflicted on our environment! They made the mess. Now they should shoulder responsibility for cleaning it up.\n\n\n\nWhen recycling even happens, it is not free \u2014 or cheap. Local towns and cities that often already have limited budgets have to scrounge to come up with the resources to deal with all the plastics we pile up. As a result, many areas of the U.S. refuse to even collect some types of plastic, meaning they go straight into the trash.\n\n\n\nBut we didn't end up here by accident. Huge conglomerates have spent generations shrouding all of their products in plastic, whether it's water or soda, Amazon gadgets or clothing, take out meals, grocery items like vegetables and meat, or really any other thing that can be produced and sold. Corporations have also spent generations telling us that it's our fault. If only we, each individual single consumer, would have recycled things the right way, or cleaned our plastic waste enough before disposal, the Earth would be clean and unpolluted and everything would be fine.\n\n\n\nWhat an epic way to pass the buck.\n\n\n\nThe U.S. is a huge contributor to global pollution and waste \u2014 including plastic waste \u2014 and these corporations' insistence on using plastic at every turn is a big reason why. That's why nine states across the U.S. \u2014 including California, Colorado, Maryland, New Hampshire, New York, Oregon, Vermont, and Washington state \u2014 are trying to pass bills known as \"extended producer responsibility\" laws. This type of legislation really just means: pushing the responsibility for the plastic waste that corporations create... back onto the corporations.\n\n\n\nIf they're going to make these wasteful choices, they need to bear that burden. And maybe, in the process, companies will start to rethink how heavily they rely on plastic in the first place.\n\n\n\nAs we all know, corporations rarely ever change without being forced to by government laws. That's why it's so important for states to pass these extended producer responsibility laws now!\n\n\n\nTell lawmakers in California, Colorado, Maryland, New Hampshire, New York, Oregon, Vermont, and Washington state to pass \"extended producer responsibility\" laws now to place the burden of responsibility for plastic pollution back onto the companies that created it in the first place!"
        },
        {
            "id": "54fd2fc066be3274",
            "title": "petition: We need alternatives to cruel animal testing. Let's pass the Humane Research and Testing Act of 2021!",
            "content": "The Humane Research & Testing Act, developed and promoted by Citizens for Alternative to Animal Research and Experimentation (CAARE), will be the first of its kind dedicated to funding, incentivizing and training scientists on the use of non-animal alternatives.\n\nThe bill has been reintroduced in Congress by the late Representative Alcee Hastings (D-FL) and Representative Vern Buchanan (R-FL). If passed into law, the bill (H.R. 1744) will establish the National Center for Alternatives to Animals in Research under the National Institutes of Health (NIH). But the bill needs more cosponsors, if you live in the U.S., please call your reps and tell them to become a co-sponsor. You can find the phone number and a script here, it will only take about 3 minutes!\n\nYour help is needed to ask Congress to pass this vital bill -- sign the petition today!\n\nEqually important, the bill will take steps to ensure that NIH is reducing total numbers of animals used. Without justification, the precise numbers of animals used in U.S. laboratories are unknown. The HRTA will require NIH to track and disclose the total numbers of animals used in experiments and document progress through mandatory bi-annual reports.\n\nOn Wednesday March 10th, CAARE hosted a congressional hearing: \"21st Century Innovations in Alternatives to Animals in Biomedical Research\" in support of the bill. The keynote speaker, Jane Goodall, DBE, Founder, the Jane Goodall Institute & UN Messenger of Peace, spoke of her experience witnessing the extreme suffering of animals confined for experiments.\n\nSaid Dr. Goodall: \"It was in 1985 that I first saw with my own eyes the cruel, inhumane, and sterile conditions in which thousands of sentient animals are kept for use in medical research. On moral and ethical grounds, I found this shocking and unacceptable.\"\n\n\"Despite an abundance of exciting breakthroughs in science and technology for the replacement of animal models, and a number of laws and policies that encourage the reduction of the number of animals used in experiments, we have unfortunately not seen enough progress in this area. Creating a dedicated center under the NIH devoted to providing scientists with the funding and training to replace animals would, without doubt, lead to major change.\"\n\nAdditional speakers, Thomas Hartung, MD, PhD, Azra Raza, MD, Don Ingber MD, PhD, and Paul Locke, JD, DrPH, discussed the need for the proposed center to promote innovative human-relevant technologies to advance human health and disease research without using animals.\n\nThe bill has strong support from scientists, industry and the humane community including Vanda Pharmaceuticals, Emulate Inc. and Harvard's Wyss Institute, one of the leaders in developing organs-on-chips.\n\nWith untold millions of animals cruelly killed in experiments at a time when biotechnology and medicine are exploding with new innovations, it is imperative that human-relevant research methods are prioritized. The Humane Research & Testing Act will reinvigorate the NIH's mandate to reduce animal testing and give it the tools and structure needed to modernize science and end incalculable animal suffering.\n\nSign the petition and ask Congress to pass this bill without delay!\n\nRead more at the CAARE blog here."
        },
        {
            "id": "e59e227d7e28dd76",
            "title": "petition: Montana's governor sidestepped the law for a chance to murder a threatened animal",
            "content": "It was illegal to murder a gray wolf just north of Montana's Yellowstone National Park back in February. But that didn't stop one man. Greg Gianforte decided he was too big for the law and quested after a frightened member of the protected species during a hunt that ended with an animal in Gianforte's crosshairs, a trigger pulled, and a dead wolf.Then, the illegal animal-hunter was so proud of his \"work,\" he kept two trophies from the slaying: both the wolf's skull, and its fur pelt.This man, Greg Gianforte, should know better. He should know the laws of Montana. How can we be so certain?One upon a time, these wild and majestic creatures roamed free. They covered much of North America's lands and had complex social ladders. Now, fewer than 6,000 gray wolves remain, living on approximately 10% of the vast lands they once called home. They remain one of hunter's favorite creatures to go after \u2014 and this has continued to put their very existence at risk.Unfortunately, wolves are only moderately protected in Montana. While federal courts have upheld legislation stating these often-villainized animals must still receive federal protection, Congress has gone in the opposite direction. Ten years ago, members of Congress quietly removed wolves in several states (including Montana) from the federal list of endangered species. In doing so, they essentially left the safety of these animals up to the states.Even worse, Trump had it out for the wolves. In 2019, his crooked friends launched an effort to strip gray wolves of all federal protection in each and every one of the \"lower 48\" states. Despite massive public outcry, they went through with their dastardly and deadly plan in 2020. Last fall, the U.S. Fish and Wildlife Service officially decided to revoke federal protection for nearly all U.S. wolves.So when people like Governor Greg Gianforte think they can simply shoot and murder wolves with impunity, that's why. But we just can't let this keep happening to such a vulnerable species."
        }
    ],
    "label": 1,
    "label_text": "mixed"
}