{
    "source": "ceasefiremagazine.co.uk",
    "articles": [
        {
            "id": "1c6076c272c2a8e7",
            "title": "The Anti Imperialist The UK Riots: Advertising as a form of violence",
            "content": "In the second of his columns on the political significance of the riots. Ceasefire Associate Editor, Adam Elliott Cooper, tackles the toxic alliance between youth culture, rampant consumerism and corporate interests.\n\nJD Sports, Tottenham, North London\n\nBy Adam Elliott-Cooper\n\nFor many people, the so-called free market is a symbol of progress, modernity and civilisation. Every citizen has the power to consume the products s/he desires, and, in the pursuit of expanding their capacity to consume, every individual can aim to increase their personal wealth through the omnipresent opportunities of that same free market.\n\nUnfortunately, the immediate opportunities available to many are both unstable and unsustainable. The cause of this instability is, as Brendan Barber, general secretary of the TUC, explained recently:\n\n\u201ca society that ranks among the most unequal anywhere in the developed world, where a super-rich elite have been allowed to float free from the rest of us; where a generation of young people are growing up without work, without prospects, without hope. None harder hit than the black youngsters held back by an unemployment rate approaching 50%.\u201d\n\nIn the decade leading up to the global financial crisis, the number of available jobs in the UK gradually decreased, while unemployment continued to rise. The banks, as we know, responded to this by providing more loans to the people most desperate for money. The collateral for these loans was people\u2019s homes, whose prices, it was assumed, would continue to increase in value.\n\nThis process was of course short-sighted, leading to an eventual, inevitable collapse: the global financial crisis we are all by now familiar with. However, a build-up and collapse of a comparable nature took place this August that few have recognised as being part of the same short-sighted squeeze by corporate interests of the poorest in our society.\n\nTwo of the most significant retail outlets targeted during the riots were Footlocker and JD Sports. These shops sell the latest sports clothing and footwear, popularised through a combination of British working-class and US hip-hop culture. Footlocker and JD quickly latched on to this popularity, and have manipulated features of African-Caribbean urban youth culture to their financial advantage. The same market rationale that offered unsecured loans to the low-waged and the unemployed was also being played out in the retail industry.\n\nPerhaps the most worrying aspect of this manipulation is the exploitation of \u2018postcode wars\u2019. These are conflicts between young people in London (and other parts of the UK) over \u201cterritory\u201d, with groups claiming \u2018ownership\u2019 of certain postcode areas. Conflict over territory is of course omnipresent throughout human power relations. We see manifestations at every level of government, from current UK foreign policy to events at the Dale Farm Traveller site in Essex.\n\nSoon enough, sports clothing chains began to market baseball caps with \u2018East London\u2019, or even specific postcodes, woven into them, for young people from different areas to advertise their locality.\n\nMore recently, Adidas engaged a number of grime artists to advertise its clothing. Bashy, Maxta, Scorcher and others were clearly selected specifically for their relationship with working class, particularly African/Caribbean, young people in urban areas.\n\nAdverts on billboards, buses, train stations and the internet sprang up across the country, urging England\u2019s urban youth to purchase expensive and apparently exclusive tracksuits and trainers. As unemployment increased and spending cuts began to bite, the specific sports advertising aimed at young people in urban areas only became more prolific. Product placement became an additional avenue through which grime artists were sponsored by Adidas and other brands to wear their products in music videos, photo-shoots and television appearances.\n\nAn advert on London Underground featuring Grime artist Maxsta\n\nSports shops have become the holy grail of urban consumerism. Dalston Shopping Centre in Hackney, East London, situated next to the thriving African, Caribbean and Asian market stalls of Ridley Road, boasts both a JD Sports and Footlocker alongside the far cheaper Peacocks and pound shops which dominate the local high street. Their \u00a3100 price tags are incongruous in this part of Hackney.\n\nYet these sports outlets were always popular, as evidenced by both the hubbub inside the stores, and the clothing of young people in the surrounding area. Most telling though of course, was the state of these stores following the riots in August.\n\nAlthough a variety of high street stores were looted, JD Sports and Footlocker were clear targets for young people during the uprising. They stood out as having the most expensive products (apart from electrical items) and were highly valued as a manifestation of the hyper-consumerism nurtured in our inner cities.\n\n***\n\nThe frustration of being criminalised by police on the streets and demoralised by corporate advertising culture are the causes, not the excuses, for the UK riots. As Stafford Scott of Broadwater Farm Estate in Tottenham, North London explained: \u201clooting comes from the belief that if you cannot get equality and cannot expect justice, then you better make sure that you \u2018get paid\u2019. \u2018It\u2019s all about the money!\u2019 is the motto of too many young black men, who have given up all hope of attainment in a white man\u2019s world\u201d.\n\nThe smash-and-grabs of high street stores were the bursting of the consumer bubble which corporate interests had pushed on Britain\u2019s Black working class for years. Just like the bankers, they were too short-sighted to ever contemplate the collapse of their dependency on large portions of the income of the poor. It appears that, for the white-dominated corporate boardrooms, \u2018It\u2019s all about the money!\u2019 was their motto too.\n\nThe crisis-ridden nature of capitalism is a long-term issue which shareholders and PR consultants don\u2019t have the time or inclination to consider. But as unemployment and deprivation escalate, so does corporate propaganda, until the next uprising against a consumer culture which may become the eventual architect of its own demise.\n\nLast week, in a pie and mash shop in Hoxton, Hackney near where I work, a film crew were shooting another Adidas advert starring grime artist Wretch 32. The sports shops in Dalston have replaced their glass fronts and, like the banks, it\u2019s business as usual.\n\nAdam Elliott-Cooper, a writer and activist, is Associate Editor of Ceasefire. His column on race politics appears twice a month. He tweets at @adamec87."
        },
        {
            "id": "26a91ca6a6a0a303",
            "title": "PREVENT\u2019s cheerleaders fear intellectual scrutiny, for good reason",
            "content": "Attempts to demonise serious intellectual critiques of the UK Government's counter-extremism programme are not just vacuous but dangerous, argues Dr Layla Aitlhadj.\n\nBy Layla Aitlhadj\n\nThat gifted children often attract the attention of school bullies is common knowledge and well-documented in academic research. This behaviour, however, is not confined to the school playground. Whether due to envy of another\u2019s success or viewing someone as a threat due to their intelligence, bullying takes place at work and in other areas of life too.\n\nPerhaps it is unsurprising, then, that the \u201cintellectual\u201d voices challenging PREVENT, the UK Government\u2019s counter-extremism framework, are now being targeted by the extremism commission and the pro-Prevent lobby. Recently, in an address to the Home Affairs Select Committee, Sara Khan, the Head of the Commission for Countering Extremism (CCE), announced that extremists were \u201cintellectualising their hate\u201d.\n\nThough the ability of the CCE to invent new \u201cthreats\u201d is a source of constant intrigue to those of us working for positive change and a world beyond PREVENT, this targeting of \u201cintellectual\u201d opposition is not an entirely new approach by the CCE.\n\n\u201cIntellectualising\u201d is a broad term, like others the CCE has used\n\nIn 2018, the CCE pronounced that \u201cthe tactics of extremists are changing. This includes a new-found professionalism, an intellectualising of hate and the misuse of human rights language\u201d.\n\nIndeed, if one were to abstract this further, one could conclude that association fallacy and name-calling are not new in the realm of CCE power play either, and the list of damning labels just seems to keep growing.\n\nThose who have voiced criticisms of Prevent have been called \u201cextremists\u201d, \u201cIslamists\u201d, \u201cSalafi-Islamists\u201d and even \u201cterrorist sympathisers\u201d in an effort to discredit any critique of what is a failing and toxic programme that has criminalised and marginalised many \u2014 not least students and scholars. But though we may scoff at them, these labels are problematic because they obscure and deflect legitimate criticism.\n\nConsider the term \u201cextremist\u201d. The word has no stable meaning that can be legally applied to individuals. Rather, bias and imagination caricaturise its meaning through associations with terrorism. Yet, the vast majority of PREVENT critics are not shouting from the rooftops, inciting hatred or standing at the precipice of political violence. Rather, critics of the policy include academics and professors, professional unions and schools. Concrete examples include the Royal College of Psychiatry, Women\u2019s Aid, and even several special UN rapporteurs.\n\nThe arguments advanced by these people and organisations, one can assume, are also \u201cintellectual\u201d in nature, not only due to their academic standing, research experience and societal value, but also simply as a reflection of the lack of intellectuality and reason that pervades PREVENT itself \u2014 in its public discourse, as well as the inner workings and false logic of the policy.\n\nWhen Prevent is put under any kind of scrutiny it simply does not hold up to argument, and nor, for that matter, does much of the costly and voluminous \u201ccounter extremism\u201d sector.\n\n\u201cProfessionalising hate\u201d, then, seems to stand in for those critics who are professionals. \u201cIntellectualising hate\u201d seems to apply to people who simply use facts and arguments to which the pro-Prevent, counter-extremism lobby has failed to adequately respond.\n\nLeveraging a pandemic to increase funding\n\nThe lockdown has been difficult for everybody. Many have lost their jobs or are clinging onto what they have, making the best of what is a troubling and evolving \u201cnew normal\u201d.\n\nThis approach to survival seems to have reached overdrive in the PREVENT industry. As the nation struggles to bounce back from the economic pains of the initial Covid-19 shock, those in the business of \u201ccounter-extremism\u201d are doing their utmost to prove their worth to their parastatal funders.\n\nTheir feelings of redundancy are understandable; during the lockdown there was nothing to latch onto to conjure the old neo-conservative narratives of an \u201cincrease in extremism\u201d or a \u201cterrorism threat\u201d, and the media lens swung to much more pressing priorities.\n\nThe lack of evidence linking these two pre-criminal notions seemed suddenly very glaring (to those ordinary people paying attention to the CCE, that is). In a swift manoeuvre to cover this light in the path, the National Coordinator of Prevent gave a sudden bark from the shadows.\n\nStating that a decline in Prevent referrals did not mean there were no vulnerable people who needed support from Prevent, he delivered to the \u201ccounter extremism\u201d sector a more heavy-handed concern: that the lack of referrals meant PREVENT did not have access to these people due to the \u201clockdown\u201d.\n\nIt was a chilling pronouncement that sought to accentuate an assumption that has become all too banal: that the innocent are suspects by default.\n\nBut this supposed lack of PREVENT access to people is not a true reflection of the reality either, as many of our clients found. Several clients informed PREVENT Watch that they had been contacted in person and approached face-to-face by PREVENT officers, despite the \u201clockdown\u201d. This is hardly the first time Prevent has operated in a way that seems above the law.\n\nThe problem with conjuring threats based on \u2018anecdotal evidence\u2019\n\nIn order to survive and flourish, the \u201ccounter extremism\u201d sector needs to talk up threats. This, many have come to understand and, rightly so, to question.\n\nAssistant Commissioner in the Specialist Operations of the Metropolitan Police Service, Anil Kanti \u201cNeil\u201d Basu, in what appears a coordinated move with Sara Khan, announced that during a pandemic, these \u201cthreats\u201d were \u201creal\u201d.\n\nTo back up this remarkable yet frequently repeated statement, Basu cited \u201canecdotal evidence\u201d, which, he claims, \u201csuggested\u201d there were more youngsters to fear nowadays. Due to lockdown, he said, these young people were becoming \u201cextreme\u201d while locked away. There was, apparently, increased talk of violence. All anecdotally, of course.\n\nAnecdotal evidence generally relates to personal accounts. However, here Basu has related his personal account of purported cases which, he claims, demonstrate an alleged increase in \u201cextremism\u201d. But where is the evidence to support these statements? Where are the actual, verified, cross-examined cases that would demonstrate this supposed \u201cincreased talk of violence\u201d?\n\nWhen I asked the National Coordinator of Prevent, Nik Adams, in 2018 at The National Security Summit to produce this \u201canecdotal evidence\u201d in support of PREVENT, the response was that \u201cunderstandably it is hard to get these people to come forward because they feel vulnerable and are frightened\u201d. When I tried to follow up, I was quickly shut down as the Chair, Sir Paul Stephenson, moved on when he realised who I was.\n\nI couldn\u2019t help thinking of how these people could feel frightened despite having the UK government behind them, yet it was obviously impossible for the PREVENT purveyors to imagine how our clients \u2014 with nobody behind them but small community-funded organisations \u2014 would feel.\n\nBut here is the fundamental difference: As a caseworker, I am a firm believer in citing the accounts of our clients when necessary. We do so because the PREVENT lobby and policy is constructed to protect itself within an environment of non-transparency that has made gathering case studies important to show the human cost of the policy. Gaining any hard data is very difficult, and criticism or challenge results in being labelled an \u201cextremist\u201d. Thus, it is a self-reinforcing policy, with little transparency or humanness.\n\nAs an example of how PREVENT works hand-in-hand with police to create a wall of protection for both sectors, one of our clients has spent 5 years fighting to remove their child\u2019s data from the Met police database following a \u201cmisinformed\u201d PREVENT referral and has only now won their case. The Judge in the case conceded that the impact of the PREVENT interference had been underestimated.\n\nThe hard facts and testimonies of this case are available for legal procurement and assessment \u2014 and indeed were used in court. In other words, Prevent Watch cases are open to scrutiny, both legal and academic, and we call on \u201cprofessional\u201d, \u201cintellectual\u201d academics to scrutinise these testimonials.\n\nThe same cannot be said of Basu\u2019s alleged \u201canecdotal evidence\u201d. There is the very real possibility that PREVENT\u2019s \u201canecdotal evidence\u201d, which has so far not been reliably cross-checked with statistics and objective academic research, is being used to buffer policy decisions and justify terrifying incursions into impacted communities. Considering this profound societal and legal impact, the \u201canecdotal evidence\u201d simply must be cross-checked and interrogated.\n\nThere is also the question of the PREVENT lobby\u2019s double standards. When the government\u2019s review of PREVENT was announced by Ben Wallace, he demanded that critics show \u201csolid evidence\u201d or shut up. Surely this level of interrogation of evidence should also be demanded of PREVENT\u2019s cheerleaders, such as Basu?\n\nUnfortunately, there is a very slim chance of this happening, as those of \u201cintellect\u201d well know \u2014 which is why much of the PREVENT \u201creview\u201d so far appears to be set to be a gathering of great taxpayer expense and not much promise.\n\nIs PREVENT making \u201cintellectuality\u201d criminal?\n\nAs those who have experienced bullying understand, perpetrators of false associations about them, and those who seek to dismiss their reasonable arguments from a position of political domination, are afraid of them because intellect, sooner or later, always trumps brute force.\n\nAs such, those who oppose or seek to rigorously challenge PREVENT must continue to add intellectual weight to the evidence gathered by organisations such as ours, and to do so through a variety of different methods of research and interview \u2014 anecdotal or otherwise \u2014 so that we stay ahead of the game. Documentation, cross-checking with statistics, and verification are key.\n\nWe should not be afraid to present our arguments. It does not take much effort, and should be done with courage and clarity, simply because the arguments put forward in favour of PREVENT are lacklustre and often easy to diffuse with the evidence we have.\n\nThis is not only the job of those coming from \u201cintellectual\u201d positions, however. It is also the job of those who experience the brunt of PREVENT unjustly \u2014 the two voices must work hand-in-hand, and with vigour, for PREVENT\u2019s attempts to corner both are a troubling sign of things to come.\n\nCampaigning for Vote Leave in 2016, Michael Gove reflected the post-truth Trump era when he casually remarked that \u201cBritain had enough of experts\u201d. The Brexit intellectual quagmire Britain was thrust into persists to this day. When evidence-based arguments and academic research are cast in a criminal light, then the people of Britain must stop and consider where exactly the priorities of the \u201ccounter extremists\u201d lie \u2014 and whether, as citizens, they want a country of bullies, or a country of brains."
        },
        {
            "id": "2f9bd08fc9ec8fee",
            "title": "Dear Sadiq Khan, the last thing British schools need is more police",
            "content": "This week, London mayor Sadiq Khan became the latest politician to endorse greater police presence in British schools. This is a deeply misguided position, writes Roxy Legane.\n\nBy Roxy Legane\n\nMany supporting the fight for police-free schools across the globe would have found themselves filled with hope this week at the extraordinary win secured by student-led organising in Los Angeles, with news that $25 million would be divested from the LA school police department and spent on the futures of black students. This is an achievement in the campaigning for police-free schools that will go down in history, and one that lifts spirits here in the UK as we, despairingly, continue to be forced in the opposite direction.\n\nThis week, London Mayor Sadiq Khan declared his support for more school-based police officers (SBPOs) in the capital to tackle a highly speculative potential \u2018surge\u2019 in violent crime upon school re-openings. Khan is one of several politicians who have vocalised their support for the further implementation of SBPOs over the last few years despite mounting evidence of the harms caused by their presence in the UK and internationally, and the ineffectiveness of policing both in schools or in the community.\n\nThe call for more police in schools is echoed in Greater Manchester, where Mayor Andy Burnham once again reaffirmed his support for an increase of SBPOs, as more funding for violence reduction units comes into accounts, including those \u2013 such as Greater Manchester Police \u2014 which is currently in special measures.\n\nAs is often the case, these calls are knee-jerk reactions to crises that require solutions beyond policing. The deployment of SBPOs remains a key tactic in the ongoing war on racialised communities, and a major frontline in our resistance to harm. Evidence published by the Northern Police Monitoring Project and Kids of Colour detailing the harms and concerns raised by over 500 community members in Greater Manchester has been ignored by the city region\u2019s leadership. This is despite said evidence bringing to light the relationship between criminal justice and education leading to the criminalisation of young people, overreaches with regard to the remit of SBPOs, and an intensification of racist policing.\n\nTeachers continue to be used as a scapegoats for the introduction of SBPOs, despite the fact that National Education Union (NEU) organisers have spoken out against the plans. Indeed, three of the ten NEU Greater Manchester districts have already successfully passed motions that affirm police have no place in schools. How long will the authorities ignore evidence in their aimless dedication to problematic \u2018law and order\u2019 narratives?\n\nOn an individual level, there was some success this week, after a London-based parent, fighting alongside the incredible Just For Kids Law, ensured their daughter was found not guilty of carrying a \u2018bladed item\u2019 to school \u2014 the item in question being a small pair of hair-cutting scissors. The girl had been heavily encouraged by the SBPO at her school to accept a caution, despite scissors not being on the school\u2019s list of \u2018prohibited items\u2019. The family refused, believing the ensuing legal process, however exhausting, was necessary. The girl had been interviewed at school alone, where she was told of the consequences of knife carrying. The \u2018evidence\u2019 presented against her was based entirely on hearsay about her supposed intentions. Yet it took two years to reach the liberation that came with a not guilty verdict.\n\nThe young woman, now 17, can at last feel like she can have new hopes for her future. Maybe she can travel: a joy she had to put on hold whilst awaiting her court date. Maybe she can work with children: an option she feared she may lose forever. The young woman\u2019s experience highlights something many reach community organisations working to challenge police in schools have seen all too often: The stripping of futures, as the non-criminal becomes criminalised, particularly when the young person is black.\n\nBut we cannot feign surprise at all this. The expansion of policing, in whatever context, always seems to produce the same result: the further encroachment of institutional racism and oppression into people\u2019s everyday lives. Collectively, we must work to ensure police do not make their bed in our schools. We must call for the alternatives we know will set the foundations for positive childhoods and futures. More funding for schools themselves and for the youth workers, counsellors, sex educators, behavioural experts and so forth that should sit within them. Rather than more police, we need more funding for our communities, particularly those that have been systematically underfunded for decades.\n\nTo suggest schools should be sites of policing, and to fail to address the deeply embedded injustices produced by historic racism and classism, is simply to confirm a political desire to uphold such inequalities. As we celebrate the successes achieved by communities in the US, our \u2018No Police in Schools\u2019 campaign will continue to pursue our ambitions for better education in UK schools.\n\nThis week there has been another devastating death following police contact in Wales, following a welfare check. Solidarity to the friends and family of Moyied Bashir. No justice, no peace."
        },
        {
            "id": "f164212243d7d326",
            "title": "Anti-Lockdown Theory: In defence of Giorgio Agamben",
            "content": "In the first of an occasional series, Ceasefire's theory columnist Andy McLaverty-Robinson examines Giorgio Agamben's much-criticised analysis of the Covid-19 crisis.\n\nBy Andy McLaverty-Robinson\n\n\u2018Empty\u2019 (Eirik Solheim, licensed under Creative Commons)\n\nWith a new virus sweeping the world, the media in panic mode, and states reacting with draconian lockdowns, the coordinates of the social world seem shaken to their core. Yet some social theorists have written works foreshadowing this crisis, as well as responding to it. In the first of an occasional series, Ceasefire\u2019s theory columnist Andy McLaverty-Robinson examines theorists who are particularly relevant to the current crisis. He begins by returning to Giorgio Agamben, focusing on his analysis of the crisis.\n\nThe storm has finally broken. The creeping police-state of the last two decades has been extended into an unprecedented system of social control. On the pretext of public health measures to combat the coronavirus pandemic, a swathe of ordinary social activities are criminalised. Scenes which would not look out-of-place in dystopian fiction are unfolding daily: police harassing sunbathers and mountain-climbers, chasing away cricketers, bawling at people on beaches from naval ships. Horizontal social relationships, unmediated by technology or the state, are effectively banned. The ground is taken out from under social movements. This could be the beginning of a new order: the introduction of Chinese-style capitalism, in Britain and across the world.\n\nToday, most people are reacting emotionally, not theoretically. The accepted wisdom that socialising kills is repeated as a mantra by people with no knowledge of the science behind it. An appeal to apolitical science, along with media-fuelled public panic, provide the motivations to meet a healthcare problem with military and policing measures. Yet scientists are actually divided on the pandemic. Scientific knowledge is a product of evidence. It only becomes in any way reliable after extensive experiments have been conducted and cross-checked. In other words, evidence emerging within the first months of a new disease is not reliable and changes constantly. Doctors have told us that early evidence is unreliable, that even simple DIY masks are probably effective, and that testing is more effective than lockdowns. As late as January 2020, scientific consensus was that lockdowns don\u2019t work at all.\n\nThis orthodoxy changed overnight, based mainly on data from China \u2013 data which has probably been manipulated by a Chinese government obsessed with image management. Chinese dissidents believe the government covered-up and bungled the crisis, with one calling it a 90% manmade disaster and blaming the government\u2019s obsession with image. People in Hong Kong overwhelmingly saw the Wuhan lockdown as being for show and bound to fail. Yet the Chinese model has been exported via the WHO to the west and south. Alternatives \u2013 ranging from mass testing to wearing masks, from antivirals to improving the water supply in poor countries \u2013 are either ignored or tagged onto the lockdown hysteria. We can also predict that many people will die due to the psychological and economic impacts of lockdowns. And we also know that lockdowns and distancing are unrealistic for the poor, homeless, prisoners and detainees.\n\nIt can thus be concluded that the pandemic tells us little about the response. Lockdowns are not preferred because they are proven effective. Lockdowns are preferred because they fit into existing trends towards securitisation, rely on resources governments already have (police, not doctors), and extend state power. They also fit in well with current fashions for algorithmic modelling and the use of feedback and nudges on an aggregate level (instead of relating to people on an individual level). This is where theory comes in.\n\nThere have already been a great many pieces by radical writers on the situation. Some of these simply fall in line with the authoritarian orthodoxy, or supplement it with concerns about structural causes, uneven impacts, or protection of the worse-off. Others advance important criticisms that the approach is based on moralities of shame, not medicine, that the dominant framing is wrong, that it involves a state health system trying to control people\u2019s bodies, that its impact varies with life circumstances, that the crisis is caused the capitalist disturbance of the substance of nature and life, that lockdowns are simulations of insurrection and urban warfare and attacks on personal relationships, or criticise the use of punishment instead of social measures. Others attack what they variously term the focus on control, totalitarianism, the general imprisonment of entire populations.\n\nSome argue that lockdowns are expressions of authoritarian personalities and their preference for conformity over autonomy. They argue that a lockdown is a form of discipline rather than protection, and is an attack on social movements and the poor. One piece, written from the perspective of the virus, accuses people of scapegoating. The virus is just the flip side of capitalism and frees people from pseudo-necessities like globalisation, work and school. Another piece calls for \u2018burning everything that supposedly protects us from evil but actually reproduces it\u2018. Responses range from calls for resistance, to mutual aid, from DIY mask-making to rent strikes and general strikes.\n\nAgamben on Social Distancing and Contagion\n\nAccording to Agamben, state sovereignty relies on a moment of exception \u2013 such as states of emergency. These are moments when the state suspends its own laws, without putting itself outside the law as such. Sovereignty rests on a claimed right to select which lives are meaningless \u201cbare life\u201d and which are lives worth living. This means death-camps like Auschwitz are the \u2018nomos\u2019 or basic law of the state. States of exception involve the exclusion of something from the fields of the law and of political value. Historically, this exclusion is limited to particular times (e.g. war) or places (e.g. concentration camps). Today, however, it\u2019s spreading across social life. There is a zone of indistinction as to whose lives count. Everyone is potentially the enemy.\n\nAgamben thus argues for resistance to states of exception \u2013 which always carry the danger of a Holocaust. The problems of sovereignty are ontological \u2013 relating to questions of being. They can only be solved by establishing a completely different way of being. What Agamben advocates instead, is a \u2018coming community\u2019 composed of \u2018whatever-singularities\u2019. This involves thinking people have value, whatever their attributes are \u2013 instead of dividing them up into worthwhile and bare lives. It is exemplified by mass gatherings/revolts such as Tiananmen Square, Tahrir Square, Gezi Park, Occupy, etc.\n\nAgamben sees in the current lockdowns an extension of the \u2018state of exception\u2019. He is based in Italy, the first western country to introduce a lockdown and the first anywhere to lock down the whole country. The Italian government\u2019s reaction went through three stages: a first stage of business-as-usual and minimising the crisis, a second stage of surreal doublethink, and a third stage of panic and lockdown. (This has been mirrored elsewhere). Agamben\u2019s first piece, Contagion, was written during the second phase, when the government were giving mixed messages: draconian measures in Lombardy and Veneto, but also reassurances that the virus is not severe and attempts to keep the nearby Milanese economy running.\n\nAlready, Agamben argues that the \u2018so-called\u2019 epidemic was being used to spread an \u2018inhuman\u2019 discourse. This discourse focuses on viewing other people as contagious, i.e. dangerous, and separating from them. He says this is similar to the ways \u201cterrorism\u201d laws turn everyone into potential terrorists. But this time, it\u2019s applied to people who don\u2019t even have any malicious intent. This is an attack on relationships among human beings. \u2018The neighbour\u2019, in the Christian sense of loving thy neighbour, \u2018has been abolished\u2019. Such panicky measures both derive from and aim to provoke fear. They achieve what leaders have long wanted: stopping unmediated contact and cultural, political and educational discussion among people.\n\nIn The Coronavirus and the State of Exception, Agamben criticises the doublethink of this period. He describes the emergency measures as \u2018frenzied, irrational and totally unjustified\u2019. He repeats the claims of the Italian health authorities that coronavirus \u2019causes mild/moderate symptoms (a kind of flu) in 80 to 90% of cases\u2019. This was to draw ire as the panic progressed, although the statistics on symptoms haven\u2019t changed much. This means the emergency response is utterly disproportionate. When he wrote this, only Lombardy and Veneto were locked down. Agamben correctly predicted that the emergency would gradually extend to all Italy, since cases would arise elsewhere and the definition of affected areas was vague and broad.\n\nIt has happened for several reasons. Firstly, because states of emergency have become a normal practice of government. Governments simply defaulted to the responses they already take against \u201cterrorism\u201d, \u201criots\u201d, refugees, and so on. \u201cTerrorism\u201d has been exhausted as an excuse for states of exception. So governments now invent epidemics out of ordinary health issues as a new pretext. Secondly, the panic reflects a social \u2018state of fear\u2019 which creates a \u2018real need for collective states of panic\u2019. This floating panic looks for an object \u2013 and the epidemic is an ideal pretext. It leads people to accept (or even demand) the very security measures governments provide. The latent panic was just hanging around waiting for the next crisis to latch onto.\n\nIn a third piece, Clarifications, as well as an interview around the same time, Agamben responds to hostile reactions to his earlier pieces. By this time, Italy has passed into the third phase, and approaches which relativise or minimise the virus have been rendered taboo. Agamben is thus under attack for calling it \u2018just a flu\u2019, as well as for opposing the lockdown. In reply, he emphasises, firstly, that he is not concerned mainly with assessing the seriousness of the disease itself. He is not a virologist or doctor. He was just quoting what the Italian officials were saying. Rather than the disease, he is concerned with the social responses. It\u2019s not really all that important to his argument whether coronavirus is just a normal flu or something much worse. The latent panic can attach itself just as well to a serious epidemic as to a hyped one.\n\nHe also clarifies that the \u201cinvention\u201d of an epidemic is a discursive phenomenon. It functions like a conspiracy, but it is not necessarily a deliberate conspiracy. A government can \u201cinvent\u201d a discourse even if it\u2019s hitched to a real issue. Governments usually exploit a real crisis, rather than cause it directly. He reaffirms that suspending life to protect it, like suppressing freedom to defend it, is the wrong path to take. The crisis is biopolitical, because it turns health into a \u2018legal obligation\u2019. By implication, health is treated as a duty, not a right.\n\nAgamben makes similar arguments against lockdowns in all four pieces. He objects to lockdowns because they sacrifice everything which gives meaning to life. And they do this for the aim of simply surviving. The lockdown turns everyone into \u2018bare life\u2019 (under de facto house arrest) and unifies them around the fear of losing this \u2018bare life\u2019 (dying of the virus). Lockdown destroys or suspends life itself, supposedly for its own protection. The state or the public takes away \u2018the normal conditions of life, social relationships, work, even friendships, affections, and religious and political convictions\u2019. Even dead people are denied funerals. And society has met this with barely a whimper. In Italy, neither churches nor capitalists have protested much at their core values being overridden. (In contrast, there has been religious resistance in other countries, as well as from American right\u2013libertarians). There is also little mass resistance. \u2018It is a truly sad spectacle\u2019, says Agamben, \u2018to see an entire society, confronted with an otherwise uncertain danger, liquidate all of its ethical and political values en bloc\u2019. This happens because people have got used to seeing life only as biological survival, without meaning. People have got used to living in permanent emergency. And humans have been defined as purely biological, to the exclusion of political, social, emotional, and \u2018human\u2019 aspects.\n\nHe also opposes lockdowns because they show clearly that the state of exception is now the norm. It puts us in a state of civil war against ourselves (a war on a virus we might already have). It causes a \u2018perennial state of fear and insecurity\u2019 \u2013 incompatible with freedom. Agamben is sure this is not just a medical problem but a feature of contemporary society. This is the first time anyone has used such drastic lockdowns against an epidemic \u2013 cancelling all social life and movement. Yet there have been much worse epidemics in history. And by the same token, if the emergency measures are lifted, they will leave technological residues. In particular, he thinks the attempt to replace direct contact \u2013 \u2018contagion\u2019 \u2013 with machine mediation will carry on. We will never be able to go back to a normal state \u2013 at least, Agamben himself will not. In a later piece, he clarifies that those who have maintained a \u2018minimum of clarity\u2019 will not return to normality. He also repeats his belief that only those who are abject, without hope, can gain new hope.\n\nThe fourth piece is translated as both Reflections on the Plague and Reflections on the Pest (the Italian peste can mean either a plague or a pest). The introduction by Sebastian Lotzer argues that nothing has changed, but everything has changed. Everyone wants a return to a normal, bearable life. But nobody explains why people are prepared to bear it. Rights recognised by bourgeois states are not basic. They express a balance of power, a truce. They can be lifted at any time \u2013 from our side by a mass uprising, and from the state\u2019s side, by a state of emergency. He cites a case of police attacking protests which complied with German social distancing requirements. People need to give up the illusion that rights are protected, and focus on the balance of power. The lockdowns were possible because social movements have done too little to tilt the balance of power in our favour. Agamben thinks people were too moderate. For example, thousands marched in Berlin over the refugee issue, but did not even spraypaint the Greek consulate when they passed it. The lockdown only makes visible what was already the case. Focusing on medical aspects is metaphysical, involving trust in experts. Instead, the important issue is the material balance of power.\n\nAgamben once more insists that he is talking about reactions to the epidemic, not the epidemic itself. In particular, he is concerned with why people have accepted, rather than resisted, this drastic attack. He argues that they did not resist because the situation was already unbearable. The plague, the treatment of others as contagious, was already implicit, unconsciously, in social relationships. Common beliefs and convictions have collapsed. People only believe in biological existence and survival. And this can only lead to \u2018a tyranny, a monstrous Leviathan with drawn sword\u2019.\n\nAgamben also argues that the crisis shows a need for religiousness (apparently in the sense of higher meanings). People are finding religious meaning in science and the media. The media discourse around the epidemic is full of apocalyptic, \u2018end times\u2019 discourse. Science has replaced the church as the focus of religious devotion. And this brings the problems of religion \u2013 schisms, dogmatism, political abuse \u2013 into science. Like other religions, science can cause or be used to spread superstition and fear. Scientists are actually divided, with some, the \u2018heretics\u2019, denying the situation is apocalyptic, and others, the \u2018orthodox\u2019, radically deviating from the statist way of handling things. As in religious schisms, one faction of scientists gains the favour of governments because its views coincide with state interests.\n\n\u2018Empty Hotel\u2019 (Mussi Katz, licensed under Creative Commons)\n\nAgamben\u2019s Social Distancing again has an introduction by Lotzer. It begins by suggesting that panic overrides concern about the scale of lies and manipulation. It then criticises the German radical scene for falling into line. Agamben himself argues that \u201csocial distancing\u201d is a euphemism for confinement. It\u2019s more media-friendly than referring to house arrest or martial law. It is also a root metaphor for a new form of society.\n\nThe current crisis is a laboratory for new social and political structures. The next phase of capitalism might be based on distancing. For example, practices of working from home, distance learning, and replacing in-person with online communication might be generalised. Agamben thinks a society based on social distancing is not humanly or politically viable. He speaks of the current social formation as a type of mass or crowd, as theorised by Canetti. Crowds are unusual, as the only situation in which the normal fear of others is flipped into its opposite. The mass created by panic and distancing is an inverted mass. It is defined by distance but has the mass\u2019s freedom-impeding qualities. It is not atomised and individualist. It is unified, but only by something negative, a prohibition on coming together.\n\nLater Pieces\n\nSince I wrote the first draft of this column, two more pieces by Agamben have appeared. There has also been a vicious backlash from lockdown apologists, attempting to smear Agamben as senile, anti-science, denialist, or irrationally libertarian. This takes the form of the usual politics of moral panic and de-platforming which has reached insidious extremes in this crisis \u2013 as if simply listening to \u201cirresponsible\u201d voices is itself \u201cirresponsible\u201d and deadly. This proves Agamben\u2019s point: we are not far from book burnings.\n\nThe first of Agamben\u2019s new pieces is titled A Question. The question \u2013 which has troubled Agamben for a month \u2013 is: \u201cHow can it happen that an entire country, without realizing it, collapses ethically and politically because it has been confronted with a disease?\u201d Extending his argument in earlier pieces, Agamben insists that the threshold between humanity and barbarism has been crossed. Firstly, people are allowed to die alone and cremated without funerals. The denial of funerals is unprecedented. Secondly, lockdowns have restricted freedom of movement to an unprecedented extent. They have also suspended \u201cbonds of friendship and love\u201d. All of this is done based on risks \u2013 not things which are known. These risks cannot be known or limited. And Agamben thinks it is long-lasting \u2013 both because the state intends to continue \u201csocial distancing\u201d after the lockdown, and because present trauma will not be easily erased. Agamben argues that this was able to happen because of the artificial split between bodily life and emotional/cultural life. This split is encouraged by modern medicine. It is now being extended beyond its \u201cproper\u201d sphere. He also criticises the failures of the church to stand up to barbarism and the legal system to constrain executive power.\n\nThis piece also replies to one of the criticisms of Agamben. Zizek has taken a very different position from Agamben. He abjectly supports the current expansion of state power while seeking to leverage it for lackist existential and authoritarian socialist political goals. In the process, Zizek has abandoned his earlier celebration of disaster as \u201ctraversing the fantasy\u201d, and begun to encourage pop-psychology responses. Among a host of criticisms (e.g. that he is a \u201ckneejerk\u201d libertarian and underestimates the virus), Zizek has criticised Agamben on the basis that solidarity has not collapsed. Rather, staying at home is coded as a form of \u201clove of the neighbour\u201d. In this piece, Agamben replies that it involves sacrificing moral principles in the name of moral principles. He invokes Eichmann, the Nazi bureaucrat who thought, apparently in good faith, that he was doing right by obeying the law and aiding the Holocaust.\n\nIn Medicine as Religion, Agamben argues that science, Christianity and capitalism have long coexisted as major worldviews. This coexistence has been broken by science. Science, or rather the part of it which takes the form of a religion, is now trying to reshape existence in an unheard-of way. The church and capitalism, and people who accept the lockdown, have ceded their own political and religious convictions along with their movement, friendships and loves. Medicine is in the forefront. It is part of the pragmatic rather than dogmatic wing of science. Agamben argues that medicine as a doctrine is \u201cGnostic-Manichean\u201d. It relies on exaggerated dualisms. It takes on the eschatological task of Christianity, i.e. the salvation of the soul and the existential relationship to death. The resultant practices were formerly episodic. They have now taken over all of social life, and been made compulsory for everyone. Life becomes an \u201cuninterrupted cultic celebration\u201d of the medical faith, i.e. the struggle against the virus. The current crisis is like an indefinitely prolonged day of judgement. This is similar to earlier totalitarian tendencies in Christianity. However, like capitalism, science does not offer redemption. It only prolongs struggle. The current crisis is the culmination of the global civil war which has replaced world wars. It is clear to Agamben that this is cultic because other, greater causes of death are not treated similarly. For example, nobody has tried to legally impose healthy eating to reduce heart disease.\n\nCommentary\n\nAs far as it goes, I think Agamben\u2019s theory is spot-on. He sees clearly the political and libidinal forces involved in the responses to the virus. He does not fall for the trick of treating political responses as simply effects of the virus. However, I feel there are a few limits. One is the lack of an alternative theory on how to handle pandemics. This is perhaps too much to ask of a philosopher. But the most visible alternative today to public health totalitarianism is the neoliberal model of just letting the disease run its course. This is why the left, even the radical left, have so easily fallen into line with the new totalitarianism. There are already well-established alternatives, including the idea of health as a human right and the Illichian critique of \u201cpackaged\u201d healthcare. It would be good to see these alternatives getting more visibility.\n\nThe other limit is the lack of a theory of resistance to lockdowns \u2013 either descriptive or aspirational. Agamben talks as if people have just rolled over and accepted lockdowns. And in Europe, a lot of them have. But there\u2019s a sizeable number who haven\u2019t. As of March 24, 100,000 people had been fined in Italy for breaking the lockdown \u2013 and that\u2019s the ones who were caught.\n\nThe general impact on social movements has been devastating. Nonetheless, there have been major revolts, notably in prisons and detention centres worldwide: among others, in Scotland, Brazil, Argentina, Italy, Spain, Luxembourg, Nigeria, Turkey, the Dominican Republic, Lebanon, Iran, Colombia, Afghanistan, Indonesia, and Russia. There has also been a lot of Scottian resistance or resistenz, small acts of breaking and bending rules which corrode the state\u2019s ability to exercise power. The global poor cannot afford to stay at home, and in any case, cannot isolate in overcrowded homes with shared amenities. Lockdowns are often largely ignored. Where enforced, they have triggered mass revolts and street battles. Migrant workers seeking to return \u201chome\u201d have also revolted. Anecdotal reports suggest that lockdowns are mostly being ignored in the poorer parts of British and French cities. At the time of writing, protests are breaking out against the lockdown. Often, these are led or captured by the far-right, right-libertarians or conservatives. However, autonomous and anarchist protests have also started to reappear. Protests often involve cyclists, car processions, highly mobile crowds, or small-group actions.\n\nAnother kind of resistenz is flight. From Italy to India, Wuhan to Manila, millions have fled from locked-down cities to rural areas. This is often fuelled by job loss, but also the lower state regulation and higher food security in rural areas, and the ability to access family support networks. (Such flight might spread the virus, but it might also reduce its spread by reducing population density). There\u2019s also the massive problem that the lockdowns have caused a major economic crash. This may limit how far they can serve as a model for future forms of capitalism.\n\nA final point is that Agamben might be exaggerating the novelty of these kinds of panicked responses. There are precedents for this kind of panicked overreaction, both historically, and in the health scares of the last 40 years \u2013 AIDS, SARS, ebola, BSE, foot-and-mouth, zika, etc. There are also precedents in the normalisation of lockdowns as a response to armed attacks, and the creeping securitisation of a wide range of issues. But the current lockdowns are certainly larger in spatial and temporal scope. Neither during past pandemics, nor during the world wars, was social life so comprehensively disrupted. For example, some churches have not gone without an Easter mass since the 1200s. Many countries have not had a May Day without workers\u2019 protests for over a century. Nor were entire countries locked-down. Clearly the response to this virus says less about the virus itself than about creeping securitisation, political interests, and mass psychology.\n\nFor those interested in more of his work, Andy\u2019s books on Homi Bhabha have recently been published.\n\nSee Also: In Theory Giorgio Agamben: destroying sovereignty\n\nSee Also: In Theory Giorgio Agamben: the state and the concentration camp"
        },
        {
            "id": "2946c40bfbbc0204",
            "title": "Mark Duggan, State Violence and the Long History of British Propaganda",
            "content": "Yesterday's verdict in the Mark Duggan case has sent shockwaves of anger and disbelief in communities across the UK. Ceasefire's Adam Elliott-Cooper argues the case epitomises the enduring nature of systematic and institutional injustices at the heart of the British political establishment.\n\nBy Adam Elliott-Cooper\n\n\u201cThe time is now ripe for HM Government to think how the Africans should be governed, and we are not fed up with British laws at all\u2026 But we really pray for well instructed Government officials who understand the Queen\u2019s Government Laws\u201d\u2013 Petition from the detainees of Embakasi Camp, Kenya, 1957\n\nThe above passage is from a petition letter sent by a group of Mau Mau detainees who were among thousands held in concentration camps by British colonial authorities in which torture and killing were routine. While the petitioners awaited their fate in the camps, the British colonial authorities spread propaganda warning British citizens against the dangerous Africans intent on murdering innocent British settler colonialists.\n\nReading it today, the Mau Mau members\u2019 petition to Britain\u2019s Commissioner of Prisons \u2013 and their earnest appeal to British law in the hope it could be enforced and thus bring the deaths camps to an end \u2013 looks patently absurd and naive in the extreme. And yet, after yesterday\u2019s verdict in the Mark Duggan case, over a half a century later, investing faith in the British justice system seems to be as futile an act of misplaced faith as it was for the Mau Mau petitioners.\n\nMark Duggan\u2019s killing by police in 2011 was responded to immediately by the state and corporate press. Showing contempt for the deceased, they reported a shoot-out that never occurred, a gangster lifestyle they had no evidence of and \u2013 in the words of Mark\u2019s mother \u2013 an execution which police and press argued should be accepted without question.\n\nThe perception the police have of themselves and their power came into light during the inquiry. During cross-examination, a police witness was asked what lessons had been learnt after what went wrong on the day of Mark\u2019s death. The officer paused, looking slightly confused, then shook his head and said:\n\n\u201cGone Wrong? Well, from my understanding, the \u2014 it depends on how you see that because the operation was planned as expected\u201d\n\nThe police suspected Mark Duggan of possessing a firearm, and for that they presumed guilt and assigned his punishment. Unbeknown to the public, his family or Mark himself, the decision had been made that his life should end. The police witness\u2019s statement doesn\u2019t merely suggest the police felt comfortable with the act of killing, it suggests they feel comfortable planning such an act, and consider that to be a legitimate plan of action.\n\nCovering their tracks in the immediate aftermath by informing the IPCC, press and public that a shoot-out had taken place appeared to be an exercise in damage limitation, creating a false image and building on the propaganda already released in relation to Mark being a \u2018known criminal\u2019.\n\nAfter the ground had been laid to present Mark as a danger to the public who should have expected to be shot by officers, the small detail of the facts were no longer of concern to the police, the public or indeed, the jury. Explaining how a gun, in a sock, neither of which had Mark\u2019s DNA or fingerprints on them, were found 20ft away from his dead body on the other side of a fence would be difficult. None of the police witnesses, civilian witnesses or the taxi driver could explain how the gun could have got there.\n\nVideo evidence presented by a civilian witness showed, according to the coroner, a sergeant \u201cdirecting officers to go and secure a gun which hadn\u2019t yet been found\u201d. While the sergeant claimed he had told officers to look for the gun, their statements revealed that they were told where the gun was, and that they were merely to secure it. The coroner went on to assert: \u201cIt is not a question of anybody being mistaken. It is something which is a direct contradiction here; there is that stark problem.\u201d\n\nIndeed, three police witness statements all contradicted each other, as they all claimed a different individual had found the gun. Sometimes they claimed they found the gun themselves. These contradictions are particularly curious, given that there is nothing stopping police witnesses from conferring with each other in order to ensure their witness statements corroborate one other.\n\nIn fact, many of the police witness statements were written by officers gathered together in a room, with another police officer supervising them \u2013 a practice which would be unheard of in a case which involved members of the general public, and indeed laughable if those members of the public were black men from a council estate in Tottenham.\n\nThe recent case of Azelle Rodney is testimony to the usefulness of propaganda. The public inquiry into the police shooting of Azelle took place in 2013, with far less media coverage. The Azelle Rodney inquiry, sought to:\n\n\u201cscrutinise whether the force used was strictly proportionate to the aim of protecting persons against unlawful violence \u2013 i.e. was no more than absolutely necessary.; and whether the operation was planned and controlled so as to minimise, to the greatest extent possible, recourse to lethal force\u201d\n\nAlthough a firearm was found in the vehicle in which Azelle was a passenger (with far closer proximity than Duggan\u2019s), based on the evidence, there was no doubt that Azelle was not holding a gun when he was killed by police. Much like the Duggan case, there was also no DNA evidence that Azelle had handled the firearm. Without the media fanfare creating a moral panic around shoot-outs, gangsters and \u201cone of the 48 most dangerous men in Europe\u201d, the public inquiry left only with its aims, and the evidence presented. They concluded that the killing of Azelle Rodney was indeed unlawful.\n\nThe Duggan inquest, too, decided Mark did not have a gun in his hand when he was shot, but, in what the director of Inquest, Deborah Coles, described as \u201cboth perverse and incomprehensible\u201d, they still found the killing to be lawful. Further to this, despite no witness testimony, and no DNA evidence, they concluded that Duggan must have had the gun, and thrown it into the bushes where it was found, without the taxi driver, general public, or the police in pursuit of him, ever noticing.\n\nFor the jury to contradict the evidence to such a huge extent makes the effect of propaganda the most probable influence upon their decision-making. As the Duggan family and their supporters left the court, the same media outlets that slandered Mark\u2019s name with labels such as \u2018gangster\u2019, feigned sympathy in the hope for an exclusive interview.\n\nThe Duggan case is yet another example of state control, and its ability to create the illusion of a fair and just system of laws. While the media scare the public with stories of gangs, scroungers or terrorists, on average a person has been dying in police custody, or following police contact, almost every week since 1991. It will come as no surprise that no officer has received a criminal conviction for any of these deaths.\n\nViewed today, the written appeals made by the Mau Mau members in Kenya can clearly be seen to have been ineffectual and pointless. We now know from the historical record that the British state was wholly complicit in what was taking place in Kenya, actively producing propaganda and fueling misinformation to sustain public support. But the Mau Mau\u2019s petition was just one component of a multitude of different manifestations of resistance, which led to eventual British withdrawal.\n\nThe manipulation of the justice system operating in conjunction with a far-reaching propaganda machine is part of a historical continuity which protects state violence from being held accountable today. The Duggan case highlights the enduring nature of systematic and institutional injustices at the heart of the British political establishment.\n\nThe Duggan family are firm in asserting that they, too, will fight for justice until the final breath. They are not alone in that struggle, with other families and members of the community organising on multiple fronts to challenge state violence wherever it rears its gruesome head. While countering the slanderous propaganda remains a priority, our communities and organisations must learn from this setback, and build upon the resilience and momentum which this prolonged campaign has generated.\n\nRIP Mark Duggan"
        },
        {
            "id": "f25320e99d9cee41",
            "title": "Ceasefire Magazine",
            "content": "Irish Times\n\nCeasefire's political editor, Omayr Ghani, gives his bimonthly round-up of news from across the Irish Sea, including the formation of a \"new IRA,\" the continuing backlash over the handshake between the Queen and Martin McGuinness, as well as ongoing arrests over violence in the Ardoyne area."
        },
        {
            "id": "9417b35210caff44",
            "title": "Boris Johnson\u2019s anti-ICC stance is an endorsement of Israeli impunity against Palestinians",
            "content": "This week Boris Johnson declared his opposition to an International Criminal Court investigation of Israeli actions in the occupied Palestinian territories. By standing in the way of justice and allowing Israel to act with impunity, Johnson is complicit in the suffering of the Palestinian people, writes Taj Ali.\n\nBy Taj Ali\n\nLast week, British Prime Minister Boris Johnson announced his opposition to an International Criminal Court investigation into alleged war crimes in the Israeli-occupied territories. In a recent letter to the Conservative Friends of Israel (CFI) network, Johnson claimed the ICC investigation \u201cgives the impression of being a partial and prejudicial attack on a friend and ally of the UK\u2019s.\u201d Such a statement demonstrates a complete lack of empathy for the Palestinian people, many of whom are hoping that the investigation can hold Israel to account for its numerous human rights violations against them.\n\nIf governments like our own fail to hold Israel to account for its persecution of the Palestinian people, Israel will have no incentive to comply with international law. Because it knows that it can get away with it. By standing in the way of justice and thus allowing Israel to act with impunity, the British government is complicit in the suffering of the Palestinian people.\n\nSuch complicity is nothing new, it spans all the way back to Britain\u2019s colonial history in the region. In 1917, at a time when Palestinians were seeking independence from British rule, the British government issued the Balfour Declaration, promising to establish a national home for Jews in Palestine. This simple act would pave the way for the future displacement and destitution of the Palestinian people.\n\nIn 1936, a popular rebellion by Palestinians against British rule was violently put down by the British military. The Palestinian leadership was exiled by the British, and Palestinian military units were forced to disband. This would later make it difficult for Palestinians to resist what would later come to be known as the Nakba \u2013 Arabic for \u201ccatastrophe\u201d- where, in 1948, over 700,000 Palestinians were driven out from their homeland and over 500 Palestinian villages were destroyed.\n\nFor Palestinians, the Nakba is very much ongoing, and it is being aided by our own government. The blockade on Gaza which has created a humanitarian catastrophe, the ongoing encroachment of what is left of Palestinian land in the West Bank through illegal Israeli settlements and the apartheid system where Palestinians in Israeli-occupied territories are subjected to different laws by virtue of their ethnicity, are just some of the many ways in which Israel continues to persecute the Palestinians with the knowledge that governments like our own will simply stand on the sidelines.\n\nStanding idly by in the face of monstrosities is bad enough, but our government has gone a step further by supplying arms to Israel, knowing full well those arms could be used to kill and injure thousands of Palestinian civilians. In 2014, six months before Operation Protective Edge, where over 2000 Palestinians were killed, the UK approved \u00a37 million worth of arms sales to Israel.\n\nIn 2018, during the Great March of Return, the Israeli military used live ammunition on peaceful protestors marching to the Gaza border. According to the UN Human rights council, 189 Palestinians were killed, including 32 children. The UN Human rights council also highlighted how over 6000 Palestinians were injured, with many inflicted with life-changing wounds.\n\nIn that same year, Britain shamefully abstained from a United Nations\u2019 vote which condemned Israel for \u201cexcessive, disproportionate and indiscriminate force\u201d against the demonstrators.\n\nOnce again, Britain refused to commit to the protection of Palestinians\u2019 rights as they faced a brutal onslaught by the Israeli military. According to Human Rights Watch, the overwhelming majority of those killed and wounded in the protests were unarmed, and such use of lethal force could constitute war crimes. This is one of many possible war crimes against Palestinians that the ICC is currently investigating and it\u2019s a deep source of shame that our own government is standing in the way of such an investigation.\n\nBritish governments have used the language of humanitarianism and internationalism for decades to justify participation in murderous conflicts such as the Iraq war in 2003. What the current debacle with the ICC has shown is that such rhetoric is merely empty talk. There is simply no consistency in internationalist values when it comes to British foreign policy. Where are the humanitarian interventionists when Israel uses white phosphorous against civilian populations? Why is it that we only talk about humanitarianism and internationalism when our geopolitical interests are at stake?\n\nThe British Government itself asserts that \u201cPromoting international criminal justice and the rule of law are fundamental elements of the United Kingdom\u2019s foreign policy\u201d and yet when it comes to Palestine it seems these principles don\u2019t apply.\n\nThis British government cannot continue to bury its head in the sand when it comes to the suffering of the Palestinian people. It\u2019s time for the government to immediately end its complicity. That means ending arms sales to Israel and working constructively with the international community to promote peace and justice in the region through action rather than mere rhetoric."
        },
        {
            "id": "22357d1f50dafc36",
            "title": "Congo: The Unpopular Struggle",
            "content": "As the crisis in Congo creeps into the headlines, JJ Bola provides an account of the recent developments, international involvement and the immense suffering the world continues to ignore.\n\nBy JJ Bola\n\nOn the 20th of November Goma, the provincial capital of North Kivu, in the eastern Congo, fell under the occupation of the recently formed M23 rebel group \u2013 who stated that they will march on until they reach the capital city Kinshasa \u2013 with little resistance from MONUSCO (United Nations Organisation Stabilisation Mission in Congo) or the FARDC (Armed Forces of Democratic Republic of Congo).\n\n\u2018M23\u2019 is an abbreviation of March 23rd, the day in 2009 when a peace treaty was signed between the DRC government and the CNDP \u2013 the militia group fighting against the DRC (Democratic Republic of Congo) government at the time \u2013 stating that soldiers from CNDP (National Congress for the Defence of the People) were to be integrated into the FARDC. M23 was formed on 4th April 2012, when hundreds of soldiers from the CNDP defected and formed the faction, with claims that the Congolese government were not honouring their part of the peace treaty. They were led by Bosco Ntaganda, popularly known as \u201cThe Terminator\u201d, who is now wanted by the International Criminal Court for war crimes.\n\nAccording to Human Rights Watch, M23 are being funded by Rwandan President Paul Kagame, whose involvement in the region has been known for a number of years, with further accusations that the leader has been attempting to create a proxy military rule. The UN Group of Experts report published on 15th November 2012, states that:\n\n\u201cthe government of Rwanda has continued to support M23 and other armed groups in all categories of arms embargo violations\u2026officials have provided military support to M23 through troops reinforcement and clandestine support through special units of the armed forces\u2026recruitment for M23 has continued in Rwandan villages, and Rwandan Patriotic Front (RPF) members have collected funds for the movement\u201d. The complicity of neighbouring countries Uganda and Burundi, led by Presidents Yoweri Museveni and Pierre Nkuruziza respectively, have also been named in the looting and exploitation of Congolese resources. These parties, however, have denied their involvement vehemently, with President Kagame \u2013 who is active on social networking site Twitter \u2013 saying on 3rd December \u201cthe actual truth will always prevail. People need to support on-going efforts by ICGLR and stop blame game #E.DRC\u201d.\n\nOn Nov 26th the International Conference of Great Lakes Region (ICGLR), which is comprised of 10 countries including DRC, Rwanda and Uganda, met to discuss the security situation in Eastern Congo. There were twelve objectives concluded at the meeting, which essentially urged the DRC government to listen to the \u201cgrievances\u201d of M23 rebels. On the 1st December, M23 withdrew from Goma \u2013 allegedly stealing arms, cars and $3 million from the Goma Central Bank. However, analysts have argued that this is simply a tactical decision as a result of the increased international pressure on President Paul Kagame.\n\nThe Congolese government and M23 recently sat down in talks and begun the negotiation process, to which M23 have openly demanded that President Kabila resign from his post. In his recent state of the nation address, President Kabila \u2013 who is not without faults of his own \u2013publicly stated, for the first time ever, the Rwandan governments complicity in the balkanisation of the Congo. However, there was little mentioned in regards to a plan of action on the situation. What was important, he asserted, is that the sovereignty of DRC must be decided by the people. This remains to be seen.\n\nThe UK is the biggest bilateral aid donor to Rwanda; DFID (Department for International Aid and Development) planned to spend \u00a375 million in total on aid this year. Approximately 40% of the Rwandan economy is dependent on donors. The United Kingdom first withheld an aid instalment of \u00a321 million in November, and later decided to cut aid to Rwanda citing involvement with M23 rebels as the cause. However, many have criticised this move saying that it is the poor who will suffer most. The United States have also decided to cut military aid to Rwanda for the same reason.\n\nHowever, the US Government has rejected imposing sanctions on Rwanda, even though President Obama, in an official call to President Kagame on the 18th December, stressed \u201cthe importance of permanently ending all support to armed groups\u201d. This shows a discrepancy in the course of action. If Kagame has given support to the rebels, as identified in the UN report, then the leader must held accountable for crimes indictable by the International Criminal Court. This remains to be seen. Nonetheless, one thing is for certain: Paul Kagame\u2019a reputation \u2013 once deemed \u201ca visionary leader\u201d by Tony Blair \u2013 is changing, as the truth about his involvement in the Congo conflict is revealed.\n\nTo reduce the conflict in Congo to mere nationalism, tribalism or ethnic rivalries \u2013 a false narrative all too familiar in African conflicts \u2013 would be an oversimplification, and in fact, a false argument. This conflict is economically profitable for many actors domestically and internationally.\n\nCongo is rich in mineral resources, it contains more than 80% of the world\u2019s Coltan \u2013 used in modern technology such as mobile phones, computers, laptops and televisions \u2013 30% of the world\u2019s cobalt, not to mention gold, silver, copper, diamond, tin, cassiterite, which, despite being traded on the global stock market for approximately $400 per 50kg bag, earns Congolese miners only $5 dollars a day. The African Business Magazine estimates that Congo has a total mineral wealth of $24 trillion dollars, larger than the GDPs of the United States, United Kingdom and China combined, however, its people are amongst the poorest in the world and continue to suffer needlessly.\n\nThe conflict in Congo is not a recent phenomenon, this has been a 16-year-long struggle in which over 6 million people have been killed, and over 500,000 women have been raped by militia men as a weapon of war. And yet, the conflict has received very little global attention. It is this disorder which creates the conditions for the exploitation and extraction of the aforementioned resources by the Rwandan and Ugandan governments. According to the United Nations Rwanda and Uganda then sell these products on to multinational corporations from Europe and North America, with the help of the military aid provided by wealthy nations such as Britain and the United States. This is the greatest humanitarian crisis since World War II. It would take a 9/11 every day for five years to equal the number of lives lost in this conflict, and yet, there is relative silence.\n\nThis global consensus of silence on the roots of the problem is perplexing; perhaps because the suffering is too heavy for the human conscience to bear, or perhaps because the suffering is so normalised. We only pay attention during the extreme moments that images are flashed on our screen. Congo is the unpopular struggle; however, it is the human struggle. One that we must all wake up to, in order to reclaim our humanity, as the roots of Africa\u2019s first world war leave little doubt that we are all responsible.\n\nJJ Bola performs his poem \u201cI Cry\u201d"
        },
        {
            "id": "1590cd01fabf8b65",
            "title": "Photo Essay \u2013 Kashmir: Bullets for Stones",
            "content": "More than 60 years after the partition, Kashmir continues to be a long-running yet hidden tragedy. In a powerful new photo essay, Ceasefire contributor Josh Strauss writes about the voices of resistance and defiance against Indian authority. The piece features first-hand accounts from the front line as well as remarkable photography by Imran Ali, Ashish Sharma and Sajad Raja.\n\nA protester faces Security Forces after the killing of a youth at Barthana in Srinagar. KT Photo:Sajad Raja\n\n\n\nBy Josh Strauss\n\nPhotography by Imran Ali, Ashish Sharma and Sajad Raja\n\n[warning: many of the images contain graphic depictions of violence/injury]\n\nTeenage voices echo in the depths of a deathly silence\n\nInterspersed throughout this article are the thoughts and feelings of Kashmiri boys and girls aged thirteen to sixteen. These are extracts taken from correspondence with their former teacher, Sanaa Alimia, who now resides in the UK. All quotes are written by the young people themselves and dated from the start of June to the 5th of August 2010. Names have been omitted so as not to endanger their lives any further.\n\n\u201cIn the 52 days of unrest 43 are dead\u2026 among the 43 dead, seven are women and five are aged below ten.\u201d\n\n\u201cI wish we were free from Indian Rule.\u201d\n\nPeople shouting pro-freedom slogans during the funeral procession of a youth fatally injured in police firing at Chanapore. KT Photo:Sajad Raja\n\n\n\n\n\n\n\nSecurity Forces firing at the funeral procession of a youth killed by Police personnel at Barthana in Srinagar. KT Photo:Sajad Raja\n\nProtesters pelting stone at a CRPF vehicle after a demonstration against the killing of a youth in Srinagar. KT Photo:Imran Ali\n\nThe killing of young Kashmiris at the hands of Indian security forces shows no sign of abating as the death of another 10 year old boy sparks further protests in the capital Srinagar.\n\nTuesday 31st August saw hundreds of Kashmiri men, women and children defy the government-imposed curfew; taking to the streets in protest at the killing of Irshad Ahmad Parray, after he had been fatally injured during a police operation in the southern town of Anantnag.\n\nPeople carry the body of 8-year-old boy killed by CRPF personnel in Srinagar. KT Photo: Imran Ali\n\nProtesters pelting a CRPF vehicle with stones . KT Photo:Imran Ali\n\nThe Jammu and Kashmir Police released the following statement: \u201cA huge mob pelted stones on the Sherbagh police post. The police used tear smoke shells to disperse the stone throwers\u2026 the protesters did not relent and the police fired rubber pellets in self-defense. Ten-year-old Irshad Ahmad Parray of Old Iddgah Janglat Mandi got injured. He was declared dead at the Sheri Maharaja Hari Singh hospital in Srinagar.\u201d\n\nPolice personnel fire tear-gas at protest against the killing of a youth in Kashmir Valley. KT Photo:Imran Ali\n\nRalatives of three youths recently killed holding their pictures during a day-long hunger strike by JKLF chairman Mohd Yaseen Malik at Nadihal, in the district of Baramulla. KT Photo:Imran Ali\n\nThe leader of the Communist Party of India, Brinda Karat, spoke out against the killings, demanding an all-party delegation to be sent to the region to investigate the disproportionate deaths of young people.\n\n\u201cStone pelting cannot be met with firing\u201d she said. \u201cHow many more children have to be killed?\u201d\n\n\u201cFour people were killed today in Srinagar.\n\nIt hurts.\n\nIn Kashmir we get bullets for stones\u201d\n\nAngry protesters torch a Police vehicle after the killing of two youths and dozens of injuries by Police in Pampore, on the outskirts of Srinagar City. KT Photo:Sajad Raja\n\nPhoto: Ashish sharma\n\nYoung Kashmiris today grow up against a backdrop of fear, persecution and loss. Many young men have picked up stones in protest against the Indian Security Forces\u2019 repeated violations against Kashmiris; expressing desires of recourse for this generation and the next. But tragically, these stones are answered with bullets and the latest inflammation of protest has seen the blood of young teenage boys spilt in gratuitous fashion.\n\n\u201cIn recent killings three kids died. First Tajamul, a 17 year old, the second was a 9 year old kid, and the third a 10 year old kid.\n\nThe situation in Kashmir is worsening\u2026\u201d\n\nCalls for azaadi (freedom) have cost Kashmir immeasurably. This beautiful Himalayan valley has bared silent witness to the slaughter of countless generations. Between 47,000 to 100,000 lives have been lost amidst a political and military impasse that has smouldered and flared since the 1980s. Exact figures are not known or have been purposefully hidden. Thousands upon thousands are \u201cmissing\u201d. Thousands have been tortured.\n\nPeople carry the body of a militant killed during an fire exchange in Doru Sopore where at least 4 houses have been damaged and one militant killed, the confrontation is still ongoing in Sopore (Kashmir). Photo: Ashish Sharma\n\nKashmir has long been a site of fierce contestation. Since the partition of the former British Indian Empire into the Union of India and the Dominion of Pakistan in 1947, there have been three Indo-Pakistani cross border wars contesting the territory of Kashmir; not to mention the perpetuation of internal conflict between armed Kashmiri liberation movements and occupying Indian Security forces.\n\nPhoto: Ashish Sharma\n\n\u201cDay by day they are ruining Kashmir. The situation is getting worse.\n\nYesterday four civilians, innocent teenagers, one was a girl, were killed by the cops.\n\nThe Chief Minister has ordered the army to enter Kashmir. Trouble is everywhere here.\u201d\n\nThe probing eyes of the international community have largely regarded the \u2018problem\u2019 of Kashmir simply as a matter of geopolitical concern. Moreover, since 9/11 the debate has been increasingly addressed through an all encompassing prism of \u2018Islamic militarism\u2019. This misrepresentative approach has obscured and distorted the human tragedy that continues to haunt the people of Kashmir. Their voices are rendered silent, because they remain unheard.\n\nAngry protesters torch a Police vehicle after the killing of two youths and dozens of injuries by Police in Pampore, on the outskirts of Srinagar City. KT Photo:Sajad Raja\n\n\u201cA curfew is in place by the army here. Cops are beating everyone they find on road.\n\nTerrifying situations\u2026\u201d\n\nSince the most recent demonstrations began towards the end of May, more than 300 people have been injured, including 22 security personnel, in what Amnesty International has described as some of the worst violent clashes between protesters and security forces in recent years. The past month has seen reports of \u201cthousands of youths\u201d pelting security forces with rocks, as well as attacks on a railway station and three police stations. In response, soldiers have shot dead more than 60 protesters, most of them teenagers.\n\nPhoto: Ashish Sharma\n\n\u201cThe government just messes up. The politicians are fighting with each other\u2026\n\nDozens of people [have been] injured and stone pelting [has] started after the killing of innocents.\u201d\n\nSanaa Alimia, a former school teacher from Kashmir, says that the protests and stone throwing have nothing to do with \u2018terrorism\u2019; but rather they are \u201cthe expressions by students, teenage boys, professionals, teachers and mothers \u2013 ordinary Kashmiris \u2013 against the killings, violations, rapes and injuries which are repeatedly committed against Kashmiris\u201d.\n\nPeople carry the body of Afroza, an 16 year old girl, who was killed by Police fire in Khrew, in the district of Pulwama. KT Photo:Imran Ali\n\nIn these modern times of rapid information dissemination, young Kashmiris have utilised the broadcasting potential of social networking sites and shattered the growing silence through the ubiquitous power of the internet. Hundreds of updates and debates have been posted on Facebook concerning protests, killings and human rights violations. Videos and pictures, snapped quickly from mobile phones have also been uploaded to Youtube, documenting stone-throwing, shootings, funerals, and the bodies of those injured, dying and dead.\n\nA couple of youths laying in a pool of blood on the road, injured by Police fire during a demonstration against the killing of youths in Kashmir Valley. KT Photo:Sajad Raja\n\nHow will young Kashmiris remember these traumatic events? Their voices must be heard, for they are the future agents of change.\n\nTheir teacher, Sanaa Alimia, demands that the Indian authorities cease their \u201coppressive and iron\u2013fisted policies in Kashmir\u201d, coupled with an end to Pakistani interference in the region. She implores the Kashmiri political leadership to listen to the voices of the people rather than \u201cbowing to Delhi\u2019s demands\u201d. Finally, she asks that \u201cserious international pressure\u201d is brought to bear on the Indian government. We must put an end to India\u2019s disproportionately brutal security measures, which continue to inflict pain, suffering and death upon hundreds of Kashmiris.\n\nThe Kashmiri journalist Basharat Peer has echoed the words of the late polish Nobel Lauriet, Czeslaw Milosz, in his recent letter to the Indian general public.\n\nYou can kill one,\n\nbut another is born.\n\nThe words are written down,\n\nthe deed, the date.\n\nIrfan, a kashmiri stone thrower. Photo: Ashish Sharma\n\nLike many Kashmiris, Basharat Peer has committed to memory, the deed, the date. \u201cThe faces of the murdered boys, the colour of their shirts, their grieving fathers\u201d. He says that while these details might disappear from the headlines, \u201cthey have already found their place in our collective memory\u2026 we remember. Even when we don\u2019t know we are remembering, we remember.\u201d\n\nJosh Strauss is a freelance journalist/camera operator living and working in London. Issues of conflict and forced migration have for a long time been of great interest and concern to him. Through a readjusted lens, he wishes to expose the much more complex and conflicted environments and situations that those living on the \u2018periphery\u2019 of our society experience every day.\n\nImran Ali, Ashish Sharma and Sajad Raja are professional photographers based in Kashmir."
        },
        {
            "id": "a0a37cfa993f8fe1",
            "title": "Goddard\u2019s \u2018Westminster Mob\u2019 are a threat to our common future",
            "content": "Accusations of hypocrisy and media bias have overshadowed the political significance of Goddard's \u2018Westminster mob.\u2019 We should call it out for what it is: the most visible expression of an organised and increasingly confident far-right movement that threatens our common future, writes Matt Carr.\n\nBy Matt Carr\n\nFew people who pay any attention to British politics will be unaware of the small but vocal group of far-right demonstrators who have been gathering outside Westminster for the last month. Led by Tommy Robinson fanboy James Goddard and inspired by the \u2018gilets jaunes\u2019 movement in France, these protesters have heckled and abused MPs, journalists and activists including the Sky News journalist Faisal Islam, Owen Jones, anti-Brexit campaigner Femi Oluyole, Sky News presenter Kay Burley, and \u2013 most famously \u2013 the Tory MP and anti-Brexit campaigner Anna Soubry.\n\nUntil this week, these protests aroused little concern from politicians or the media. On Monday however, Soubry was jostled by \u2018yellow jacket\u2019 protesters who called her a \u2018Nazi\u2019, a \u2018traitor\u2019 and compared her to Adolf Hitler.\n\nIn a television interview delivered against a background of taunts and abuse, a visibly-shaken Soubry declared that it was unacceptable to be called a Nazi and lamented the fact that \u2018this is what is happening to our country.\u2019 That same day Owen Jones was also jostled while trying to enter Westminster by Goddard and his cohorts, who called him a \u2018traitor\u2019 and a \u2018lying little snake\u2019 for supporting Jeremy Corbyn.\n\nIt was the Soubry incident that finally burst the bubble. The Commons speaker John Bercow condemned the abuse directed against her and described the protesters as a \u2018type of fascism\u2019. Fifty MPs have now written to Metropolitan Police commissioner Cressida Dick to complain about the \u2018deteriorating public order and security situation in and around the exterior of the parliamentary estate.\u2019\n\nPerhaps the most surprising thing about this reaction is that it has taken so long. The videos of Monday\u2019s incidents make it clear that these were not simply \u2018protests\u2019, but acts of physical and verbal intimidation. Burley has complained of \u2018increasingly vile, aggressive and intimidating\u2019 abuse that has forced her to change her own route to Parliament and get a bodyguard.\n\nThe demonstrators also abused the police, who responded with surprising passivity. It is difficult to imagine the police doing nothing if a group of Muslims \u2013 Anjem Choudhary\u2019s supporters say \u2013 had described the police as \u2018fair game\u2019 in a \u2018war\u2019 or told a black officer \u2018you ain\u2019t even fucking British\u2019 as James Goddard did on Monday.\n\nThe lack of response can partly be explained by the lack of any concerted response from Soubry\u2019s own colleagues, and also \u2013 until this week \u2013 by a general lack of interest from the media. Even now, discussions about these demonstrations have tended to revolve around issues of free speech and the right to protest. No one will be surprised to find this view propagated by Spiked Online editor Brendan O\u2019Neill. In tweets, interviews, and in an article that was disingenuous and intellectually depraved even by his standards, O\u2019 Neill depicted the harassment of Soubry as a cry of righteous anger against a politician determined to \u2018overturn democracy.\u2019\n\nO\u2019Neill compared the \u2018Nazi\u2019 abuse to similar claims supposedly directed against Leave voters, and situated it within a long tradition of \u2018rough\u2019 political protest that includes the Suffragettes and the Peterloo protesters. It is difficult to square these attempts to present the protests as a boisterous expression of free speech with the \u2018slag\u2019 insults directed at Burley, or the protesters who called Faisal Islam a \u2018rapist\u2019 and said that he was \u2018not British\u2019, or the men who shouted in Soubry\u2019s face on Monday\n\nOthers have echoed O\u2019Neill\u2019s line. Yesterday, Tory pundit Tim Montgomerie tweeted that the treatment of Soubry was \u2018unacceptable\u2019, but nevertheless suggested that \u2018a parliamentarian who advocates overturning a referendum result she promised to respect should not be surprised at unleashing such ugliness.\u2019 In the Telegraph, Alison Pearson described the abuse directed at Soubry as \u2018thuggery\u2019 but added \u2018the \u201cthis\u201d that has happened in our country could partly be her fault.\u2019\n\nSome sections of the left have also shown little sympathy for Soubry. On Twitter yesterday various pro-Corbyn accounts seemed to accept the abuse directed against her and even agreed with it, in comments such as this:\n\nTory\u2019s [sic] have killed more people than the Luftwaffe did in the blitz so I say that\u2019s fair enough.\n\nAnd this:\n\nAnna Soubry was a member of a Tory Government which implemented policies \u2018reminiscent of Nazi Germany\u2019. I don\u2019t know if that makes her a Nazi or Nazi-adjacent but I\u2019ll defend anyone\u2019s free speech rights to call her that.\n\nThere is more where this came from. Some of these leftist rationalisations were due to hostility towards Soubry and her politics. Others were based on the perceived double-standards of a media and political establishment that has generally been silent in the face of \u2018Nazi\u2019 insults directed at Jeremy Corbyn and his supporters.\n\nDouble standards are by no means absent in this affair. Owen Jones was right to draw attention yesterday to the role of the British press in magnifying the \u2018traitor\u2019 and \u2018saboteur\u2019 insults thrown at him and Soubry. Few MPs raised their voices to condemn the savage beating of George Galloway in 2015. Few of those who are condemning the abuse of Soubry protested the savagely racist abuse directed at Gina Miller last year \u2013 including rape threats and threats of acid attacks.\n\nAccusations of hypocrisy and media bias have nevertheless tended to overshadow the political significance of the \u2018Westminster mob.\u2019 Goddard and his coterie are part of a wide-ranging network of far-right activists and Tommy Robinson supporters that is seeking to enter its messages into the political mainstream through staged social media spectacles such as the ones we have seen outside Westminster this week. For this burgeoning movement, the loathing of the EU and the \u2018Westminster elite\u2019 overlaps seamlessly with the racism, misogyny, and anti-Muslim hatred that also defines Trumpism.\n\nEven the Daily Mail recognised these connections today with a frontpage article showing the \u2018hatemonger\u2019 Goddard posing with Robinson and UKIP\u2019s Gerald Batten. The Mail\u2019s condemnation of the \u2018far-right Westminster mob\u2019 was not matched by any recognition of its own contribution to the poisonous politics that have made this \u2018mob\u2019 possible.\n\nNevertheless, its conclusions were correct. Goddard and his followers are the thin end of a wider far-right wedge that feels emboldened, empowered and legitimised by the Brexit referendum. The fact that they now feel able to stand in front of Westminster and seek to intimidate the country\u2019s elected representatives is further evidence of how emboldened they have become.\n\nIt should go without saying that these developments cannot be combated or reversed by the selective prioritisation of victims who share the same political opinions and the rejection of those who don\u2019t, let alone by spurious discussions about free speech and the right to protest. Of course, Goddard and his cohorts have the democratic right to call an MP a Nazi \u2013 provided they don\u2019t engage in intimidation or harassment that breaks the law.\n\nBut MPs and journalists also have the right to enter Parliament without being subjected to the kind of thuggery that we have seen over the last few weeks. And we should call Goddard\u2019s \u2018Westminster mob\u2019 out for what it is: the most visible expression of an organised and increasingly confident far-right movement that threatens our common future.\n\nIn 2016 a member of that movement killed Jo Cox. And whatever happens on 29 March, that movement needs to be put back in its box. If we don\u2019t find a way to do it, it is only a matter of time before someone else is attacked or killed and the \u2018war\u2019 that Goddard ranted about on Monday becomes a reality."
        }
    ],
    "label": 2,
    "label_text": "high"
}