{
    "source": "chicagotribune.com",
    "articles": [
        {
            "id": "4605d1092a07ecc8",
            "title": "Round Lake man killed in Avon Township crash",
            "content": "A Round Lake Beach man was killed Wednesday morning when he apparently lost control of his SUV and struck another  near the Rollins Road intersection with Drury Lane in Avon Township , police said .\n Joe Shuman/For Lake County News-Sun"
        },
        {
            "id": "4b537e9fbc139148",
            "title": "Daily Illinois coronavirus graphs: 34 new deaths, 3,739 new confirmed and probable cases and 97,741  new test results. The statewide positivity rate for cases is 4.2%.",
            "content": "\u2022 How are Illinois regions doing ?\nCheck our daily charts on where each region stands on positivity rate and  ."
        },
        {
            "id": "c9faa78becc9ca49",
            "title": "How to properly wear two masks \u2014 and other mask-fitting tips following recent CDC advice",
            "content": "What to do : The CDC recommends knotting , folding then tucking the ear loops of 3-ply masks for a  edges of the mask fit more tightly to your face .\nFirst , fold the  lining up the corners and edges .\nSecond , tie a knot with the elastic  you can to the mask , according to an instructional video from the University of  Health .\nNext , bend the metal nose mold so it fits the shape of  the knot will make the sides of the mask near the tied ear-loops puff out  in a pleat so it lays flat on your cheek .\nWhen putting on the  snugly ."
        },
        {
            "id": "4dac071b54ce8d73",
            "title": "The Spin: Shutdown showdown as General Assembly reconvenes | Pritzker moves up date to reopen bars, restaurants | Lightfoot marks year in office, asks for \u2018prayers\u2019",
            "content": "What the governor had to say when asked this week about it : \u201c Three years ago when I decided  I put all assets in blind trust form , and they continue to be in  \u2019 m not involved .\nI really don \u2019 t even know the engagement of  has to do with this , and I \u2019 m really three years from having  of those .\n\u201d"
        },
        {
            "id": "5f3eafb92bfe3c05",
            "title": "Guerin Prep would have needed an additional $6 million to stay open",
            "content": "\u201c If you would have gone there you \u2019 d see something was going on because it \u2019 s a  didn \u2019 t have a lot of students and you could see that .\nI  private school and expensive but it looked like it was deteriorating and no one cared  any excitement , \u201d Otero said ."
        },
        {
            "id": "2be8146a559cb257",
            "title": "Man sets fire to Cadillac after nearly hitting parking lot attendant, Chicago police say",
            "content": "About 10:55 p.m. Tuesday , a man told the on-site security officer at the garage in the first block of  Loop , that he \u201c did not have any money to pay for the parking  a media notification from Chicago police ."
        },
        {
            "id": "abd099ca0e98d064",
            "title": "Daily Illinois coronavirus graphs: 22 new deaths, 3,369 new confirmed and probable cases and 104,795  new test results. The statewide positivity rate for cases is 3.6%.",
            "content": "\u2022 How are Illinois regions doing ?\nCheck our daily charts on where each region stands on positivity rate and  ."
        },
        {
            "id": "70d39f89b1692f4d",
            "title": "Former Illinois State Police Merit Board financial officer accused of filing false overtime reports",
            "content": "Thornley was terminated from her post as the board \u2019 s chief fiscal officer and director of personnel in July  lawsuit filed last April that names both the board and Garcia as defendants , Thornley  the merit board in retaliation after she filed complaints alleging sexual harassment and abuse by  charges ."
        },
        {
            "id": "05091c2614ae3a27",
            "title": "CPS opens its schools Monday to the most students since last March. Is it ready? Some principals say schools lack staff to resume in-person classes safely.",
            "content": "\u201c One of the major problems , however , is that schools can not implement the proper mitigation strategies if  the staff to implement them .\n...\nMost schools don \u2019 t even have the  instructional program , \u201d he continued .\n\u201c For example , tens of thousands of  to so-called in-person learning , only to sit in the classroom to look at the  from a teacher who is teaching from home , and the CEO and the mayor  important fact when they talk to the public about reopening , which puts principals in  when their children \u2019 s experience in so-called in-person learning doesn \u2019 t match the @ @ @"
        },
        {
            "id": "bcd757f1acbd9056",
            "title": "COVID-19 vaccines to be required for Chicago city workers, Mayor Lightfoot says; will follow mandates for Cook County and some state employees",
            "content": "\u201c I think so many people who may have been hesitant , wondering whether it was approved too quickly ,  year later , we now have so much research to show these work , \u201d  think that that means many more people will choose to get vaccinated .\n\u201d"
        }
    ],
    "label": 2,
    "label_text": "high"
}