{
    "source": "christiantoday.com",
    "articles": [
        {
            "id": "4e1937155dd2c7af",
            "title": "Christian News on Christian Today, Latest Religious News, News About Christianity",
            "content": "What can the Bible teach us about resilience? There's a word used often in the Book of Revelation that can teach us something about what it means to be resilient. \u00e2\u0080\u00a6\n\nChristian counselling ministry defends help for people with unwanted same-sex attraction A Christian ministry has defended the help it offers to people struggling with their sexual identity after an undercover report by the Sunday Mirror. \u00e2\u0080\u00a6\n\nHas lockdown changed the way we serve? As things open up, we can't forget what we have learnt through the pandemic, writes Hugh McNeill. \u00e2\u0080\u00a6"
        }
    ],
    "label": 1,
    "label_text": "mixed"
}