{
    "source": "christianitytoday.com",
    "articles": [
        {
            "id": "ba02dea89d7c3047",
            "title": "Who Am I That I Should Lead?",
            "content": "O weak person, you who are both ashes of ashes and decaying of decaying, speak and write what you see and hear. But you are shy about speaking and simple in explaining and unskilled in writing those things. So speak and write those things not according to human speech or human inventiveness but according to the extent that you see and hear those things in the heavens above in the marvelousness of God. \u2026 O woman, speak those things which you see and hear. Write those things not according to yourself or by the standards of another person, but according to the will of the one knowing, the one who sees and arranges all things in the secrets of His own mysteries.\n\n\u2014 Hildegard of Bingen, from Scivias\n\nFrom Gregory the Great in The Book of Pastoral Rule to Henri Nouwen in In the Name of Jesus, many writers and thinkers have cautioned Christian leaders about the dangers of ambition and the allure of the limelight. Pastor and author Dan White Jr. shared his story of battling this temptation ...\n\nYou have reached the end of this Article Preview You have reached the end of this Article Preview To continue reading, subscribe to Christianity Today magazine. Subscribers have full digital access to CT Pastors articles.\n\n1"
        },
        {
            "id": "864c3f288649b1df",
            "title": "What is the Gospel? A Look at 1 Corinthians 15:3-4",
            "content": "The gospel has been defined by many people in many ways. What does Scripture say the gospel is?\n\nMy friend, David Nicholas, was a Presbyterian pastor. He died a few years ago, but I ran across this article he sent me\u2014I think he wrote it for the blog, but we missed running it. He even started a resource for those wanting to learn more\u2014that goes on to this day. It's called, \"Gospel Bootcamps.\" Take a look at his thoughts on what the gospel is, and feel free to weigh in your ideas below.\n\nWhat is the Gospel?\n\nFor I delivered to you as of first importance what I also received: that Christ died for our sins in accordance with the Scriptures, that he was buried, that he was raised on the third day in accordance with the Scriptures.\n\n-1 Corinthians 15:3-4 (ESV)\n\n\"Of first importance\"\n\nThe gospel is not afterthought or something to be included once in awhile, but is of first importance and at the heart of our ministries. It is of first importance because it is through the gospel that God works to take people from death to life.\n\n\"Christ\"\n\nMessianic designation for Jesus encompassing all the prophecies of the Old Testament. The Messiah would be God who became a man to become our substitute.\n\nExplain who Jesus is, God the Son who became a man.\n\nOften times, a pastor will give an invitation at the end of his message and ask people to come forward to receive Jesus as Savior and Lord, but the pastor never explains who Jesus is. For many, it\u2019s like saying, \u201cCome forward and receive Narzak as your Savior and Lord.\u201d The person sitting there is thinking, \u201cWho is Narzak? I have no idea, and therefore I will stay firmly glued to my seat!\u201d\n\nIt\u2019s true, the name Jesus or Jesus Christ has name recognition, but most of those hearing the name have no real understanding as to who Jesus is. Some believe that he was a great prophet, others a great teacher, healer, or example. I have personally shared the gospel with many, many people over the years and have discovered that the majority of Protestants do not know or believe that Jesus Christ is God. I always ask the question, \"Do you believe that Jesus is God?\"\n\nThe majority respond with, \u201cNo, he is the Son of God.\u201d Roman Catholics do better with this question than Protestants because they have had the concept of the Trinity drilled into them from youth. But most people are confused as to who Jesus is and that is why it is crucial to explain that Jesus is God the Son who became a man. How can a person make a decision to accept someone they do not know? And yet that is what happens in many churches.\n\nThere are many Scriptural references which teach that Jesus is God the Son who became a man. The pastor or evangelist should know these verses and use them to make the point.\n\nTherefore the Lord himself will give you a sign. Behold, the virgin shall conceive and bear a son, and shall call his name Immanuel. Isaiah 7:14 For to us a child is born, to us a son is given; and the government shall be upon his shoulder, and his name shall be called Wonderful Counselor, Mighty God, Everlasting Father, Prince of Peace. Isaiah 9:6 1. In the beginning was the Word, and the Word was with God, and the Word was God. 14 And the Word became flesh and dwelt among us, and we have seen his glory, glory as of the only Son from the Father, full of grace and truth. John 1:1, 14 \u201c\u2026waiting for our blessed hope, the appearing of the glory of our great God and Savior Jesus Christ,\u201d Titus 2:13 But of the Son he says, \u201cYour throne, O God, is forever and ever, the scepter of uprightness is the scepter of your kingdom. Hebrews 1:8\n\nSimon Peter, a servant and apostle of Jesus Christ, To those who have obtained a faith of equal standing with ours by the righteousness of our God and Savior Jesus Christ: 2 Peter 1:1\n\nMany have heard that \u201cChrist died for their sins\u201d but they have no idea what it means.\n\nEven though Jesus is the Son of God, it is better not to use that designation. When I first began sharing the gospel I referred to Jesus as the Son of God, and the person to whom I was witnessing agreed with me saying we are all sons or daughters of God! After that, I decided to make the point that Jesus is God the Son who became a man. In Isaiah 9:6 above, both the humanity and the deity of Jesus the Messiah are in view. \u201cUnto us a child is born\u201d refers to his humanity, and \u201cUnto us a son is given\u201d refers to his deity, for God so loved the world that he gave his one and only Son, that whoever believes in him shall not perish but have eternal life.\n\nThe hearer needs to understand who Jesus is, and that is why it is important to explain that he is God the Son who became a man. This truth is part of the wonder of God\u2019s love that you are trying to convey to others.\n\n\"Died for our sins according to the Scriptures.\"\n\nSins\n\nThis is where the Bad News comes in. A person who does not believe he is a sinner will see no need for a Savior. Therefore, there must be an explanation of the Bad News before explaining the Good News. I am including it here because that is where it comes in the sequence of 1 Corinthians 15:3-4.\n\nThe Bad News is that there is none righteous, no not one (Romans 3:10). We all sin and fall short of the glory of God (Romans 3:23). Every one of us has transgressed the laws of God in our thoughts, words and deeds more times than we could ever imagine. The First Commandment is, \u201cYou shall have no other gods before me\u201d (Exodus 20:3). I broke this commandment every minute of every day of my life for 27 years. I gave no thought to the true and living God but had a variety of gods that were more important to me, such as my first car and the cute girls I was dating. I was a criminal in God\u2019s sight. The problem of sin must be properly explained and not glossed over.\n\nDied\n\nMany have heard that \u201cChrist died for their sins\u201d but they have no idea what it means. Therefore, we need to explain to people that death is punishment from God on our sins. God did not create people with the idea that we would die. Death was first mentioned in the Bible as a punishment on disobedience of God\u2019s command (Genesis 2:15-17). God, being righteous and just, cannot accept those who commit crimes against him, and that includes all of us. God\u2019s justice decrees that he must punish every crime committed against him. The punishment is death. Most people, when they hear the word \u201cdeath\u201d think of physical death, because that is the kind of death we are most familiar with. But there are three kinds of death: spiritual, physical and eternal.\n\nA person who does not believe he is a sinner will see no need for a Savior.\n\nWhen Adam and Eve sinned by disobeying God, they did not die physically, but they died spiritually. God had created them as physical beings and placed them in a physical environment and gave them five physical senses through which they would take in data from the physical world and with their minds, compute the data and make appropriate decisions. God is not a physical being, but is a spirit being having no physical parts such as head, body, arms and legs (John 4:24). God is a pure spirit, and therefore God built into Adam and Eve a spirit sensor through which they were able to relate to God. God told them that they would die if they disobeyed him, and therefore, when they did what God told them not to do, they immediately died in the spiritual realm.\n\nThe spirit \u201csensor\u201d within them no longer worked properly, which meant they could no longer relate to God. They were dead to the spiritual realm and dead to God (Ephesians 2:1). Later on they died physically, and then, there is eternal death or eternal separation from God and all that is good (2 Thessalonians 1:9, Revelation 20:14-15).\n\nIt is the sin and death problems that make it impossible for a person to gain life with God through his own good works because no matter how good he is, he still is a criminal in God\u2019s sight and under the sentence of eternal death.\n\n\u201cDied for our sins\u201d refers to the fact that God the Son became a man, lived a perfect life, allowed himself to be arrested, tried, convicted and crucified. As Jesus hung upon the cross, God the Father took every sin I have committed or will commit and put them on Jesus and punished him on my place. Jesus became my substitute, taking my sins on him and then the wrath of God my sins deserve.\n\nThe substitutionary atonement is at the heart of the gospel. This is where we see and understand the great love that God has for us, that the Son would allow the Father to place our sins on him and punish him in our place. Remove this and you lose the depth of our sinfulness and the greatness of God\u2019s love for us.\n\nAll we like sheep have gone astray; we have turned every one to his own way; and the Lord has laid on him the iniquity of us all. Isaiah 53:6\n\nFor our sake he made him to be sin who knew no sin, so that in him we might become the righteousness of God. 2 Corinthians 5:21\n\nHe himself bore our sins in his body on the tree, that we might die to sin and live to righteousness. By his wounds you have been healed. 1 Peter 2:24\n\nFor Christ also suffered once for sins, the righteous for the unrighteous, that he might bring us to God, being put to death in the flesh but made alive in the spirit, 1 Peter 3:18\n\nThe Old Testament animal sacrifices all pointed to Christ and the work he would do for us through his death. God punished Jesus so he can forgive us and not punish us.\n\n\"That he was buried, that he was raised on the third day according to the Scriptures.\"\n\nThe resurrection is essential in the gospel presentation because it proves that Jesus has overcome sin and death. Jesus would still be dead if just one sin was left in him, because the wages of sin is death.\n\nFor you will not abandon my soul to Sheol, or let your holy one see corruption. Psalm 16:10 Paul, a servant of Christ Jesus, called to be an apostle, set apart for the gospel of God, which he promised beforehand through his prophets in the holy Scriptures, concerning his Son, who was descended from David according to the flesh and was declared to be the Son of God in power according to the Spirit of holiness by his resurrection from the dead, Jesus Christ our Lord, Romans 1:1-4\n\nTherefore, the gospel is the truth that we are all sinners or criminals before God, and under the sentence of eternal death or separation from God and all that is good. In his love for us, God the Father sent God the Son to earth to become a man. Jesus was born without a sin nature, and lived a sinless life. He allowed himself to be crucified, and as he hung on the cross, God the Father took all of my sins, put them on Jesus and punished him in my place.\n\nJesus took the wrath of God for me, and he died. His body was placed in a tomb, and on the third day he came back from the dead, never to die again. God in his love and grace has overcome our two enemies of sin and death, and those who acknowledge to Jesus that they are sinners, and trust him to save them from eternal condemnation are forgiven their sins and given the gift of life eternal with God.\n\nPaul said, \"For I am not ashamed of the gospel, for it is the power of God for salvation to everyone who believes, to the Jew first and also to the Greek.\" (Romans 1:16)\n\nPaul was not ashamed of the gospel, because he knew that God works his power through the gospel to take people from death to life. That is why he said it is \u201cof first importance,\u201d and it should be of first importance in the ministry of every pastor."
        },
        {
            "id": "3956a3b080f6bd38",
            "title": "Morning Songs in the Night",
            "content": "Just outside my house, there\u2019s a bird that sings throughout the night. She sings like a morning bird. Though surrounded by darkness, she sings as though there is light.\n\nNight descends on us in many forms, some more horrific than others. Imagine you\u2019re lying in bed, desperately ill. You have been coughing and vomiting for days. You\u2019re convinced you only have a short time to live. For good reason: Hundreds of people in your village and tens of thousands throughout the land\u2014people and animals\u2014have already died after showing these symptoms. John Kelly described such a moment from 500 years ago: \u201cFor a brief moment in the middle of the fourteenth century, the words of Genesis 7:21 seemed about to be realized: \u2018All flesh died that moved upon the earth.\u2019\u201d\n\nThe name of his book tells us what he was speaking of: The Great Mortality: An Intimate History of the Black Death, the Most Devastating Plague of All Time. And yet, during \u201cthe most devastating plague of all time,\u201d a night of unimaginable darkness, one woman heard the morning bird sing.\n\nHer name was Julian of Norwich. We know very little about her\u2014even her name is a guess, taken from the church where she lived in a monastic cell. A close reading of her writings suggests that she was probably born around 1342 and lived into her 70s. She likely came from a wealthy family in Norwich, the second largest city in England at the time.\n\nThe bubonic plague was tragically common during her lifetime, killing 50 million people in Europe, some 60 percent of the entire population. Julian may have lost her whole family in one epidemic, and may have suffered from the plague herself at age 30. Whatever she actually ...\n\nFollow The Behemoth on Twitter and Facebook."
        },
        {
            "id": "1288029489014a7f",
            "title": "May/June",
            "content": "Read CT anywhere you go.\n\nSubscribers have full access to CT's digital archives. Download a PDF of this issue, or browse individual articles below.\n\nAbout This Issue\n\nMinistries and other Christian workplaces increasingly require employees to sign non-disparagement agreements and \u201cno gossip\u201d policies. Our cover story this month explores how the Bible describes gossip and how our understanding of it does and doesn\u2019t line up. When does clamping down on rumors help the church, and when does it create conditions for abuse?"
        },
        {
            "id": "e9ded868518d57a2",
            "title": "Christians Should Be in the News Cycle, but Not of It",
            "content": "At Bethel University in Minnesota, where I\u2019m a professor of English and journalism, I often teach a course for college seniors called \u201cWhat Good is Leisure?\u201d (Many students who sign up mistakenly believe they\u2019re in for a restful three-credit experience.) It\u2019s a course about \u201cthe architecture of time,\u201d to use Abraham Heschel\u2019s phrase, and my students this year were more responsive than ever to the flabbiness of their calendar.\n\nCOVID-19 had destroyed the rhythm of their weeks. It had beckoned them to spend hours doom-scrolling on social media, while giving them nothing to look forward to. They felt guilty and frustrated about what T. S. Eliot, in one of his poems, called \u201cthe waste sad time / Stretching before and after\u201d their experiences of quarantine.\n\nIn reality, the pandemic has merely intensified the challenges of community, attention, and time that Jeffrey Bilbro addresses in his fine new book, Reading the Times. The underlying problem is this: We are learning to love the wrong things. Our news feeds are miseducating our desires. Whether our favorite media lean left or right\u2014and even if we sample from both sides\u2014we are becoming prisoners of the news cycle. Far from achieving the enlightenment we need to interpret our times, we are bloated from bingeing on our daily media buffet.\n\nAlthough Bilbro\u2019s subtitle is A Literary and Theological Inquiry into the News, he denies that the media is the source of the problem. Instead, he blames the bad habits we bring into our encounters with the news. These habits manifest themselves in three ways: associating too much with those who interpret daily events as we do, rather than with actual communities; developing a taste for sugary, unsubstantial entertainment, rather than giving attention to significant works of art, literature, and journalism; and submitting to the charms of the moment, rather than seeking to understand time within the sweep of God\u2019s divine drama.\n\nThese three areas\u2014community, attention, and time\u2014form the three sections of Bilbro\u2019s book. Each section analyzes one area and concludes with practical suggestions, or \u201cliturgies\u201d (as he calls them), to reshape our habits.\n\nReading and belonging\n\nReading the Times is written primarily for North American Christians who are concerned and bewildered by the events of the past several years\u2014which probably includes you, right? Bilbro\u2019s style is accessible, and though he drops into the occasional philosophical byway, he shows the way out as well.\n\nWe are often told that the solution to our democratic challenges is an improved media. In other words, we need more fact checkers, more diverse sources, higher journalistic standards, or a return to the Fairness Doctrine, which used to require broadcasters to air competing points of view. To be sure, Bilbro helpfully lists the media he trusts at the end of the book. But the surprising heart of his analysis comes in his section on community: \u201cOur thinking,\u201d he writes, \u201cis downstream from our communal belonging. Instead of looking to the news to create better communities, we should be looking to strengthen communities so that they can create better news.\u201d\n\nBilbro argues convincingly that our media choices create de facto communities\u2014artificial communities, really\u2014and that we need to question our identification with them. He quotes Turkish writer and sociologist Zeynep Tufekci\u2019s observation that \u201cbelonging is stronger than facts.\u201d\n\nTo illustrate, he observes the travel cruises hosted by media organizations like National Review and NPR. The New York Times beckons you to join \u201clike-minded travelers on journeys around the world.\u201d My Minnesota affiliate of NPR endlessly proclaims its journalistic balance\u2014but my informal 2008 count of cars with a bumper sticker for both Minnesota Public Radio and a presidential candidate showed this result: Obama 26, McCain 0. I just hope they don\u2019t overload the port side during their cruise.\n\nArticle continues below\n\nBilbro claims that we\u2019re susceptible to \u201calternative facts\u201d when we belong more to our favorite media than to the places and communities where we live. I think he\u2019s right. On the other hand, the role of media in overcoming American individualism and creating public spirit has been noticed as far back as Tocqueville\u2019s Democracy in America (1840), and Bilbro by no means discounts its positive role. He reads The Atlantic, The American Conservative, Christianity Today, First Things, and Commonweal, along with online sources such as the Rabbit Room, Christ and Pop Culture, and Front Porch Republic (where he serves as editor). He listens to NPR, Mars Hill Audio Journal, and The Witness. But he strongly recommends that we also read local media. \u201cThe point here is to avoid consuming the news as an isolated spectator,\u201d he writes. Instead, he wants readers to integrate their use of media into their actual involvement with real, local communities.\n\nThis brings me to a criticism of his otherwise strong section on community. He writes convincingly that national media have gained power because other forms of communal identity\u2014such as \u201cfamily, place, ethnic group, [and] religious tradition\u201d\u2014have weakened. For his likely audience, I believe Bilbro could have stressed the foundational element of religion more strongly.\n\nReligion isn\u2019t just one element among many. To simplify an insight from German Catholic philosopher Josef Pieper (whom Bilbro quotes several times): You can\u2019t have a vibrant culture if you separate it entirely from religious practice. To go even further back, sociologist Emile Durkheim thought the very social character of human beings was created by religious observance. Bilbro\u2019s book is deeply biblical and theologically astute. It doesn\u2019t seek to be evangelistic\u2014still less, polemical. Even so, I think this is a favorable time to explain the centrality of religion in our civic formation.\n\nThat brings me to time itself, the subject of the central section in Bilbro\u2019s book. The communities to which we belong are also the places where we spend our time. One of his crucial themes is the distinction between two meanings of time, from the Greek words chronos and kairos. The news cycle runs according to chronos, which he explains as the chronological sequence of events. It is sequential and linear, always progressing forward. Kairos refers to the opportune moment for repeated acts, such as planting and harvest. It is cyclical and accommodates little that is new or changing.\n\nNeither of these approaches is complete on its own, he writes: The adherents of chronos believe they can discern a \u201cright side of history\u201d\u2014namely, their own\u2014while cultures shaped solely by kairos often show little care for the day-to-day experiences of their people. Our task as Christians, writes Bilbro, is to read the times in light of \u201cthe crucified and risen Word \u2026 to discern how [God] might be calling us to participate in his ongoing work of redemption.\u201d\n\nBilbro\u2019s biblical examplar of such a relation to time is the prophet, who participates in both chronos and kairos but whose ear attends to the Word of God. In the practical, \u201cliturgies\u201d part of this section, he offers suggestions for reviving the liturgical year and the \u201cdaily office\u201d of prayer from historic Christian traditions.\n\nArticle continues below\n\nI\u2019m surprised that he doesn\u2019t mention the most obvious and accessible mode of reordering time: the revival of Sabbath practice. Jews relish the saying, attributed to the Hebrew writer Ahad Ha\u2019am, that \u201cmore than Jews have kept Shabbat, Shabbat has kept the Jews.\u201d This saying holds deep significance for Christians too\u2014not just as individuals but as communities.\n\nMy students have responded favorably to books on Sabbath by Abraham Heschel and the Christian spiritual writer Mark Buchanan, but by far their favorite activity from my \u201cLeisure\u201d course is creating a 24-hour, digital-free Sabbath. They use words like \u201cliberated\u201d and \u201cfree\u201d to describe their experience, and they inevitably describe richer conversations, more fulfilling exercise and hobbies, and even more satisfying mealtimes.\n\nRedirecting our attention\n\nThe other section of Reading the Times centers on \u201cattention.\u201d Coming early in the book, this section asks readers what they are attending to, listening to, and reading. From the very beginning, Bilbro introduces us to great works of literature that he\u2019s been reading and art that he\u2019s been viewing. In some ways, the entire book is a tour of Bilbro\u2019s reading. In this respect, it is similar to Alan Jacobs\u2019s recent book Breaking Bread with the Dead. Both books try to help readers reshape their desires, first by providing a critique of today\u2019s information overload and its tendency to reinforce the prejudices of the present day; and second, by redirecting our attention to works of the past that have prophetic resonance for our day.\n\nBilbro\u2019s treatment of his key authors and artists is one of the book\u2019s great pleasures. He opens with Henry David Thoreau, who warned that \u201cthe mind can be permanently profaned by the habit of attending to trivial things.\u201d Sustained treatments of Thomas Merton, Wendell Berry, Dante, Marc Chagall, and Pieter Bruegel the Elder punctuate the text. Throughout, his engagement with current and past commentators is intelligent, fair, and irenic.\n\nBilbro closes his analysis with treatments of Frederick Douglass and Dorothy Day. Both founded publications that \u201csought to create the news from the perspective of [oppressed and marginalized] communities,\u201d he writes. By joining their efforts with those of fellow Christians, they gradually created communities of readers whose shared practices served as faithful, public manifestations of the gospel.\n\nSince I began reading the book, I noticed conversation after conversation in which my friends, colleagues, and students connected the frustrations of the past year to the things vying for their time and attention and to the increased pressures on the communities they love. With Reading the Times, Bilbro has brought those frustrations to the surface, analyzed them well, and given us hopeful ways to confront them.\n\nDaniel E. Ritchie is professor of English and journalism at Bethel University in St. Paul, Minnesota.\n\nHave something to add about this? See something we missed? Share your feedback here."
        },
        {
            "id": "7fba12a1def9ee77",
            "title": "Fear the Lord. No Other Word Will Do the Trick.",
            "content": "American culture is full of fear. Although our country is profoundly polarized, the fact of fear and its driving and entrenching power unites us. The objects of our fears differ: We may be most afraid of the proliferation of gross injustice or of the government infringing on our personal liberties. We may fear persecution or the loss of the church\u2019s witness through compromising political allegiances. Many of us fear losing our income or, worse, losing a loved one to the pandemic or police brutality. Masks, unmasked people, the coronavirus, vaccines, becoming a hashtag, tornadoes, hurricanes, break-ins, elections\u2014all these things spark fear for different people. We are afraid.\n\nInto this fear, the Lord speaks a word of hope and peace again and again through Scripture: Do not be afraid! In Luke 1:74, Zechariah prophesied that Jesus\u2019 coming meant that God\u2019s people would be able to serve him \u201cwithout fear.\u201d And yet Scripture also commands and calls us to fear the Lord and casts that fear in a positive light, with Isaiah even calling it the Messiah\u2019s \u201cdelight\u201d (11:3). What are we to make of this?\n\nMichael Reeves addresses this question with competence and clarity in his latest book, Rejoice and Tremble: The Surprising Good News of the Fear of the Lord. Reeves, who teaches at the UK\u2019s Union School of Theology, is perhaps best known for his 2012 volume Delighting in the Trinity, which provides a much-needed introduction to the doctrine of the Trinity in accessible and even playful language. Rejoice and Tremble follows in that vein by reappropriating the wisdom of the historic church, grounded in Scripture, to explain the meaning and value of an oft-misunderstood or neglected tenet of the Christian faith.\n\nTwo kinds of fear\n\nThe key, as Reeves explains, is that there are different types of fear. One is the \u201csinful fear\u201d exhibited by unbelievers that apprehends God only as Creator and trembles at the thought of his power. This kind of fear leads to terror before God, much like the multitudes in Revelation who beg the mountains to fall on them so that they might be hidden from his wrath (6:16).\n\nThe other kind of fear Reeves calls \u201cright fear,\u201d also traditionally known as \u201cfilial fear.\u201d This kind of fear, Reeves argues, actually has nothing to do with being afraid. Rather, it is a love that trembles because its object, the Lord, is overwhelmingly and incomparably beautiful, holy, and glorious.\n\nThis description may remind some readers of Delighting in the Trinity, which is appropriate, since Reeves rightly identifies the Trinity as the source and logic of all faithful Christian faith and practice. In Rejoice and Tremble, Reeves explains that there are two different sources of knowledge of God. Each way of knowing leads to a different identification of God and, consequently, a different relationship to God\u2014or, in other words, a different kind of fear. Those who know God only through creation have a sinful fear of God because they apprehend his power without an understanding of his character. In contrast, those who know God through Jesus Christ the Son have a right or filial fear because they know God as their loving Father. They tremble before the Lord not in dread or terror but in wonder-filled love.\n\nSince Reeves argues that \u201cright fear\u201d actually excludes being afraid, the question naturally arises: Why call it fear? Wouldn\u2019t awe or reverence be more apt? To this challenge, Reeves submits evidence concerning the term\u2019s intended meaning, the precedent of Scripture\u2019s original Hebrew language, and the weight of church tradition. His explanation highlights the intensity and passion he believes is missing from our concept of fearing God. Fear has a physicality and emotional potency to it that other words lack.\n\nArticle continues below\n\nAwe and reverence are worthwhile terms, but compared to fear they can sound overly cool and distant, as though our appreciation for God were mainly cerebral. Reeves wants the church to know and experience a fear that is anything but cool and distant. The fear of the Lord is a fire in the bones! It touches the mind, but it also excites the body and stirs up our affections. The fear of the Lord is an embodied, wholehearted delight in knowing and being known by God our Father through the Son and in the Spirit.\n\nHearing \u201cthe fear of the Lord\u201d frequently conjures up ideas of cool regard, sterile obedience, or fear of punishment. It might strike us as an appropriate posture in light of God\u2019s transcendence and incomparability, but it is not particularly joy-filled or delightful. Reeves shows us how the fear of the Lord is \u201csurprising good news,\u201d inspiring readers to share in the Son\u2019s own delighted fear.\n\nThe fear of the Lord is good news not only because it means knowing and delighting in God but also because it frees us from all other fears. Reeves argues that we are more afraid than ever, even though we are, by and large, safer than ever. Sinful fear causes us to spurn God and transfer our affections, hopes, and fears elsewhere. Health, wealth, relationships, and reputation are just a few of the things that take on \u201ca divine ultimacy,\u201d as Reeves puts it. We have more to lose than ever before, and we fear losing what we love.\n\nWithout a right fear of God, we are enslaved to what Reeves calls \u201ccruel and pitiless idols.\u201d But having this sort of fear reins in all other fears, for our loving Father is also the Creator, and nothing else holds divine ultimacy. In Christ, we have freedom from fear precisely through the fear of the Lord. All other fears subside and hold to their proper bounds as we rejoice and tremble before our Creator and Redeemer.\n\nRejoice and Tremble is an admirable work that draws on the riches of the Christian tradition and Scripture to restore the church\u2019s understanding of the fear of the Lord. In step with the stated purpose of all Reeves\u2019s work, the book effectively moves the reader to greater delight in God. The goal of theology is worship, and Reeves consistently writes toward that end.\n\nGreater adoration\n\nThis particular book is the first installment in Crossway\u2019s new Union series, edited by Reeves. The series will explore a variety of subjects, generating two companion books on each. One, like Rejoice and Tremble, will be aimed toward church leaders, while the other (in this case, Reeves\u2019s What Does It Mean to Fear the Lord?) will cover the same material in a more concise and accessible manner for laypeople. Rejoice and Tremble is an exciting indicator of the gift this series may be to the church\u2019s worship and mission.\n\nReeves peppers Rejoice and Tremble with insightful and needed applications for ministry, preaching, and the minister\u2019s life in general. While this highlights its primary intended audience, Reeves characteristically avoids jargon and writes in an accessible style. Some may prefer the breezy 80 pages of the companion volume, but church leaders, seminarians, and laypeople alike stand to benefit from Rejoice and Tremble.\n\nWhile the ministry applications are helpful, a couple of Reeves\u2019s other cultural touch points are troublesome, particularly his brief treatments of anxiety disorders and safe spaces. There is some value in what Reeves has to say, but these are complex and culturally weighty issues that require much more space and nuance than Reeves has allowed. At the same time, they are tangential to Reeves\u2019s argument, and taking the space to do them justice would have derailed his treatment of the core subject. Perhaps, then, it would have been wiser to leave them out.\n\nRejoice and Tremble relies partly on observations of sociological phenomena and is grounded in Scripture, but those looking for sociological studies or thorough exegesis of scriptural texts should look elsewhere. Reeves\u2019s discipline is theology, and his work shines in that regard. Rejoice and Tremble should move today\u2019s church to greater adoration of God, as Reeves helps us recover the historic church\u2019s wisdom concerning the fear of the Lord. In a culture wracked by fear, the fear of the Lord truly is \u201csurprising good news.\u201d\n\nEmily Hazleton is a writer living in Alabama. She holds a master of divinity degree from Beeson Divinity School."
        },
        {
            "id": "77a275c1ac2f4cc4",
            "title": "Nominate a Book for the 2022 Christianity Today Book Awards",
            "content": "Dear Publisher,\n\nEach year, Christianity Today honors a set of outstanding books encompassing a variety of subjects and genres. The CT Book Awards, along with our Beautiful Orthodoxy Book of the Year, will be announced in December at christianitytoday.com. They also will be featured prominently in the January/February 2022 issue of CT and promoted in several CT newsletters. (In addition, publishers will have the opportunity to participate in a marketing promotion organized by CT\u2019s marketing team, complete with site banners and paid Facebook promotion.)\n\nAwards Categories:\n\n1. Apologetics/Evangelism\n\n2. Biblical Studies\n\n3. Children and Youth\n\n4. Christian Living/Discipleship\n\n5. The Church/Pastoral Leadership\n\n6. Culture and the Arts\n\n7. Fiction\n\n8. History/Biography\n\n9. Marriage and Family\n\n10. Missions/Global Church\n\n11. Politics and Public Life\n\n12. Spiritual Formation\n\n13. Theology/Ethics\n\n14. The Beautiful Orthodoxy Book of the Year*\n\n*Beautiful Orthodoxy is the core philosophy guiding CT\u2019s ministry. It describes a mission, across all our publications, to proclaim the truth, beauty, and goodness of the gospel in a gracious, non-antagonistic tone. Learn more about our cause of Beautiful Orthodoxy here and here.\n\nNominations:\n\nTo be eligible for nomination, a book must be published between November 1, 2020 and October 31, 2021. We are looking for scholarly and popular-level works, and everything in between. A diverse panel of scholars, pastors, and other informed readers will evaluate the books.\n\nPublishers can nominate as many books as they wish, and each nominee can be submitted in multiple categories. To enter your nominations, you will fill out and submit a nomination form, listing each book you are nominating and the categories for whey they are nominated. You will also find information on entry fees and how to pay them, either by check or credit card. There is a $40 entry fee for each title submitted in each category. There are no refunds, so please make sure your nominations were published between November 1, 2020 and October 31, 2021.\n\n(Note: Beautiful Orthodoxy is a special add-on category. Books nominated here must have first been nominated in one of the main categories. They will be eligible to win more than once. The add-on fee for Beautiful Orthodoxy nominations is $20.)\n\nTo submit the nomination form, please download it to your computer. After filling it out in Adobe Reader, hit the \u201cSubmit\u201d button or save the file and email it as an attachment to bookawards@christianitytoday.com. If paying by check, please include a copy of your nomination form with the check.\n\nAs for the books themselves: We are asking that publishers email PDF versions of books they wish to nominate, rather than mailing physical copies to Christianity Today. These PDFs should also be sent to bookawards@christianitytoday.com.\n\nFinalist Books:\n\nIf your book is chosen as one of the four finalists in any category, we will contact you and ask that you send a copy of the book directly to the four (or five) judges assigned to that category. Depending on certain pandemic-related factors, we might ask you to send physical copies or PDF versions. In either case, we will provide the pertinent email or mailing addresses for each judge.\n\nDeadline:\n\nThe deadline for submitting nominations is Friday, August 6, 2021.\n\nThank you!\n\n-Christianity Today editors"
        },
        {
            "id": "fc0e06ac027338b9",
            "title": "John Stott Is Still a Hero Every Christian Should Know Abo...",
            "content": "Image: Kieran Dodds\n\nApril 27th sees the hundredth anniversary of the birth of the great Christian leader John Stott, a man who helped and encouraged so many people across the world, including me.\n\nJohn Stott was born in 1921 in London. He was naturally gifted, possessing a brilliant mind, an amazing memory and an extraordinary self-discipline. John was brought to a living faith in Christ at public school through the preaching of Eric Nash, and applied himself to his new faith with great commitment. At Cambridge, where he studied modern languages, John became deeply involved with the Christian Union.\n\nHe trained as an Anglican minister before becoming a curate at All Souls Langham Place, London, the church he had attended as a child. Throughout his ministry John remained based at All Souls; he spent thirty years there as curate and rector and then for over thirty years was based there as a writer, preacher and leader. John\u2019s passion for evangelism transformed All Souls and it became a focus for evangelical ministry in London and beyond. One notable emphasis of John\u2019s preaching from the start was the way that he didn\u2019t simply preach the historic gospel but also the need for Christians to apply it in their daily lives.\n\nJohn had many talents and his ministry and influence soon spread beyond central London. Always having a strong interest in student evangelism John preached at university missions across the world for a quarter of a century. He wrote extensively, producing Bible commentaries, practical guides to Christian living and also important texts on how Christians should relate to the world. He wrote over fifty books and many articles, all distinguished by his scholarship, precise language, a solid biblical basis and a contemporary application. His books were translated into many languages, the profits from which were used to support theological education across the world. Three books in particular have proved to be of enormous impact: Basic Christianity, which has led many to faith, The Cross of Christ on the atonement\u2014 one of my favorites\u2014 and Issues Facing Christians Today which encourages Christians to engage effectively with the world they live in.\n\nWith time John became a national and international Christian statesman with a powerful if gracious influence. In his own Anglican church he played a major role in turning evangelicalism from being a minority belief to a mainstream element. Internationally, he planned meetings and chaired committees including those for the important Lausanne Covenant (1974). Either by quiet counsel or open support, John was involved with an extraordinary range of evangelical initiatives such as the London Institute for Contemporary Christianity, the conservation organization A Rocha, Tearfund, the Evangelical Literature Trust and many others.\n\nJohn\u2019s ministry was truly global: he visited over a hundred countries speaking, preaching and encouraging and, where possible, taking the opportunity for one of his pleasures\u2014 birdwatching. He continued with his international ministry well into his eighties until, with his health fading, he retired from ministry. He died in 2011 at the age of ninety.\n\nJohn was able to do so much and was helped by his own astonishing self-discipline, by Frances Whitehead (his formidable and protective secretary) and by his purchase of a rundown cliff-edge cottage in Wales\u2014 The Hookses\u2014 where he could retreat, pray and write in peace. He also saw his singleness as something that freed him to serve the church more fully.\n\nI was privileged to meet with \u2018Uncle John\u2019 on many occasions. I was particularly encouraged when, still finding my feet as an evangelist, he invited me to tea, supported what I was doing and encouraged me to deepen my knowledge of God through Bible reading and prayer. One cherished memory is how, whenever I met him, he would give me a characteristic hug, gaze at me with his blue eyes and ask, \u2018Brother John, are you still preaching the gospel?\u2019 to which he would inevitably add, \u2018This is the one thing you must do!\u2019\n\nOne of the fascinating and challenging things about John was the way that he balanced things that could have easily been opposites.\n\nSo although John was extraordinarily self-disciplined, he was also gentle. He would rise early\u2014 5 or 6 a.m.\u2014 and devote himself to prayer and Bible reading. He seemed to live life with a remarkable efficiency and never seemed to waste time. Yet there was never any sense of him being any sort of driven individual whose projects demand priority; with John you always felt that people came first.\n\nEqually, although John was an authority, he was also humble. He was one of the very few Christian leaders to be known and respected globally: Time magazine labelled him as one of its \u2018100 Most Influential People\u2019 in 2005. Yet you never felt any sense of superiority or self-importance with John. He listened graciously to other views and always seemed to have time for people. He lived humbly too; it\u2019s fascinating that the only property he ever owned was that tiny cottage in Pembrokeshire. With John, the idea of being a servant of others was no clich\u00e9 but the truth.\n\nFinally, although John was a deeply spiritual man, he was also utterly relevant. He was a man who let prayer and Bible reading shape everything he said, did and was. Yet there was no sense of him being any sort of religious mystic, too holy to deal with the mess of the world. With John there was always this desire to be involved. He was a man who wanted to change the world for God.\n\nJohn Stott was a remarkable man. Like many people, I look around at the Christian world today and wish that we had his wisdom and authority to guide us. But as I think that, I can hear John\u2019s voice in gentle rebuke, reminding me that the hope of Christ\u2019s church lies not in its leaders, but in Christ himself."
        },
        {
            "id": "b726801c573d8cbe",
            "title": "Christians Can Learn from Muslims. But There Are Lines We Shouldn\u2019t Cross.",
            "content": "During the COVID-19 pandemic, we\u2019ve witnessed firsthand how painful, exhausting, and occasionally frightening it is to live among people who passionately disagree. In this maelstrom of masks, quarantines, vaccines, and lockdowns, we\u2019ve often forgotten how to love our brothers, sisters, and neighbors, to say nothing of our enemies.\n\nThis makes me all the more thankful for the example set by Rachel Pieh Jones in her new book Pillars: How Muslim Friends Led Me Closer to Jesus. As committed Christians and American expatriates living in East Africa, Jones and her family have built a life on the borders of one of the most fractious relationships in human history: Islam and Christianity.\n\nIn Pillars, Jones writes about experiencing the \u201cfriction\u201d of expatriate life. She describes finding the faith of her Muslim neighbors \u201crubbing against the box in which I restricted God and my spiritual life.\u201d The book is structured, as Jones puts it, around \u201cIslam\u2019s five pillars\u2014shahadah, or confession of faith; salat, prayer; zakat, almsgiving; Ramadan, fasting; and hajj, pilgrimage,\u201d and she explores how all five can connect with and critique Christian practices. She relates her story without universalizing her experience, but we can learn much from her example.\n\nJones allows the teachings of Islam to challenge her own religious practices. For instance, the Muslim practice of involving the whole body in the ritual salat prayers (through actions like kneeling and bowing) emphasizes that \u201cGod\u2019s presence permeates all of life, that space between spiritual and physical does not exist.\u201d This moved her to adopt a new posture of prayer, one characterized by desperation for God rather than any attempt to control her circumstances.\n\nSimilarly, the practice of zakat forced her to grapple honestly with her relationship with the poor, as well as to admit to a kind of implicit \u201cprosperity gospel\u201d that demanded God\u2019s blessings in exchange for the sacrifices of expat life.\n\nThese kinds of comparisons might seem transgressive, yet Christ himself often held up the actions of the unbeliever in order to challenge the beliefs of the orthodox. Jesus was not doctrinally illiterate; he knew that Samaritan beliefs were heretical. His conversation with the Samaritan woman at the well indicates as much: \u201cYou Samaritans worship what you do not know; we worship what we do know, for salvation is from the Jews\u201d (John 4:22). And yet, when asked to describe the love necessary to inherit eternal life, Jesus told a story not of Jewish orthopraxy but of Samaritan compassion (Luke 10:25\u201337).\n\nIn other instances, Jones looks for points of contact between the two faiths. She relates how attempting a Ramadan fast revived her appreciation for fasting as a Christian discipline, for \u201cenduring a period of self-denial\u201d that \u201cdeepened the conviction that everything was a gift, a mercy, from God.\u201d Moreover, the communal nature of Ramadan informed her perspective on the Lord\u2019s Supper as not \u201conly a sign or symbol of inclusivity or exclusivity\u201d but also \u201can invitation to relationship.\u201d The Lord\u2019s Supper does, of course, draw a clean dividing line between Christians and non-Christians, but as a symbol of the gospel and the unity of the church, it also contains an invitation for non-Christians to move from outside to inside the family of God.\n\nAdmittedly, all Christians will stumble whenever they attempt to apply their faith to particular circumstances, and at times, I would suggest Jones does so. At one point, she recounts taking part in the salat prayers of her Muslim friends, praying in the name of Jesus alongside them. And in her discussion of the hajj, she tells the story of accepting water sacred to Muslims from the Well of Zamzam in Mecca. In both cases, her goal is demonstrating solidarity with her friends as fellow humans seeking the divine. And yet I would argue that each gesture goes too far and risks confusing the biblical message of Christ\u2019s exclusivity.\n\nAt other times, the theological connections she draws between Islam and Christian practice are tenuous at best. She compares, for example, the practice of washing before salat (wudu) to baptism: \u201cNothing in the water will render them pure or righteous, but the desire is intimacy with God and a public declaration of faith.\u201d This observation could certainly form the basis of a gracious interfaith conversation between friends (which, in fairness, is likely her primary purpose). But that doesn\u2019t make it any less doctrinally problematic. The outward form of these practices is certainly similar, but their theological meanings are very different: While baptism is an act of obedience, wudu and salat are good works commanded in order to earn merit for salvation.\n\nNevertheless, while I might disagree with some of Jones\u2019s specific choices, I can wholeheartedly support the book\u2019s larger purpose. She is attempting to establish the exact kind of mutual understanding that is essential for contextualizing and communicating the gospel. Far too often, the knowledge that we have been entrusted with the words of eternal life (John 6:68\u201369) makes Christians more proud than humble. In our zeal to convince unbelievers, we so easily neglect the command to \u201chonor everyone\u201d (1 Pet. 2:17, ESV), including those who reject the gospel message.\n\nAnd even if Jones\u2019s techniques will prove too problematic for missiological use, then let us at least emulate her attitude within the church itself. Jones makes it clear that we shouldn\u2019t confuse her respect for Muslims with an endorsement of their beliefs. Yet despite inevitable areas of disagreement, she writes, \u201cwe are people of faith. We can communicate.\u201d In the same way, Christians today differ over questions that won\u2019t be resolved through neglect or denial. Yet these must not prevent us from displaying the kind of love that shows the world we are Christ\u2019s disciples (John 13:35).\n\nAs Jones says, \u201cPeace is not denial that we hold different things precious. Peace is not avoiding disagreement. Peace is mutual respect.\u201d Pillars might not be the missiological text for the stringently orthodox missionary, but it could be a gentle reminder of how to fight, through weariness and pain, to love our neighbors, be they Muslim or Christian.\n\nJaclyn S. Parrish is a writer living in Fort Worth. She is director of marketing at Southwestern Baptist Theological Seminary.\n\nHave something to add about this? See something we missed? Share your feedback here."
        },
        {
            "id": "df767654437a7e1f",
            "title": "Why Having Babies Is Controversial in 2021",
            "content": "Last year, the US birthrate experienced its largest single-year drop in nearly 50 years. For years, America\u2019s 2.1 fertility rate made it an outlier to other developed countries. But for the last decade, the number had begun trending downwards, plummeting to last year\u2019s figure of 1.6 children per woman.\n\nThese numbers entered the news the same week the New York Times published an essay by columnist Elizabeth Bruenig, \u201cI Became a Mother at 25, and I\u2019m Not Sorry I Didn\u2019t Wait.\u201d Many warmly received and shared the piece, which explores the author\u2019s experience of learning she was pregnant and the many factors that have caused millennial women to delay children including economic concerns, higher education, race, and geography. But for others, it struck a nerve.\n\nOne NYT commenter wrote, \u201cThere are few things more irresponsible than bringing a child into the world in 2021. I know it's difficult to reject the incredible social and cultural pressure that encourages us to reproduce. The easiest thing to do will always be to have children. But a good rule of thumb is that the easiest option-- the one our current paradigm encourages-- generally causes the most damage and suffering.\u201d\n\nOn Twitter, Jill Filipovic wrote, \u201cI would really love to read more essays and op/eds from women (and men, too) who regret having children as early as they did, regret having as many as they did, or regret having children at all. There's not much about motherhood that remains publicly unexplored, but that does.\u201d\n\nRebecca McLaughlin is the author of Confronting Christianity, named Christianity Today's 2020 Beautiful Orthodoxy Book of the Year, and it's follow-up edition for youth, 10 Questions Every Teen Should Ask (and Answer) about Christianity. Her latest book is The Secular Creed: Engaging Five Contemporary Claims. She joined global media manager Morgan Lee and executive editor Ted Olsen to discuss the challenges of talking about babies and motherhood in 2021 in the culture at large but also inside the church.\n\nWhat is Quick to Listen? Read more\n\nRate Quick to Listen on Apple Podcasts\n\nFollow the podcast on Twitter\n\nFollow our hosts on Twitter: Morgan Lee and Ted Olsen\n\nFollow our guest on Twitter: Rebecca McLaughlin\n\nMusic by Sweeps\n\nQuick to Listen is produced by Morgan Lee and Matt Linder\n\nThe transcript is edited by Yvonne Su and Bunmi Ishola\n\n[endif]-->\n\nHighlights from Quick to Listen: Episode 264\n\nWhat do you think the state of ecumenical pro-natalism is in our current culture?\n\nRebecca McLaughlin: It's certainly the case that religious people tend to have more babies. Whether we're talking about having more babies or not, we are having more babies and that's true in the U.S. and it's true globally as well.\n\nAs I read Liz's piece, I was first struck by just how well written it was. And there's a big myth that honestly haunts both our secular liberal friends\u2019 ecosystem and our ecosystem as Christians, and this myth is that women need to choose between having babies, especially having babies early, and achieving excellence in any other sphere of their life. And one of the things that I loved about the article was how she\u2014without making this point explicitly actually\u2014demonstrated to us that this myth of the mommy brain, the idea that having children somehow rots your intelligence as a woman, just isn't true.\n\nOne of the struggles that we have as evangelicals is we've felt the need to validate women who stay home and take care of their kids\u2014which is an important thing and something we should be validating\u2014but we've tended to do it at the expense of women who are single and at the expense of women who are mothers and also work outside the home.\n\nArticle continues below\n\nAnd that's kind of where, where we've made some quite unbiblical mistakes, because as we look at the scriptures, that there's an awful lot that can inform how we think about parenting, how we think about having children, and the goodness of having children, or the goodness of being other-person-oriented.\n\nWhich is something that I thought Ms. Bruenig brought out beautifully in her piece: how becoming a parent forces you to stop being primarily concerned with yourself and start being primarily concerned with somebody else's. There\u2019s something extraordinarily Christian about that paradigm applied in any sphere of life.\n\nBut while we should and must validate women who stay home full-time with their kids\u2014it's something that some of my smartest and my scholarly friends are doing right now\u2014when we start to do that at the expense of all the ways that women are called to serve the Lord, for example, to talk about a woman's highest calling is to be a wife and mother, that becomes quite unbiblical and misleading. Because really a woman's highest calling is to follow Jesus and you can do that as a woman who has children and as a single woman.\n\nBefore the advent of birth control, was it possible to be pro-natalist or anti-natalist? Or is this the idea of individuals taking a stance on fertility somewhat new?\n\nRebecca McLaughlin: Well, it depends how far back we want to go.\n\nLet\u2019s look at the world into which Christianity was born., the era when Jesus was born. It was a world in which people didn't have access to the pill, but babies were routinely abandoned when they weren\u2019t wanted\u2014especially baby girls, who were seen as less valuable than baby boys. And that wasn't seen as morally problematic at that time because babies, in and of themselves, weren't seen as precious humans made in the image of God, they were seen more as possessions.\n\nThis is one of the big innovations that Christianity brought to the wider world\u2014which came straight out of Judaism but exploded from Christianity\u2014based on Jesus's interactions with babies. Like Luke said, even infants were brought to him, and when the disciples tried to turn them away, Jesus said, \u201cNo, let them come to me; to such as these belongs the kingdom of heaven.\u201d\n\nAnd this sudden valuing of babies and small children as precious people made in God's image, changed the way that parenting was seen in the early church and still echoes down to us today as we think about conversations around abortion and as we think about parenting in general.\n\nBut the development of this model that says a woman's highest calling is to be a wife and mother, and that the biblical way of mothering is for every child to have their mother\u2019s undivided attention through the day\u2014that is actually a very modern concept of what it means to be a mother. It\u2019s very modern to expect a small number of children and a very intensive parenting style. Historically rich women have never talked to their own children and poor women have had seven children and a job to support them.\n\nSo we have this mythology that's cropped up that says up until the last couple of generations, every child was carefully looked after all day long by their mother and that there were very few children involved in this process.\n\nIt's striking that even Jesus' mother\u2014who presumably was not a neglectful parent\u2014didn't even realize Jesus wasn't with them for 24 hours when he was 12. The reality is at that stage, as a 12-year-old, Jesus would have been as seen as pretty mature and not just a child as we would think of the 12-year-olds these days. And there was a much more expensive role of the general extended family and parenting, et cetera.\n\nArticle continues below\n\nSo the pro-natalist and anti-natalist conversations we have today are embedded in social realities that are quite different from those that our earlier ancestors lived with. We have very different expectations of what it even looks like to parent and what the responsibilities of the parent are.\n\nWhat makes the apprehension or ambivalence about bringing children into the world in 2021 a unique conversation?\n\nRebecca McLaughlin: I think there is a range of factors here.\n\nOne is the idea that sexual freedom is more important than commitment, in terms of our happiness, and especially for women. The sexual revolution of the \u201960s brought what was seen as this wonderful gift of commitment-free sex to women, and in ways that hadn't been possible. Folks in my generation were brought up, at least in societal terms to think that women of my generation now had the opportunity of commitment-free sex and the opportunity for a career that would be uninhibited by parenting.\n\nMorgan Lee: And I've heard it explained that for women who were put into situations where they might not actually want to have children, or it might not actually be good for their bodies to have children, it also gave them more freedom. So on the one hand, yes, the sexual freedom part, but two, even for women who were in marriages, it gave them a little bit more agency in how that looked like.\n\nRebecca McLaughlin: Yeah. And so there's a lot of important conversations to be had around contraception of various kinds within marriage. But even before we got into that space\u2014and I'm speaking only for myself as someone who's raised in the UK, and we're going to very secular academic schools where\u2014we were constantly being told, you have opportunities that your parents or grandparents as women didn't have.\n\nThere was this paradigm that valued sexual freedom on the one hand and pursuit of a career on the other. And the possibility of having children was a very kind of conflicted idea that was something we recognized that people wanted, but it was seen as very much a detrimental thing to the pursuit of a career.\n\nWe are in a situation today where women are having fewer children than they want. It's not just that their desire for children has been diminished, but rather they feel like that's not economically possible for them or they're starting having children much later than previous generations.\n\nSo it's a very complex picture, but one of the things that we've forgotten is, as Liz pointed out in her article, is the beautiful life-giving and joy-giving experience of parenthood. It is often left out of the picture as people, especially highly-educated women, are thinking about their futures.\n\nTed Olsen: Yeah, the joy of parenting is something that kind of gets left out of some of the abstract conversation. How economists talk about it doesn't resonate with me, and how Christians sometimes talk about it doesn't quite resonate with me.\n\nWe ran this article by Ken Tanner in a magazine I used to run called The Behemoth. And his main point was like, \u201cI do a lot of good things that have eternal significance, but the children that I have made, that God has made through me, these children are going to exist eternally. These children that I've been entrusted with, and that I had a part in making, that's the most significant thing I'm going to do because they really are eternal. They didn't exist and they're going to exist forever.\u201d\n\nThis did not exist and now it exists forever. To me, that's so different than talking about, 2.3 children as an economic value or even when we talk theologically about children as a sign of future hope. They exist forever.\n\nArticle continues below\n\nHaving babies is part of God's good gift for Christians and non-Christians alike, in the same way, marriage is for Christians and non-Christians. And we're pretty good about talking about what a Christian marriage is, and also how it's the image of Christ\u2019s relationship with his church. But there\u2019s less conversation about what Christian parenting is or how it models a special understanding of who God is. What should we be thinking about when it comes to parenting as Christians? Is there a way babies\u2014even baby-making\u2014tell us something about God?\n\nRebecca McLaughlin: Yes, absolutely.\n\nIt's so interesting to me because marriage, as you mentioned, is fundamentally for Christians about the expression of Jesus's love for his church. It\u2019s this huge biblical metaphor that comes to us, starting in the Old Testament with the prophets comparing God to a faithful husband and Israel, to an unfaithful wife. And it jumps into a new space when Jesus says that he's the bridegroom and Paul says that Christian marriage is like a little scale model of Jesus's love for the church. And then it reaches a full-blown crescendo in the Book of Revelation, when a great voice shouts, \u201cThe wedding of the Lamb has come\u201d and Jesus\u2019s marriage to the Church brings heaven and earth back together. We have at least a starting point to get a handle on what all marriages look like.\n\nBut whereas in the Bible, God is always pictured as the husband and not as the wife, or Jesus is always the husband and not as the wife, there's something kind of important that the Bible does: it actually gives us maternal metaphors for God.\n\nSo clearly, we received God as our father and that's a very strong metaphor, especially one that Jesus gives to us in The Lord\u2019s Prayer. But one of my favorite verses in the Old Testament is Isaiah 49:15, when the Lord says, \u201cCan a mother forget the baby at her breast and have no compassion on the child she has borne? Though she may forget, I will not forget you.\u201d\n\nAnd I loved that verse even before I ever became a mother. And in my mind, that verse was saying, God looks at us like we are the cutest little baby. We're so cute in God's eyes. And then I had my first baby and I started breastfeeding and I'm here to tell you, breastfeeding is hard. It a sacrificial painful and physically painful, at least in the early stages. It's something that drags you out of bed in the night. It is an extremely self-sacrificial experience.\n\nTwo physical human experiences deeply connect us to somebody else and involve an exchange of bodily fluids, and that\u2019s sex and breastfeeding. Even though they are very different things, there's a kind of connectivity that arises, and that is required by both that is visceral and intense and emotional.\n\nAnd the experience of breastfeeding helped me to understand that verse in a new way, because it's not just that God looks at us as these cute little babies, it's also an expression of his self-sacrifice for us. And those two go hand-in-hand, as we understand more of God and of how he loves us to the extent of giving up his own son for us.\n\nAnd they also help us understand what it means to parent, which is to become fundamentally other-person-oriented and to be willing to enter into a love relationship with someone who from the very first, you will be the one who loves more actually. That dynamic can change over time, but there is a very one-directional love that a parent displays upon their infant. So in becoming a parent, I do grasp and glimpse more of how God loves us. It's one of the ways in which God has embedded a metaphor in our lived experience to help us to see how he loves us.\n\nArticle continues below\n\nAnd also, when we think about what the New Testament says about the family of the church, the body of the church, that to me is a really important place where we need to contextualize how we think about Christian parenting.\n\nWhile I do think there is a great blessing in having children, and from a Christian perspective, we should be embracing birthing and bringing up our children, but the idea that this is only something that is done by the nuclear family misses a lot of what the New Testament is calling us to. Parenting should be something that the church as a whole should be participating in, where single people, grandparents, and extended biological and spiritual family should all be involved in this process of raising children in the Lord.\n\nIf you listen to what Jesus says in the gospels, it's hard to land at the prioritization of a nuclear family that we sometimes see as the Christian norm. He's quite disruptive because he is continually expanding what family means. I think he's calling us to something that is expansive and that it\u2019s not just \u201cit takes a village to raise a child,\u201d but also it takes children to bring the village into itself.\n\nIt\u2019s not just for the benefit of the children, but also for the benefit of adults investing in the children of the church as a whole.\n\nLet\u2019s talk about biblical motherhood and what the Bible says about how women should mother. Is that something that is actually out there and that the Bible speaks to?\n\nRebecca McLaughlin: Yes and no.\n\nIf you're mining the New Testament for specific verses for mothers and raising children, there's Titus 2:4, where all the women are told to train younger women to love their husbands and children. And that's pretty much it.\n\nAnd I\u2019m not making that point to say the Bible doesn't value mothering or therefore the Bible has nothing to say about mothering. It actually has an awful lot to say. But sometimes we speak as if there is a very prescribed way and pattern for biblical motherhood that the Bible gives us and anyone who's doing anything different is clearly against the word of the Lord. And we have to be really careful when we start doing that.\n\nIn the famous ideal woman of Proverbs 31, her children are mentioned very late in the description of her, and then it\u2019s just that her children rise up and call her blessed. And then in what Paul says about marriage in Ephesians 5.\n\nThe idea that the women in the Bible are primarily focused on their children, and that's most of what the Bible says about women, is actually quite unbiblical. Often in the Bible, women are being engaged with and addressed as individuals. And sometimes we don't know whether they're married or not. We don't know whether they have children or not. We don't know, for example, in the Book of Acts what Lydia\u2019s family situation is. We know she has a household, but what does that mean? So we need to be careful when we start to be very prescriptive about what we think the Bible says about what it means to be a Christian mother.\n\nNut at the same time, the Bible gives us all sorts of relevant commands ranging from the clear picture throughout the Old and New Testament of raising our children in the Lord, which is something that both fathers and mothers need to be involved in. And then in all the commands about how we love others.\n\nJesus uses strong language about how anyone who wants to come to him must deny themselves and take up their cross and follow him. I think it\u2019s a strong challenge to any modern assumption that the main point of my life is my fulfillment or my career or whatever.\n\nArticle continues below\n\nMorgan Lee: Can I just say, it's interesting that you bring up that particular passage about taking your cross, because the beginning of it starts with, \u201cif anyone comes to me and does not hate his own father and mother and wife and children and brothers and sisters...\u201d And that's an interesting dichotomy because it specifically names family members.\n\nRebecca McLaughlin: Yeah, and we know from Jesus\u2019s broader teaching and the teachings of the New Testament that he's not saying that we should hate those people in our lives. He's saying that compared to our love of him, our love of anyone else should be like hatred. And the irony there is actually the more we love Jesus, the more we will love others under him. And we love others most when we love Jesus' best. And that applies in friendship, it applies in marriage, it applies in parenting.\n\nAnd I hope everything I believe, I believe because it's in the Bible rather than because of the findings of modern psychology or the sociological studies, et cetera. But it's always interesting to me to see how what the Bible says tends to actually align with what's being shown to be aligned with human flourishing\u2014whether it's regular church attendance or sex in the context of very long-term commitment rather than so-called free sex.\n\nAnd what's interesting to me right now is that women in America who are very religious, married to very religious men, and have broadly-speaking traditional views of marriage are actually the happiest. So this ironic situation whereby the folks most pitied by secular liberal folk turn out to be some of the happiest people in town. And that's not to say that\u2019s the calling on every Christian woman. But it's just interesting how the things most seen by some folks in the secular world as inhibiting to individual flourishing, turn out to be actually quite conducive to it.\n\nYou\u2019ve talked about what the example of Christ's sacrifice indicates for mothering, but what about how the person of Christ should inform how we view our babies and how we should view parenting?\n\nRebecca McLaughlin: One of the interesting things for me in becoming a mother was just how it confronts you with your own in fresh ways. And the reality that your body can do things that you have no real control over.\n\nIt's striking to me that Jesus tells Nicodemus that he must be born again. He kind of quite specifically claims this, this language of birthing. And then we have Jesus\u2019s embodied self ascending into heaven with the scars still on his hands. So it's not even that Jesus didn't become disembodied when he ascended, but that he actually carried with him the wounds that allowed us to be born again. And it's a metaphor we see again in other parts of the New Testament, this idea of the creation, groaning like a laboring mother, and this idea that the new creation will be a process of delivery, of giving birth. But I think it's all connected.\n\nAnd one of the shocking things about Christianity was this claim that we are looking forward to the resurrection of the body, not the immortality of the soul. And Jesus\u2019s accession is a powerful reminder to us of that. That the one we worship is an enfleshed human, not a disembodied soul.\n\nAnd I do think that we encounter that in parenting in quite unique and disruptive ways, especially for those of us who are living in privileged 21st-century Western contexts, where we're less used to being confronted with the realities of our bodies, at least until we grow old.\n\nLet\u2019s talk about some of the secular reactions to Liz's essay and how the church may be able to specifically tailor its message of affirming children and babies to a culture that's skeptical of it. While this is not true of all, there are parts of our culture that believe it\u2019s unethical or irresponsible to have children. How can we engage folks who may believe this in ways that honor their convictions?\n\nArticle continues below\n\nRebecca McLaughlin: Well, honestly, I think it\u2019s a very simplified and rather misleading claim to make the argument that simply having more humans in the world is detrimental to our environment. It\u2019s more about how people will consume environmental things.\n\nWe have this idea that there are too many people around, and so having fewer babies would be better. But let's talk about America for a minute. We have an aging society where if the current trends persist, we're not going to have the young workforce required to care for all the retired and elderly people.\n\nAnd to cross the line into political territory that will offend people both on the right hand and on the left, there are two big problems here or two strange conundrums. For secular folks who believe strongly in abortion and how this is somehow the central plank of women's rights are not recognizing that the large majority of women who have abortions are because they are poor and abandoned, not because they're living their emancipated, feminist, free best life. And we are losing a lot of babies that way. And to the folks on the right, immigration has been what has been propping us up for a while. Both with younger folks moving to America, but especially younger folks from cultures where women tend to have more children. And so policies that have come to us from both sides have actually contributed to this aging society phenomenon that we have.\n\nThere's so much that's been sold to us in terms of sexual liberty being the thing that's going to promote our flourishing and happiness and getting married and having children, not so much. And the more studies that come out and show this just isn't the case, the more we're going to have to start reckoning with those realities. And so with some of our secular friends, starting conversations by pointing them to some studies could just change the frameworks somewhat.\n\nBut ultimately the most beautiful thing that Christians can model to the world, and this comes straight out of Jesus's own mouth, is the way that we love each other. We should be known as his disciples because of how we love each other. And that will be remarkable to folks outside the church, if it's love that isn't just how we love our immediate family. And isn't just how we love people like us or people who have the same set of demographics as we are. It will be how we include in the single mothers from underprivileged backgrounds who show up at our churches, or how we care for children in the foster system and by bringing them into our communities.\n\nIt'll actually be the ways that we show love to those who are often marginalized that would be the most beautiful and powerful apologetic for Christ in this culture.\n\nMorgan Lee: I wanted to add one apologetic of my own. I've mentioned on the show before that I have a good friend who I've gotten to know since moving to Hawaii. And she had a baby last year. So the entire time of our friendship, I have known her with her baby, and she brings her baby everywhere with her, and she goes a lot of places. And she is constantly letting other people hold her baby, take care of her baby, look after her baby.\n\nAnd I have had friends, who have interacted with her son, who have said they have never held a baby before, or it's been years since they've held a baby. And again, it's not going to be possible for everyone who has children to do so, but often people who have children, especially babies, tend to stay home or only socialize with other people who also have babies. And I\u2019ve just have watched so many of my friends fall in love with my friend's child and feel very endeared to him and close to him.\n\nArticle continues below\n\nI have not seen a lot of people who have been that generous with how they let other people love their children in that way. So there are hearts and minds shaping that can come around with those things as well.\n\nThere are far more Christian women than there are Christian men. And so for many Christian women who want to marry Christian men and feel like that is part of their convictions, that's not going to be something that feels feasible for them. But there are ways to bring children into your life: IVF is one way, adoption is another way. What would it look like for the church to support these women, especially in their desire to have children?\n\nRebecca McLaughlin: I've already mentioned this, but it's worth repeating: We need to move away from this lie, which says that a woman's highest calling is to be a wife and a mother, and to remember that for all of us\u2014married or single or otherwise\u2014our highest calling is to follow Jesus.\n\nSo often, even by very well-meaning parents, we can bring up our children to think that what we expect of them as the norm is that they will get married and have children. And so that if they grew up and live their lives as a single person that always sends the message that we are somehow dissatisfied with, or that it\u2019s not the best for, them.\n\nI have a community group that is predominantly single people and many of them are single women, and even in the last few weeks, three of my friends in the group have shared how that their mothers have put pressure on them to get married and have children. And it\u2019s always been the case that there have been more Christian women than men from as far as we can tell from the very early church. So it's profoundly damaging if we bring people up with the idea that getting married, especially for women, is the Christian norm and remaining single is somehow second best.\n\nWe then need to live in ways that include people who are married and have children so that we are actually living in biblical community ethics rather than just into the nuclear family ideal. So those folks who do live their life as singles aren't excluded. There are multiple different forms in which someone can commit as a single person and often can feel on the fringes in certain church contexts that we need to work against.\n\nAnd ultimately for all of us, whether we're married or not, whether you have children or not, we need to remember that Jesus is our life. I love and so frequently come back to the conversation Jesus has with Martha after Lazarus's death, before he raises Lazarus. (And we don't know whether Martha or Mary was married or not. It is just not commented on. It's not something that the text tells us.) And Jesus looks into Martha's eyes and says, \u201cI am the resurrection and the life. I am what you need right now. What you mostly need is not your brother back, what you mostly need is me.\u201d\n\nAnd that's something that, especially for single people, we need to be reminded of and encouraged in. Jesus is both the ideal single person who never married and the ideal husband who will one day welcome us into relationship with him and we would the greatest marriage of all eternity.\n\nSo for all of us, whether married or single, keeping our eyes fixed on Jesus as our hope, as our life, as our resurrection, giving any disappointments and heartbreak that we have\u2014whether it's wanting to be married and not being married, whether it's wanting children and not having children, whether it's having children and having a very difficult experience of mothering, or whether it's having children who grow up and leave the faith\u2014there all sorts of ways in which we can have our hearts broken in this life, but fixing our eyes on Jesus, who is the one who will wipe every tear from our eyes, is the best for any of us."
        }
    ],
    "label": 2,
    "label_text": "high"
}