{
    "source": "cincinnati.com",
    "articles": [
        {
            "id": "1545953e8aa578c4",
            "title": "Baltimore Ravens, Las Vegas Raiders will open 2021 Monday Night Football schedule",
            "content": "Baltimore Ravens, Las Vegas Raiders will open 2021 Monday Night Football schedule\n\nShow Caption Hide Caption The 10 NFL matchups you have to watch this season SportsPulse: Mackenzie Salmon reveals the top 10 matchups that will define the 2021 NFL season. Mackenzie also points out Aaron Rodgers vs. Patrick Mahomes could be the game (or games) of the year. USA TODAY\n\nThe 2021 Monday Night Football schedule starts with the Baltimore Ravens traveling to face the Las Vegas Raiders in Week 1.\n\nAnd unlike years past, it will be the lone matchup of the night. ESPN normally had two matchups \u2014 one earlier on the East Coast, another out West \u2014 for the first Monday night of the regular season.\n\nThe Ravens, led by quarterback Lamar Jackson, finished the 2020 regular season 11-5 and lost to the Buffalo Bills in the AFC Divisional Round of the playoffs. Meanwhile the Raiders, now entering Jon Gruden's fourth season, are 19-29 in three years under the former Monday Night Football color commentator.\n\nThe matchup was revealed Wednesday on \"Good Morning America.\" The game will be simulcast on ABC and ESPN on Sept. 13.\n\nThe full season schedule, the inaugural 17-season campaign, for all 32 teams will be released later Wednesday.\n\nFollow Chris Bumbaca on Twitter @BOOMbaca."
        },
        {
            "id": "32c57bd4cd1b2add",
            "title": "Buccaneers QB Tom Brady rips 'dumb' rule change that relaxes NFL jersey number options",
            "content": "Buccaneers QB Tom Brady rips 'dumb' rule change that relaxes NFL jersey number options\n\nShow Caption Hide Caption Bucs dethrone Chiefs in Super Bowl 55, Tom Brady further cements GOAT status SportsPulse: Tom Brady does it again, this time dethroning Patrick Mahomes and the defending champs to win Tampa's second Super Bowl and his record seventh. USA TODAY\n\nAt least one prominent NFL player really dislikes the NFL's rule change on jersey numbers.\n\nTampa Bay Buccaneers quarterback Tom Brady, in his Instagram story posted Thursday, criticized the rule that eases restrictions on approved jersey numbers for positions that was passed Wednesday.\n\n\"Good luck trying to block the right people now !! !!\" Brady wrote in a caption in one image. \"going to make for a lot of bad football.\"\n\nThat caption was superimposed on a table that showed the acceptable ranges of jersey numbers with the adopted rule.\n\nQuarterbacks, punters and kickers are now eligible to wear Nos. 1-19; defensive backs are eligible to wear 1-49; running backs, full backs, tight ends, H-backs and wide receivers are eligible to wear 1-49 and 80-89; offensive linemen are eligible to wear 50-79; defensive linemen are eligible to wear 50-79 and 90-99; and linebackers are eligible to wear 1-59 and 90-99.\n\n.@TomBrady isn't a fan of the new number rule which will make it harder to recognize positions of players. pic.twitter.com/We2NvPJZJG \u2014 Dov Kleiman (@NFL_DovKleiman) April 22, 2021\n\nIn the following image, Brady circled a paragraph of a news story with \"DUMB\" in large block letters above and added, \"Why not Let the lineman wear whatever they want too? Why have numbers? Just have colored jerseys...why not wear the same number?...DUMB\" below before tagging the NFL and NFL Players Association's verified accounts.\n\nTom Brady posts again, \"DUMB\" [rule] pic.twitter.com/d5aGP6ZGic \u2014 Dov Kleiman (@NFL_DovKleiman) April 22, 2021\n\nLater on Thursday, Brady poked fun about his displeasure with the rule and posted a tweet in which he said he \"would like to speak to the manager please...\"\n\nI would like to speak to the manager please... https://t.co/482q4ysoia \u2014 Tom Brady (@TomBrady) April 22, 2021\n\nBrady's comment about blocking refers to traditional jersey numbers that made it easier for quarterbacks and coaches to identify the formations and personnel packages of opponents."
        },
        {
            "id": "e92f3415b799bc3f",
            "title": "Charles Barkley may actually be turning into a role model",
            "content": "Charles Barkley may actually be turning into a role model\n\nNEW ORLEANS - He got a hug this time, not a scolding.\n\nCharles Barkley was presenting a new car to a charity that delivers food using mostly old cars.\n\nHe wasn't defending the police to the mothers of sons who died at their hands. He wasn't taking a stand against protests-turned-riots. He wasn't even saying a jump-shooting team can't win a championship. So they cheered and clapped on this rainy Friday at NBA All-Star Weekend as Barkley hammed it up for the cameras and seemed to be genuinely having a ball.\n\nBarkley picked the charity, Second Harvest Food Bank of Greater New Orleans and Acadiana, and Autotrader provided the 2017 Kia Sorento SUV. He discussed how much important work the Feeding America affiliate had done, especially given the spate of natural disasters in Louisiana over the past calendar year. He thanked everyone involved for their work.\n\nThe NBA's loudest voice seems warm and inviting. Barkley wants to be here, wants to be doing this, for these people. When he was a player, he proudly declared himself \"not a role model,\" but he never meant that he couldn't exhibit the behavior of one.\n\n\"Man, it's a big deal for me to give back,\" Barkley said. \"What I try to do is help as many people as I can on my journey. I got lucky because of genetics. I'm just a basketball player, so I don't take myself that serious. So I really want to help as many people as I possibly can.\n\n\"It means a great deal to me,\" he added. \"There's some serious stuff going on, and it's a lot more than basketball.\"\n\nBarkley spoke with For The Win at Autotrader's All-Star Drive about his increasingly broad and influential voice and the responsibility that comes with it. As the Basketball Hall of Famer prepares for the premiere of his show on race issues, The Race Card, Barkley is eager to learn and experience the world in new ways - even if he's headstrong as ever about what he sees.\n\nThat's where The Race Card comes in. The show is structured in a way that gives Barkley and its viewers a sort of racial tourism, which can be as uncomfortable as that sounds. But that's the point.\n\n\" The Race Card is going to be the most important thing I've ever done - other than the role model commercial - because I had to open up to things that I would not normally do,\" Barkley said. \"Like I spent a day with Muslims, hearing their sadness, happiness, anger. All the emotions that they go through.\n\n\"And I wouldn't normally spend time with them. I spent a day with black families who, their kids were killed by cops. And they hated me because they think I'm pro-cop, which I am pro-cop \u2026 So being with those people and they were venting at me, that was tough, but it was needed. Nobody goes to speak to those people.\n\n\"I spent a day with Asians. They were amazing. They were like, 'Y'all always talk about black and white and Hispanic, but y'all never mention us.' So I was like, 'OK, say your piece.' And that was a great day for me to spend time with them.\n\n\"I spent a day with the cops. They were like, 'Hey, we have made some mistakes, we have done some things wrong, but we're not all bad guys.' So when you go into these conversations you just have to say, 'Tell me what's going on in your life.' I spent a day with a black militia group in Dallas, Texas. They were amazing. It's like 12 to 15 guys and girls, they patrol their neighborhoods with guns. And they're like, 'We teach our kids, we make them go to church, we make them learn financial responsibility. They have class to teach them defense. So we're not just a bunch of black crazy guys walking around with guns. So it's like, it's been amazing the people I've met on this journey.\"\n\nThe line \"OK, say your piece\" defines Barkley as much as anything. Barkley wants everyone talking all the time, and he always has.\n\nBut now he's listening. The trip to a Baltimore church to meet those black families drew advance interest because The Undefeated attended the meeting and wrote about the hostility. Barkley notoriously criticized Ferguson, Mo., protesters after the death of Michael Brown, a stance that led Inside the NBA co-host Kenny Smith to write an open letter to Barkley, which posted on For The Win.\n\nAnd no, Barkley's not backing off those views. He might even be doubling down. But he still wants to listen.\n\n\"I just needed to hear it from them instead of soundbites on television,\" he said. \"Those black mothers, they were yelling and screaming at me, but it didn't bother me because they needed to vent, because I don't know what it's like to have my son killed by the cops. They needed to vent, I needed to hear their pain. So it was inspirational meeting with them - and difficult.\"\n\nIt was the kind of meeting Barkley might not have taken as a younger man, an NBA superstar with the 76ers, Suns and Rockets. Barkley had his wild younger days, including t hrowing a man through a window and skipping an All-Star Game to gamble, as we were reminded of this month by LeBron James. Now he says he's in \"a better place\" - and even more influential than he was as 1992-93 NBA MVP.\n\n\"I'm not the first, and I'm certainly not going to be the last that did stupid things in their 20s,\" Barkley said. \"I might do stupid things in 50s. But I mean, it's not about the things you do wrong. Everybody's going to make mistakes; mine are just more public. But nah, that didn't bother me at all. You know the really cool thing about the stupid stuff I did? A lot of times kids make mistakes and can never recover.\"\n\nBarkley believes in second chances because he got eighth and ninth chances. For a man who can tear down an NBA star in 15 seconds, he shows a deep, emotional form of compassion when it comes to the homeless, the hungry, the younger generations.\n\nDoes all that make Charles Barkley a role model?\n\n\"It's a double-edged sword, to some degree,\" he said. \"The reason I made the role model commercial is - and it's probably worse now - we got too many young black kids who think they going to play pro sports when they've got no chance of being successful. The key to being successful - one of the reasons I just gave $1 million to Morehouse (College), Clark and Alabama A&M - I'm a big education guy. But sports are, there's a lot of stuff going on in sports - and not good. We've got a lot of people making money on kids. They're not getting educated. and things like that, and that bothers me.\n\n\"And that's why I made the role model commercial. I want black kids to think they can be doctors, they can be lawyers, they can be engineers. They didn't all have to play in the NBA or the NFL, but unfortunately, they think they're going to. And they're not. So my job is to beat them over the head and say, 'Hey, you're not all going to be in the NBA!' I wish they all could, but they're not going to.\n\n\"And that's my bully pulpit.\"\n\n\n\n\n\n\n\n\n\n\n\n"
        },
        {
            "id": "80970b126d6ad04d",
            "title": "CVG adds new carriers, routes to accomodate surge in travel as pandemic wanes",
            "content": "CVG adds new carriers, routes to accomodate surge in travel as pandemic wanes\n\nHEBRON, Ky. \u2014 The ribbon-cutting Friday for Sun Country Airline's new service to Minneapolis from Cincinnati could be considered a coming-out party for the entire airline industry, according to airport CEO Candace McGraw.\n\n\"It's almost a liberation,'' McGraw said, referring to the robust start to the summer travel season at the Cincinnati/Northern Kentucky International Airport (CVG). \"Leisure travel is definitely back.''\n\nAs the pandemic wanes, vaccinations increase and some restrictions are lifted, consumers are rushing out to eat, drink, shop - and, yes, vacation.\n\nThe Cincinnati/Northern Kentucky International Airport expects to recover 80% of pre-pandemic passenger volumes this summer as a result of the surge in leisure travel, McGaw told The Enquirer at the airport Friday.\n\nIn response, the airport so far this year has added eight new routes and two new carriers: Alaska Airlines and Sun Country, which Friday began it's twice-weekly nonstop service to Minneapolis. The first passengers cheered against a backdrop of balloons and other party favors at the ribbon-cutting.\n\nAlaska is next in line for takeoff, scheduled to launch its new daily nonstop service from CVG to Seattle on Thursday.\n\n\"We know Cincinnati is a big destination (for travelers) from the Twin Cities, and we want to be an option for them,'' said Grant Whitney, Sun Country's chief revenue officer. \"So many people are excited to start traveling again.''\n\nLast Saturday, 1.7 million passengers moved through security check points at the nation's airports, according to the Transportation Security Administration (TSA).\n\nThat was the largest number in more than a year, although still shy of the 2.4 million passengers passing through airports at the same time in 2019, TSA reported.\n\nLocally, CVG has seen an average of 7,200-8,000 departing passengers each day - about half the volume from the same period in 2019, airport officials said.\n\nBut those figures are expected to grow exponentially as airlines begin to offer a slew of new leisure destinations from CVG, including:\n\nUnited Airlines on May 27-28 will begin flying to four new destinations: Pensacola, Fla.; Hilton Head and Charleston, S.C.; and Portland, Maine.\n\nAllegiant Air will begin direct nonstop flights to Key West on June 9.\n\nSouthwest is adding two new destinations \u2013 Sarasota and Fort Myers, Fla. - beginning June 12.\n\nAnd American Airlines is adding service to Boston in November.\n\nBy the end of the year, the airport is expected to have recovered about 60% of the passenger volume it had in 2019 before the pandemic began, largely because corporate travel has been slower to recover than leisure travel.\n\nBut that's still well ahead of dire predictions from last spring at the height of the pandemic when the airline industry saw passenger traffic plummet more than 90%.\n\nAt the time, many industry analysts predicted airline passenger traffic wouldn't fully recover for another 3-5 years.\n\nNow some analysts are predicting that airline passenger traffic could return to 2019 levels by the end of 2022.\n\n\"Things potentially are coming back a little bit faster,'' Sun Country's Whitney said."
        },
        {
            "id": "566962152520555b",
            "title": "'It is going to be wild:' Astros visit Bronx for first time since cheating scandal",
            "content": "NEW YORK \u2014 Houston Astros manager Dusty Baker has witnessed just about everything imaginable in the 5,627 games he has managed and played in his baseball career, but beginning at 1 p.m. ET Tuesday when he boards the team bus from their New York midtown hotel, he\u2019s bracing for an atmosphere of loathe and hatred.\n\n\u201c\u2018It is,\u2019\u2019 Baker said, \u201cgoing to be wild.\u2019\u2019\n\nThis is the first time the Astros are visiting New York since their infamous cheating scandal from their 2017 World Series championship team was publicly exposed, and, certainly no one in the five New York boroughs have forgotten, much less the 49 other states.\n\nA stadium worker removes a trash can that was thrown onto the field at Angel Stadium. Gary A. Vasquez, USA TODAY Sports\n\nThe Astros have been taunted, booed and cursed wherever they\u2019ve gone on the road this season. In Los Angeles, Angel fans tossed inflatable and actual garbage cans onto the field, as a reminder that the Astros banged on trash cans to signal which pitches were coming to their hitters at the plate.\n\nWell, now that they\u2019re at Yankee Stadium for a three-game series, that hostility is about to go to Defcon 1.\n\n\u201cI\u2019m sure we\u2019re going to have some chaos,\u2019\u2019 Astros outfielder Myles Straw says, \u201cbut it\u2019s nothing we haven\u2019t heard this year. It\u2019s going to be loud. But it seems like wherever a crowd is really loud and booing us, that\u2019s when I feel like we play our best baseball. You can fire the boys up all you want. If they want to boo us, they can boo us.\u2019\u2019\n\nSays catcher Martin Maldonado: \u201cI feel like we\u2019re getting booed anywhere we\u2019re at, so I expect nothing different.\"\n\nWe\u2019ll find out whether the Astros (15-13) embrace the noise, or wilt from it, but at some point, Baker says the hate needs to stop.\n\n\u201cAs far as I\u2019m concerned, it should be over with,\u2019\u2019 Baker told USA TODAY Sports. \u201cThere are only five guys that are still on this team (from 2017). So are people booing the player? Are they booing the organization? Or are they booing the uniform?\u2019\u2019\n\nTweet Facebook Email Email this story Share Share this story Astros manager Dusty Baker As far as I\u2019m concerned, it should be over with. There are only five guys that are still on the this team (from 2017). Quote icon\n\nWhat galls opposing players and fans is that no Astros\u2019 player was punished in the scandal. GM Jeff Luhnow and manager A.J. Hinch were suspended and fired. Astros owner Jim Crane was fined $5 million. The organization was stripped of their first- and second-round draft picks.\n\nBut no player was suspended a day or fined a penny.\n\n\u201cGuilt is the worst penalty that you can serve,\u2019\u2019 said Baker, who was hired to replace Hinch. \u201cPublic shame and guilt and remorse is equal to any punishment that you can ever get.\n\n\u201cI know from a couple of instances myself what public shame means to you and your family.\n\nA Rays fan holds a sign referencing the Astros' sign-stealing scandal at Tropicana Field. Mary Holt, USA TODAY Sports\n\n\u201cYou\u2019d rather pay a fine than to suffer public humiliation and shame and guilt.\u2019\u2019\n\nIt may be true, of course, but guilt isn\u2019t enough to satisfy the fans\u2019 thirst for venom, hoping to make life as uncomfortable as possible for the Astros, even with limited capacity permitted at most ballparks during the pandemic.\n\n\u2018Well, there\u2019s not a whole lot we can do about it,\u2019\u2019 Baker said. \u201cYou just hope nothing violent happens. Or nobody gets hurt.\u2019\u2019\n\nMLB POWER RANKINGS: Injuries not holding Brewers back\n\nNIGHTENGALE'S NOTEBOOK: MLB's best shortstop? Nats star nearing his payday\n\nHinch, who\u2019s now managing the Detroit Tigers, was only mildly booed this past weekend in New York, but was wearing a different uniform, and sitting in a dugout and not playing in the field.\n\n\u201cThe New York fan base is as passionate as any you could imagine,\u201d Hinch said before their series. \u201cIn good times, in bad times, rivalries, love, hate, they encompass fandom. \u2026 I\u2019m well- aware I\u2019m not the most liked person in New York. But I can\u2019t do anything about it.\u2019\u2019\n\nBesides, Hinch paid a price. He lost his job, his dignity was damaged, and although he\u2019s working again, he\u2019s managing the worst team in the American League instead of staying at home.\n\nStill, the Yankees remain incensed, with All-Star outfielders Aaron Judge and Giancarlo Stanton insisting that the Astros should be stripped of their 2017 title. They spoke openly about their disgust of the Astros during last year\u2019s spring training camp.\n\n\u201cWe know that they really don\u2019t care to give an apology or explain their side,\u2019\u2019 Stanton said, \u201cand it showed by their response. You know the repercussions of doing something like that. You\u2019re really only sorry because you got caught.\u2019\u2019\n\nAn Angels fan holds up a sign wearing an Oscar the Grouch costume during a game against the Astros at Angel Stadium. Kelvin Kuo, USA TODAY Sports\n\nBaker, who was home in Sacramento and not managing in 2017, understands the anger and frustration. Cheating has gone on in this game forever. There are pitchers using foreign substances on their fingers to increase their spin rate. There are players using performance-enhancing drugs to make themselves bigger, stronger, faster and healthier.\n\nAnd, teams, of course, have always tried ways to beat the system. The Boston Red Sox lost a second-round draft pick and their replay room operator was suspended for illegally transmitting signs using their instant replay monitors. The Yankees were fined for the illegal use of a dugout phone. Just about every team has tried something.\n\nThe Astros, far too brazen in their approach, simply got caught.\n\nYet, with no fans permitted during last year\u2019s 60-game season because of the pandemic, this is the first time fans have had a chance to publicly voice their displeasure towards the Astros.\n\nThey\u2019re making up for lost time.\n\n\u201cYou can tell the amount of hostility and the amount of hatred in the stands,\u201d Baker said last month. \u201cHow many in the stands have never done anything wrong in their life? We paid the price for it. How many people have not cheated on a test or whatever at some point in time. I mean it\u2019s easy if you live in glass houses, but I don\u2019t think anybody lives in glass houses.\"\n\nBaker, who says that he was criticized for his statements, isn\u2019t about to apologize for his sentiments. Time will ease the anger and hostility. He just hopes that there\u2019s some empathy along the way, too.\n\n\u201cI heard people jumping all over Michael Brantley the other day,\u2019\u2019 Baker said, \u201csaying, 'Michael, you should be ashamed of yourself.\u2019 He wasn\u2019t even here (playing for Cleveland). Come on.\n\n\u201cThe main thing you can do is put on your big-boy pants, play ball, and try not to worry about it. It\u2019s tough to shut it out, but at the same time, you have to. It\u2019s part of being a professional.\u2019\u2019\n\nSign up for our sports newsletter and get exclusive content and expert analysis. Subscribe\n\nThe Astros say they have no choice. If they let the taunts and boos get to them, they can only blame themselves.\n\n\u201cWe\u2019re just here to play baseball,\u2019\u2019 said Astros All-Star third baseman Alex Bregman, who along with second baseman Jose Altuve may be booed the loudest. \u201cNot worried. We got bigger things to worry about.\n\n\u201cOur job it to play baseball.\u2019\u2019\n\nThe last time these two teams played, Altuve hit a walk-off homer off Yankees closer Aroldis Chapman in Game 6 of the 2019 American League Championship Series to put the Astros in the World Series.\n\nChapman stood on the mound in disbelief that Altuve hit his slider, with Altuve crossing home plate and telling his teammates not to rip off his jersey, as if there was something to hide.\n\nChapman called Altuve\u2019s actions \u201csuspicious,\u2019\u2019 but MLB investigators found no wrongdoing.\n\nNow, they finally meet again.\n\nLet the drama begin.\n\nFollow Nightengale on Twitter: @Bnightengale"
        },
        {
            "id": "f6d2e6fdaeea7615",
            "title": "Sources: Big Ten expected to cancel football season",
            "content": "Sources: Big Ten expected to cancel football season\n\nShow Caption Hide Caption Former NASCAR head Brian France says no college football would be 'catastrophic' SportsPulse: USA TODAY Sports sat down with former NASCAR CEO and chairman Brian France to discuss the possibility of no college football this season and the financial ramifications that would follow. USA TODAY\n\nThe Big Ten is expected to cancel the 2020 college football season in a historic move that stems from concerns related to the ongoing coronavirus pandemic, multiple people with knowledge of the decision told the Free Press.\n\n\"It's done,\" one high-ranking source in the Big Ten said Monday afternoon.\n\nSources said the presidents were in agreement Sunday to end fall sports in the conference. Michigan and Michigan State \u2014 which both have physicians as presidents \u2014 were among the schools in favor of ending the fall seasons, sources said.\n\nMultiple sources said early Monday morning that presidents voted 12-2 to end the season, though the Big Ten said Monday afternoon no official vote had taken place. Dan Patrick, who first reported the 12-2 vote, said on his radio show that Iowa and Nebraska were the two schools in favor or playing.\n\nAccording to The Lansing State Journal, Big Ten presidents were expected to meet again Monday at 6 p.m. to formally vote on ending the season. One Free Press source said Monday afternoon the schools are expected to collectively move forward in the same direction.\n\nThe sources requested anonymity because they were not authorized to speak publicly on the decision. A formal announcement is expected Tuesday, multiple sources said. The situation remains fluid as the Big Ten tries to coordinate its announcement with other Power Five conferences.\n\nThe Chicago Tribune reported around noon that \"a top-level\" Big Ten source texted that, \"No final decisions have been made,\" while the Columbus Dispatch reported as of 12:25 p.m. that Ohio State had not yet been ordered to suspend practices.\n\nDoc's Morning Line: Just end the charade and cancel college football in the fall.\n\nThe move comes two days after the Mid-American Conference became the first in the FBS to cancel its season.\n\nSources told the Free Press on Saturday that Big Ten commissioner Kevin Warren prefers a spring football season, although no decision has been made.\n\nOn Monday, Michigan State football moved its scheduled off day from Tuesday to Monday because of the uncertainty of the 2020 season, three people with direct knowledge of the situation told the Free Press. Iowa canceled Monday's 11 a.m. practice, according to the Des Moines Register. And Purdue reportedly rescheduled its media availability.\n\nAs of Monday morning, MSU and Michigan players had not yet been told of any decision to cancel the 2020 season, sources at each school said. Two sources said MSU coaches were hopeful more information would be provided Monday.\n\nPresidents are trying to figure out how all this fits with other conferences and they want athletic directors to handle logistics of determining if spring season is possible, sources said. The situation reportedly is changing by the hour, which is why the Big Ten has not made its announcement official.\n\nThe cancellation of season comes a week after the Big Ten revealed an updated 10-game conference-only schedule for 2020, and just days after teams in the conference opened fall camp.\n\nIt also comes as players across the nation are opting out because of concerns about how the virus could impact their short- and long-term health. Four Michigan State players said they wouldn't play in 2020, and one team source said more players were expected to follow.\n\nMSU linebacker Marcel Lewis, who opted out Saturday, said he lost a family member to the virus and doesn't want to risk play. Offensive tackle Justin Stevens, who also opted out Saturday, said he has a respiratory condition that could make him high risk. A number of other players around the Big Ten \u2014 including Minnesota wide receiver Rashod Bateman, Penn State linebacker Micah Parsons and Purdue wideout Rondale Moore \u2014 also announced they would not play this season and begin preparation for the 2021 NFL draft.\n\nIndiana offensive lineman Brady Feeney, whose is suffering from COVID-19-related heart issues and whose mother wrote an impassioned message imploring the college football world to take the virus seriously, took to Twitter on Monday morning with his own urging schools and players \"to listen to our medical experts.\"\n\n\"Covid-19 is serious,\" Brady Feeney wrote. \"I never thought that I would have serious health complications from this virus, but look at what happened.\"\n\nDr. Amesh Adalja, a senior scholar at the Johns Hopkins University Center for Health Security and one of the members of the group advising the NCAA on COVID-19, told the Free Press on Saturday a college football season no longer appeared feasible.\n\n\"When we were trying to think about ways to make it safe, we were at a time when there was kind of more control of the virus, and you've got less control of the virus now than we had several months earlier during when the stay at home orders were just starting to be lifted,\" Adalja said. \"And then the other thing that's made it what made it much more difficult is football is a contact sport, which is going to require some amount of testing of players. The turnaround times for for outpatient testing are really unacceptable for being able to safely clear somebody to play.\n\n\"When you have this type of problem with testing, where it might take days to get a result back, it really makes it extremely challenging for this to occur.\"\n\nBoth MSU president Samuel Stanley (immunology and infectious diseases) and U-M president Mark Schlissel (immunology and internal medicine) are medical doctors.\n\nEarly Monday morning, players across the nation began uniting with the hashtag: 'WeWantToPlay.' Michigan defensive back Hunter Reynolds, who helped organize a unity statement among Big Ten players last week, told the Free Press early Monday morning that he hoped the movement \"can save fall college sports in general.\"\n\n\"Obviously, you know there are gonna be risks with playing sports this fall, especially in the midst of COVID-19,\" Reynolds said. \"But I think, as athletes, we feel that if the schools are unified and uniform in doing everything in their power to ensure our well-being and safety that that's a risk that a lot of people are willing to take.\""
        },
        {
            "id": "0a330217ea01901c",
            "title": "New Ohio order: No capacity limit on outdoor events; but masks, distancing still required",
            "content": "New Ohio order: No capacity limit on outdoor events; but masks, distancing still required\n\nCLARIFICATION: The Ohio Department of Health is consolidating 18 COVID-19 health orders, but several others remain.\n\nCOLUMBUS \u2013 Ohio consolidated many of its health orders into one, but masks and social distancing will still be required, Gov. Mike DeWine said Monday.\n\nThe new health order issued Monday focuses on four priorities: wearing masks, maintaining distance, washing hands and spending more time outside rather than inside.\n\nRead the full order below\n\n\"If we can keep those things in mind, those four things, we're going to be able to do about anything we want to do this summer,\" DeWine said. \"People are tired. They've been at this for a year and so it has to be simple.\"\n\nThe only capacity limits will be at indoor events, which are restricted to 25% unless an exception (variance) has been approved.\n\nLarge outdoor events such as festivals, graduations and sporting events can occur, but Ohioans should keep their groups to 10 people or fewer, health department director Stephanie McCloud said.\n\nJust as spacing will reduce the number of people inside restaurants, outdoor events won't be limited to a certain capacity but proper spacing will reduce the number of people who can attend.\n\nThis consolidation eliminated 18 health orders but some remain, such as requirements that K-12 students and childcare workers wear masks.\n\nDeWine previously set a threshold for eliminating all health orders: 50 new COVID-19 cases per 100,000 residents during two weeks. That rate was 167.1 on Thursday, up from 146.9 the week before. DeWine's facing a ticking clock: lawmakers could rescind health orders in a couple of months once Senate Bill 22 takes effect.\n\nDeWine said his decision to consolidate health orders had nothing to do with Ohio's GOP-controlled Legislature.\n\nVaccines for college students\n\nDeWine visited Ohio State University's Schottenstein Center Monday as the state started a push to vaccinate college students against COVID-19.\n\nThe goal: offer COVID-19 vaccines to as many college students as possible before they return home from school. Ohio will provide the single-dose Johnson & Johnson vaccine on campuses statewide.\n\nYounger people are much less likely to die or be hospitalized from COVID-19, but they can still carry the virus to more susceptible people, DeWine said. \"It's not a no-risk situation.\"\n\nSydney Meade, 20, of Toledo, contracted COVID-19 in June. Mead said she had a high fever, was sick for four days and lost seven pounds.\n\n\"Luckily, I didn't have to be hospitalized or anything and I recovered pretty quickly, but it was not fun while I was in it,\" she said.\n\nChris Petrilla, 22, of Medina, said getting the vaccine will help protect people around him.\n\n\"This past year for a lot of the seniors hasn't been what we expected and I hope that by next year, by vaccinating, we can all contribute to help make it seem a little bit more normal,\" he said.\n\nAs of Monday, nearly 2.19 million people had been fully vaccinated against COVID-19 in Ohio, about 18.7% of the state. Of those fully vaccinated, about 134,000 were 29 years old or younger, according to Ohio Department of Health data.\n\nOhio reported 2,918 new COVID-19 cases between Saturday and Monday. No COVID-19 data were reported Sunday because of the holiday. Since the pandemic began, Ohio has reported more than 1 million\n\nSchools, businesses to offer shots\n\nDeWine is talking with schools about ways to provide Pfizer vaccines for 16-year-olds and 17-year-olds whose parents approve the shots. Some local childrens' hospitals are providing those vaccines, too. Pfizer is the only vaccine available to those younger than 18.\n\nOhio is also allowing businesses to set up workplace clinics.\n\n\"We have to do everything we can to take it to the people of the state in a way that is convenient for them,\" DeWine said.\n\nOhio is in a race to vaccinate more people as COVID-19 variants continue to spread. Vaccines are effective against the more dangerous variants, such as B.1.1.7.\n\n\"It's just much more contagious and that's what we face,\" DeWine said."
        },
        {
            "id": "36293229030926ee",
            "title": "Julian Castro \u2013 the sole Latino presidential candidate \u2013 lags in Latino support as Democratic primaries loom",
            "content": "Julian Castro \u2013 the sole Latino presidential candidate \u2013 lags in Latino support as Democratic primaries loom\n\nAUSTIN, Texas \u2013 Driving around Houston, political activist Andy Canales asked his aunt and mother their thoughts on the Democratic presidential candidates.\n\nThe sisters, naturalized U.S. citizens from El Salvador, mentioned Bernie Sanders and Beto O\u2019Rourke and commented on Pete Buttigieg\u2019s youthful demeanor.\n\nMissing from their banter: Juli\u00e1n Castro, the former U.S. housing secretary and San Antonio mayor \u2013 and lone Latino candidate among Democratic presidential hopefuls.\n\n\u201cThey didn\u2019t even mention him,\u201d said Canales, chairman of Latino Texas, a political action committee that promotes Latino candidates. \u201cPart of the challenge for (Castro) is people aren\u2019t really paying attention as much right now \u2013 and name recognition is a challenge.\u201d\n\nWho is winning the 2020 vote? Biden is the top pick for Latino voters eager to oust Trump\n\nAs the Democratic primaries rapidly approach, Castro struggles to pull in national Latino voter support. A poll released this week by Telemundo Noticias showed Castro in a three-way tie for fourth place among Latino voters, with only 2% support. Former Vice President Joe Biden (26%) and Sanders (18%) led the candidates among those voters.\n\nCastro has made Latino and immigrant issues a cornerstone of his campaign. His first trip as a presidential candidate this year was to a Latino summit in Puerto Rico, and he has highlighted changes he would make to Trump's immigration policies.\n\nCastro, who was raised in San Antonio by a Mexican American activist mother, was mayor for five years before being appointed U.S. Housing and Urban Development secretary by President Barack Obama in 2014. He's the identical twin brother of U.S. Rep. Joaquin Castro, D-Texas.\n\nThe Castro campaign didn't reply to a request for comment.\n\nBeing the only Latino presidential candidate doesn\u2019t automatically equate to Latino voter support, said Ed Espinoza, executive director of Progress Texas, a nonprofit media organization supporting liberal causes. Candidates need to devote time to venture into Latino neighborhoods, he said.\n\nBroad name recognition helps. Though Hispanic voters tend to agree with Castro\u2019s policies and ideas, he's lesser-known among the crowded field of Democratic candidates, Espinoza said.\n\n\u201cThere\u2019s a lot of admiration for Castro,\u201d he said, \u201cjust not a lot of support.\u201d\n\nLatino voters are poised to have one of their biggest moments in U.S. political history with the 2020 presidential election. Next year will mark the first time Hispanics will be the largest racial or ethnic minority group in the electorate, accounting for more than 13% of eligible voters, according to an analysis by the Pew Research Center.\n\nAbout 32 million Latinos will be eligible to vote in 2020, compared with 30 million eligible black voters, according to the analysis.\n\nLatino voter turnout has been historically questionable but lately trending up. Hispanic turnout jumped from 27 percentage points in the 2014 midterm elections to 40 percentage points in the 2018 midterm elections. Pollsters wonder if the trend will continue into the presidential election.\n\nDemocrats and Republicans have worked to woo Latino voters, hoping to harness that election muscle. President Donald Trump won about 28% of the Latino vote in 2016, far below the 40% won by George W. Bush in 2004, according to exit polls.\n\nIn Iowa: Latino Iowans play a bigger role in the caucuses \u2013 and Democrats are paying attention\n\nIn June, the Trump campaign launched the \u201cLatinos for Trump\u201d coalition, an effort to bring in more Hispanic voters. The administration has been criticized for immigration policies seen as harsh toward some Latinos, such as separating families at the border, and for some of the rhetoric used by Trump to describe undocumented immigrants, such as when he called some Mexicans rapists.\n\n\"We are a party that works from the bottom up,\" said Adryana Aldeen, an Austin-based Republican analyst who works on Spanish-language TV. \"That grassroots effort is important to us, and it's important for the Latino community.\"\n\nDemocratic candidates, hoping Trump's tough immigration rhetoric has turned off Latinos, have tried to connect with them by speaking Spanish during debates, holding forums with Latino leaders or deploying volunteers into Latino neighborhoods.\n\nLatino voters could prove crucial not just in the general election but in the primaries. Latinos represent only 3.4% of eligible voters in Iowa, site of the first Democratic caucuses in February, but could play pivotal roles in other states with larger pools of Latino voters, such as Nevada (19%), Florida (20%) and Texas (30%).\n\nMy spanish is ok - I need to continue to practice RT @NEAKO I just saw & heard @CoryBooker speak full blown spanish..like really good \u2014 Cory Booker (@CoryBooker) June 4, 2011\n\nHarnessing the Latino vote is no easy task. Unlike African American voters, who tend to vote as a bloc, Hispanic voters are not nearly as monolithic, said Melissa Michelson, a political science professor at Menlo College in California who studies Latino political activism. About 69% of Latino voters vote Democrat, and 29% tend to go Republican, according to exit poll data.\n\nShe said Latino voters may overlook Castro for a popular reason this election cycle: electability. His low overall poll numbers may make voters more likely to back someone with stronger name recognition, such as Biden or Sanders, Michelson said.\n\n\u201cEven if they might love the idea of having a Hispanic president, they have the same concern of other Democratic voters which is, \u2018We have to elect someone who can beat Donald Trump,\u2019 \u201d she said.\n\nMayra Mac\u00edas, executive director of Latino Victory, a liberal political action committee, said just having Castro in the race for president is a huge win for Latinos \u2013 regardless of who\u2019s on the ballot next year. The last time a prominent Latino tried to win a Democratic presidential nomination was in 2008 in the campaign of New Mexico Gov. Bill Richardson, who dropped out after poor finishes in Iowa and New Hampshire.\n\nTexas Sen. Ted Cruz and Florida Sen. Marco Rubio, both first-generation Cuban Americans, ran for the Republican presidential nomination in 2016.\n\n\u201cFor us, it so important and historic just to have him on that stage,\u201d said Mac\u00edas, whose group endorsed Castro for president. \u201cThe impact will be long-term.\u201d\n\nMac\u00edas said she sees Castro\u2019s influence each time her parents in Chicago tune into the primary debates through a Spanish-language livestream on their TV \u2013 something they never did before.\n\n\u201cThey\u2019re more engaged and following what Secretary Castro is doing,\u201d she said. \u201cFor the first time, they see themselves represented.\u201d\n\nCanales said he has noticed a different reaction: a disconnect from Latino voters in the barrios he has canvassed around Houston and its suburbs. For candidates to truly ignite the Latino electorate, they need to do more than back their issues and run Spanish-language ads \u2013 they need to get into the barrios and engage them face-to-face, he said.\n\n\u201cif there isn\u2019t a concerted effort to engage and talk to Latinos in a meaningful way, there's going to be a huge missed opportunity there,\" he said.\n\nFollow Jervis on Twitter: @MrRJervis."
        },
        {
            "id": "25eed1b290d72947",
            "title": "Cindy McCain, Jeff Flake defended Liz Cheney while other Arizona Republicans stayed silent",
            "content": "Cindy McCain, Jeff Flake defended Liz Cheney while other Arizona Republicans stayed silent\n\nArizona's GOP U.S. House delegation largely stayed quiet publicly about the ouster of Rep. Liz Cheney from a leadership post. But some high-profile Arizona Republicans did speak up for her.\n\nCindy McCain, the widow of former Republican U.S. Sen. John McCain, and former U.S. Sen. Jeff Flake, R-Ariz., rebuked their party for voting to remove Cheney from her position as House Republican Conference chair.\n\nCheney, Wyoming\u2019s lone member of Congress, was one of 10 House Republicans who voted to impeach former President Donald Trump and continues to challenge him on his baseless claims about the 2020 presidential election results and his role in the Jan. 6 attack on the U.S. Capitol.\n\n\u201cToday, @RepLizCheney chose truth over lies,\u201d McCain tweeted Wednesday morning. \u201cShe chose country over party. She chose a cause greater than herself. She chose democracy. Thank you, Liz, for your courage.\u201d\n\nFollow Arizona politics? Our reporters stay on top of it all. Subscribe now to azcentral.com.\n\nFlake seconded McCain, writing on Twitter, \u201cLiz Cheney has been removed from House Leadership for speaking the truth. In the end, truth will prevail.\u201d\n\nBoth McCain and Flake have long been out-of-sync with GOP Trump loyalists. McCain and Flake endorsed President Joe Biden over Trump in the 2020 election and Arizona Republican Party activists voted in January to censure them. McCain recently told The Arizona Republic that the state party's snub \"hasn't affected me in any way at all.\"\n\nIn a Tuesday opinion piece in the Washington Post, Flake also criticized today\u2019s Republican Party for its disapproval of Cheney\u2019s honesty, writing that in the \u201ccontemporary Republican Party ... there is no greater offense than honesty.\u201d\n\n\u201cI know how alone you must be feeling,\u201d Flake wrote to Cheney, describing his own feelings of isolation in the Republican Party after warning Trump about the \u201ceffect of eroding trust in our vital institutions.\u201d\n\nAfter vocally criticizing Trump over his tone and tenor as well as signature policies such as the border wall, Flake's re-election poll numbers cratered and in 2017 chose to not run for a second Senate term.\n\nFlake again pointed to the Republican Party\u2019s embrace of Trump, which Flake said led to an \u201cugly tolerance of the pernicious falsehood about President Barack Obama\u2019s place of birth,\u201d among \u201cbizarre and fanatical\u201d falsehoods about the size of inauguration crowds and the \u201cintroduction of the term \u2018alternative facts\u2019 into the American lexicon.\u201d\n\nIn the op-ed, Flake described his decision not to run again in 2018 as a product of his speaking out against Trump\u2019s \u201ccascade of untruths.\u201d\n\n\u201cIt soon became apparent that Republican voters wanted someone who was all in with a president that I increasingly saw as a danger to the republic,\u201d he wrote. \u201cThat could not be me.\u201d\n\nAs of December 2018, Flake had voted in line with Trump\u2019s positions more than 80 percent of the time, according to data from FiveThirtyEight.\n\nFlake did not respond to The Republic's request for comment.\n\nHouse Republicans tapped Rep. Elise Stefanik, R-N.Y., a Trump ally, to replace Cheney in the House GOP leadership job.\n\nSupport local journalism, and subscribe to azcentral today."
        },
        {
            "id": "5be130d1c7f95167",
            "title": "JR Smith psyched about Kyrie Irving's Wheaties box",
            "content": "JR Smith psyched about Kyrie Irving's Wheaties box\n\nNo one was more excited about Kyrie Irving/Uncle Drew's new Wheaties box than \u2026 his former teammate.\n\nJR Smith posted an unboxing video on his Instagram stories of the promotional cereal box:\n\n\"Man woke up this morning, came downstairs to get some cereal and who do I see? Take a wild guess \u2026 the young god.\n\nScreenshot\n\nScreenshot\n\nIrving appears on the latest special edition of Wheaties boxes as Uncle Drew, a character made popular in a Pepsi commercial that is now getting a full-length movie.\n\n\"It's more or less a dream come true,\" I rving told ESPN's Scott Van Pelt. \"An opportunity afforded through really showcasing Uncle Drew, the movie, and then being able to be on Wheaties - The Breakfast of Champions. I'm just appreciative of the company, General Mills, and everyone involved in this whole entire process.\"\n\nSo what does this all mean? Are the Cavs as OK with Irving as they've said? Or does JR just really like special edition wheaties boxes?\n\nSeriously, no idea.\n\nWhat we do know: The movie will be released on June 29 and the Wheaties boxes will be available later this month.\n\nMORE:\n\nYouTubers show what it's like to try out for LaVar Ball's JBA league\n\nEveryone joked about what Pats owner Robert Kraft said to Meek Mill and Gucci Mane\n\nWho had a worse NBA playoffs night: Drake or Kevin Hart?\n\nNFL execs offer scathing takes on 'cake eater' Josh Rosen and Baker Mayfield's 'designer clothes'\n\n109 greatest Kentucky Derby horse names of all time"
        }
    ],
    "label": 2,
    "label_text": "high"
}