{
    "source": "codepink.org",
    "articles": [
        {
            "id": "c21019414f922991",
            "title": "Anti-Drone Activists Demand Shutdown of Creech Drone Center",
            "content": "\u00a9 2021 CODEPINK | All Rights Reserved | Created by Code Nation on NationBuilder"
        },
        {
            "id": "caffa8f748a40986",
            "title": "Dear Dr. Fauci... \ud83d\udc89",
            "content": "\n\nTell Dr. Fauci that if he truly values public health, he must speak out against Israeli medical apartheid!\n\nAdd your name!\n\nDear friend,\n\nDr. Anthony Fauci just received a prestigious public health award for his work during the coronavirus crisis and \u201cspeaking truth to power.\u201d Just one problem: it was given to him by Israel \u2014 the country that is number one in coronavirus vaccinations worldwide, but is denying those lifesaving vaccines to more than 4.5 million Palestinians. In other words, medical apartheid. Israel has even been preventing the Palestinian Authority from sending Russian donated vaccines into Gaza. Only yesterday did Israel allow a meager 1,000 doses to enter.\n\nWe are happy Dr. Fauci is being recognized for his tireless work. Now, we ask him to speak truth to power by publicly demanding Israel meet its legal, moral, and humanitarian obligations to share the COVID-19 vaccine with the Palestinians in the West Bank and Gaza. We are sending an open letter to Dr. Fauci asking him to condemn Israeli medical apartheid. Add your name!\n\nDr. Fauci was awarded the Dan David Award, including $1 million in prize money, on February 15 for \"courageously defending science in the face of uninformed opposition during the challenging Covid crisis.\" Fauci even recently praised Israel's vaccine program: \"Israel is way up there with 78 doses per 100 people, compared to the United States, which is 16.7 doses per 100 people,\" he said during a press briefing. We certainly agree Dr. Fauci deserves recognition for leading the country\u2019s coronavirus response, especially under the Trump administration. But, we also have no intention of allowing Israel to use the award to distract from their medical, and other forms of, apartheid.\n\nIt wasn\u2019t until February 1, 2021, that Israel finally delivered 5,000 COVID-19 vaccines for front-line Palestinian medical staff in the West Bank. And until February 17, Palestinians in Gaza did not have any access at all to COVID vaccines. Now they have 1,000 doses for two million people. By comparison, Israel has vaccinated 33.4 percent of those inside the green line. The situation is particularly dire in Gaza, given the air, land, and sea blockade, shortages of medicine and medical equipment, and severe poverty.\n\nAccording to the Oslo Accords, the Palestinian Authority is solely responsible for the health care of Palestinians in the West Bank and Gaza. However, those deals were supposed to be part of a more complete peace agreement to be signed within five years. Almost three decades later, this larger peace agreement still hasn\u2019t happened and Israel has entrenched its settlement enterprise occupation while flouting international law, which says clearly that an occupying power is obligated to meet the humanitarian needs of the people it is occupying.\n\nApartheid is always reprehensible and under the pandemic, it is deadly. Dr. Fauci has tremendous respect and influence around the world. He should use this opportunity to call on Israel to share the vaccine with Palestinians! Sign our letter to Fauci asking that he speak out for Palestinians\u2019 equal right to the COVID-19 vaccine.\n\nToward freedom and equality,\n\nAriel, Ann, Angela, Carley, Ciara, Cody, Danaka, Emily, Farida, Grace, Jodie, Kelsey, Leila, Leonardo, Maxine, Mary, Medea, Nancy, Paki, Sana, and Teri"
        },
        {
            "id": "1a951d8fc19a7810",
            "title": "China",
            "content": "In a short few months, China has been written about in mainstream media outlets as if they are the mortal enemy of the United States. The Trump administration has been provoking China with extreme measures and gestures which are not very neighborly. U.S. aggression towards China is driving us to war instead of peace and cooperation. These actions are coming at a time when COVID and climate chaos have made it abundantly clear that we are ALL connected and ALL in this together. Instead of provocations, we need all leadership around the world to come together to solve the problems of the planet to save life for humanity on earth.\n\nAdd Your Name Now"
        },
        {
            "id": "63abfab5af6c8592",
            "title": "Paypal Donations",
            "content": "\ud83d\uddf3\ufe0f As we do every four years, we continued calling for a President for Peace. This was the first time in our history we couldn\u2019t disrupt the DNC or RNC to point out their warmongering stance, but we still made trouble by delivering letters, sharing educational materials and coalition asks, and demanding pro-peace policies from this year\u2019s candidates. Though we were shut out of the streets and the halls of Congress for much of this year, we reached millions with our dynamic online presence, including sharing information-packed videos, hosting close to one hundred thought-provoking webinars, and a maintaining a daily presence on Twitter, Facebook, and Instagram that reached millions of users.\n\nOur weekly radio show \ud83c\udf99 that airs in DC (WFPW) and NYC (WBAI) is being picked up by more stations, our articles appeared in publications such as The Hill and The Guardian, and our team has done nonstop interviews with outlets from Fox News to Democracy Now to Al Jazeera. From social distancing-friendly peace caravans to fighting to save the USPS to War Is Not Green actions and protesting drones in the Nevada desert, there was more action than we can talk about. So we added a new feature, Last Week at CODEPINK, to keep you informed. \ud83d\udce3\n\nThis year is closing with a major organizational change at CODEPINK: After 18 kickass years, co-directors Jodie and Medea have stepped back to usher in the leadership of three younger, brilliant, capable, and peace-loving women. The new co-directors are Farida Alam, our multi-talented web and art designer with 15 years at CODEPINK under her belt; Ariel Gold, our ongoing co-director and a Middle East foreign policy expert; and Carley Towne, the dynamo organizer and activist who directs our Divest from War campaign and keeps CODEPINK engaged. \ud83e\udd1d\ud83c\udffd\n\nWe know that the year ahead is full of work, but also full of opportunities. Going into 2021, Ariel, Carley, Farida, and the entire CODEPINK team are leading forward with more campaigns than we have had in our history, with a renewed energy in the movement, broad collaborations, and unwillingness to back down to warmongers and weapons manufacturers. This includes Joe Biden, who has promised to return our country to \u201cnormal.\u201d But does \u201cnormal\u201d mean kowtowing to weapons manufacturers, retaining bloated Pentagon budgets, continuing support for Israeli apartheid, imposing neoliberal policies on Latin America, and creating a new conflict with China? No. We have to redefine \u201cnormal\u201d as a country that stops arming human rights abusers, acts like a good neighbor to Latin America, stops the new cold war with China, and ends wars and weapons for profit.\n\nThis is why we will be leading forward to bring a just and principled feminist foreign policy into being. We thank you for engaging with us to change the culture of this country from a culture of war to a culture of peace! Deep gratitude for all you do and give!\n\nOnward to peace with love,\n\n\u270c\ud83c\udffb\u270c\ud83c\udffc\u270c\ud83c\udffd\u270c\ud83c\udffe\u270c\ud83c\udfff\n\nAngela, Ann, Ariel, Carley, Caty, Cody, Danaka, Emily, Farida, Jodie, Kelsey, Koohan, Leila, Leonardo, Maxine, Mary, Medea, Michelle, Nancy, Paki, Teri, and Yousef"
        },
        {
            "id": "424c86de51ae1f3e",
            "title": "Women in Saudi Arabia: The Kafala and Male Guardianship Systems",
            "content": "Join CODEPINK and Freedom Forward for a conversation about the kafala and male guardianship systems in Saudi Arabia with Dr. Hala Aldosari and Bethany Alhaidari, moderated by CODEPINK\u2019s Danaka Katovich. Learn more about who can be harmed by these systems and how they operate.\n\nDr. Hala Aldosari is a scholar in women's social determinants of health and an activist from Saudi Arabia; she is now based in the US. Dr. Aldosari's research and advocacy is focused on violence against women and legal reforms in women's rights. She serves as an advisory board member in several human rights organizations and received many awards for her work on human rights, such as the Alison Des Forges award from Human Rights Watch and the Freedom award from Freedom House. Her op-ed writings are featured in several international media outlets and she was the inaugural Khashoggi's fellow at the Washington Post in 2019.\n\nBethany Alhaidari is a PhD candidate in International human Rights Law with the National University of Ireland focusing on Saudi Arabia, and holds a Masters in Middle East & Islamic Studies. She conducted human rights research in Saudi Arabia for nearly a decade. After struggling through the Saudi legal system herself, she returned to advocate for women and children facing human rights violations in Saudi Arabia with Freedom Forward and the Saudi American Justice Project.\n\nTo listen to this conversation you can watch live on YouTube or join us live on Zoom.\n\nWHEN\n\nOctober 09, 2020 at 4:30pm - 5:30pm\n\nCONTACT\n\nDanaka Katovich \u00b7\n\n57 RSVPS\n\nWho's RSVPing"
        },
        {
            "id": "498acc749afd94b6",
            "title": "CODEPINK NYC joins Palestinian Day of Resistance",
            "content": "Photo Credit: Yousef Zakaria\n\nCODEPINK NYC Coordinator Yousef Zakaria and over a hundred people rallied in Bay Ridge, Brooklyn Friday afternoon for Palestinian Day of Resistance.\n\nSpeakers represented organizing Palestinian and international solidarity groups from Puerto Rico, the Philippines and Kashmir demanding that Israel stop the annexation, halt the occupation and guarantee the right of return to all Palestinians, as well as, for the U.S. to stop using our tax paying money to cozy up with Israel and repressive regimes. The rally was followed by an hour march with many community members showing solidarity along the way from their windows. Protesters connected chants from: From Palestine to Mexico, all the walls have got to go, to, Black Lives Matter, to, not another buck, not another dime, no more support for Israel's crimes.\n\nThe U.S. DHS enforces its border militarization policy called \u201cPrevention Through Deterrence\u201d using tested and proven surveillance technology Elbit Systems, Israel\u2019s largest weapons company, supplies to Israel to aid their separation wall in the West Bank and their siege of Gaza. That's why we also ask you to call on Congress to Divest from Elbit!\n\n\n\n\n\n"
        },
        {
            "id": "8319cdacd6f1f7ef",
            "title": "CODEPINK Blogs from Cuba!",
            "content": "CODEPINK is leading a 50-person delegation to Cuba this month!\n\nThe trip has been organized by the Cuba tour group Proximity Cuba.\n\nYou can follow their trip by reading these blogs here!"
        },
        {
            "id": "ff207d527f4c154d",
            "title": "Rude!",
            "content": "\n\n\n\nWe are asking UAE Ambassador Yousef Al Otaiba to demand the release of political prisoners and to call on the UAE to meet aid promises to Yemen ASAP. Add your name!\n\nDear friend,\n\nAmbassador for the United Arab Emirates Yousef Al Otaiba yelled at Representative Ro Khanna about Khanna\u2019s opposition to the war in Yemen. Then, after Khanna spoke about the incident, Al Otaiba invited him on his podcast. Seems appropriate... not! Representative Khanna has been a loyal and leading voice against the war in Yemen, and he agreed to go on the podcast \u2014 but only if Yemeni journalist Adel Al-Hasani is released from his detention.\n\nWe are echoing Representative Khanna\u2019s calls to Ambassador Al Otaiba and adding demands for justice for all of Yemen and all political prisoners! Sign the petition to Otaiba calling on the UAE to free Al-Hasani and other political prisoners and to finish fulfilling its aid promises to Yemen.\n\nAdel Al-Hasani is a prominent Yemeni journalist who was arrested in September 2020. There have been reports that Al-Hasani\u2019s health has deteriorated since he was arrested. Ro Khanna, in a response to being invited on to Otaiba\u2019s podcast, said, \u201cThe Southern Transitional Council is unable to release Adel Al-Hasani due to political pressure from the UAE.\u201d Clearly, Otaiba, the most influential Emirati political figure in the US, has a lot of leverage on the issue.\n\nThe UAE has plenty of political prisoners, so we are including in our petition calls to release Ahmed Mansoor, Mohamed Al-Roken, and Ahmed Etoum. Add your name to CODEPINIK\u2019s call on Otaiba to release political prisoners!\n\nWe know the war in Yemen isn\u2019t being waged by Saudi Arabia alone. For years the UAE helped Saudi Arabia cause the world\u2019s worst humanitarian crisis. The UAE pledged $750 million in aid to Yemen in early 2019, but they haven\u2019t paid it yet, never mind any 2020 aid. In our petition, we are also calling on the UAE to finish paying Yemen the aid it promised.\n\nThere have been great developments in the movement for Yemen over the past few weeks, and we\u2019ve seen that pressure from activists like you works! After years of advocacy, the US is ending some support for the Yemen war. The Biden Administration also reversed the terrorist designation on the Houthis after petitions from CODEPINK and pressure from activists all over the world. Together, we can free prisoners and restore aid to the people of Yemen.\n\nToward Peace,\n\nDanaka, Ariel, Carley, Ann, Angela, Ciara, Cody, Emily, Farida, Grace, Jodie, Kelsey, Leila, Leonardo, Maxine, Mary, Medea, Nancy, Paki, Sana, and Teri"
        },
        {
            "id": "22c6426318c81f11",
            "title": "Mindfulness Day 21 of 21 - The Journey Continues",
            "content": "Here we are at the finish of 21 Days of Mindfulness. What a journey these past three weeks have been. We breathed, felt our bodies, ate mindfully, cultivated loving-kindness, met our difficult emotions with compassion, reflected on gratitude, listened with presence, and so much more. Whether you did every practice or one, I thank you with all of my heart for coming along for the ride.\n\nThese 21 days are but a launching point - now, we continue to bring mindfulness to our daily lives, acting with loving kindness for ourselves, for others, and for the beautiful world we want to create. What we practice at the smallest scale can reverberate to the largest.\n\nBringing Mindfulness to Your Community\n\nHow will you bring what you\u2019ve practiced to your community? How can you use mindfulness to grow connections with others and nourish a local peace economy? The possibilities are vast, and I\u2019m here to help you explore them. Email me at [email protected] and we\u2019ll set up a time to chat!\n\nContinuing Your Practice\n\nAlthough this program is over, there are countless resources out there that can support your practice. Explore and find one that works for you.\n\nYou can also download a free PDF of all 21 of our practices here.\n\nToday\u2019s Practice\n\nNote: We\u2019d like to do this last meditation all at the same time today to bring our energy together as a community. If you are able to, join us at 6 PM PST, 7PM MST, 8PM CT, 9PM EST tonight, February 28th.\n\nTake some time to find a quiet place and get into a comfortable position.\n\nClose your eyes, and breathe in and out from your heart-center.\n\nFeel the warmth of your heart, and thank yourself for your practice of mindfulness. Repeat this phrase to yourself as you continue to breathe.\n\nI am loving. I am kind. I am blessed.\n\nLet this phrase spread throughout your body, then extend this feeling of loving-kindness to our mindfulness community. Although you do not know them, they have taken this journey with you. Thank them for their commitment to grow compassion in their hearts. Repeat this phrase as you continue to breathe.\n\nWe are loving. We are kind. We are blessed.\n\nImagine the collective energy of our love, across the U.S. and the world, as beams of light connecting to each other and growing brighter and brighter. Feel the warmth of our light growing so bright that it heals the suffering of the planet.\n\nWhen you are ready, slowly open your eyes. Dwell for a moment on the feeling that you have cultivated, and carry it forward with you to whatever comes next.\n\nThank you for your practice, your presence, and your words of reflection and appreciation throughout this journey."
        },
        {
            "id": "6daa2893b0aced80",
            "title": "CODEPINK Statement on the House Passage of the FY2020 National Defense Authorization Act (NDAA)",
            "content": "Washington, DC, July 12, 2019 \u2014 Today the House of Representatives passed the NDAA with a number of significant victories towards ending US involvement in the Saudi-led war on Yemen and preventing a war with Iran. However, even with these victories, the House version of the NDAA authorizes $733 billion for defense spending \u2014 a grotesque amount of money to be thrown at the Pentagon and US weapons companies and the largest amount ever authorized. As in prior years, this expenditure comes at the expense of vital programs and policies such as health care, education, and addressing climate change and of the Pentagon having failed an agency-wide audit last year. The Senate version of the bill calls for even more money: $750 billion.\n\nThe House did make great gains today towards shifting US foreign policy and rebuking President Trump\u2019s actions that are exacerbating the conflicts in the Middle East.\n\nCODEPINK applauds the House\u2019s passage today of a number of amendments: clarifying that Trump may not go to war with Iran without congressional approval; ending US support for the Saudi/UAE war in Yemen; repealing the 2002 Authorization for the Use of Military Force against Iraq; and offering solutions to achieve peace and denuclearization on the Korean Peninsula; preventing funds in the NDAA from being used for Trump\u2019s border wall; and others.\n\nIn the coming months, there will be negotiations between the House and the Senate, and we must fight to keep these amendments in the final version. We must also continue to try to rein in the out-of-control Pentagon spending. But with today\u2019s passage of so many positive amendments, progressives inside and outside of Congress are setting the stage for getting us out of two decades of war in the Middle East \u2014 and stopping a new war in Iran. We thank the grassroots supporters who helped make this happen, our champions in Congress who put forward these amendments, and all the members of Congress who are working to end these endless wars.\n\n\n\n\n\n"
        }
    ],
    "label": 1,
    "label_text": "mixed"
}