{
    "source": "columbiadailyherald.com",
    "articles": [
        {
            "id": "bda62c0900673ba5",
            "title": "FedEx could soon benefit from aviation fuel tax cut. But smaller airports worry about funding woes.",
            "content": "FedEx could soon benefit from aviation fuel tax cut. But smaller airports worry about funding woes.\n\nShow Caption Hide Caption FedEx install parcel-sorting robot arms in Memphis hub FedEx installs package-sorting robotic arms at FedEx Express World Hub as automation efforts continue. Mike Fant, Memphis Commercial Appeal\n\nWhen most of Memphis sleeps, runways at the city's air cargo hub bustle with business.\n\nHundreds of FedEx Express jets leave and land each day at Memphis International Airport \u2014 America's busiest cargo airport and largest hub for the global shipping giant.\n\nFedEx, which has the world's largest air cargo fleet, picked Memphis as its central hub in 1973 for its good weather and prime location. It has kept and expanded operations in the Bluff City as the state government delivered millions of dollars of tax benefits over the past years.\n\nFedEx: Memphis International Airport, aided by FedEx, named world's busiest cargo airport in 2020\n\nNow, Tennessee lawmakers are backing a deal primarily benefiting FedEx, which would save the company millions more in state taxes each year.\n\nA proposal championed by Gov. Bill Lee's administration would lower the aviation fuel tax rate and ultimately slash by half the maximum annual amount in taxes each aviation fuel consumer must pay. The measure, carrying bipartisan support, will go before the legislature Monday night.\n\nFedEx, the largest aviation fuel consumer in Tennessee, would reap the most benefit if the bill becomes law. But some worry it would mean less funding for smaller airports in need.\n\nThe tax cut would lead to a loss in aviation fuel tax revenue, which is deposited annually into the state's Transportation Equity Fund. The money helps fund development, construction and operations at Tennessee's 69 general airports and five commercial airports.\n\nSupporters of the legislation argue the Lee administration and the legislature will not leave the Transportation Equity Fund underfunded. In the new budget, the Lee administration included a $40 million one-time investment into the fund, and the legislature approved of a $3 million recurring annual boost.\n\nBut the measure drew concerns from other lawmakers and small airport officials, who fear the additional funds are insufficient to cover the annual drop in revenue. Some say the state should not use everyday taxpayer money to backfill the funding gap.\n\nFedEx to be the primary beneficiary\n\nThe legislation would lower the aviation fuel tax rate from 4.5% per gallon to 4.25% \u2014 a cut that would benefit all aviation fuel consumers in Tennessee.\n\nIt would also cap the amount of aviation fuel tax for each taxpayer at $8.5 million in fiscal 2022 \u2014 $2 million lower than the current ceiling. The maximum would be further lowered to $5 million in fiscal 2023 and the following years.\n\nCurrently, the state collects tens of millions of dollars from aviation fuel tax each year. The tax cut would cost the state $2.9 million in tax revenue the first year and $6.4 million the following years.\n\nAlthough the bill does not mention FedEx's name, only one taxpayer currently pays the maximum amount in aviation fuel tax and would in turn benefit from the cut, according to the bill's fiscal note.\n\nThat taxpayer is FedEx \u2014 Tennessee's biggest customer in aviation fuel, according to Memphis International Airport statistics. It consumed 37 million gallons of fuel in March alone, more than the consumption of all other cargo airlines combined.\n\nThrough its fuel purchases in Memphis, the company accounted for $32 million of the $48 million in aviation fuel tax revenue in fiscal 2014, according to a report by the state Department of Transportation.\n\nFedEx received tens of millions in tax breaks from Tennessee\n\nFedEx is a frequent advocate for tax cuts at federal and state levels. Over the past three years, the company ended up paying no federal corporate income tax, according to a report by the Institute on Taxation and Economic Policy.\n\nTennessee lawmakers in recent years have implemented tax breaks that effectively benefited the corporation.\n\nA heavy donor, the corporation's political action committee poured more than $720,000 into influencing Tennessee political campaigns since 2015, a Tennessean analysis of campaign finance records shows. While the group gave to candidates of both parties, the contributions leaned heavily toward Republican candidates and causes. The GOP holds a supermajority in the state legislature.\n\nIn 2015, state lawmakers lowered the then-$32 million aviation fuel tax ceiling to $10.5 million. Although the company never threatened to move out of Memphis, the state Department of Economic and Community Development hinted FedEx would have shifted more refueling operations from Memphis to hubs in Indiana and North Carolina, which could have cost Tennessee jobs and $1.4 billion in payroll.\n\nThe tax cut reduced the state funding for airport infrastructure projects, according to a March report by Tennessee Department of Transportation.\n\n\"In the five years since the aviation fuel tax cap went into effect, funding for state aviation projects has been cut by more than half,\" the report reads. \"This decrease in state funding has greatly impacted airports\u2019 abilities to complete necessary projects and compete effectively with airports in other states.\"\n\nLawmakers also granted FedEx a tax break in 2019 over the company's $1.5 billion Memphis hub modernization project. The bill allowed FedEx to pay no more than $21 million in taxes over seven years.\n\nOn April 8, FedEx lobbyist William Primeaux wrote to members of the Senate finance committee, urging lawmakers to support lowering the aviation fuel tax cap, according to an email obtained by The Tennessean. The members voted 9-1 on Tuesday to advance the bill to the floor.\n\n\"The current tax structure hinders Tennessee's efforts to grow companies in the state and attract prospective passenger air carriers to grow the Memphis International Airport, as well as other large air passenger airports in Tennessee,\" Primeaux wrote. \"This is a responsible solution to the state's aviation fuel tax structure thus making Tennessee more competitive with surrounding states.\"\n\nIn a Thursday statement, FedEx spokesperson John Scruggs said Tennessee's aviation fuel tax cap is not as \"competitive\" compared to states such as Kentucky, which has a $1 million annual cap for each taxpayer.\n\n\"FedEx has long advocated for tax policies which offer pro-growth, pro-business solutions that will power the economy,\" he said.\n\nConcerns about insufficient airport funds arise\n\nThe administration-backed legislation comes with a funding mechanism. In the latest legislature-approved budget, the state's Transportation Equity Fund will receive a one-time $40 million investment as well as an annual $3 million funding.\n\nBut with an annual projected reduction of $6.4 million in revenue, some lawmakers fear the money is not enough to cover the deficit in the long run.\n\n\"$3 million going forward is not going to fill that hole,\" said Sen. Joey Hensley, R-Hohenwald. He was the lone dissenting vote against the legislation in committee.\n\nHensley further argued FedEx, instead of everyday taxpayers, should shoulder the cost of funding Tennessee's aviation activities.\n\n\"That's only fair that people who use our airports fund them,\" he said. \"(FedEx) is not a struggling company.\"\n\nOfficials at smaller airports are worried if the legislation means less money allocated for their operations.\n\nJon Glass, director of the Tullahoma Regional Airport, said the bill would take away revenue that would go directly to the Transportation Equity Fund. He added that there is \u201cno way of knowing\u201d if the state's general fund dollars will be a stable funding source in the future.\n\n\u201cI would just like to see ... all the airports in the state have a source of funding to do repair and improvement projects,\u201d Glass said. \u201cRight now, we just don\u2019t know what\u2019s going to happen after the next fiscal year.\u201d\n\nStill feeling the impact of the 2015 legislation, some are worried about the aftermath of a new round of tax cut. Memphis airport officials supported the tax cut then even though it dropped available funding, because they believed FedEx would pump the savings back into projects at the airport.\n\n\u201c(The 2015 law) did take a great deal of money out of the equity fund to the point where we\u2019re at now, which is not really even enough to just maintain the pavements at airports,\u201d said John Black, executive director of the Smyrna/Rutherford County Airport Authority. \u201cI would say the system is strained, and we need to find better, long-term solutions than we have now.\u201d\n\nBut House Minority Leader Karen Camper, D-Memphis, said she believes using general tax collections to fund airport operations is more stable than relying on business from big airlines such as FedEx, which may fluctuate.\n\n\"If (fuel purchase) goes down, it's not gonna get funded,\" she said. \"That, to me, creates an imbalance of way of looking at how we are gonna fund airports across the state.\"\n\nSenate Republican leaders championing the measure on Thursday acknowledged the $3 million won't be enough to cover deficits after the state lowers the cap to $5.5 million per year, but said they believe the administration will further replenish the Transportation Equity Fund.\n\n\"We are committed to make sure that aviation fund is fully funded,\" said Senate Majority Leader Jack Johnson, R-Franklin. \"If we make further reductions in the fuel tax, then we will continue to backfill that with general fund dollars.\n\n\"In my conversations with members and the administration, there's virtually a unanimous consensus that we don't wanna do damage to the aviation trust fund.\"\n\nReach Yue Stella Yu at yyu@tennessean.com and on Twitter @bystellayu_tnsn.\n\nMax Garland covers FedEx, logistics and health care for The Commercial Appeal. Reach him at max.garland@commercialappeal.com or 901-529-2651 and on Twitter @MaxGarlandTypes.\n\nWant to read more stories like this? A subscription to one of our Tennessee publications gets you unlimited access to all the latest politics news, podcasts like Grand Divisions, plus newsletters, a personalized mobile experience and the ability to tap into stories, photos and videos from throughout the USA TODAY Network's 261 daily sites."
        },
        {
            "id": "78fc1d57ed9e099b",
            "title": "Tennessee Lady Vols vs. Arkansas softball video highlights, score in 2021 SEC Tournament",
            "content": "Tennessee Lady Vols vs. Arkansas softball video highlights, score in 2021 SEC Tournament\n\nThe Tennessee Lady Vols and Arkansas Razorbacks softball teams met in the 2021 Southeastern Conference Tournament quarterfinals on Thursday, May 13.\n\nTennessee won 1-0 against Arkansas, advancing the Lady Vols to the SEC Tournament semifinals.\n\nNo. 7 seed UT (41-12) will play the winner of the Alabama-Kentucky game in the semifinals on Friday (7 p.m., ESPN2).\n\nHOW TO WATCH: Tennessee vs. Arkansas softball on TV, live stream in SEC Tournament\n\nHere are top plays from the game:\n\nB5 | Tennessee 1, Arkansas 0@alymanzoo delivers our first hit of the day to right!\n\n\n\n\ud83d\udcfa https://t.co/Yv4JXV9xp2 pic.twitter.com/3XaSMFNsdp \u2014 Arkansas Razorback Softball (@RazorbackSB) May 13, 2021\n\nRazorbacks' Aly Manzo delivers Arkansas' first hit of the game.\n\nHOME RUN ALLY SHIPMAN \u203c\ufe0f\n\n\n\nTennessee takes the lead here in the fifth, 1-0! pic.twitter.com/9mEXJrkYRl \u2014 Tennessee Softball (@Vol_Softball) May 13, 2021\n\nAlly Shipman homers to left field to give the Lady Vols a 1-0 lead over the Razorbacks.\n\nTennessee had two hits, both by Shipman, who also had a double.\n\nArkansas' Mary Haff strikeout\n\nM2 | Arkansas 0, Tennessee 0\n\n\n\nRip and a miss \ud83d\udca8\n\n\n\n\ud83d\udcfa https://t.co/5WMSNr5yC2 pic.twitter.com/8X0m2FdmpY \u2014 Arkansas Razorback Softball (@RazorbackSB) May 13, 2021\n\nArkansas Razorbacks pitcher Mary Haff strikes out a Tennessee player in the top of the second inning. The game is scoreless in the second inning.\n\nMore from Lady Vols softball:\n\nLeading the Tennessee Lady Vols are co-head coaches Ralph Weekly and Karen Weekly. Courtney Deifel is the Arkansas Razorbacks softball head coach.\n\nMolly Weisner is a digital producer for the USA Today network. Follow her on Twitter @molly_weisner."
        },
        {
            "id": "eec11883e7e83252",
            "title": "Judge suggests delaying Kentucky's Medicaid overhaul. Bevin says no",
            "content": "Judge suggests delaying Kentucky's Medicaid overhaul. Bevin says no\n\nThe federal government shutdown has thrown a wrench into a lawsuit filed in Washington, D.C., seeking to overturn Kentucky Gov. Matt Bevin's plan to overhaul the state Medicaid program.\n\nU.S. Justice Department lawyers defending the federal government are seeking a delay in the case while they are furloughed, saying lawyers are only supposed to work on emergency cases during the shutdown.\n\nOn Thursday, U.S. District Judge James Boasberg said he would delay the case only if Kentucky agrees to delay its overhaul of Medicaid, scheduled to begin April 1.\n\nKentucky did not agree.\n\nIn a motion filed Thursday, lawyers for Bevin said the plan is still scheduled to begin April 1 and \"the Commonwealth is actively working toward that go-live date.\"\n\nBackground: Bevin's new Medicaid plan same as the last one, opponents say\n\nThe request for a delay follows a lawsuit filed in Washington on Tuesday on behalf of 16 Kentuckians it alleges would suffer direct harm through loss of health coverage under Bevin's plan, which includes work requirements, premiums and other changes.\n\nThe federal government, which provides most of the money for Kentucky's Medicaid program and approved Bevin's plan, is the main defendant in the case.\n\nLawyers from groups including the National Health Law Program are seeking to block Kentucky from enacting the plan on April 1.\n\nThey also object to a delay, saying that if the case is not resolved by April 1, the 16 Kentuckians they represent would suffer immediate harm through the potential loss of health coverage.\n\nThey propose instead that the judge order Kentucky to delay enacting its plan while the case is pending if delay is warranted.\n\nBoasberg has given the government lawyers until 4 p.m. Friday to file any additional motions on their request for delay but said he is inclined to extend deadlines in the case by only a week.\n\nRelated: Where federal workers can eat for free in Kentuckiana during shutdown\n\nIt's the second time the case has come before the judge.\n\nLast year, Boasberg rejected the Trump administration's initial approval of Kentucky's plan and sent it back to federal authorities for further review in light of public comments about the plan.\n\nThe Trump administration this year approved a virtually identical plan submitted by Kentucky, which health law advocates have again challenged.\n\nThe Bevin administration has said the changes are meant to get \"able-bodied\" Kentuckians more engaged in their health care and community, through work, volunteering or other activities.\n\nHealth advocates said most such individuals already work at low-wage jobs that don't include health coverage and many would lose Medicaid coverage because of complicated and burdensome requirements.\n\nMedicaid is an $11.5 billion-a-year program that provides health coverage for nearly 1.4 million Kentuckians, about 600,000 of them children.\n\nGovernment shutdown: Five ways Kentucky has been affected\n\nDeborah Yetter: 502-582-4228; dyetter@courierjournal.com; Twitter: @d_yetter. Support strong local journalism by subscribing today: courier-journal.com/deborahy."
        },
        {
            "id": "ff2ffd76cbd56497",
            "title": "GOP sticks with Eddie Mannis after fellow candidate questioned his status as a Republican",
            "content": "GOP sticks with Eddie Mannis after fellow candidate questioned his status as a Republican\n\nShow Caption Hide Caption GOP chairman blasts Eddie Mannis for being a Democrat Knox County GOP Chair Randy Pace blasts Eddie Mannis for being a Democrat after Mannis won the state rep. District 18 primary. Saul Young, Knoxville News Sentinel\n\nKnoxville businessman Eddie Mannis survived a heated challenge to his Republican primary victory over Gina Oster and will be the Republican nominee for State House District 18 in November.\n\nMannis defeated Oster by 99 votes in August, but she filed a challenge with the Tennessee Republican Party\u2019s State Executive Committee, saying Mannis is a Democrat and that he received cross-over votes in the Republican primary \u2013 meaning Democrats who voted on a Republican ballot.\n\nIt made no difference. Committee members joined on a loud and sometimes frazzled conference call Tuesday night and approved Mannis\u2019 candidacy by an announced vote of 43-18.\n\n\u201cIt wouldn\u2019t have been my perfect way to get on the ballot, but I\u2019m thankful for the 43 members who have confidence in me and we\u2019re going to work hard,\u201d Mannis told Knox News after the vote. \u201cIn some ways the pressure is on now even more than before, so we\u2019re going to work hard.\u201d\n\nTennessee has open primaries and there is no way to see who voters selected on their ballots. Voters could have, in theory, just as easily have voted for Oster and not Mannis because they liked her candidacy or because they think she would make an easier opponent for Democrat Virginia Couch in November.\n\nMore: Knox County GOP chairman bashes GOP state nominee Eddie Mannis\n\nOster said she stood up for what she believed in and she's proud she didn't have to rely on anyone to vouch for her candidacy.\n\n\"It\u2019s been a hard few weeks, it really has, but I knew I was standing up for something I believed in ... standing up and doing the right thing is not always easy,\" she said.\n\nTrouble was brewing\n\nLocal Republicans attempted to get Mannis removed from the ballot before the election ever took place because Mannis voted in the Democratic presidential and Knox County primary in March.\n\nMannis did vote in the Democratic primary, but it was the only time since 1984 where he switched sides, according to a copy of his voting record. He told Knox News the decision was strategic because he didn\u2019t want Bernie Sanders or Elizabeth Warren to be the Democratic nominee.\n\nTennessee GOP party chairman Scott Golden told Knox News Mannis didn\u2019t meet the party\u2019s bona fide standards for voting Republican in three of the last four state primaries (Mannis only voted in two of the four), but party bylaws allow elected members to vouch for candidates and they did. State Sen. Richard Briggs, U.S. Rep. Tim Burchett and Knox County Mayor Glenn Jacobs all vouched for Mannis, allowing him on the ballot.\n\nThere was discussion and a good bit of confusion between members of the committee Tuesday that the vouching done in favor of Mannis was not valid and that his candidacy should be disqualified. They feared they could face a legal challenge, but that wasn\u2019t enough.\n\nAfter the election in August, Knox County Republican Party Chairman Randy Pace told the crowd at the Republican watch party that his opposition to Mannis was strictly politics, not sour grapes over his victory. It had everything to do with Mannis supporting a Democrat over President Donald Trump, he said.\n\n\u201cI don\u2019t care whether you like Trump or not,\u201d he said. \u201cIt doesn\u2019t matter. It\u2019s got nothing to do with the Knox County Republican Party. You\u2019re welcome, but you\u2019re going to support Republicans and you\u2019re not going to support Democrats.\u201d\n\nAhead of Tuesday\u2019s call, Oster provided committee members a list of roughly 90 names of people who had voted Democrat in the past who voted Republican in August. The document included notes beside names like \u201chusband said he is a Democrat,\u201d \u201canti Trump post\u201d and it noted supposed donations to Democratic campaigns for Phil Bredesen and President Barack Obama, among others.\n\nWhen shown a copy of the list, Knox County Elections Administrator Chris Davis told Knox News it was the first he\u2019d seen of this or heard of it and he couldn\u2019t verify its legitimacy.\n\nLike much of Knox County, the district has been served by Republicans for many years. Before Daniel, the district was represented by Republicans Steve Hall and Stacey Campfield \u2013 the lightning rod legislator \u2013 before him.\n\nBut in 2018, Democrat Greg Mackay made things interesting when he received 48.5% of the vote against Daniel. With the presidential race drawing a large number of voters to the polls, there\u2019s enough reason to think November\u2019s race could be close again.\n\nAvoiding a 'slippery slope'\n\nJames Corcoran is one of two committee members who live in the district. He gave money to Oster\u2019s campaign but voted to keep Mannis on the ballot because, he said, it\u2019s a slippery slope when the State Executive Committee starts picking and choosing races to weigh in on.\n\nCommittee member Amy Jones said even though the SEC has voted to close the state\u2019s primaries to only party members, the legislature hasn\u2019t acted. So, she said, the results should stand.\n\n\u201cThe people have spoken. Whether we were right or wrong in what we did, Eddie Mannis was on the ballot and so was Gina. And Eddie Mannis won that vote and it was the voice of the people and I think it needs to stand.\u201d\n\nThis has happened before\n\nThere is precedent for claims of switching primary ballots. In 2008, state Sen. Rosalind Kurita won the Democratic primary by 19 votes over Tim Barnes, who claimed there had been heavy Republican crossover voting and alleged that poll workers directed his supporters to vote in the wrong primary.\n\nThe Democratic Party\u2019s Executive Committee voided the results and installed Barnes who had no Republican challenger (though he did defeat Kurita when she ran an unsuccessful write-in campaign). A federal judge later ruled in the party\u2019s favor.\n\nGET THE MOST OUT OF YOUR SUBSCRIPTION!\n\nLooking for a great way to stay connected? Download the\n\n\n\nLooking for a great way to stay connected? Download the free Knox News mobile app and get the latest news right at your fingertips.\n\nDemocrats were angry with Kurita after casting a key vote in favor of then-Sen. Ron Ramsey in the Republican's 2007 election as Senate speaker. Ramsey had subsequently named Kurita as Senate speaker pro tempore, the ceremonial No. 2 position in the upper chamber, according to the Associated Press.\n\nThere are 62 Republican State Executive Committee members, two per state senate district. They are selected by voters in the Republican primary and each serve four year terms.There are currently four vacancies on the committee, according to the party\u2019s website.\n\nClarification: The members of the Republican State Executive Committee are selected by voters in the Republican primary not by state senators.\n\nEmail Tyler Whetstone at tyler.whetstone@knoxnews.com and follow him on Twitter @tyler_whetstone. If you enjoy Tyler's coverage, support strong local journalism by subscribing."
        },
        {
            "id": "da56a48f40a8d77a",
            "title": "South Dakota's liquor and pot laws a drag on state's entrepreneurs, study says",
            "content": "South Dakota's liquor and pot laws a drag on state's entrepreneurs, study says\n\nLiquor licenses are selling on the secondary market in Sioux Falls for a quarter million or more.\n\nAnd that's holding South Dakota's economy and entrepreneurs in the hospitality industry back.\n\nThat's according to the Cato Institute, a libertarian think-tank that champions liberty and free markets.\n\nThe Washington D.C.-based organization this week released findings from a study that ranked all 50 U.S. states and their friendliness to entrepreneurs.\n\nOverall, South Dakota earned positive marks because of a generally lax regulatory climate and low taxes, coming behind only the state of Georgia.\n\nMore: Liquor license restrictions leave Sioux Falls businesses to pay up, wait or game the system\n\nBut keeping the Mount Rushmore state from being the most entrepreneur-friendly state in the country are the state's tightly regulated liquor licensing rules and uncertainty regarding marijuana legalization.\n\n\"Legalization is creating opportunities for marijuana growing and retailing businesses, as well as for startups that provide the industry with equipment, financing, consulting, and other products,\" wrote Chris Edwards, director of Cato's tax policy studies division, in the 42-page report he authored and published Wednesday.\n\nHow difficult is it to get a liquor license?\n\nWhat is certain, though, is aspiring bar and restaurant owners in South Dakota struggle to break into the hospitality market because of the limited number of liquor licenses the state makes available.\n\nEdwards took note of an Argus Leader investigation from 2019 that found people waiting a decade or more for a liquor license to become available through their municipal governments.\n\nThat's because the number of liquor licenses cities and counties are allowed to issue are based on population, and the price of them has to be at least $1 for every resident. In Sioux Falls, a new license goes for nearly $200,000.\n\nSioux Falls businessman Ted Thoms told the Argus Leader in 2019 that he put his name on a waiting list when he envisioned a steakhouse near 12th Street and Sertoma Avenue. By the time his name was called, a decade had passed and he'd already sold the land to a developer. He deemed the restaurant investment \"one of the worst investments I\u2019ve ever made.\"\n\nMore: How one man cashed in on Sioux Falls' liquor license loophole\n\nWith new licenses only coming available when the population is updated and certified, something done every two years in Sioux Falls, those with the available capital are being pushed to the secondary market in their hunt for a license, where they are being sold for $300,000 or more.\n\nEdwards' report notes entrepreneurs deal with similar challenges stemming from liquor license regulations as well, including in New Jersey, Rhode Island and Pennsylvania. And in all those cases, \"the high cost of alcohol licenses blocks entry of new restaurants, thus limiting competition.\"\n\n\"It also advantages large corporate chains over independent entrepreneurs,\" he said.\n\nHere's the full list:"
        },
        {
            "id": "cc63f68e60bf1fbd",
            "title": "Cafe Panache to reopen with new chef two weeks after death of beloved owner Kevin Kohler",
            "content": "Cafe Panache to reopen with new chef two weeks after death of beloved owner Kevin Kohler\n\nCaf\u00e9 Panache in Ramsey is set to reopen Thursday, slightly more than two weeks after the death of highly acclaimed chef/owner Kevin Kohler. Kohler died suddenly on Jan. 6 at age 63.\n\nGregory Stott, a protege of Kohler who worked as sous chef twice at the 35-year-old BYOB, will take over the kitchen and dining room as executive chef and general manager. Stott, 50, is a Ridgewood native and Haworth resident\n\n\u201cTo honor our late father and the tremendous legacy of Caf\u00e9 Panache, we have decided to reopen the restaurant,\" the family's statement reads. \"Greg will continue preparing the classic dishes that our father created and taught him over the years, and the entire staff will remain on board.\" Kohler had four children and three grandchildren with one more on the way. His children now own the restaurant.\n\nStott, 50, has worked in Manhattan restaurants including Caf\u00e9 des Artists, L\u2019Impero and Alto, where he cooked under the guidance of celebrity chef Scott Conant. He most recently worked as executive chef at 76 House in Tappan, New York. Stott, a graduate of the French Culinary Institute, was a semifinalist on Food Network's TV show \"Chopped.\"\n\n\"It is an honor,\" said Stott, who last worked at Cafe Panache 3\u00bd years ago.\"Those are big shoes to fill. I'm never going to be Kevin Kohler, but I'm looking forward to keeping his legacy moving on.\"\n\nKohler, a legend in New Jersey, opened his charming 88-seat spot in 1985 when there were very few chef-driven seasonal restaurants in Bergen County. Cafe Panache, which won rave reviews from The Record, New York Times and New Jersey Monthly, was a \"farm-to-table\" restaurant way before the concept was in vogue. Kohler spent most every morning going \u2014 often by bicycle \u2014 to Abma's farm, picking his daily ingredients. In more recent years, he would pedal to MEVO farm in Mahwah.\n\nDining: On pause: These 8 North Jersey restaurants are temporarily closed due to the pandemic\n\nRestaurants: 28 restaurants North Jersey can't bear to lose, from classic hot dog joints to beloved diners\n\nStott said he plans to do the same. He also plans to keep the menu as is. \"Any changes will be a group discussion between the children and me,\" he said.\n\nCaf\u00e9 Panache is located at 130 E. Main St., Ramsey; 201-934-0030, cafepanachenj.com/\n\nEsther Davidowitz is the food editor for NorthJersey.com. For more on where to dine and drink, please subscribe today and sign up for our North Jersey Eats newsletter.\n\nEmail: davidowitz@northjersey.com\n\nTwitter: @estherdavido"
        },
        {
            "id": "d796213c52d9879b",
            "title": "Columbia Central principal Roger White reassigned following cheer coach indictment",
            "content": "Columbia Central principal Roger White reassigned following cheer coach indictment\n\nAfter nine years, Columbia Central High School Principal Roger White has been reassigned following an investigation of the school\u2019s cheer coach.\n\nThe change, made effective Monday, follows an internal investigation by Maury County Public Schools. Melissa Todd, the high school\u2019s former cheer coach, was indicted on charges of theft, forgery and fabricating evidence.\n\nRose McClain, one of the school\u2019s three assistant principals, has taken on the role as school\u2019s interim principal.\n\nState investigators from the Tennessee Comptroller's Office wrote in March that Todd concealed information related to a $44,029.09 debt owed to Varsity Spirit. The investigation also revealed that $905.03 in school were used to pay for Todd's family member to attend a cheer competition in Orlando, Florida. Additionally, Todd could not account for $1,672.74 that was collected during fundraisers.\n\nMore: How the suspicions of some concerned parents led to the investigation, indictment of Central cheer coach\n\nMore: Columbia Central High School cheer coach indicted on theft, forgery allegations\n\nIn March, Todd turned herself in at the Maury County Sheriff's Department and was released later in the day after posting a $15,000 bond.\n\nMore: Columbia Central High School cheer coach indicted on theft, forgery allegations\n\nSchool district internal investigation\n\nWhite had served as Central\u2019s principal since the 2012-13 school year and holds tenure within the district. He has been placed as an assistant principal at McDowell Elementary School for the remainder of the year. The McDowell campus will permanently close to students at the end of this month when the academic year comes to an end.\n\nHe was previously suspended pending the school system's internal investigation.\n\n\u201cI have made this decision in what I believe to be in the best interest of Maury County Public Schools,\u201d Superintendent Michael Hickman said in White\u2019s termination letter, obtained by the Herald.\n\nWhite declined to comment for this story.\n\nMore: How the suspicions of some concerned parents led to the investigation, indictment of Central cheer coach\n\nFunds mismanaged, missing under White's leadership\n\nThe school district\u2019s internal investigation report, made available to The Daily Herald following a public records request, found White violated school board policy as well as the Tennessee Teacher Code of Ethics, confirming findings made by the Tennessee Comptroller\u2019s Office.\n\nThe report found that White failed to properly review the cheer team's finances, including the purchase of airline tickets for a trip to a competition in Florida.\n\nThe investigation found that Todd improperly used a credit card from the school\u2019s booster club to make the purchase. Policy states that all air fares should be billed to an account managed by the school district\u2019s central office and its finance department.\n\nWhite also signed off on the release of a packet that shared \"disparaging information\" about a student without the pupil's knowledge or confirmation, which \u201ccaused great emotional turmoil for the student,\u201d according to the district\u2019s findings.\n\nThe report also found that White failed to respond to concerns of several parents, concerning issues involving the team\u2019s finances and Todd\u2019s role as the team's head coach.\n\nParents respond to Hickman's action\n\nThe decision to reassign White was met with support from one parent of a cheer student who spoke during the school board\u2019s monthly meeting on Tuesday, following criticism shared by another parent.\n\nMore: Parent: Disregard for district policy at root of Central cheer coach's indictment\n\n\u201cPolicy is power,\u201d said parent Chandler Anderson, who asserted that some board members and teachers did take the previous concerns shared by parents seriously.\n\n\u201cI have watched a group of teachers heckle a parent, who is advocating for their bullied child,\u201d Anderson said. \u201cWe have certainly had some dark days as a school district over the past couple of years. However, Friday a clear message has come \u2014 a change in the director of schools. We have a director of schools who focuses on the one group of people that matter most \u2014 children. There is a leader who will not tolerate it. Thank you Michael Hickman for standing up to bullying.\u201d\n\nAnderson also commended McClain for accepting the position and celebrated the change as a momentous moment for the high school as it welcomes its first Black principal in the school\u2019s history.\n\nLate last month, the superintendent was criticized by former school board member Carey Powers, who has continually pressed the school board with concerns.\n\nPowers, who said she was publicly called a liar by White, said the superintendent failed to respond to emails sent to him regarding the matter and provided \u201cpoor and vague\u201d communication regarding the matter.\n\nShe said that his handling of the situation could be \u201cmost politely labeled a \u2018run around\u2019 that is no better\u201d than what parents and students experienced at the school level.\n\n\u201cIt is very difficult to be a stakeholder in an organization where words and actions do not match, and the goalpost keeps moving,\u201d Powers said in an email to Hickman and the members of the school board, which was obtained by The Daily Herald."
        },
        {
            "id": "8959853b1b6d1733",
            "title": "Southern Middle Tennessee high school top performers from Week 9 of the spring season",
            "content": "Southern Middle Tennessee high school top performers from Week 9 of the spring season\n\nIt's the ninth week of the high school spring sports season. Follow here each day for the top performers.\n\nThursday\n\nSoccer\n\nVictor Ramirez, Columbia: Ramirez scored a pair of goals including the game-winner with 12 minutes remaining in a 3-2 win over Shelbyville.\n\nWednesday\n\nBaseball\n\nTy Allen, Independence: Allen went 2-for-2 with two runs scored, a double and four RBIs in an 18-4 win over Dickson County.\n\nJack Baughman, Independence: Baughman went 3-for-4 with three runs scored, a triple, a home run and four RBIs.\n\nDrake Blackwood, Summertown: Blackwood went 2-for-2 with three runs scored, two home runs and four RBIs in a 14-9 loss to Loretto.\n\nGrant Burleson, Summertown: Burleson went 2-for-3 with two runs scored, a home run and three RBIs.\n\nLane Burleson, Summertown: Burleson went 3-for-4 with a double and a home run.\n\nCaleb Davis, Loretto: Davis went 2-for-3 with two runs scored and two RBIs.\n\nGarrett Fisher, Loretto: Fisher went 1-for-3 with a double and three RBIs.\n\nCreed McClellan, Independence: McClellan went 2-for-3 with three runs scored, a triple and three RBIs.\n\nCaden Porter, Loretto: Porter went 1-for-4 with three runs scored, a double and three RBIs.\n\nSoftball\n\nKat Carter, Spring Hill: Carter pitched a complete game striking out 22 and allowing one hit in a 1-0 extra-inning loss.\n\nElena Escobar, Summit: Escobar pitched a complete game striking out 11 in a 1-0 win over Dickson County.\n\nKarli Quillin, Columbia Academy: Quillin went 3-for-5 with two doubles and three RBIs in a 7-1 win over Goodpasture.\n\nAveri Slaughter, Columbia Academy: Slaughter pitched a complete game allowing one hit and striking out 10.\n\nTuesday\n\nBaseball\n\nDrake Blackwood, Summertown: Blackwood went 2-for-4 with two runs scored, two doubles and three RBIs in a 13-2 win over Perry County. He then went 2-for-3 with a double and two RBIs in a 6-2 win over Loretto.\n\nChance Bland, Spring Hill: Bland went 2-for-4 with a double and two RBIs in a 12-10 loss to Dickson County.\n\nGavin Burleson, Summertown: Burleson went 2-for-3 with three runs scored and two doubles.\n\nGrant Burleson, Summertown: Burleson went 2-for-2 with three runs scored, a home run and three RBIs.\n\nLane Burleson, Summertown: Burleson went 3-for-3 with two doubles, a home run and four RBIs.\n\nBen Cleaver, Independence: Cleaver pitched a complete striking out seven in a 2-0 win over Franklin.\n\nJackson Marbet, Spring Hill: Marbet went 2-for-3 with two runs scored, a double, a home run and two RBIs.\n\nJosh Porter, Loretto: Porter went 3-for-3 with a double and an RBI.\n\nKavares Tears, Columbia Academy: Tears went 1-for-2 with a home run and two RBIs in a 7-3 loss to CPA.\n\nSoftball\n\nKat Carter, Spring Hill: In six innings, Carter struck out six in a 1-0 loss to Summit.\n\nAshlyn Easley, Summit: Easley went 2-for-3 with the game-winning RBI double in a the bottom of the sixth.\n\nElena Escobar, Summit: Escobar came in for relief and in just over two innings of work, picked up the win allowing no hits and striking out seven.\n\nSoccer\n\nVictor Ramirez, Columbia: Ramirez scored two goals and had an assist in an 8-0 win over Lincoln County.\n\nMonday\n\nBaseball\n\nLuka Boylan, Spring Hill: Boylan pitched just over four innings and struck out 10 in a 6-4 win over Brentwood.\n\nCorey Francis, Summertown: Francis went 1-for-3 with two RBIs in a 4-3 loss to Loretto.\n\nTanner Ham, Columbia Academy: Ham went 2-for-4 with an RBI in a 6-3 win over GCA.\n\nDawson Hargrove, Spring Hill: Hargrove went 1-for-4 with a home run and two RBIs.\n\nBrandon O'Brien, Spring Hill: O'Brien went 1-for-2 with two RBIs.\n\nSam Pate, Columbia: Pate went 2-for-5 with a double and two RBIs in a 12-9 loss to Tullahoma.\n\nCaden Porter, Loretto: Porter went 3-for-3 with two runs scored, a double, a home run and two RBIs in a 4-3 win over Summertown.\n\nKavares Tears, Columbia Academy: Tears picked up the win striking out nine in just over four innings. He also went 1-for-2 with an RBI.\n\nLuke Uselton, Columbia: Uselton went 3-for-5 with three runs scored, a triple and two RBIs.\n\nSoftball\n\nKaley Campbell, Summertown: Campbell went 3-for-4 with two doubles and two RBIs in a 9-1 win over Loretto.\n\nKat Carter, Spring Hill: Carter pitched a complete game striking out 10 in a 14-2 win over Brentwood.\n\nDixie Corbin, Summit: Corbin went 2-for-2 with three RBIs in a 15-5 win over Ravenwood.\n\nAshlyn Easley, Summit: Easley went 3-for-4 with three runs scored, two doubles and two RBIs.\n\nHannah Sundberg, Summit: Sundberg went 2-for-2 with two doubles and two RBIs.\n\nMorgan Woodside, Summit: Woodside went 3-for-5 with three runs scored, a double and two RBIs.\n\nElizabeth Woods, Summertown: Woods went 2-for-3 with a double and two RBIs.\n\nReach Joe Spears at jspears2@gannett.com or 731-343-4923. Follow him on Instagram and Twitter @joe_spears7."
        },
        {
            "id": "095c5ec57ffe0ff5",
            "title": "Move Nathan Bedford Forrest bust quickly now that Historic Commission has voted | Plazas",
            "content": "Move Nathan Bedford Forrest bust quickly now that Historic Commission has voted | Plazas The Nathan Bedford Forrest bust never belonged at the Tennessee State Capitol. It's past time that the state moved it to a more appropriate place.\n\nShow Caption Hide Caption Gov. Lee calls for relocation of Nathan Beford Forrest bust During his COVID-19 briefing, Gov. Bill Lee called for Nathan Beford Forrest bust to be relocated from the State Capitol to a museum instead. Nashville Tennessean\n\nDavid Plazas is the director of opinion and engagement for the USA TODAY Network Tennessee.\n\nVisitors to the Tennessee State Museum receive interactive history lessons that take them from the prehistoric era to the 21st century.\n\nThey learn about how Tennessee revolutionaries bested the British in a battle during the Revolutionary War and how Tennessee-born artists like Tina Turner and Dolly Parton revolutionized the music industry.\n\nThey also witness the nuanced and ugly sides of history from the enslavement of Black people to the Ku Klux Klan. Nathan Bedford Forrest, the Confederate general, slave trader and early leader of the Klan features prominently, and soon his bust will join the display there.\n\nThe Tennessee Historic Commission's 25-to-1 vote Tuesday in favor of allowing Gov. Bill Lee to relocate the bust from the state Capitol building in downtown Nashville just a mile north to the museum is monumental. This vote follows years of delays, past vote failures and still active efforts to permanently entomb the bust in the DNA of the building.\n\nHowever, the bust does not belong in the Capitol. It never has.\n\nConfederate monuments have emerged in moments of inflection\n\nI have written at least a half dozen columns about the bust and its history, but here's a primer:\n\nThe late Democratic Sen. Douglas Henry led the effort in the 1970s to use private funds to create the bust and then place it in a sacred, public place.\n\nBlack community leaders opposed the bust even then. The Ku Klan Klan once stood in front of the bust in the 1980s in a grotesque show of racist psychological terror.\n\nDespite decades of objections and protest, the bust stood on the second floor of the Capitol building, ominously staring at lawmakers and visitors, while ostensibly acting as a symbol for what Tennessee values represent.\n\nMajor shifts in public opinion come at inflection points.\n\nAs The Tennessean and its sister papers in the USA TODAY Network South region have documented in the \"Confederate Reckoning\" series, the monuments, statues and busts have emerged during these inflection points:\n\nin the late 19th century as Jim Crow laws began to take hold of the South,\n\nin the 1920s following the re-segregation of the federal government under the Democratic Wilson Administration, and\n\nin the 1960s as the law was changing to grant Black Americans full voting and civil rights in the United States.\n\nThe Forrest bust was sculpted following the court-ordered efforts to desegregate public schools.\n\nHear more Tennessee Voices: Get the weekly opinion newsletter for insightful and thought provoking columns.\n\nBill Lee's evolution on Forrest bust is worthy of celebration\n\nIn recent years, as the state's political makeup changed dramatically, Republican lawmakers took up Forrest's cause, passing laws including the Tennessee Heritage Protection Act that make it harder to remove monuments.\n\nHouse Speaker Cameron Sexton and Senate Speaker Lt. Gov. Randy McNally have requested an opinion from Tennessee Attorney General Herbert Slatery on the legality of how Lee engineered the relocation of the bust. The governor relied on multiple votes of the Capitol Commission and the Historic Commission whose membership gradually changed to a pro-relocation majority.\n\nLee himself was adamant that the bust should stay in the Capitol when he first assumed office in 2019 \u2014 a departure from his predecessor Bill Haslam's position.\n\nMore: We commend Gov. Bill Lee for pushing for Nathan Bedford Forrest bust relocation | Opinion\n\nOver time, however, with public pressure and by listening to the stories of people who felt harmed by Forrest's bust, Lee's view evolved. He made clear his desire to move the bust during the Historic Commission's meeting on Tuesday.\n\nThat deserves celebration and gratitude.\n\nWhat would make this moment even better is if the bust were moved without delay to the museum.\n\nFurther delays will simply pour more salt on the wounds of Tennesseans \u2014 both Black and white \u2014 who grieve that Forrest acts as part of the state's welcoming party when citizens come to the state Capitol, the people's house.\n\nIt is time to move forward.\n\nDavid Plazas is the director of opinion and engagement for the USA TODAY Network Tennessee. He is an editorial board member of The Tennessean. He hosts the Tennessee Voices videocast. Call him at (615) 259-8063, email him at dplazas@tennessean.com or tweet to him at @davidplazas."
        },
        {
            "id": "b3ffdd6baf90d8f8",
            "title": "State coordinator: Don't expect a surge of new refugees arriving in Tennessee this year",
            "content": "State coordinator: Don't expect a surge of new refugees arriving in Tennessee this year\n\nShow Caption Hide Caption AP Debrief: Biden hikes refugee cap after outcry President Joe Biden on Monday formally raised the nation's cap on refugee admissions to 62,500 this year, weeks after facing bipartisan blowback. (May 3) AP\n\nIt is too soon to tell how many refugees will be resettled in Tennessee this year.\n\nBut state refugee coordinator Louisa Saratora is not expecting a surge in new arrivals even though President Joe Biden recently raised the country's historically low refugee cap set by the Trump administration. Biden increased the number of refugees allowed into the country this year from 15,000 to 62,500.\n\nSaratora, who leads the Tennessee Office for Refugees, anticipates the resettlement agencies working across the state will be able to keep up, although they went through staff cuts as well as an office closure when Trump gutted the federally funded program.\n\n\"We anticipate that growth will be slow and steady,\" Saratora said. \"We'll be able to rebuild commensurate with arrival numbers as they rise.\"\n\nRefugees, vulnerable people fleeing threats of violence and persecution around the globe, go through a multi-step vetting process that can take years before they can restart their lives in a new country. Delays are likely, especially as the pandemic continues to create travel complications, Saratora said.\n\n\"There's so many factors that are beyond our control,\" Saratora said. \"Just increasing the number doesn't unfortunately solve COVID or processing or any of those other factors that feed into those numbers.\"\n\nEDUCATION: More facts, less rhetoric can improve public acceptance of refugee program, evangelical leaders say\n\nSTATE LEVEL: What refugee resettlement could look like in Tennessee under the Biden administration\n\nHistorically, the global humanitarian effort has enjoyed bipartisan support in the U.S. But the refugee program, administered through public and private agencies, became a politically contentious issue under the Trump administration.\n\nIn Tennessee, Gov. Bill Lee supported the continuation of the program in the state. But Tennessee sued the federal government over refugee resettlement funding. Lee's decision was controversial among many Republicans.\n\nBiden also has face pushback for his refugee policies. During his campaign, Biden promised to raise the number of refugees allowed into the U.S. each year to 125,000 and increase it over time. But he flip-flopped on the issue and eventually raised the cap to 62,500.\n\nAs of the beginning of March, 58 refugees have resettled in Tennessee this fiscal year, which started in October, Saratora said. About 70% of them have begun their new lives in Nashville, she said.\n\nCatholic Charities, Diocese of Nashville has helped resettle some of them, said Judy Orr, executive director for the social services agency.\n\nBut this fiscal year, they have served far more people coming to the U.S. through the country's asylee and Cuban-Haitian entrant programs than the refugee program, she said.\n\nThere's still a lot of unknowns about how the increase made by the Biden administration will impact Catholic Charities, Orr said. The organization is among the resettlement agencies that cut staff during the Trump administration and they're in the process of trying to ramp back up, she said.\n\nResettlement agencies receive federal funding to help refugees find jobs, housing and integrate into their new communities. Catholic Charities gets reimbursed for the refugees they resettle and working with this diverse population requires a unique skill set, Orr said.\n\n\"We've got to make sure we can hire appropriate people and get them trained,\" Orr said. \"You can't flip a switch and make that happen overnight, and that will build up gradually.\"\n\nDespite the uncertainty ahead, Orr has a positive outlook for what's to come. Faith motivates this work. Orr said there is a Biblical imperative to help the stranger.\n\n\"We're pretty optimistic that we can absorb whatever the federal government sends our way,\" Orr said.\n\nReach Holly Meyer at hmeyer@tennessean.com or 615-259-8241 and on Twitter @HollyAMeyer."
        }
    ],
    "label": 2,
    "label_text": "high"
}