{
    "source": "conservativehq.com",
    "articles": [
        {
            "id": "b85f74e212771c83",
            "title": "The Legal Assassination of Tom DeLay and Criminal Justice Reform",
            "content": "\n\n\n\nFormer House Majority Leader Tom DeLay was not my favorite Congressman while he was in office.\n\nDeLay came to Congress as a Texas conservative, however, he soon abandoned conservative principles to join the Capitol Hill Republican establishment and put his formidable political skills to use growing government, adding billions to the budget through earmarks and playing \u201cthe Hammer\u201d to pass Medicare Part D and many of the other excesses that set in motion the loss of the Republican House majority in 2006.\n\nAmong conservatives the philosophical and political disappointment in Tom DeLay was deep.\n\nWhen an ambitious and vindictive Texas Democrat prosecutor indicted him for money laundering and DeLay was forced out of his leadership position and later his seat in Congress, and ultimately convicted of the charges in 2010, Tom DeLay\u2019s fall from grace seemed complete.\n\nExcept it wasn\u2019t \u2013 not by a long shot.\n\nTom DeLay, in a remarkable show of character, refused to take a plea bargain. He refused to admit he was guilty of anything other than being an effective tactician for his Party and he claimed that his prosecution was entirely political \u2013 he\u2019d done nothing wrong.\n\nDeLay fought the charges for eight years and yesterday, 11 years after the allegedly criminal activities for which DeLay was indicted occurred, a Texas Court of Appeals not only overturned the verdict against him, it also entered a full acquittal.\n\nJustice Melissa Goodwin wrote in the majority opinion that, \u201cRather than supporting an agreement to violate the election code, the evidence shows that the defendants were attempting to comply with the Election Code limitations on corporate contributions.\u201d\n\nIn other words, the majority on the Court of Appeals found that Tom DeLay was trying to comply with the law that he was convicted of violating \u2013 exactly the opposite of the allegations made by the prosecutor.\n\nHow can you be convicted of violating a law with which you are \u201cattempting to comply?\u201d\n\nOne way \u2013 and the most common way \u2013 is to run afoul of laws that are so broad, so complex and so subject to arbitrary and capricious enforcement that an ambitious and vindictive prosecutor can use the law to ruin anyone he singles out for personal destruction.\n\nOur own Mark Fitzgibbons and University of Tennessee law professor Glenn Harlan Reynolds have written persuasive articles pointing out that \u201cGiven the vast web of legislation and regulation that exists today, virtually any American bears the risk of being targeted for prosecution,\u201d as Professor Reynolds put it.\n\nIf prosecutors were not motivated by politics, revenge, or other improper motives, the risk of improper prosecution would not be particularly severe.\n\nHowever, as Professor Reynolds noted, such motivations do, in fact exist, and they motivate prosecutors to pursue certain individuals, like Tom DeLay, while letting others off the hook.\n\nTom DeLay summed-up his near decade-long odyssey this way, \u201cIf you really look at this, this is an outrage and a violation of freedom, a violation of law and it\u2019s a violation of just decency.\u201d\n\nAnd that fits perfectly with the original motivation of the case \u2013 if your goal is to oust someone from public office, bankrupt them, and destroy their reputation and family then a conviction on the facts and the law is somewhat beside the point.\n\nThe decision of the Texas court overturning the verdict and entering a full acquittal in Tom DeLay\u2019s money laundering case is not only a personal vindication for DeLay, it is a clarion call for criminal justice reform and structural changes in the criminal justice system that will more successfully deter prosecutorial abuse in a legal system where today, even a ham sandwich can be indicted by an ambitious and vindictive prosecutor."
        },
        {
            "id": "0cdc2945729aa0fc",
            "title": "The Ammo You Need to Defeat Amnesty: Immigration and Environmental Hypocrisy",
            "content": "\n\nHouse Republicans are on a dangerous course on immigration \u201creform\u201d and amnesty for illegal aliens, and the only way to defeat this giveaway of American sovereignty and exceptionalism is for you to get in the battle to defeat amnesty, and get in it NOW.\n\nThe next video in our \u201cShort Course\u201d on the dangers and cost of amnesty and open borders explains how unchecked immigration is undermining the quality of life for American citizens and how it conflicts with environmental goals.\n\n\u201cThere is a common misperception that immigration laws exist to facilitate the orderly admission of foreign nationals who would like to live in the U.S.,\u201d noted Joseph Cotto of The Washington Times in quoting Dan Stein, the president of the Federation for American Immigration Reform. \u201cIn reality, immigration laws exist to protect the vital interests of the people of the United States and, only then, to ensure the orderly admission of people we choose to open our doors to.\u201d\n\nThe cheap labor wing of the business community and their allies among Capitol Hill Republicans know that illegal immigration hurts America at large, but they are only interested in their own economic advantage.\n\nRepresentative Aaron Schock recently told reporters: \"I'm not sure many on our side are getting prepared for immigration reform or any other domestic issue other than dealing with our debt.\"\n\nOne way you can arm yourself intellectually for this battle and make sure conservatives on Capitol Hill are ready is to watch the videos in our \u201cShort Course\u201d on amnesty and immigration \u2013 and then call your Representative and Senators and demand that they defend American exceptionalism and vote \u201cNO\u201d on any immigration bill that grants amnesty to illegal aliens.\n\nHouse Republicans must wake-up to the threat to the future of this country and their own political futures posed by the false urgency behind the passage of S. 744 (the Obama \u2013 Rubio amnesty bill) or a similar house amnesty proposal. The real priorities of American voters and their families remain jobs and the economy, and you can learn more about the negative effects of amnesty and illegal immigration by watching the next video in our \u201cShort Course\u201d on amnesty and illegal immigration.\n\nSign our urgent petition against granting a free pass for illegal aliens. Call your representative and senators NOW to urge them to stop the liberals' plan to ram amnesty through Congress."
        },
        {
            "id": "1934eb5a8b63df6c",
            "title": "Call to Action: Oppose Big Business Fly-in for Amnesty for Illegal Aliens",
            "content": "\n\nLawbreaking by President Barack Obama and his administration has become so commonplace that to some it may seem to hardly merit comment anymore. However, standing for the rule of law used to be a fundamental precept that distinguished the Republican Party from \u201cthe (liberal) ends justify the means\u201d Democrats.\n\nHow far establishment Republicans have fallen in this regard is so obvious that it hurts as the push for amnesty for illegal aliens heats up \u2013 again.\n\nDespite the fact that illegal aliens have become so brazen as to chain themselves to busses headed to deportation hearings and to the gates of detention facilities you\u2019d be hard-pressed to find one of the Republican Party\u2019s \u201cleaders\u201d on Capitol Hill standing for the rule of law or demanding that the Obama administration fulfill its constitutional duty to enforce the laws Congress passes.\n\nIndeed, illegal aliens have become so brazen as to start giving interviews to the media demanding that they be granted amnesty and citizenship.\n\n\u201cI\u2019m doing this to show my brother and all the other people inside that we support them and we will do what it takes to get them out,\" said a 16-year-old quoted by Fox News at a protest in front of an Arizona detention facility.\n\nDean Santos, who grew up in the U.S. without legal status and was almost deported himself in 2011, according to Southern California Public Radio. Despite the fact that he was granted a reprieve, he showed-up at a protest to demand amnesty for himself and other illegal aliens.\n\nThe response from Capitol Hill\u2019s establishment Republican \u201cleaders?\u201d\n\nNothing.\n\nOf course this silence may have something to do with the fact that the cheap labor wing of the business community is flexing its muscles and is solidly behind the push for amnesty.\n\nAccording to Bloomberg News, big business and big agricultural interests have organized a \u201cconservative fly-in\u201d this week that will involve about 600 people and include personal meetings with at least 80 Republican members of Congress. The event is being organized by the Soros-backed Astroturf organization the National Immigration Forum.\n\nOther funders of the so-called \u201cconservative fly-in\u201d include the Partnership for a New American Economy, the U.S. Chamber of Commerce and FWD.us, a technology group formed by Facebook Inc. (FB) Chief Executive Officer Mark Zuckerberg.\n\nThe Partnership for a New American Economy is an association of mayors and business leaders formed by New York Mayor Michael Bloomberg \u2013 hardly a pillar of the conservative movement.\n\nThe conservative bona fides of these amnesty advocacy organizations elude us, but according to the First Amendment anyone can call themselves a \u201cconservative\u201d if they want to.\n\nOur take on the conservative credentials and motives of this week\u2019s cheap labor fly-in is similar to that of Chris Crane, President of the ICE Council, the union that represents immigration enforcement officers, who wrote in an open letter to Congress:\n\n\u201cIf these groups were concerned about public safety, national security and the rule of law they would be joining our call for an investigation of the Department of Homeland Security. In fact, we are urging all lawmakers to demand an investigation of DHS before moving immigration bills. ICE officers are being ordered by DHS political appointees to ignore the law. Violent criminal aliens are released every day from jails back into American communities. ICE Officers face disciplinary action for engaging in routine law enforcement actions. We are barred from enforcing large sections of the Immigration and Nationality Act, even when public safety is at risk. Officer morale is devastated. Our agency\u2018s managers answer to special interests and not to Congress. No reform can succeed as long as this or any other administration can choose to ignore Congress and violate the law with impunity.\u201d"
        },
        {
            "id": "cb55fad780b66dd5",
            "title": "Holding Our Friends' Feet to the Fire",
            "content": "\n\nOne of the best ways to separate the principled limited government conservatives in Congress from the establishment Republicans in Congress is to check the record and see who has been rocking the boat; and who has voted against the big spending/big government House leadership is a good measure of \u201crocking the boat\u201d on Capitol Hill.\n\nThat is why we were completely amazed to read in The Wall Street Journal this quote from Tea Party backed Congressman Ted Yoho (FL-3): \"They're overlooking what we're here for,\" Yoho said in criticism of conservative opposition to the Farm Bill. \"We're here to legislate.\"\n\nGiven that Yoho was just elected in 2012 we never thought we\u2019d see the day when a Tea Partier, elected to fight big government, was so quickly turned into a \u201clegislator.\u201d\n\nLikewise, South Carolina\u2019s Mick Mulvaney, whom we regularly laud on this site for his principled stands for liberty and against big government, was quoted by the WSJ as complaining that Heritage Action and other conservative organizations had opposed the Farm Bill strategy he and some other House conservatives pursued: \"We went into battle thinking they [Heritage Action] were on our side, and we find out they're shooting at us,\" said Mulvaney.\n\nWe would expect these kinds of complaints from House Ag Committee Chairman Frank Lucas of Oklahoma, who is good on many social issues, but rarely meets a federal farm or agriculture industry program he doesn\u2019t like.\n\nBut to hear complaints about conservative opposition to big government from two among the regular House \u201cboat rockers,\u201d what gives?\n\nWe are not going to get down in the weeds of the differences of opinion among conservatives over the details of the Farm Bill and the two bill versus one bill strategy other than to say that the $20 billion in alleged \u201ccuts\u201d over ten years is a drop in the bucket in programs that have grown explosively during the Obama presidency.\n\nThe bigger problem as we see it is that Yoho, Mulvaney and many otherwise conservative Members of Congress sometimes forget \u2013 hopefully just briefly \u2013 what their role is and who sets the agenda in our representative form of government, and that is \u201cWe the People.\u201d\n\nToo many otherwise conservative individuals get elected to Congress and soon come to believe that they are \u201cleaders\u201d entitled to uncritical support, instead of \u201crepresentatives\u201d translating the wishes of \u201cWe the People\u201d into policy and action.\n\nAnd they get annoyed when \u201cWe the People\u201d question their policy decisions or demand real action instead of words.\n\nWe support Heritage Action, The Club for Growth and other conservative organizations that are at the forefront of using the technology of the new media to translate the wishes of \u201cWe the People\u201d into political and policy action.\n\nEven when that means holding our friends\u2019 feet to the fire.\n\nHolding our friends\u2019 feet to the fire is something that we do, and we think conservatives must do \u2013 regularly if required \u2013 to keep our representatives focused on what we think is their most important job; representing \u201cWe the People\u201d and managing the government according to limited government constitutional conservative principles."
        },
        {
            "id": "2ea2715a7d8ed773",
            "title": "Have You Called Congress About The Illegal Alien Invasion?",
            "content": "\n\n\n\nLast week we told you that Obama and his allies are counting on you to give up on the fight to preserve American sovereignty and the rule of law. They figure that you will become worn down and eventually just acquiesce to the invasion of our southern border.\n\n\n\nThat\u2019s one reason why our friend Senator Jeff Sessions of Alabama sounded the alarm on July 25 and said this week will be one of the most crucial weeks in the history of the republic for Americans who want to preserve the rule of law that has made America so exceptional.\n\n\n\nSessions, a senior member of the Senate Judiciary Committee, called on the American public to rally Congress against the President\u2019s openly declared threat to implement, by executive order, the amnesty that Congress has rejected:\n\n\n\n\u201cHow Congress chooses to act in the coming hours and days will determine whether the President succeeds in his plan to nullify the immigration laws of the United States.\n\n\n\nTIME magazine reported that the President is considering a grant of \u2018work authorization for perhaps several million undocumented immigrants.\u2019 Permitting those illegally present in the U.S. to work and take jobs is contrary to plain law, which the President has no power to change. Yet Democratic members of Congress have openly crowed about these planned executive actions.\n\n\n\nIt has now been extensively reported according to Senator Sessions, that these executive actions will likely expand his Deferred Action program (DACA) to apply to an additional 5\u20136 million adult illegal immigrants. The existing DACA program has been widely misunderstood. The executive action did not, as The Hill wrote, only result in \u2018deferred deportations for young undocumented immigrants,\u2019 noted Senator Sessions.\n\n\n\n\u201cIllegal immigrants in the interior of the U.S. have already, as a practical matter, been immune from enforcement under this Administration. DACA applies to individuals up to 30 years of age and provides actual amnesty papers, photo ID, and work permits to illegal immigrants\u2014who can then take any job in America.\n\n\n\nThe President\u2019s planned executive orders would expand this permitting program to another 5\u20136 million illegal immigrants. This would effectively end immigration enforcement in America, concluded Senator Sessions.\n\n\n\nThe only thing that can stop amnesty and the push for open borders is for the citizenry of this country to stay vigilant and untiring in their opposition to the destruction of American sovereignty and the dilution of American exceptionalism.\n\n\n\nObama and the open borders crowd are counting on you to tire of the fight. Conservatives must be unrelenting in their demand that Congress, specifically House Republicans, get serious about stopping the invasion of our southern border. They have the tools to do it, we must make sure they have the will.\n\n\n\nAs Senator Sessions put it so well, \u201cThe American people have begged and pleaded for years for our laws to be enforced. We have people in our own country living in violence, fear, and poverty every single day. They have demanded an immigration policy that puts their jobs, wages, and communities first. Every citizen should pick up the phone and ask of their congressional representative: where do you stand?\u201d\n\n\n\nThe future of this great country is in your hands. The U.S. Capitol switchboard is (1-866-220-0044). We urge you to call your Representative and Senators immediately and ask them, as Senator Jeff Sessions suggested, \u201cWhere do you stand?\u201d And then tell them where you stand; against open borders and for the rule of law.\n\nAnd please sign our petition and join the thousands of other Americans who demand that Congress stand for American sovereignty and defend our southern border by prohibiting President Obama from expending any funds on the release of illegal aliens from federal detention and the transportation of them to the interior of the United States."
        },
        {
            "id": "eb70f07d8ff06f8e",
            "title": "The Republican Establishment is Terrified of Ron Paul",
            "content": "After years of being ignored, Ron Paul finally has the full attention of the Republican establishment. In fact, he has more than just their attention. He has them in an absolute panic.\n\nWhy? Ron Paul may very well win the Iowa caucus -- one of the most revered and respected events of presidential primaries.\n\n\u201cIt would make the caucuses mostly irrelevant if not entirely irrelevant,\u201d Becky Beach, a long-time Republican activist from Iowa told POLITICO. \u201cIt would have a very damaging effect because I don\u2019t think [Ron Paul] could be elected president and both Iowa and national Republicans wouldn\u2019t think he represents the will of voters.\u201d\n\nAnd, the excuses are already pouring in.\n\nIowa House Speaker Kraig Paulsen suggested that a Paul victory could be the result of people \"perverting\" the system. Tamara Scott, the Bachmann campaign\u2019s Iowa co-chair, says Paul has \u201chijacked\u201d the caucus system. Then, others, like Iowa Governor Terry Branstad, said voters would (or, more likely implied, should) simply ignore Paul, looking instead to the second and third place winners as a true barometer of the nation.\n\nAt first, Ron Paul was ignored because he didn\u2019t have a chance in the primaries. Now, he is loathed because he does.\n\nBut, Republicans have only themselves to blame. Just as the systematic exclusion of Gary Johnson from the 2012 primary debates pushed him to run as a Libertarian, the actions of the Republican establishment set the stage for the \u201cRon Paul Revolution.\u201d Now, the full force of the Revolution is set to strike in Iowa.\n\nCall it a hijacking, a perversion of the process, or just a fluke, but a Paul victory in Iowa is no less legitimate than a victory by Mitt Romney, Newt Gingrich, or Michele Bachmann. The winners of primaries, just like any straw poll, are determined by the motivation of supporters to get out and vote. And, as Timothy P. Carney, The Washington Examiner's senior political columnist, wrote in a recent column: \"In a crowded GOP field currently led by a collapsing Newt Gingrich and an uninspiring Mitt Romney, Paul could carry the Iowa caucuses, where supporter enthusiasm has so much value.\"\n\nIs it Paul\u2019s fault that he has set the standard for grassroots support? Is it Paul\u2019s fault that his supporters are the most motivated and the most active because they believe in his message of limited government and fiscal discipline? And, is it Paul\u2019s fault that after years of being snubbed by the Republican establishment, his supporters are more motivated than ever to push him to the top now that he actually has a chance?\n\nOr, is it the fault of the Republican establishment for producing uninspiring leadership, milquetoast candidates, and a destroyed brand?\n\nIf Republicans want to stop Ron Paul from upsetting the established order, the answer is simple: Beat Paul at his own game. Get serious about cutting spending. Put together a plan for foreign policy that doesn\u2019t turn our troops into nation builders. Dramatically reduce the size of government by actually eliminating government agencies.\n\nIn essence, get serious about being conservative. Otherwise, Republicans are just feeding the monster, and making Paul\u2019s (growing) support base even more motivated to get him elected.\n\nThe reason Paul wins so many online polls is the same reason he\u2019s poised to win in Iowa: His supporters are eager to see him at the top. Blaming Paul for winning a system based on the turnout of supporters -- by using the energy of his supporters -- is like blaming a beauty pageant winner for being too beautiful. It\u2019s sour grapes, and nothing but an excuse for one\u2019s own shortcomings."
        },
        {
            "id": "29e13aee9fc0ce60",
            "title": "GOP Rep. Hal Rogers \u2013 Obama\u2019s Greatest Ally In The Amnesty Battle",
            "content": "\n\n\n\nCHQ Chairman Richard A. Viguerie made the point in his book TAKEOVER that the greatest impediment to governing America according to conservative principles is not the Democrats \u2013 it is the progressive establishment of the Republican Party.\n\n\n\nAnd there is no better proof of this theorem than the role Kentucky Republican Representative Hal Rogers, Chairman of the House Appropriations Committee, is playing in the current battle over President Obama\u2019s plan to grant an unconstitutional amnesty to millions of illegal aliens.\n\n\n\nBefore the final tallies of the votes in the 2014 midterm wave were even official Rogers announced that he was preparing an omnibus spending bill and that he had the agreement of Republican leaders to pass the bill by the end of the year.\n\n\n\nAccording to an interview with CQ-Roll Call, the Kentucky Republican said House leaders will make the case to skeptical conservatives at a caucus meeting on Thursday (today) that it\u2019s better to clear the decks on fiscal 2015 now, during the lame duck session, than to wait until Republicans take Senate control next year. Waiting would require passing another short-term continuing resolution once the current one expires Dec. 11.\n\n\n\nSetting aside the fact that such a move gives the recently defeated Democrats unprecedented power over next year\u2019s spending, it amounts to unilateral disarmament in the face of Obama\u2019s announced plan to grant an unconstitutional amnesty to millions of illegal aliens.\n\n\n\nAccording to CQ-Roll Call, Republican Rep. Matt Salmon of Arizona has already convinced more than 50 of his Republican colleagues to sign a letter asking appropriators to include language blocking Obama\u2019s planned amnesty in any omnibus brought to the floor of the House.\n\n\n\n\u201cThis is an opportunity for everybody to come together and speak clearly and forcefully that doing this unconstitutional act would be a mistake, and if you do it, there won\u2019t be funding for it,\u201d Salmon told the paper\u2019s Shawn Zeller.\n\n\n\nNow here are two key points in Zeller\u2019s article that should give every conservative pause about the direction of the new Republican Congress under the current leadership:\n\n\n\nFirst, Rogers says, that an omnibus would allow Congress to deal with the threat posed by the Islamic State militia to U.S. interests in Iraq and Syria, as well as the Ebola outbreak in Africa. Obama has asked Congress for $6.2 billion for Ebola, $5.6 billion to fight the Islamic State and $3.7 billion to handle a surge in child migrants at the southern border. Rogers says he\u2019s going over the requests and wants to help.\n\n\n\nSecond, Rogers said he met Wednesday afternoon with House Majority Leader Kevin McCarthy and secured his commitment to lobby reluctant conservatives to support the omnibus. \u201cHe\u2019s making a very strong pitch, as is all of leadership, to pass an omnibus rather than a CR,\u201d Rogers claimed to Zeller.\n\n\n\nWhat a conservative Member of Congress should do about Obama\u2019s request to put more money into the ill-advised deployment of American military personnel to \u201cfight\u201d Ebola in Africa, Obama\u2019s ill-conceived air campaign against the Islamic State and Obama\u2019s giveaways to illegal aliens is by no means universally agreed upon, which is why such matters should be handled in regular order, not in a rush during a lame duck session of Congress that gives the overwhelmingly defeated Democrats unprecedented power and influence in the decisions.\n\n\n\nWhat\u2019s more the push for an omnibus is a gross display of hypocrisy by Appropriations Chairman Rogers who has spent most of his chairmanship calling for appropriations to be handled in \u201cregular order,\u201d rather than as big last minute omnibus packages as was the practice when Democrat Nancy Pelosi was Speaker.\n\n\n\nBut the worst damage that Rogers\u2019 push for an omnibus spending bill does is to unilaterally disarm Republicans in the face of Obama\u2019s plan to grant amnesty to millions of illegal aliens.\n\n\n\nRogers\u2019 statement that such language would make it impossible to pass an omnibus shows that he is more interested in \u201cgetting things done\u201d than in \u201cgetting things done right,\u201d or worse yet, that he is so out of touch that he completely missed the major motivator in the recent wave \u2013 opposition to amnesty for illegal aliens.\n\n\n\nAs we pointed out yesterday, the Obama -- Reid plan for the lame duck is to get Republicans to pass an omnibus early, and then ram through the confirmation of dozens of liberal judges and administration appointees and implement Obama's planned amnesty for illegal aliens after Republicans have unilaterally disarmed.\n\n\n\nRogers insistence on an omnibus spending bill, rather than a short term Continuing Resolution (CR) that funds the government until Republicans have control of the Senate, plays right into that trap.\n\n\n\nWe already know Hal Rogers is no conservative, but by opposing including language in the omnibus to prohibit Obama\u2019s planned amnesty for illegal aliens and a CR that retains the Republicans' power to defund the implementation of Obama's amnesty, Rogers is proving he does not have a clue about what motivated grassroots conservatives to turn out and vote Republican less than two weeks ago.\n\n\n\nThere\u2019s an old bit of Washington wisdom that says there are three political parties on Capitol Hill: Democrats, Republicans and Appropriators. Even such establishment figures as Karl Rove and RNC Chairman Reince Priebus say Obama\u2019s planned amnesty is \u201cillegal\u201d and \u201cwrong,\u201d and that Republicans ought to stop it \u201cat all costs.\u201d Given how far out of sync Hal Rogers is with Republicans, that leaves only two choices as to where Rogers\u2019 loyalties really lie; Appropriator or Obama Democrat.\n\nCall or write your legislator today (the Capitol switchboard is 1-866-220-0044) tell Capitol Hill Republicans not to fall for the trap; it is time to stand tall and fight the Obama \u2013 Reid plan straight through to the beginning of the new Congress.\n\n"
        },
        {
            "id": "4ddf3445da07571f",
            "title": "\u2018Committee on the Present Danger: China\u2019 Launches",
            "content": "\n\nA team of America\u2019s top national security thinkers, leaders, China experts, business leaders, human rights and religious freedom activists, and others has launched a new organization, The Committee on the Present Danger: China, (CPDC) to awaken Americans to the danger posed by the Chinese Communist Party and the country it misrules\u2014and equip government and private sector leaders with recommendations for mitigating that multifaceted and growing threat.\n\nThe CPDC hosted its first meeting on March 25, 2019 at the Reserve Officers Association ballroom. That meeting was followed yesterday, April 9, by a roundtable meeting at the same location, featuring presentations by Senator Ted Cruz, former Speaker of the House Newt Gingrich, Rep. Chris Stewart (UT-2) a member of the House Permanent Select Committee on Intelligence, Gordon Chang, Author of The Coming Collapse of China, Lianchoa Han, Co-Founder, Independent Federation of Chinese Students and Scholars, Steve Bannon, former Strategic Advisor to the President, and others.\n\nThe Committee for the Present Danger: China Chairman Brian Kennedy and Vice Chairman Frank Gaffney have released a brief statement explaining reasons for organizing the CPDC and its mission.\n\n\u201cThe Committee on the Present Danger: China\u201d is a wholly-independent and non-partisan effort to educate and inform American citizens and policymakers about the existential threats presented from the Peoples Republic of China under the misrule of the Chinese Communist Party. Its purpose is to explain these threats that range from: the PRC\u2019s accelerating military buildup; its active information and political warfare that targets the American people and our business, political and media elites; cyber warfare; and, economic warfare.\n\nThe Committee takes no ideological point of view, rather it relies on the facts as reasonable people can understand them. Armed with these facts, the Committee believes Americans\u2019 abundant common sense will prompt them to demand of their elected officials that all reasonable measures be taken to defend the United States, its vital economic interests, and the security of its citizens.\n\nAccording to the organization\u2019s Mission Statement distributed at the April 9, 2019 meeting, the mission of the \u201cCommittee on the Present Danger: China\u201d is to help defend America through public education and advocacy against the full array of conventional and non-conventional dangers posed by the People\u2019s Republic of China. As with the Soviet Union in the past, Communist China represents an existential and ideological threat to the United States and to the idea of freedom\u2014one that requires a new American consensus regarding the policies and priorities required to defeat this threat. And for this purpose, it is necessary to bring to bear the collective skills, expertise and energies of a diverse group of experts on China, national security practitioners, human rights and religious freedom activists and others who have joined forces under the umbrella of the \u201cCommittee on Present Danger: China.\u201d\n\nThe organization also presented attendees of the April 9 roundtable with a set of guiding principles to assist Americans in understanding the Communist China threat, among which are:\n\nGlobal hegemony has been the longstanding goal of the Chinese Communist Party the pursuit of which has become, under the leadership of Xi Jinping, increasingly brazen, blatant, and aggressive.\n\nThe Chinese Communist Party (CCP), especially the party-controlled Chinese military, regards the United States as the only real impediment to its aspirations.\n\nFor decades, the PRC has used an array of asymmetric financial, economic, cyber, information, influence, espionage, political warfare and other techniques (including unconventional ones) to weaken and ultimately defeat America.\n\nIncreasingly, China can also project power globally and decisively using a combination of: stolen, purchased and indigenously developed hardware; a growing collection of strategically located overseas ports, airfields and bases; denial of access to strategic minerals and other resources; space and space-related capabilities; predatory investment and finance for global strategic gain; modernized and probably clandestine nuclear forces; state and non-state proxies; and a new way of warfare based on cyber operations and electromagnetic pulse (EMP) to neutralize others\u2019 defense capabilities.\n\nThe United States is likely to face in the foreseeable future a determined and aggressive superpower adversary, prepared and willing to use force, as well as non-military forms of warfare, to defeat this country decisively. The PRC\u2019s aggressive actions are increasingly putting at risk its own people and environment and that of the rest of the world.\n\nParticularly ominous has been the CCP\u2019s success of late in undermining and subverting Western democracies from within through its: control, domination and exploitation of Chinese diaspora communities, including overseas students, professors and researchers; influence operations in the Western media and in academia; and the use of American and other corporations and even individuals invested in or doing business with China as advocates for accommodating Beijing.\n\n\n\nTo steal the personal information of ordinary American citizens and to subvert their perceptions, opinions, and behavior.\n\n\n\nIn the face of such threats, America must mobilize all instruments of national power to protect its people, territory, human freedom, vital interests and allies from the Chinese Communist Party.\n\n\n\nPrevailing against this dangerous adversary will require an understanding of the threat posed by its totalitarian system; a determination to reverse decades of American miscalculation, inaction and appeasement; and concerted, sustained effort on the part of the U.S. government, civil society, private sector business entities and the public at large to implement needed corrective actions.\n\n\n\nThere is no hope of coexistence with China as long as the Communist Party governs the country. We seek China\u2019s peaceful evolution into a nation that respects the rule of law and individual human rights, instead of threatening its own people, as well as others.\n\n\n\nThe Committee on the Present Danger: China is committed to educating policymakers and the American people about the mortal threat posed by the Communist Chinese Party and recommending and advocating for essential policy course-corrections aimed at defeating PRC aggression and keeping the United States and Free World strong and safe.\n\nAt the height of the Cold War with the Soviet Union the original Committee on the Present Danger was formed with Ronald Reagan as a member. The goal of those patriots was to alert Americans to the on-going danger of Soviet Communism and its expansionist ambitions and to propose actions that would defeat those ambitions. Later some 39 individuals associated with the CPD joined the Reagan administration to formulate and implement the strategies that would bring down the Soviet empire.\n\nWe commend Messrs. Kennedy, Gaffney and the founding members of The Committee on the Present Danger: China for their foresight and patriotism and urge CHQ readers and friends to go to https://presentdangerchina.org/ to learn more about the organization and how you can help educate your fellow Americans on the actions necessary to defeat the mortal threat posed by the Communist Chinese Party and its goal of world domination."
        },
        {
            "id": "f66c73ac0eb107bb",
            "title": "Is An Islamic Terror Attack Through Our Southern Border Already In Motion?",
            "content": "\n\n\n\nMichael Scheuer, a former Central Intelligence Agency officer, told Fox News over the weekend that it would be naive to think that Islamic State jihadists would not use the U.S. southern border to their advantage to gain an entry point into the country.\n\n\n\n\"You'd have to be silly not to take an advantage of that opportunity. You can say many things about the Islamists, but silly they are not,\" Scheuer said. \"They may be brutal, but they are not dumb. We are the dumb ones.\"\n\n\n\nScheuer added that it's pretty common to see people from Asia and the Middle East use the U.S.-Mexico border to gain access into the country.\n\n\n\n\"We are confidently sure that every month a number of Arabs or Pakistanis come across the border illegally in the south,\" Scheuer told Fox News.\n\n\n\nScheuer\u2019s comments, reported in The Christian Post come on the heels of an alert issued by ouor friends at Judicial Watch that Islamic terrorist groups are operating in the Mexican border city of Ciudad Juarez and planning to attack the United States with car bombs or other vehicle borne improvised explosive devices (VBIED).\n\n\n\nJudicial Watch cited high-level federal law enforcement, intelligence and other sources that have confirmed that a warning bulletin for an imminent terrorist attack on the border has been issued. Agents across a number of Homeland Security, Justice and Defense agencies have all been placed on alert and instructed to aggressively work all possible leads and sources concerning this imminent terrorist threat.\n\n\n\nSpecifically, the government sources revealed to Judicial Watch that the militant group Islamic State of Iraq and Greater Syria (ISIS) is confirmed to now be operating in Juarez, a famously crime-infested narcotics hotbed situated across from El Paso, Texas.\n\n\n\nViolent crimes are so rampant in Juarez that the U.S. State Department has issued a number of travel warnings for anyone planning to go there. The last one was issued just a few days ago.\n\n\n\nIntelligence officials have picked up radio talk and chatter indicating that the terrorist groups are going to \u201ccarry out an attack on the border,\u201d according to one Judicial Watch source. \u201cIt\u2019s coming very soon,\u201d according to another high-level source, who clearly identified the groups planning the plots as \u201cISIS and Al Qaeda.\u201d An attack is so imminent that the commanding general at Ft. Bliss, the U.S. Army post in El Paso, is being briefed, JW\u2019s sources say. The Department of Homeland Security (DHS) did not respond to multiple inquiries from Judicial Watch, both telephonic and in writing, about this information.\n\n\n\nTwo days after Judicial Watch published their report Ft. Bliss implemented increased security measures. The statement that went out to the media attributes the move to several recent security assessments and the constant concern for the safety of military members, families, employees and civilians. However, El Paso\u2019snewspaper credited Judicial Watch\u2019s Friday piece about ISIS terrorists planning an attack on U.S. soil from Juarez as a possible factor.\n\n\n\nBut all of this is nothing new as our friend LTC Allen West observed back on July 11, \u201cCongressman Ted Poe (R-TX) told CBS\u2019s local Dallas Fort Worth affiliate he believes that ISIS will use Texas\u2019s southern border to enter the United States. \u201cOf course the way they would come to the United States would be through the porous border with Mexico. The drug cartels will bring people into the country no matter who they are \u2014 for money.\u201d\n\n\n\nThe U.S. Border Patrol has a specific classification for those caught illegally entering America called OTMs (Other than Mexicans) which denotes those not of Hispanic descent. It is well known that drug cartels are assisting Islamic terrorists in gaining entrance and crossing the border. In fact it\u2019s been going on for some time.\n\n\n\nAccording to Breitbart.com, Human Events reported in 2010 that Iranian currency and prayer rugs were regularly found near the southern border.\n\n\n\nA November 2012 House Committee on Homeland Security report from the Oversight Sub-Committee stated:\n\n\n\nU.S. Government officials who are directly responsible for our national security continue to affirm the vulnerability. In August 2007 former Director of National Intelligence Mike McConnell stated that not only have terrorists used the Southwest border to enter the United States but that they will inevitably continue to do so as long as it is an available possibility. (Emphasis ours)\n\n\n\nIn a July 2012 hearing before the full U.S. House of Representatives Committee on Homeland Security, DHS Secretary Janet Napolitano confirmed that terrorists have crossed the Southwest border with the intent to harm the American people. Additionally, the U.S. Border Patrol regularly apprehends aliens from the 35 \u201cspecial interest countries\u201d designated by our intelligence community as countries that could export individuals that could bring harm to our country in the way of terrorism.\u201d From Fiscal Years 2006 to 2011, there were 1,918 apprehensions of these Special Interest Aliens at our Southwest border.\n\n\n\nThe latest disturbing inside intelligence revealed by Judicial Watch comes on the heels of news reports revealing that U.S. intelligence has picked up increased chatter among Islamist terror networks approaching the 13th anniversary of the 9/11 attacks. While these terrorists reportedly plan their attack just outside the U.S., President Obama admits that \u201cwe don\u2019t have a strategy yet\u201d to combat ISIS. \u201cI don\u2019t want to put the cart before the horse,\u201d the President Obama said this week during a White House press briefing. \u201cI think what I\u2019ve seen in some of the news reports suggest that folks are getting a little further ahead of what we\u2019re at than what we currently are.\u201d\n\n\n\nThese new revelations are bound to impact the current debate about the border crisis and immigration policy \u2013 if the establishment media will stop reporting on the self-inflicted \u201chumanitarian crisis\u201d Obama has created and help connect the dots and let the American people know just how dangerous the threat of Islamic terrorism on the southern border has become on Obama\u2019s watch."
        },
        {
            "id": "88facff5c3a23c8c",
            "title": "Time To Smoke Out Blue State Governors\u2019 Positions On Illegal Aliens",
            "content": "\n\n\n\n\n\nLiberal Democrats, and particularly their ostensible Party leader President Barack Obama, are the facilitators behind the current invasion of our southern border.\n\n\n\nBut when politics get practical in their own backyards \u2013 and citizens in their own states speak out against being saddled with the cost of Obama\u2019s lawless open borders policy, it turns out these supposed liberals aren\u2019t so liberal with their own political futures.\n\n\n\nMaryland\u2019s Democratic Governor Martin O\u2019Malley (who at least in his own mind is a viable Democratic candidate for President) has tried to be on both sides of the issue\n\n\n\nAccording to reporting by Brian Witte for Gannett\u2019s Delmarvanow website, \u201cDays after O\u2019Malley criticized a White House proposal to deal with the immigration crisis at the U.S.-Mexico border, reports surfaced of a leaked phone call between the governor and a top Obama aide. The details appeared to make O\u2019Malley look like a hypocrite on the matter, publicly criticizing the White House\u2019s calls to speed up deportations of children arriving on the border, while pleading with the administration to not send the young people to one site in his state.\u201d\n\n\n\nThe call didn\u2019t \u201cappear\u201d to make O\u2019Malley a hypocrite on imposing the cost of illegal aliens on Maryland\u2019s taxpayers, he is a hypocrite.\n\n\n\nSame with Connecticut\u2019 Democratic Governor Dannel P. Malloy. According to reporting by Keith M. Phaneuf of the CT Mirror, Gov. Malloy\u2019s administration \u201chas denied a request from federal authorities to temporarily house up to 2,000 illegal migrant children from Central America at the Southbury Training School.\u201d\n\n\n\nThe New Haven Register subsequently editorialized that \u201cIf this was four months after the election, Connecticut would be helping these kids\u201d but in the editor\u2019s view, \u201cOur governor is a Democrat facing a tough re-election fight in November. The bottom line is that too many swing voters fear immigrants, and Malloy doesn\u2019t want the \u201coptics\u201d of hundreds of brown-skinned, Spanish-speaking children being bused into Connecticut\u2026\u201d\n\n\n\nMeanwhile Connecticut\u2019s two Democratic Senators, who are not up for election this year, are leading advocates of Obama\u2019s $3.7 billion request to disperse illegal aliens across the country and resettle them in a neighborhood near you.\n\n\n\nColorado Democratic Gov. John Hickenlooper likewise said his state's taxpayers don't want \u201canother burden.\u201d\n\n\n\n\u201cOur citizens already feel burdened by all kinds of challenges. They don't want to see another burden come into their state,\u201d said Colorado\u2019s Democratic Governor reports the Associated Press. \u201c'However we deal with the humanitarian aspects of this, we've got to do it in the most cost-effective way possible.\u201d\n\n\n\nNewsMax reports that Delaware Gov. Jack Markell, a Democrat, said his state doesn't have a suitable place to accommodate an HHS shelter but would be willing to work with faith-based groups to find suitable housing.\n\n\n\nTranslation: Don\u2019t stick Delaware taxpayers with the bill for housing and educating these kids.\n\n\n\nAnd little wonder, the federal government is spending \u201cabout $250 to $1,000 per child,\" Senator Jeff Flake told reporters, with the cost expected to run past $2 billion \u2013 and that doesn\u2019t include the costs passed on to local school districts that the Obama administration says have no choice but to accept any illegal immigrants the feds choose to send to the community.\n\n\n\n\u201cWhile a district may restrict attendance to district residents, inquiring into students\u2019 citizenship or immigration status, or that of their parents or guardians would not be relevant to establishing residency within the district,\u201d said a letter sent to all public-school districts on May 8, 2014, by the Departments of Justice and Education.\n\n\n\nDemocratic Governors O\u2019Malley, Malloy, Hickenlooper and Markell have already been caught out as hypocrites on Obama's plan to settle illegal aliens in their states. It is time to put the heat on the rest of the Democratic Governors who pander to race-baiting Hispanic organizations, like La Raza, and then run for cover when the bill for their open borders policies lands on the doorstep of taxpayers in their states.\n\n\n\nHere\u2019s a list of Democratic Governors, please contact them to find out where they stand on taxpayer-funded housing and education for the wave of illegal aliens President Obama is dispersing to their states. For email you may have to click the link for \u201cGovernor's Website\u201d under the Governor\u2019s photo.\n\n\n\nArkansas\n\nGovernor Mike Beebe\n\n\n\nCalifornia\n\nGovernor Edmund G. Brown\n\n\n\nColorado\n\nGovernor John Hickenlooper\n\n\n\nConnecticut\n\nGovernor Dan Malloy <http://www.nga.org/cms/home/governors/current-governors/col2-content/main-content-list/dan-malloy.html>\n\n\n\nDelaware\n\nGovernor Jack Markell\n\n\n\nIllinois\n\nGovernor Pat Quinn\n\n\n\nHawaii\n\nGovernor Neil Abercrombie\n\n\n\nKentucky\n\nGovernor Steven L. Beshear\n\n\n\nMaryland\n\nGovernor Martin O'Malley\n\n\n\nMassachusetts\n\nGovernor Deval Patrick\n\n\n\nMinnesota\n\nGovernor Mark Dayton <http://www.nga.org/cms/home/governors/current-governors/col2-content/main-content-list/mark-dayton.html>\n\n\n\nMissouri\n\nGovernor Jeremiah W. (Jay) Nixon <http://www.nga.org/cms/home/governors/current-governors/col2-content/main-content-list/jeremiah-w-jay-nixon.html>\n\n\n\nMontana\n\nGovernor Steve Bullock <http://www.nga.org/cms/home/governors/current-governors/col2-content/main-content-list/steve-bullock.html>\n\n\n\nNew Hampshire\n\nGovernor Maggie Hassan < http://www.nga.org/cms/home/governors/current-governors/col2-content/main-content-list/maggie-hassan.html\n\n\n\nNew York\n\nGovernor Andrew Cuomo < http://www.nga.org/cms/home/governors/current-governors/col2-content/main-content-list/andrew-cuomo.html\n\n\n\nOregon\n\nGovernor John A. Kitzhaber, M.D. < http://www.nga.org/cms/home/governors/current-governors/col2-content/main-content-list/john-a-kitzhaber.html\n\n\n\nRhode Island\n\nGovernor Lincoln Chafee < http://www.nga.org/cms/home/governors/current-governors/col2-content/main-content-list/lincoln-chafee.html\n\n\n\nVermont\n\nGovernor Peter Shumlin < http://www.nga.org/cms/home/governors/current-governors/col2-content/main-content-list/peter-shumlin.html\n\n\n\nVirginia\n\nGovernor Terry McAuliffe < http://www.nga.org/cms/home/governors/current-governors/col2-content/main-content-list/governor-terry-mcauliffe.html\n\n\n\nWashington\n\nGovernor Jay Inslee < http://www.nga.org/cms/home/governors/current-governors/col2-content/main-content-list/jay-inslee.html\n\n\n\nWest Virginia\n\nGovernor Earl Ray Tomblin < http://www.nga.org/cms/home/governors/current-governors/col2-content/main-content-list/earl-ray-tomblin.html Governor Maggie Hassan"
        }
    ],
    "label": 1,
    "label_text": "mixed"
}