{
    "source": "conservativefiringline.com",
    "articles": [
        {
            "id": "9a6ecee3ee61eb02",
            "title": "Trump Hater \u2018Morning Joe\u2019 Scarborough Floats Conspiracy Theory That President Trump Spoke to Putin Before Iran Strike",
            "content": "It seems that like so many other Trump-haters , Russians live rent free in the otherwise seemingly empty cranium belonging to MSNBC propagandist Joe Scarborough .\nFollowing an Iranian missile attack on a U.S. military base in Iraq that left no casualties , Scarborough suggested that President Trump spoke to Russian President Vladimir Putin on the possibility of making strikes in Iran .\n\u201c It is interesting you brought up Vladimir Putin because when I said I suspected that the president spoke to a third party , Richard Haas , it would be hard to believe that Donald Trump would  to Vladimir Putin , considering that he has deferred to the Russian president on Syria , he has deferred to the Russian president on removing troops from that area , he has deferred to the Russian president on Ukraine , he has deferred to the Russian president on most geopolitical questions that impacted the Russians .\nThis would obviously lie at the heart of Vladimir Putin \u2019 s interests since Iran has long been seen by Putin as a client state of Russia , \u201d Scarborough said .\nHere \u2019 s video of  course , this is the kind of \u201c analysis \u201d we \u2019 ve come to expect from MSNBC , the official network of insane liberal hate , which , by the way , had no problem spewing Iranian propaganda .\nTrending : Michael Moore DESTROYED after poorly-written tweet apologizing to Iran in Farsi for death of Soleimani \u2022 Iran Attacks U.S .\nBases in Iraq ; MSNBC Spews False Iranian Propaganda , Pelosi Attacks Trump From Party ( Video ) \u2022 Video of the Day : MSNBC guest says Trump bombing \u2018 war  haven \u2019 t checked out and liked our Facebook page , please go here and do so .\nYou can also follow us on Twitter at @ co_firing_line .\nFacebook , Google and other members of the Silicon Valley Axis of Evil are now doing everything they can to deliberately stifle conservative content online , so please be sure to check out our MeWe page here , check us out at ProAmerica Only and the new social site , Hardcore Conservatives .\nIf you appreciate independent conservative reports like this , please go  get your conservative pro-Trump gear here .\nWhile you \u2019 re at it , be sure to check out our friends at Whatfinger News , the Internet \u2019 s conservative front-page founded by ex-military !\nAnd be sure to check out our friends at Trending Views :"
        },
        {
            "id": "2eb1dde45af62038",
            "title": "Boulder suspect bought gun 6 days before shooting; family believes \u2018mentally ill\u2019 \u22c6 Conservative Firing Line",
            "content": "The suspect in Monday\u2019s mass shooting at a Boulder, Colorado supermarket reportedly bought the rifle used in the rampage six days earlier, and his family is telling reporters they think he suffers from mental illness.\n\nThe Seattle Times notes investigators still have not established a motive.\n\nAhmad Al Aliwi Alissa allegedly murdered ten people including a Boulder police officer and a manager at the store Monday afternoon. During an exchange of gunfire with police, he was wounded in the leg before being taken into custody. Authorities have not released information on where the gun was purchased.\n\nAccording to the Daily Beast, Alissa\u2019s brother described the suspect as \u201cparanoid.\u201d He is described as \u201ca martial-arts buff with a history of violence whose own brother describes him as \u2018very anti-social.\u2019\u201d\n\nThe ten people who died have all been identified. They are Denny Stong, 20; Neven Stanisic, 23; Rikki Olds, 25; Tralona Bartkowika, 49; Suzanne Fountain, 59; Teri Leiker, 51; Kevin Mahoney, 61; Lynn Murray, 62; Jody Waters, 65; and Boulder Police Officer Eric Talley, 51, according to the Daily Beast.\n\nThe suspect has been charged with ten counts of first-degree murder. Authorities in Boulder have promised he will be held to full account for the slayings.\n\nAnti-gunners have jumped on the bandwagon to demand more gun control in the aftermath of the shooting. From Joe Biden on down the list of \u201cusual suspects\u201d including Sens. Chris Murphy and Charles Schumer, Moms Demand Action founder Shannon Watts, and other prominent anti-gunners, the rhetoric has been similar if not the same. They want bans on so-called \u201cassault weapons,\u201d and they want quick action on other gun control measures.\n\n\u201cTen lives have been lost, and more families have been shattered by gun violence in the state of Colorado,\u201d Biden told reporters at the White House.\n\nBiden\u2019s own gun control agenda has been public knowledge online for more than a year. He has called for a permanent ban on semi-auto rifles, and for registration, plus \u201cenhanced background checks.\u201d\n\nAccording to Fox News, Biden is considering executive action on guns, his press secretary, Jen Psaki, said Tuesday. She didn\u2019t explain what those actions might include.\n\nAlissa came to the U.S. as a toddler in 2002. He was reportedly born in Syria in 1999.\n\nTrending: Civil Rights Lawyer Leo Terrell Puts Jim Crow, White Supremacist Talking Points Through The Wood Chipper (Video)\n\n\u2014\u2014\u2014\u2014\u2014\u2014\u2014\u2014\u2014\u2014\u2014\u2014\u2014\u2014\u2014\u2014\u2014\u2014\u2014\u2014\u2013\n\nIf you haven\u2019t checked out and liked our Facebook page, please go here and do so. You can also follow us on Twitter at @co_firing_line and be sure to check out our MeWe page here and our new PatrioticSpace group here.\n\nIf you appreciate independent conservative reports like this, please go here and support us on Patreon.\n\nAnd while you\u2019re at it, be sure to check out our friends at Whatfinger News, the Internet\u2019s conservative front-page founded by ex-military!"
        },
        {
            "id": "e513ba31fbeacdb6",
            "title": "Analysis: Is The Vaccine Passport A Precursor To The Biblical Mark Of The Beast? \u22c6 Conservative Firing Line",
            "content": "There has been a lot of talk lately about something called a \u201cvaccine passport\u201d that, if all the reports are to be believed, would eventually be required in order to travel or engage in commerce.\n\nConservatives have expressed concerns over it, but they\u2019re not alone. Naomi Wolf, a former Clinton adviser and CEO of a tech company, said Joe Biden should be prosecuted and impeached over it and warned that it would be the end of human liberty in the West.\n\n\u201c\u2026 I\u2019m CEO of a tech company I understand what this platform does, it\u2019s not about the vaccine, it\u2019s not about the virus, it\u2019s about your data, and once this rolls out you don\u2019t have a choice about being part of the system, what people have to understand is that any other functionality can be loaded onto that platform, with no problem at all,\u201d she said.\n\n\u201cAnd what that means is, it can be merged with your PayPal account with your digital currency, Microsoft is already talking about merging it with payment plans, your networks can be sucked up a geo locates you everywhere you go, your credit history can be included all of your medical history can be included. I am not overstating this, I can\u2019t say it forcefully enough. This is literally the end of human liberty in the West,\u201d she added.\n\nSomething about this sounds eerily familiar to me. I took a look back at the Book of Revelation and found this:\n\nThe second beast was given power to give breath to the image of the first beast, so that the image could speak and cause all who refused to worship the image to be killed. It also forced all people, great and small, rich and poor, free and slave, to receive a mark on their right hands or on their foreheads, so that they could not buy or sell unless they had the mark, which is the name of the beast or the number of its name. This calls for wisdom. Let the person who has insight calculate the number of the beast, for it is the number of a man. That number is 666. (Rev. 13:15-18 NIV)\n\nLet me make this perfectly clear for the alleged \u201cfact-checkers\u201d out there who seem to have a problem understanding basic English. I AM NOT claiming that vaccine passports ARE the biblical mark of the Beast.\n\nI am, however, saying the similarities between the proposed \u201cpassports\u201d and the mark described by the Apostle John in the book written somewhere at the end of the first century AD on the island of Patmos are more than just a bit\u2026 interesting.\n\nImagine having a digital \u201ccertificate\u201d that one would have to carry simply to travel or make any purchase. Such a \u201ccertificate\u201d could be placed on a tiny chip that could easily be implanted under the skin. The technology for that already exists, by the way.\n\nTrending: Civil Rights Lawyer Leo Terrell Puts Jim Crow, White Supremacist Talking Points Through The Wood Chipper (Video)\n\n(Related: Prelude to mark of the beast? Wisconsin company holds \u2018party\u2019 to microchip employees)\n\nAnd given the nation\u2019s headlong rush to authoritarianism and tyranny, it would not surprise us one bit if the regime of His Lying Demented Fraudulence, Emperor Joe Biden I, made such a chip implant mandatory. And of course, lying propagandists in the lying liberal media (like Joe Scarborough, for example) and Big Tech oligarchs in Silicon Valley would be more than happy to help the regime shame Americans into accepting the chip.\n\nNaturally, anyone rejecting the chip would be castigated as a white supremacist, a racist, an idiot, a terrorist, a domestic extremist, or worse. Who knows? Maybe Nicolle Wallace will suggest droning them out of existence.\n\nIt\u2019s time to wake up, America. And it\u2019s time to get right with God.\n\nRelated:\n\nTurn your back on Big Tech oligarchs and join the New Resistance NOW! Facebook, Google and other members of the Silicon Valley Axis of Evil are now doing everything they can to deliberately silence conservative content online, so please be sure to check out our MeWe page here, check us out at ProAmerica Only and follow us at Parler, Codias, Social Cross and Gab. You can also follow us on Twitter at @co_firing_line.\n\nIf you appreciate independent conservative reports like this, please go here and support us on Patreon, get your conservative pro-Trump gear here and check out some great pro-Republican gear here.\n\nWhile you\u2019re at it, be sure to check out our friends at Whatfinger News, the Internet\u2019s conservative front-page founded by ex-military!\n\nAnd be sure to check out our friends at Trending Views:"
        },
        {
            "id": "904b1b1a5c7ebd2c",
            "title": "Biden Threatens U.S. Energy While Beijing Waits In The Wings \u22c6 Conservative Firing Line",
            "content": "China\u2019s economy is emerging from the COVID-19 pandemic better than ever while America\u2019s economy looks to regain its footing after an entire year lost. Lockdowns decreased oil demand and forced shutdowns at many American refineries, costing thousands of jobs across the country. China\u2019s refineries are outperforming expectations as the rest of the world looks to recover from the coronavirus crisis. China has overtaken the U.S. in crude oil imports, yet President Biden is attacking America\u2019s energy sector. Biden\u2019s energy policy threatens our nation\u2019s small refinery workers and endangers the competitive edge the United States maintains over China.\n\nPresident Biden\u2019s attack on the American energy sector is an extreme governmental overreach threatening both good paying jobs and the free market. If these small refineries and their workers disappear, we will suffer skyrocketing energy prices and risk a near total collapse of our economy. Meanwhile China and its communist dictators gather strength and position themselves to replace America as the world\u2019s leader.\n\nAmerican energy jobs are being systematically wiped out by President Biden and his allies. As a former public affairs chief of staff at the Department of Labor, it is incredibly disheartening to see the executive office take such harmful actions against honest workers and blatantly undermine American economic interests. Biden shut down the Keystone XL pipeline and threw the region into a state of economic uncertainty. Eastern Montana stands to lose one of its largest taxpayers and nearly 4000 jobs. Biden ally Gretchen Whitmer\u2019s assault on the Line 5 pipeline, a lifeline for refineries and jobs in Michigan and Ohio, is another example of a harmful government overreach undercutting the American energy sector.\n\nRefineries in Pennsylvania, Michigan, Ohio, and across the country are in desperate need of waivers to burdensome Renewable Fuel Standard (RFS) requirements, but President Biden is ignoring their pleas and instead supporting overly restrictive requirements for RFS waivers, taking the side of big government versus American workers. Between the shutdowns of critical infrastructure and denials of RFS waivers, America\u2019s small refiners and their employees are being squeezed out of the global marketplace.\n\nDespite Biden\u2019s claim to be \u201ctough\u201d on China, his actions against American energy are playing right into the Communist Party\u2019s hands. President Biden has an opportunity right now to begin to put to rest the lingering suspicion that he is bought and paid for by China by ending this interference into the American energy market which directly benefits the very Chinese government which embarrassed the Biden administration in Anchorage, Alaska earlier this month. Biden\u2019s policy reversals are bolstering the Chinese efforts to surpass\n\nAmerican refineries in crude oil processing. In fact, for several months in 2020 during the worse of the pandemic, China actually processed more crude oil than net inputs of crude oil to U.S. refineries.\n\nThese recent developments in the Chinese energy sector are cause for serious concern. They are indicative of a more aggressive China, who no longer fears retaliatory actions from the United States. Recently, a senior Chinese foreign policy official claims the United States can no longer speak from a position of strength when criticizing China. If President Biden continues to attack domestic energy, the Chinese official\u2019s claim will become reality.\n\nIf our leaders in Washington D.C. wish to maintain economic parity with China, then President Biden must cease his needless attacks on our energy economy. As an advocate for limited government and a free market, I worry that Biden\u2019s actions will cause energy infrastructure to collapse, causing undue harm throughout the country and allowing China\u2019s totalitarian, oppressive regime to capitalize on what would amount to little more than a US energy capitulation.\n\nRichard Manning is the president of Americans for Limited Government.\n\nCross-posted with The Daily Torch\n\nRelated:\n\nTrending: Civil Rights Lawyer Leo Terrell Puts Jim Crow, White Supremacist Talking Points Through The Wood Chipper (Video)\n\nTurn your back on Big Tech oligarchs and join the New Resistance NOW! Facebook, Google and other members of the Silicon Valley Axis of Evil are now doing everything they can to deliberately silence conservative content online, so please be sure to check out our MeWe page here, check us out at ProAmerica Only and follow us at Parler, Codias, Social Cross and Gab. You can also follow us on Twitter at @co_firing_line.\n\nIf you appreciate independent conservative reports like this, please go here and support us on Patreon, get your conservative pro-Trump gear here and check out some great pro-Republican gear here.\n\nWhile you\u2019re at it, be sure to check out our friends at Whatfinger News, the Internet\u2019s conservative front-page founded by ex-military!\n\nAnd be sure to check out our friends at Trending Views:"
        },
        {
            "id": "693d69e00b16e081",
            "title": "No Background Checks for Federal Contractors? What Could go Wrong?",
            "content": "Rep. Maxine Waters ( D-CA ) and Rep. David Trone ( D-MD ) have introduced a bill that would block certain federal grants from going to federal contractors who conduct criminal background checks , or even \u201c inquire \u201d about the criminal history of an applicant .\nThis outrageous proposal reveals the woke left \u2019 s dangerous agenda .\nThese radicals who want to defund the police and strip them of legal protections now want to give criminals access to government sensitive information , even our national mint .\nUnder this measure , every defense contractor who conducts background checks  a side note , if there are any federal contractors who aren \u2019 t currently conducting background checks on applicants , then they should have their government contracts taken away for incompetence .\nWhat could go wrong ?\nA few things come to mind .\nWe could have defense secrets stolen , money syphoned from the U.S. mint , and Drug Enforcement Agency contractors moonlighting for drug cartels .\nWhile Rep. Trone , who is relatively new to the House , can be forgiven for not knowing recent House of Representatives history ,  an investigation came to a head focused on a foreign network of Information Technology specialists hired by the geniuses in the Democratic Party leadership in the House of Representatives .\nThen House Sergeant at Arms Paul Irving , laid out the concerns in a Feb. 3 , 2017 letter to the Committee overseeing House operations writing , While Irving \u2019 s letter seriously understated the seriousness of the situation as House Member email correspondence had been breached subjecting everything from policy discussions to personnel matters to scrutiny by foreign spymasters , it would  for anyone who touches any government information that comes over a computer should be mandatory for security purposes .\nApparently , Representatives Waters and Trone can \u2019 t be expected to worry about little things like embezzlement and national security interests when the quest for equity is afoot .\nAnd since Trone came from the private sector as the multi-millionaire owner of the retail chain Total Wine and More , I \u2019 m certain that his corporate accounting team is not just hired off the street without determining if they have a history  even if he is willing to accept petty theft at his cash registers due to unwise hiring practices .\nBut that is his business .\nBu when it comes to the people \u2019 s business , taxpayers have a right to expect that contractors and their employees are not criminals , proven liars , thieves or committers of hate crimes .\nI guess rather than an official background check , the government could just rely upon the woke Twitter mob to vet prospective employees based upon innuendo rather than fact .\nSomehow that  Rick Manning is President of Americans for Limited Government .\n\u2022 Mad Maxine Waters Falsely Claims Trump \u2019 s Supporters Don \u2019 t Want Blacks to Have Power ( Video ) Trending : Emperor Joe Stumbles As He Gives Word Salad On Amtrak ( Video ) Turn your back on Big Tech oligarchs and join the New Resistance NOW !\nFacebook , Google and other members of the Silicon Valley Axis of Evil are now doing everything they can to deliberately silence conservative content online , so please be sure to check out  out at ProAmerica Only and follow us at Parler , Codias , Social Cross and Gab .\nYou can also follow us on Twitter at @ co_firing_line .\nIf you appreciate independent conservative reports like this , please go here and support us on Patreon , get your conservative pro-Trump gear here and check out some \u201c Black Lives MAGA \u201d gear here .\nWhile you \u2019 re at it , be sure to check out our friends at Whatfinger News , the Internet \u2019 s conservative front-page founded by ex-military !\nAnd  at Trending Views :"
        },
        {
            "id": "69d2b9ad9ee1263e",
            "title": "DHS Secretary Mayorkas Fires 32 members of the HSAC. \u22c6 Conservative Firing Line",
            "content": "Democrats were warned that Alejandro Mayorkas was going to be a problem, and he has become a definite problem. He fired 32 members of the Homeland Security Advisory Council (HSAC), some of whom were Trump appointees. It\u2019s a bipartisan council made up of members from different administrations. He\u2019s on a mission to remove the Biden Administration from any semblance of the previous administration\u2019s policies. He plans to \u201creconstitute\u201d the council when he can find a \u201cnew model.\u201d\n\nHSAC was set up for members, who are unpaid, to use their experience and expertise of Homeland Security issues like counterterrorism and immigration enforcement to offer guidance to the secretary. Its current membership included Trump-era officials such as former Department of Homeland Security (DHS) Secretary Chad Wolf, former Deputy DHS Secretary Ken Cuccinelli and former Immigration and Customs Enforcement Director Thomas Homan \u2014 but include those appointed by secretaries by both Democratic and Republican administrations. Mayorkas said that Chairman William Bratton, Vice Chair Karen Tandy and Chair Emeritus William Webster will remain in their positions to help the council move forward. \u201cI am considering how the HSAC can bring the greatest value to the Department and how the expertise, judgment, and counsel of its members can be harnessed most effectively to advance the Department\u2019s mission,\u201d he said. \u201cI expect to work closely with the HSAC and to rely on its Members to help guide the Department through a period of change.\u201d Fox\n\n\u201cChange?\u201d So far the Biden administration with Mayorkas and his \u201cchange\u201d has brought a total disaster at the border. It\u2019s no wonder he doesn\u2019t want to listen to the voices of reason that were on the council before. He has claimed there is \u201cno crisis\u201d at the border. He has stated that the \u201cBorder is closed and secure.\u201d He has claimed that the border issue is \u201call Trump\u2019s fault.\u201d The idiot sounds like \u201cBaghdad Bob\u201d who claimed there were no Americans anywhere near Baghdad while American bombers were dropping munitions, and American tanks were rolling through the background of the television screen just behind him. Mayorkas is reminiscent of that \u2013 if he denies it long enough either people will start to believe him or he\u2019ll get run over by the onslaught of illegal immigrants.\n\nThis entire Biden administration is completely delusional from Biden to the cabinet below him. The GOP Senators who visited the Southern border yesterday are not stupid- they know exactly what is happening and have been calling for a reversal of the stupidity. It is a crisis, and people like Mayorkas are totally complicit.\n\nH/T Uncle Sam\u2019s Misguided Children\n\nRelated:\n\nTurn your back on Big Tech oligarchs and join the New Resistance NOW! Facebook, Google and other members of the Silicon Valley Axis of Evil are now doing everything they can to deliberately silence conservative content online, so please be sure to check out our MeWe page here, check us out at ProAmerica Only and follow us at Parler, Codias, Social Cross and Gab. You can also follow us on Twitter at @co_firing_line.\n\nIf you appreciate independent conservative reports like this, please go here and support us on Patreon, get your conservative pro-Trump gear here and check out some \u201cBlack Lives MAGA\u201d gear here.\n\nTrending: Civil Rights Lawyer Leo Terrell Puts Jim Crow, White Supremacist Talking Points Through The Wood Chipper (Video)\n\nWhile you\u2019re at it, be sure to check out our friends at Whatfinger News, the Internet\u2019s conservative front-page founded by ex-military!\n\nAnd be sure to check out our friends at Trending Views:"
        },
        {
            "id": "4d3c33cfe9bbbd99",
            "title": "New York Public School Principal Sent White Parents A \u2018Tool For Action\u2019 Telling Them To Become \u2018White Traitors\u2019 \u2014 Is This Racist? \u22c6 Conservative Firing Line",
            "content": "The guide goes on to say that the truly \u201cwoke\u201d among them will become \u201cWhite Abolitionists\u201d who will \u201cdismantle whiteness\u201d and ensure that it doesn\u2019t reassert itself.\n\nDo you see where the \u201cwhite privilege\u201d education has gone?\n\nNow, overt racism is being mainstreamed and applauded by the corporate media as a thing that needs to be done to have a just and equal society. Here\u2019s the thing, though \u2014 you can\u2019t fight racism with more racism. That\u2019s what shoving people into identity boxes leads to \u2014 racism and dehumanization. It\u2019s wrong on both sides.\n\nApparently, in an effort to fight the rampant and systemic racism that is worse than the Jim Crow era [citation needed] that the left keeps telling us is happening, they\u2019ve opted to go all-in on anti-white racism.\n\nA principal at a New York public school decided it was a good idea to send white parents an infographic on \u201c8 White Identities.\u201d\n\nChristopher Rufo of City Journal tweeted out the disturbing news on Twitter along with a chart that explains Hesse\u2019s theory on the \u201c8 White Identities.\u201d\n\nSCOOP: The principal of East Side Community School in New York sent white parents this \"tool for action,\" which tells them they must become \"white traitors\" and then advocate for full \"white abolition.\" This is the new language of public education. pic.twitter.com/0XA3xUpcuT \u2014 Christopher F. Rufo \u2694\ufe0f (@realchrisrufo) February 15, 2021\n\nDon\u2019t worry, it\u2019s not racist at all to categorize white people like this because it was done by Barnor Hesse, the Associate Professor of African American Studies, Political Science, and Sociology at Northwestern University. Not only is Hesse a Really Smart Person\u2122, but he\u2019s also not white, so that makes him super-duper able to categorize white people for them. He\u2019s just being helpful, you see.\n\nJust kidding!\n\nTrending: Civil Rights Lawyer Leo Terrell Puts Jim Crow, White Supremacist Talking Points Through The Wood Chipper (Video)\n\nThis professor sees racism everywhere.\n\nDon\u2019t believe me?\n\nNow, I\u2019m not sure that demanding that white parents become \u201cwhite traitors\u201d on their road to \u201cwhite abolitionist\u201d in order to dismantle racism is the right course of action here. It seems to me that this is just putting gas on a fire that was lit by activists over the summer.\n\nI can tell you that the world in 2021 is much less racist than when I was a kid in the 1980s, and that was much less racist than when my parents were growing up in the 1950s, which was much less racist than my grandparents in the 1930s. I could go on, but that would bring me to indentured servitude in the Caribbean, which, if I\u2019m not mistaken, was a particularly difficult time for anyone in that situation which, despite claims that it was all based on race, included Indian, Chinese, Irish, and even some Brits. History doesn\u2019t always have clear lines, there are some jagged edges there, too.\n\nAre there still instances of racism? Yes. There are still racist people out there but the idea that it\u2019s \u201csystemic\u201d in 2021 is patently absurd.\n\nBut, back to Hesse\u2019s chart. He says that he created this \u201centhnography of whiteness\u201d because \u201cwhite people have been the ones writing about and governing Others.\u201d\n\nGee, it sounds like somebody is a wee bit biased against white people, no?\n\nFirst, note that he has used the red, yellow, green color scheme to indicate the scale of where people are in their white identity. Green is positive, red is very bad.\n\nHe then goes on to explain the way people \u201cidentify with whiteness.\u201d Really? People do that? Is there some race-faker like Rachel Dolezal pretending to be white to get all the privileges that come with that magical \u201cwhiteness\u201d? It seems to me that the only people that make headlines are white people pretending to be non-white because it advances their career, or in the case of Shawn King, their grift.\n\nThe purpose of the chart is explained further in this Medium article by Lecia Michelle from April 2019.\n\nIn the article, Michelle says that Hesse created this resource for \u201cblack and brown people\u201d to \u201ccategorize those people who claim to be allies.\u201d\n\nShe writes:\n\nSo if you ranked yourself, you failed miserably. White people have no business ranking their own allyship. What ever title you get is given to you by the marginalized group you claim to be supporting. If you ranked yourself as anything other than a plain-old white supremacist, you also failed. It should be obvious to you that any self-assigned ranking means you are giving yourself accolades for climbing the mythical ladder of white supremacy. And it is mythical. White people, you must realize becoming an ally/accomplice means you are navigating a winding road on which, oftentimes, you have no idea what\u2019s around the corner. You\u2019re climbing an endless mountain where at any time your footing may slip and you tumble right back down to beginning allyship. That\u2019s what it is.\n\nThat\u2019s what it will always be. You will learn about allyship your entire life. You will never graduate. You will never know everything. You will never become an expert.\n\nSource: MEDIUM\n\nThat\u2019s just absolutely absurd. Every word of it.\n\nAs a non-white person, let me reassure you that not everyone is racist AF like Michelle and Professor Hesse and demand that you give up your \u201cwhiteness\u201d (whatever that is) in order to appease the angry torch and pitchfork mob.\n\nJust imagine for one second if that were a scale of \u201cblackness\u201d and how that would be received. Imagine asking black people to become \u201cblack abolitionists\u201d to \u201cdismantle blackness\u201d and make sure that it doesn\u2019t \u201creassert itself.\u201d That\u2019s incredibly offensive!\n\nGuess what? It\u2019s just as offensive when it\u2019s said about white people.\n\nI was just reading on smart-liberal media Twitter earlier today that \"wokeness\" signifies nothing more than asking people to please just be nice and considerate. Who could possibly be opposed to that? https://t.co/eDSj2ZRMqn \u2014 Glenn Greenwald (@ggreenwald) February 15, 2021\n\nWokeness is racism. I don\u2019t think it\u2019s been made any clearer than with this ridiculous chart. Maybe it\u2019s time to \u201cdismantle wokeness\u201d and make sure that it doesn\u2019t reassert itself.\n\nCross-posted with Clash Daily\n\nRelated:\n\nTurn your back on Big Tech oligarchs and join the New Resistance NOW! Facebook, Google and other members of the Silicon Valley Axis of Evil are now doing everything they can to deliberately silence conservative content online, so please be sure to check out our MeWe page here, check us out at ProAmerica Only and follow us at Parler, Codias, Social Cross and Gab. You can also follow us on Twitter at @co_firing_line.\n\nIf you appreciate independent conservative reports like this, please go here and support us on Patreon, get your conservative pro-Trump gear here and check out some great pro-Republican gear here.\n\nWhile you\u2019re at it, be sure to check out our friends at Whatfinger News, the Internet\u2019s conservative front-page founded by ex-military!\n\nAnd be sure to check out our friends at Trending Views:"
        },
        {
            "id": "12086329823cbc8a",
            "title": "Joe Scarborough Blasts \u201cIdiots\u201d Who Oppose Vaccine Passports \u2013 But Joe Is The Useful Ignorant Idiot (Video) \u22c6 Conservative Firing Line",
            "content": "The only idiots are the useful idiots in the media, like Joe Scarborough, who blasted those of us who value liberty as \u201cidiots\u201d for opposing liberty restricting and infringing vaccine passports and said we are \u201cliving in ignorance and stupidity.\u201d\n\nTyler Durden has the story.\n\nScarborough\u2019s rant continues, blasting Americans skeptical of vaccine passports as opposing the teachings of Jesus: https://t.co/7A5c27ifZM \u2014 Tom Elliott (@tomselliott) March 30, 2021\n\nBut that apparently didn\u2019t occur to Scarborough as he chided Americans for \u201cfollowing conspiracy theories\u201d and for living in \u201cignorance and stupidity.\u201d\n\n\u201cThey\u2019re being stupid, they\u2019re following conspiracy theories\u2026they don\u2019t understand because maybe they\u2019re such morons,\u201d he thundered. \u201cIf they don\u2019t want to take the vaccine and they want to die, that\u2019s their right as Americans. They can live in ignorance and stupidity.\u201d \u201cOur government, our sports teams, our concert promoters damned well better put together something where you can show your vaccine receipt,\u201d he said. \u201cThis anti-science idiocy, you know, let them do that under a rock or in their caves,\u201d he added, concluding that \u201cthe time to try to reason with these people has long passed.\u201d\n\nScarborough was instantly blasted online for his rant, which some called out as \u201ctotally unhinged.\u201d\n\nTo put it another way: \"Our government damned well better systematically violate individuals' right to informed consent.\" Like in The Matrix, there are those who will fight for their own enslavement. https://t.co/LPzYvNNIFH \u2014 Jeremy R. Hammond (@jeremyrhammond) March 30, 2021\n\nTrending: Civil Rights Lawyer Leo Terrell Puts Jim Crow, White Supremacist Talking Points Through The Wood Chipper (Video)\n\nWith enough enthusiasm from the private sector, the US government may only step in to ensure standardization. Speaking to reporters on Monday, White House Press Secretary Jen Psaki said that \u201cwe want to drive the market toward meeting public interest goals.\u201d The government \u201cis not viewing its role as the place to create a passport, nor a place to hold the data of citizens,\u201d Andy Slavitt, a White House Covid-19 adviser, added during Psaki\u2019s briefing.\n\nOf course, views on vaccines are much different in Europe, where Germany on Tuesday is reportedly planning to bar the AstraZeneca jab, limiting to only patients under the age of 60. The effort follows the publication of new research purporting to link the AstraZeneca jab with rare, but deadly, blood clots that have occurred in a small number of patients. The EMA and WHO haven\u2019t denied a connection, but continue to insist that the benefits of the jab far outweigh the costs.\n\nThe only ignorance on display here is Scarborough\u2019s. The only idiocy is Scarborough\u2019s. Just remember Joe, when your handlers are done with you, they will discard you because you both are serving your father, the devil and in the end, he only comes to steal, kill and destroy. Wise up, man!\n\nTim Brown is an author and Editor at SonsOfLibertyMedia.com, GunsInTheNews.com and TheWashingtonStandard.com. He is husband to his \u201cmore precious than rubies\u201d wife, father of 10 \u201cmighty arrows\u201d, jack of all trades, Christian and lover of liberty. He resides in the U.S. occupied Great State of South Carolina. . Follow Tim on Twitter. Also check him out on Gab, Minds, MeWe, Spreely, Mumbl It and Steemit\n\nCross-posted with Sons of Liberty Media\n\nRelated:\n\nTurn your back on Big Tech oligarchs and join the New Resistance NOW! Facebook, Google and other members of the Silicon Valley Axis of Evil are now doing everything they can to deliberately silence conservative content online, so please be sure to check out our MeWe page here, check us out at ProAmerica Only and follow us at Parler, Codias, Social Cross and Gab. You can also follow us on Twitter at @co_firing_line.\n\nIf you appreciate independent conservative reports like this, please go here and support us on Patreon, get your conservative pro-Trump gear here and check out some great pro-Republican gear here.\n\nWhile you\u2019re at it, be sure to check out our friends at Whatfinger News, the Internet\u2019s conservative front-page founded by ex-military!\n\nAnd be sure to check out our friends at Trending Views:"
        },
        {
            "id": "2d690789694b60b6",
            "title": "Cartoon of the Day: Welcome To Crazystan \u22c6 Conservative Firing Line",
            "content": "Cartoon of the Day: Crazystan. Minneapolis has a new autonomous zone called \u201cGeorge Floyd Square\u201d and no police are allowed. Political cartoon by A.F. Branco \u00a92021. Used with permission.\n\nRelated:\n\nTurn your back on Big Tech oligarchs and join the New Resistance NOW! Facebook, Google and other members of the Silicon Valley Axis of Evil are now doing everything they can to deliberately silence conservative content online, so please be sure to check out our MeWe page here, check us out at ProAmerica Only and follow us at Parler, Codias, Social Cross and Gab. You can also follow us on Twitter at @co_firing_line.\n\nIf you appreciate independent conservative reports like this, please go here and support us on Patreon, get your conservative pro-Trump gear here and check out some great pro-Republican gear here.\n\nWhile you\u2019re at it, be sure to check out our friends at Whatfinger News, the Internet\u2019s conservative front-page founded by ex-military!\n\nAnd be sure to check out our friends at Trending Views:"
        },
        {
            "id": "14f937ba708cdc33",
            "title": "Time to Play Ball, Not Politics, on Georgia Election Law \u22c6 Conservative Firing Line",
            "content": "Major League Baseball is being pressured by the left to move its All Star Game from Atlanta, Georgia in retaliation for the state of Georgia\u2019s passage of common sense voter integrity laws, including requiring voter identification. Led by the player\u2019s union, this attempt to intimidate Georgia and indeed, every state with a major league baseball team into accepting voter fraud as the norm must be rejected.\n\nThe American principle of \u201cone person, one vote\u201d is critical to the functioning of our system and the legitimacy of our government. The state of Georgia\u2019s actions to increase voter integrity and election security will make certain that this fundamental element to our nation\u2019s freedom is protected.\n\nIt is befuddling why anyone would object to providing voter identification to cast a ballot. Yet, this is the crux of the Georgia law whether it be through mail or in-person voting. The Georgia law even allows, for the first time in law, the use of drop boxes for depositing one\u2019s ballot. It merely makes certain that the drop boxes are in secure locations set up to receive ballots. And it expands Sunday voting to two Sundays prior to election-day rather than the previous one.\n\nThis article by Rich Lowry in National Review outlines many of the deliberate misrepresentations about the Georgia legislation where opponents prefer to cast emotion-laden aspersions rather than speak to the common sense and public supported specifics of the law.\n\nMoving the All-Star Game \u2014 thereby punishing the city of Atlanta and the Atlanta Braves franchise for no good reason \u2014 would put Major League Baseball at odds with basic constitutional principles but would also create a further chasm between the game and much of its fan base.\n\nLast year did incredible damage to the game with the short season led off by tributes to radical, Marxist-led Black Lives Matter. After seeing the opening day ceremony at Nationals Park, I, personally, ended my MLB.TV subscription and as an Angels fan, only saw Mike Trout take one at bat while at a bar picking up a take-out order. I did not even know that the hated Dodgers had won the World Series until weeks after it was over as my sports boycott extended to all sports talk radio.\n\nWhile my story is just that, the voter integrity issue is much more important than pandering to the media through virtue signaling ceremonies. Elections must be honestly and fairly administered, in order to have the government enjoy legitimacy through the consent of the governed.\n\nMeasures to make certain that each person\u2019s vote counts equally should be universally supported and it would be detrimental to the country if Major League Baseball knelt to its union leadership on this fundamental issue.\n\nMLB headquarters in New York City should reject the MLBPA demands, and fans should contact each team\u2019s union reps expressing concerns about their union getting involved in an issue that players rightfully should have differing perspectives on.\n\nIn just a few days, umpires will be yelling \u201cPlay Ball\u201d for real in the spring for the first time in two years. Let\u2019s just let the boys of summer play and the fans enjoy, without unnecessarily fouling the air with the stench of partisan pandering.\n\nRick Manning is the President of Americans for Limited Government.\n\nTrending: Civil Rights Lawyer Leo Terrell Puts Jim Crow, White Supremacist Talking Points Through The Wood Chipper (Video)\n\nCross-posted with The Daily Torch\n\nRelated:\n\nTurn your back on Big Tech oligarchs and join the New Resistance NOW! Facebook, Google and other members of the Silicon Valley Axis of Evil are now doing everything they can to deliberately silence conservative content online, so please be sure to check out our MeWe page here, check us out at ProAmerica Only and follow us at Parler, Codias, Social Cross and Gab. You can also follow us on Twitter at @co_firing_line.\n\nIf you appreciate independent conservative reports like this, please go here and support us on Patreon, get your conservative pro-Trump gear here and check out some great pro-Republican gear here.\n\nWhile you\u2019re at it, be sure to check out our friends at Whatfinger News, the Internet\u2019s conservative front-page founded by ex-military!\n\nAnd be sure to check out our friends at Trending Views:"
        }
    ],
    "label": 0,
    "label_text": "low"
}