{
    "source": "corriere.it",
    "articles": [
        {
            "id": "b71643f923119a84",
            "title": "Bonhoeffer, il teologo che voleva uccidere Hitler: ripensare Dio (in un mondo che non ha pi\u00c3\u00b9 bisogno di lui)",
            "content": "Dietrich Bonhoeffer ha cambiato la teologia del XX secolo con un libro che non aveva finito di scrivere, e con un altro che non sapeva nemmeno di aver scritto. Il primo, l\u2019 Etica , venne pubblicato nel 1949 dall\u2019amico Eberhard Bethge, recuperandone il manoscritto incompiuto sepolto nel giardino della casa berlinese di Bonhoeffer dopo l\u2019arresto da parte della Gestapo il 5 aprile 1943. Sempre Bethge nel 1951 raccolse alcune lettere composte in prigione da Bonhoeffer e fortunosamente recapitate a lui e ai genitori grazie alla complicit\u00c3 di un coraggioso secondino. Con il titolo di Resistenza e resa il volume era giunto nel 1966 alla tredicesima edizione ed era stato tradotto in numerose lingue. Le vicende straordinarie e drammatiche dei due libri rispecchiano la biografia di Bonhoeffer, altrettanto drammatica e straordinaria. Era nato nel 1906 a Breslavia, oggi Wroc\u0142aw in Polonia ma allora tedesca, e nel 1912 si era trasferito con la famiglia a Berlino, dove il padre aveva vinto la cattedra di neurologia e psichiatria all\u2019universit\u00c3 . La famiglia di Bonhoeffer apparteneva all\u2019alta borghesia che costituiva il nerbo intellettuale e professionale della Germania del kaiser Guglielmo II, di cui la Chiesa evangelica costituiva un altro pilastro. In questo senso, se la scelta del giovane Dietrich di studiare teologia all\u2019universit\u00c3 era apparsa \u201ccuriosa\u201d ai suoi genitori, religiosi pi\u00c3\u00b9 per forma che per convinzione, va tenuto presente che a quell\u2019epoca gli studi teologici, a mezzo tra storia e filosofia, rivestivano un ruolo di rilievo nell\u2019ambito accademico e garantivano buone possibilit\u00c3 di carriera e di prestigio personale.\n\nL\u2019ascesa di Hitler Dietrich Bonhoeffer, Resistenza e resa Laureatosi nel 1927, con le prime pubblicazioni Bonhoeffer sembrava avviato a un futuro brillante, pur essendosi schierato a fianco di Karl Barth e degli altri teologi \u201cdialettici\u201d che rigettavano il compromesso tra religione, cultura e politica - il cosiddetto \u201cprotestantesimo culturale\u201d - che aveva caratterizzato la Germania imperiale, ma era entrato in crisi all\u2019indomani della sconfitta nella Prima guerra mondiale. I giovani professori consideravano la scomparsa del vecchio ordine politico e culturale europeo il segno inequivocabile del giudizio negativo di Dio sulle cose di questo mondo - il \u201cno\u201d di Dio all\u2019umanit\u00c3 e ai suoi tentativi di costruire una realt\u00c3 perfetta e autosufficiente - e al tempo stesso la possibilit\u00c3 della sua redenzione - il \u201cs\u00c3\u00ac\u201d di Dio a chi si riconosce peccatore e si affida a Lui nella fatica dell\u2019impegno quotidiano. L\u2019avvento al potere di Hitler il 31 gennaio 1933 fu l\u2019occasione per verificare se fosse in gioco solo una sofisticata speculazione teologica o invece un\u2019impegnativa assunzione di responsabilit\u00c3 . Gi\u00c3 pochi giorni dopo, Bonhoeffer tenne una conferenza radiofonica in cui denunciava la possibilit\u00c3 che una guida - il F\u00c3\u00bchrer - si trasformasse in un Verf\u00c3\u00bchrer - un seduttore.\n\nLo strappo con la Chiesa evangelica Di fronte alla persecuzione degli ebrei si consum\u00c3\u00b2 lo strappo con la Chiesa evangelica tedesca. Quando i suoi rappresentanti votarono il cosiddetto \u201cparagrafo ariano\u201d che, allineandosi alla legislazione nazista, proibiva la nomina di pastori che avessero ascendenze ebraiche, Barth, Bonhoeffer e altri si riunirono nella cittadina di Barmen per dare vita nel maggio del 1934 alla \u201cChiesa confessante\u201d, osteggiata e tenuta sotto stretto controllo dal regime. Bonhoeffer abbandon\u00c3\u00b2 la carriera accademica per dedicarsi alla formazione dei giovani pastori della Chiesa confessante e a un\u2019intensa attivit\u00c3 ecumenica che lo port\u00c3\u00b2 frequentemente all\u2019estero per mantenere i contatti con gli ambienti ecclesiastici dell\u2019Europa e degli Stati Uniti. Proprio qui, mentre nell\u2019estate del 1939 era ospite dell\u2019Union Theological Seminary di New York, comp\u00c3\u00ac il passo decisivo: di fronte alle pressioni degli amici che avrebbero voluto tenerlo al riparo dalla guerra incombente, Bonhoeffer scelse di tornare in Germania per proseguire l\u2019impegno nella Chiesa confessante e partecipare alla cospirazione contro Hitler, promossa da alcuni circoli militari e dell\u2019alta borghesia, di cui era a conoscenza.\n\nLa congiura dell\u2019ammiraglio Canaris L\u2019ammiraglio Canaris, uno dei congiurati, lo inser\u00c3\u00ac nei ranghi dell\u2019Abwehr, il servizio segreto dell\u2019esercito; in questo modo, Bonhoeffer pot\u00c3\u00a9 continuare a viaggiare e informare, tramite i suoi contatti ecclesiastici nei Paesi neutrali, i governi alleati delle attivit\u00c3 della Resistenza tedesca, ma senza alcun esito. Al tempo stesso, mise in piedi una rete clandestina per favorire la fuga degli ebrei dalla Germania; la distrazione di fondi dell\u2019Abwehr a questo scopo, scoperta durante una banale revisione contabile, port\u00c3\u00b2 al suo arresto. Per pi\u00c3\u00b9 di un anno, l\u2019apparente tenuit\u00c3 del reato fece s\u00c3\u00ac che le indagini non venissero approfondite e il processo pi\u00c3\u00b9 volte rinviato; ma il fallimento dell\u2019attentato a Hitler del 20 luglio 1944 mise fine ad ogni speranza: trasferito nel campo di concentramento di Flossenb\u00c3\u00bcrg, fu impiccato il 9 aprile 1945; come lui, il fratello e il cognato. Aveva 39 anni; meno di un mese dopo, la guerra sarebbe finita e la Germania, ancora una volta, sconfitta. In questa incandescente situazione storica e personale nascono i due grandi libri di Bonhoeffer pubblicati postumi da Bethge. L\u2019apertura dell\u2019 Etica \u00c3\u00a8 fulminante: \u00c2\u00abLa conoscenza del bene e del male sembra essere lo scopo di qualsiasi riflessione etica. Il primo compito dell\u2019etica cristiana consiste nell\u2019annullare tale conoscenza\u00c2\u00bb.\n\nDietrich Bonhoeffer, Etica Ai princ\u00c3\u00acpi e norme astratte da applicare di volta in volta alla realt\u00c3 , Bonhoeffer oppone la necessit\u00c3 di discernere quale sia il volere di Dio in vista del concreto agire dei cristiani nelle diverse situazioni in cui si vengono a trovare. Nelle pagine dell\u2019 Etica ricorrono costantemente le espressioni \u201coggi\u201d, \u201cqui\u201d, \u201ctra noi\u201d, \u201cper noi\u201d. Ci\u00c3\u00b2 significa che l\u2019etica cristiana \u00c3\u00a8 anzitutto un\u2019assunzione di responsabilit\u00c3 e non \u00c3\u00a8 mai al riparo dall\u2019errore e dalla colpa; la vicenda storica di Ges\u00c3\u00b9 Cristo, che sulla croce ha preso su di s\u00c3\u00a9 il peccato del mondo, ne rappresenta il punto focale: \u00c2\u00abQualsiasi pensiero riguardo al bene, che contrapponga il dover essere all\u2019essere e viceversa, \u00c3\u00a8 superato l\u00c3 dove il bene \u00c3\u00a8 divenuto realt\u00c3 : in Ges\u00c3\u00b9 Cristo.\u201d Poco prima di morire, un compagno di prigionia chiese a Bonhoeffer come avesse potuto partecipare a un complotto che prevedeva l\u2019assassinio di un capo di Stato: \u00c2\u00abDi fronte a un pazzo alla guida di una macchina, non bisogna limitarsi a curare chi viene investito, ma impedire al pazzo di guidare\u00c2\u00bb, fu la risposta. Le lettere dal carcere raccolte in Resistenza e resa sono anzitutto una testimonianza della fermezza con cui Bonhoeffer ha saputo tradurre in vita la sua Etica . Contengono poi riflessioni che, abbozzate nel giugno e luglio del 1944, hanno spalancato un orizzonte teologico nuovo: l\u2019idea di un \u00c2\u00abcristianesimo non-religioso in un mondo diventato adulto\u00c2\u00bb.\n\nLa rinuncia al \u00c2\u00abDio tappabuchi\u00c2\u00bb Il \u201cmondo adulto\u201d \u00c3\u00a8 quello moderno, in cui l\u2019umanit\u00c3 si scopre sempre pi\u00c3\u00b9 autonoma e sempre meno bisognosa delle spiegazioni e delle consolazioni della religione, del \u201cDio tappabuchi\u201d, come lo chiama Bonhoeffer, che dia senso agli ultimi spazi dell\u2019esperienza - il dolore, la morte - che ancora sfuggono al suo controllo. Come annunciare Cristo al mondo adulto, all\u2019umanit\u00c3 nella sua piena forza, non pi\u00c3\u00b9 nelle sue debolezze? La \u201creligione\u201d presenta Dio come un\u2019entit\u00c3 metafisica onnipotente che si colloca al di l\u00c3 del mondo e dell\u2019esperienza umana, a cui ciascuno pu\u00c3\u00b2 accedere e a cui deve sottomettersi nella propria interiorit\u00c3 , astraendosi per quanto possibile da ci\u00c3\u00b2 che lo circonda; infine, la \u201creligione\u201d costituisce uno spazio dell\u2019esistenza a s\u00c3\u00a9 stante, accanto agli altri aspetti della vita, il lavoro, la cultura, gli affetti... Per Bonhoeffer, tutto questo non rappresenta il messaggio del Vangelo, ma solo una sua forma espressiva, storicamente condizionata e transitoria, assunta dalle Chiese occidentali nel corso del tempo. Ancora una volta, occorre volgersi all\u2019esperienza originaria: il Dio di Ges\u00c3\u00b9 si rivela impotente sulla croce, ma cancellando cos\u00c3\u00ac il peccato riconsegna gli uomini e le donne alla pienezza della loro esistenza. Se la \u201creligione\u201d parte dalla debolezza della creatura per metterla di fronte alla forza e all\u2019onnipotenza di Dio, il cristianesimo muove dalla debolezza del Dio crocifisso in Cristo nel momento decisivo della storia: \u00c2\u00ab\u00c3\u0088 al centro della nostra vita che Dio \u00c3\u00a8 al di l\u00c3 \u00c2\u00bb, scrive Bonhoeffer a Bethge il 30 aprile 1944. Anche in questo caso non si tratta di riflessioni astratte."
        },
        {
            "id": "9c2352ff4ca5e66b",
            "title": "I 20 errori pi\u00c3\u00b9 comuni che si fanno quando si cucina",
            "content": "Che siate cuochi provetti o alle prime armi, non fa differenza, perch\u00c3\u00a9 in cucina gli errori li fanno tutti, anche gli chef stellati. E dei 20 sbagli pi\u00c3\u00b9 comuni selezionati dal \u00c2\u00abBusiness Insider\u00c2\u00bb, uno dei pi\u00c3\u00b9 dei pi\u00c3\u00b9 diffusi \u00c3\u00a8 senz\u2019altro quello di usare l'olio non adatto. L'olio extra vergine di oliva va infatti benissimo per cuocere molte pietanze, ma non tutte. Quindi se si deve cucinare qualcosa che richiede una temperatura particolarmente alta, meglio optare per un olio diverso, con un punto di fumo pi\u00c3\u00b9 elevato rispetto a quello dell'olio extravergine d'oliva (che \u00c3\u00a8 di 210\u00c2\u00b0)."
        },
        {
            "id": "c3ab55026af37512",
            "title": "Fabrizio Geronimo, l\u2019orologiaio del Quirinale: arti e segreti",
            "content": "Elisabetta Soglio - Sono nata nel 1965, sono laureata in Lettere e ho cominciato a fare la giornalista ad Avvenire: da 25 anni lavoro al Corriere dove mi sono occupata di cronaca e politica e ho curato la pagina della Citt\u00e0 del Bene. Attualmente sono responsabile dell'inserto sul Terzo settore: che poi \u00e8 cronaca, politica e anche economia.\n\nPaolo Foschini - Nato a Bologna nel 1964. Laureato in lettere fa il giornalista dal 1990, prima al Resto del Carlino poi all'Avvenire e dal 1997 al Corriere. Si \u00c3\u00a8 sempre occupato di cronaca, ogni tanto di cultura. Dirige un coro di detenuti nel carcere milanese di San Vittore.\n\nRossella Verga - Sono nata a Milano nel 1965, sono laureata in Scienze politiche e ho iniziato a fare la giornalista a 21 anni, prima al Giorno e dal 2000 al Corriere. Mi sono occupata soprattutto di cronaca e di politica. Ho raccontato la vita della citt\u00c3 ma anche le storie di tante persone. Ho tre figli. Mi piace suonare il piano e amo viaggiare.\n\nDavide Gorni - Nato a Mantova, classe 1959, conclusi gli studi universitari in Lingue a Verona, \u00e8 stato assunto a met\u00e0 anni 80 alla Gazzetta di Mantova, per passare nel 1993 alla Voce di Mantova come caposervizio e nel 1999 alla Nuova Cronaca di Mantova. Nel 2000 \u00e8 arrivato al Corriere della Sera, prima alla Redazione Lombardia e poi alla Cronaca di Milano, dove \u00e8 stato caposervizio e in seguito vice caporedattore con responsabilit\u00e0 dell\u2019online Milano/Lombardia."
        },
        {
            "id": "ee9c0289791c7225",
            "title": "La citt\u00e0 del futuro? \u00c8 un progetto collettivo tra intelligenza umana e artificiale",
            "content": "Metropoli virtuali dove umani e creature aliene brancolano nel buio di costruzioni apocalittiche. \u00c8 il futuro dell\u2019immaginario del passato. Basti pensare alla Los Angels di Syd Mead in Blad Runner (1982). Come saremo, che cosa faremo? Sono domande che da sempre hanno affascinato l\u2019umanit\u00e0. Ma se negli anni Cinquanta si immaginava un mondo tra macchine volanti, robot e viaggi extraterrestri, il Ventunesimo secolo punta a salvare il Pianeta dal riscaldamento globale. Si tenta quindi di mobilitare tutte le risorse tecnologiche per abbattere i livelli di CO2. Probabilmente le citt\u00e0 del futuro non saranno diverse da quella di oggi, saranno solo pi\u00f9 intelligenti, capaci di soddisfare e assecondare le esigenze e lo stile di vita dei suoi abitanti. Ma il futuro \u00e8 anche nelle nostre aspettative. Ciascuno di noi agisce in base alle proprie idee e convinzioni, cos\u00ec si aprono pi\u00f9 scenari per un prossimo mondo."
        },
        {
            "id": "06583de8fded2f96",
            "title": "Volti, palle di cannone e Pac-Man: le foto pi\u00c3\u00b9 curiose scattate su Marte",
            "content": "Il volto di Marte... Impossibile non essere minimamente affascinati dall\u2019esplorazione spaziale e dalla scoperta di quel pianeta che ci appare sempre pi\u00c3\u00b9 alla nostra portata. Marte \u00c3\u00a8 oggetto di studio da parte degli scienziati della Nasa da decenni ormai. La prima foto fu scattata nel 1976 dal Viking 1 Orbiter che si era avvicinato alla superficie aliena. Oggi il materiale fotografico abbonda, e tra i tanti fotogrammi ce ne sono alcuni davvero misteriosi. Ci fanno sognare, ci raccontano storie che alimentano la nostra fantasia. E fanno sicuramente divertire anche gli scienziati. Ecco allora una carrellata delle immagini pi\u00c3\u00b9 sorprendenti catturate sul Pianeta Rosso, a partire da questa - che risale proprio al 1976 - e che sembra aver immortalato un volto. Che sia un monumento alieno?"
        },
        {
            "id": "2a0c39802b7b0fac",
            "title": "Ponte Morandi Genova crollato: video, foto, ultime notizie",
            "content": ""
        },
        {
            "id": "ebf9ce41051f3c4b",
            "title": "Da Gallipoli a Milano: in duemila con il green pass. Il 5 giugno test per riaprire le discoteche in sicurezza",
            "content": "shadow\n\nLECCE \u2014 Un esperimento in due citt\u00e0 italiane con la folla di migliaia di giovani - sulla scia di quanto gi\u00e0 avvenuto nelle metropoli di Liverpool, Amsterdam e Barcellona -riuniti per un evento per capire come potranno essere organizzati i maxi-raduni in discoteca in tempo di Covid e quale sar\u00e0 il loro impatto in termini di contagio. Il test partir\u00e0 a giugno, dunque alla vigilia dell\u2019estate, in due templi del ballo giovane e delle serate, ovvero il Fabrique di Milano e il Praja di Gallipoli: due diversi locali, il primo al chiuso e il secondo all\u2019aperto, che saranno il luogo di un esperimento chiave soprattutto per i gestori dei night club in vista dell\u2019estate, ma non solo.\n\nUn anno dopo la polemica per il concerto di Sinclar Il primo test avr\u00e0 luogo il 5 giugno e riguarder\u00e0 proprio il Praja la grande discoteca di Gallipoli, che lo scorso anno, prima della serrata del divertimento giovane causa Covid, fu al centro delle polemiche per un\u2019affollatissima serata col dj Bob Sinclar immortalata sui social anche dallo stesso dj. A Gallipoli dunque, mimando i test gi\u00e0 avvenuti in Spagna ed in alcune citt\u00e0 europee, si svolger\u00e0 l\u2019evento-prova con duemila persone: resteranno insieme per ore a ballare con la mascherina, che ovviamente si potr\u00e0 abbassare per il tempo di un drink, ma senza distanziamento e si entrer\u00e0 soltanto muniti di green pass, ovvero l\u2019attestazione del ciclo vaccinale vaccinale, un tampone negativo o un attestato di guarigione. Il risultato di questo test sar\u00e0 inequivocabile e arriver\u00e0 quasi subito. Infatti alla fine della serata i ragazzi dovranno sottoporsi a un nuovo tampone e capire se tra la gente in pista, nei bagni o nei prive\u2019 il virus si \u00e8 diffuso. \u00abAbbiamo l\u2019autorizzazione della Regione Puglia\u00bb, chiarisce Pasca, tra gli organizzatori dell\u2019iniziativa.\n\nObiettivo Covid free L\u2019obiettivo dei gestori \u00e8 quello di poter arrivare a \u00abdiscoteche covid-free\u00bb affinch\u00e9 i 2.800 locali sparsi in Italia, e questo \u00e8 solo il numero di quelli al chiuso ai quali si aggiungono i tanti spazi en plein air che sorgono l\u2019estate, tornino a lavorare dopo diversi mesi di stop. E soprattutto dopo l\u2019estate horribilis 2020 quando le discoteche chiusero nel bel mezzo di agosto gettando nello sconforto non solo i gestori, che videro andare in fumo i guadagni nel pieno della stagione estiva dopo essersi preparati ed avere fatto scorte di alcolici e bevande, ma anche torme di adolescenti e giovanissimi che speravano in un\u2019estate normale. I gestori delle discoteche ora stanno lavorando ad un protocollo sanitario per i locali e intendono consegnarlo al Comitato Tecnico Scientifico affinch\u00e9 sia valutato."
        },
        {
            "id": "deab35cd025f7555",
            "title": "Forum Supplemento singolo di Antonella Baccaro",
            "content": "Guarda, per una volta (anche i miracolo accadono) sono d'accordo con Flora, riguardo alla molto minor importanza che gli uomini accordano alla propria bellezza.\n\n\n\nUna volta avevo un capo che si definiva, compiaciuto e perfettamente in pace con se stesso, \"un brutto che piace\".\n\nDevo ancora conoscerla una donna che si definisca, allegramente e spontaneamente, \"una brutta che piace\".\n\n\n\nAnzi, fra gli uomini gira ancora, sottotraccia, l'idea che un uomo \"troppo\" bello sia sospetto, cio\u00c3\u00a8 gay.\n\n\n\nUn uomo sente di dover essere forte e sicuro di s\u00c3\u00a9, e quando ci riesce basta e avanza; sia perch\u00c3\u00a9 cos\u00c3\u00ac di fatto aumenta le probabilit\u00c3 di conseguire successi e riconoscimenti sociali che attirano le donne; sia soprattutto perch\u00c3\u00a9 la societ\u00c3 , donne comprese, fin da bambino gli chiede questo, e lo plasma letteralmente cos\u00c3\u00ac; allo stesso modo in cui mette in testa alle donne che \"devono\" essere belle, senn\u00c3\u00b2 se la possono giocare intellettualisticamente come vogliono, ma \u00c3\u00a8 una tragedia, e ci mettono tutta la vita per venirci a patti.\n\n\n\nInoltre, per buttare dentro anche un tocco psicoanalitico, Francoise Dolto diceva che la donna, non disponendo di genitali esterni invadenti ed esibizionistici, ha il bisogno di essere \"narcisizzata\" dallo sguardo e dall'apprezzamento maschile.\n\n\n\ndi caneb\u00c3"
        },
        {
            "id": "c391e818a8ada0ba",
            "title": "AirTag e i concorrenti, i migliori tracker per non perdere nulla",
            "content": "Per inviare la propria posizione al legittimo proprietario, Tile, Filo e compagni possono contare solo sui dispositivi con installata l\u2019app proprietaria. AirTag invece si basa sulla rete Dov\u2019\u00e8 che lega il miliardo di iPhone presenti nel mondo pi\u00f9 tutti gli iPad e i Mac. Difficile che non ne intercetti uno anche nei luoghi pi\u00f9 remoti della Terra.\n\nIl futuro dei tracker\n\nIl mercato comunque cambier\u00e0 a breve. Apple ha reso disponibile la rete Dov\u2019\u00e8 anche ad altri produttori e per questo, nei prossimi mesi, arriveranno tanti tracker di terze parti, a partire dal Chipolo One spot, previsto per giugno. Fino ad allora AirTag \u00e8 la scelta migliore per chi ha un iPhone e vuole una localizzazione precisa anche fuori casa."
        },
        {
            "id": "f79d47e097526250",
            "title": "Btp Futura, il \u00abpremio\u00bb alla scadenza: tenere i titoli o vendere prima? Le strategie per investire",
            "content": "Il Btp Futura e due \u00abpremi fedelt\u00e0\u00bb (tra 8 e 16 anni)\n\nAgli investitori fedeli spetta, giustamente, il premio fedelt\u00e0. Anzi, il Btp Futura appena collocato ne propone uno tra otto anni e un altro tra sedici anni, assieme ad un ricalcolo del premio gi\u00e0 assegnato otto anni prima. Complessivamente, l\u2019accredito extra cedole agli investitori fedelissimi, perch\u00e9 avranno conservato in portafoglio il Btp fino a scadenza, il rendimento arriver\u00e0 a sfiorare il 6% circa, al lordo, naturalmente, dell\u2019imposta del 12,50%.\n\nAnche le due precedenti emissioni dell\u2019analogo Btp, con scadenza, rispettivamente, dieci e otto anni, hanno proposto il premio fedelt\u00e0 di importo percentuale inferiore a quella indicata per il titolo con scadenza 2037. Inferiore, perch\u00e9 ambedue le emissioni collocate nello scorso anno proponevano durate decisamente pi\u00f9 ravvicinate. Analizzando, in particolare, la scadenza 2030, decennale, perch\u00e9 emessa nel 2020, essa propone un premio massimo pari al 3% dell\u2019importo investito. Nel grafico compare la curva dei prezzi che Borsa Italiana ha rilevato dal giorno della prima quotazione: che il valore di mercato del primo Btp Futura abbia suscitato un forte interesse \u00e8 fuori discussione.\n\n\u00a9 Riproduzione Riservata"
        }
    ],
    "label": 2,
    "label_text": "high"
}