{
    "source": "crooksandliars.com",
    "articles": [
        {
            "id": "6382ab72c8f7a4b0",
            "title": "Florida Blocked Access To Unemployment And Now It's A 'Sh*t Sandwich' For GOP",
            "content": "The Republican Party in Florida served up `` a sh*t sandwich '' with unemployment .\nAnd they 're trying to blame the previous Republican governor , Rick Scott , who , to be honest , does deserve a large chunk of the blame .\nPolitico : Privately , Republicans admit that the $ 77.9 million system that is now failing Florida workers is doing exactly what Scott designed it to do \u2014 lower the state \u2019 s reported number of jobless claims after the great recession .\n\u201c It \u2019 s a sh -- sandwich , and it was designed  one DeSantis advisor .\n\u201c It wasn \u2019 t about saving money .\nIt was about making it harder for people to get benefits or keep benefits so that the unemployment numbers were low to give the governor something to brag about.\n\u201d Republican Party of Florida chairman Joe Gruters was more succinct : \u201c $ 77 million ?\nSomeone should go to jail over that.\n\u201d Floridians who never had to think about politics now have a maximum unemployment benefit during a pandemic of $ 275.00 per week because Florida Republicans thought  people off the rolls .\nPay attention : Republicans thought it was no big deal to put up barriers to unemployment insurance when unemployment was low , except they did n't actually know how many unemployed there are because they put up barriers to finding out .\nThey should never hold power again ."
        },
        {
            "id": "5e08f81e6facd159",
            "title": "Republicans Try To Grant Corporations Immunity From Covid-19 Lawsuits",
            "content": "A diverse coalition of nearly 120 progressive advocacy groups is urging Congress not to grant corporations sweeping immunity from coronavirus-related workplace safety lawsuits , warning that the Republican-backed proposal could have devastating consequences for both employees and customers .\nIn a letter ( pdf ) to Democratic and Republican congressional leaders on Wednesday , the groups said they `` strongly oppose any legislation that would establish nationwide immunity for businesses that operate in an unreasonably unsafe manner , causing returning workers and consumers to risk Covid-19 infection . ''\n`` When workplaces are not properly protected , patients , customers  all at risk , '' reads the letter , which was led by Public Citizen and the Center for Justice and Democracy .\n`` This concern is not hypothetical .\nSome essential businesses have already put employees back in the workforce without ensuring their safety .\nAs a result , infections have spread in and out of the workplace . ''\nThe letter came after Senate Majority Leader Mitch McConnell said Monday that protecting corporations from coronavirus-related legal action by workers and customers is his `` red line '' for the next Covid-19  , '' Public Citizen tweeted Wednesday .\n`` Mitch McConnell thinks the most pressing threat facing our nation right now is that people might need to take a company to court for doing something dangerous or illegal during this pandemic . ''\nPresident Donald Trump has also voiced support for shielding companies from legal responsibility for exposing their workers to Covid-19 , a proposal pushed by the Koch network and the U.S. Chamber of Commerce .\n`` We are trying to take liability away from these companies , '' Trump said during a  just do n't want that because we want the companies to open and to open strong . ''\nAccording to the Washington Post , the Trump administration is considering issuing `` a liability waiver that would clear businesses of legal responsibility from employees who contract the coronavirus on the job . ''\nDebbie Berkowitz , director of the worker safety and health program at the National Employment Law Project , condemned the idea as `` one of the most appalling things I 've heard in the context of this crisis . ''\nThe  safe economic recovery .\nFor that reason , we strongly oppose any legislation that would establish nationwide immunity for businesses that operate in an unreasonably unsafe manner , causing returning workers and consumers to risk Covid-19 infection .\nRemoving legal accountability for businesses not only would jeopardize the health and safety of workers , it would also jeopardize everyone who enters those workplaces .\nThis would be extremely damaging to the nation 's economic recovery .\nAny recovery requires the public to have confidence that businesses are operating as safely as possible .\n unsafely would do the opposite of instilling public confidence .\nInstead , it would introduce new anxieties to an already highly-anxious public .\nAnd it would have real-life consequences for every community , since legal liability is one of the most powerful incentives we have to ensure that businesses operate safely .\nWhen workplaces are not properly protected , patients , customers , clients , and the community are all at risk .\nThis concern is not hypothetical .\nSome essential businesses have already put employees back in the workforce without ensuring their  have spread in and out of the workplace .\nIn some cases , this has led to renewed shutdowns , slowing the pace of recovery .\nFrom protecting the food supply chain to preventing needless deaths in nursing homes , it is clear that companies responsible for the health and safety of others must continue having every incentive to protect them .\nMany companies already had serious safety problems prior to the Covid-19 pandemic , but the pandemic can not be an excuse for failing to protect workers and the public .\nMoreover  trends toward deregulation and lax regulatory enforcement of workplaces .\nThe federal Occupational Safety and Health Administration has substantially stepped back from its role to protect the health and safety of workers during this pandemic , and is dangerously relying on employers to self-police .\nUnder these circumstances , the specter of unsafe workplaces is a significant concern .\nWithout adequate protective equipment and other safety measures , workers will be deterred from coming back to work .\nImmunity would only exacerbate these problems .\nIn sum , we strongly oppose any legislation  ensure safe workplaces ."
        },
        {
            "id": "56afe2717fcaa420",
            "title": "Surgeon General Calls Next Week 'Our Pearl Harbor Moment, Our 9/11 Moment'",
            "content": "Initially , one of the more skeptical of Trump 's lackeys , Jerome Adams has in recent weeks become his most zealous convert to the thinking that the COVID-19 pandemic is a real threat to the United States .\nThe Surgeon General 's transformation has been , shall we say , nothing short of remarkable .\nSurgeon General Jerome Adams Sunday called on U.S. governors who haven \u2019 t issued statewide stay-at-home orders that combat the spread of coronavirus to at least \u201c give us a week \u201d of restrictions , as health officials warn of an accelerating rate of  his message to those governors who have not yet issued such drastic orders , Adams called on them to follow the administration 's guidelines , which include measures like avoiding social gatherings and discretionary travel .\n\u201c The next week is going to be our Pearl Harbor moment , it \u2019 s going to be our 9/11 moment , it \u2019 s going to be the hardest moment for many Americans in their entire lives .\nAnd we really need to understand that if we want to flatten that curve and get through  to do their part , \u201d he said during an interview on \u201c Meet the Press .\n\u201d"
        },
        {
            "id": "68fe36992fbab887",
            "title": "Womp Womp: Mitt Romney Won't Applaud Biden Taxing The Rich",
            "content": "Mitt Romney scowled under his mask and gritted his teeth ( I 'm guessing ) as Joe Biden announced plans to raises taxes on corporate America and the richest of the rich , a class he knows all too well .\nHe also was n't too thrilled with Biden 's call for raising the minimum wage to $ 15/hr .\nTough .\nMillionaire Mitt Romney refused to applaud Joe Biden \u2019 s plans for taxing the wealthiest Americans and raising the minimum wage .\nThe Senator from Utah , who is reportedly worth $ 250m from his career at private  get to his feet or to clap when the president addressed the subjects during his speech to the joint session of Congress .\n\u201c It \u2019 s time for corporate America and the wealthiest 1 per cent of Americans to just begin to pay their fair share , \u201d Biden said .\n\u201c Just their fair share.\n\u201d Mr Romney was caught on camera staying firmly seated when lawmakers around him applauded the plan .\nAnd the senator looked equally unimpressed when Mr Biden renewed his call for a $ 15 an hour @ @ @ @"
        },
        {
            "id": "7bce0b0ba6fd5b80",
            "title": "Pence Gaslights Hannity Viewers With His Version Of Jan. 6th",
            "content": "`` From gallows to gaslight .\nDeveloping overnight , Mike Pence , history boy .\nHe was in the middle of history on January 6th , the day insurrectionists were chanting 'Hang Mike Pence ! '\nThey were yelling to kill him in order to overthrow an election .\nDonald Trump and the rioters wanted him to unilaterally defy the election results .\nMike Pence refused to upend democracy that day , although he had to run it by Dan Quayle first .\nThat is the history , known to all who saw it and all those who have written  Robert Costa 's 'In Peril . '\nIn a historical and moral contortion , the former vice president Mike Pence is trying to redirect the blame for the insurrection . ''\nI know the media wants to distract from the Biden administration 's failed agenda by focusing on one day in January .\nThey want to use that one day to try to demean the character and intentions of 74 million Americans who believed we could be strong again and prosperous again and supported our administration in 2016 and 2020 .\n`` Pence  Again , from gallows to gaslight .\nThe media was n't chanting 'Hang Mike Pence , ' the insurrectionists were .\nThe people there to overturn the results of an election , to ignore the will of 81 million voters , and do worse to him , '' Berman said .\n`` Pence goes on to talk about his relationship with Trump , '' Brianna Keilar said .\nYou ca n't spend almost five years in a political foxhole with somebody without developing a strong relationship .\nYou know , January 6th was  our Capitol building .\nBut thanks to the efforts of Capitol Hill police , federal officials , the Capitol was secured .\nWe finished our work .\nAnd the president and I sat down a few days later and talked through all of it .\nI can tell you that we parted amicably .\n`` What part of all this do you think they talked through , exactly ?\nHow Trump wanted to use Pence as the centerpiece for his attempted coup ?\nMaybe they talked about what Trump said at the Stop  .\nMike Pence is going to have to come through for us .\nIf he does n't , that will be a sad day for our country .\n`` Maybe they talked through the tweet that Trump sent during the breach of the Capitol during the breach , where Trump said that Pence did n't have the courage to protect the country . ''\nYou can watch the whole segment here ."
        },
        {
            "id": "cf62cdde6763c7a8",
            "title": "Twitter Locks Account Of Congresswoman Who Live-Tweeted Nancy Pelosi's Location During Riot - UPDATED",
            "content": "UPDATE : Lauren Boebert 's account was unlocked following the original publication of this story : A Republican congresswoman who  locked by Twitter this week after she live-tweeted House Speaker Nancy Pelosi 's location during  Hill insurrection .\nRep. Lauren Boebert ( R-CO ) revealed on Instagram that Twitter had  Inauguration Day on Jan. 20 .\nIt was not immediately clear why Twitter had shut  .\nTwitter users called for Boebert to be jailed last week after she used the  Pelosi 's security while a pro-Trump mob stormed the Capitol .\nFollowing the failed coup  D-CA ) suggested that Boebert had committed a crime .\n`` Like any citizen who  Lauren Boebert has the right to remain silent , '' Swalwell tweeted .\n`` I  . ''"
        },
        {
            "id": "0c30ecbf2c334102",
            "title": "CARTOON: Roe V. Woe",
            "content": "While saying vaccination is the solution , Justice also said `` We should absolutely , without any question , in  mandating employees '' to get vaccinated .\n\u00af\\_ ( \u30c4 ) _/\u00af"
        },
        {
            "id": "2d371f75c481613c",
            "title": "WATCH LIVE! Stevie Wonder Performs At Biden And Obama Event Tonight In Detroit!",
            "content": "Fox & Friends weekend host Jedediah Bila made the rare admission that maybe it 's not the best idea for  the medical community and recommendations from the Mayo Clinic over limiting crowd sizes at these @ @ @"
        },
        {
            "id": "8226e048521d8428",
            "title": "Guess Who Got Caught Trying To Commit Voter Fraud?",
            "content": "Guys , we found an instance of voter fraud and it is pretty blatant !\nThis person tried to use  a mail in ballot for Florida .\nYou ca n't do that - it is  The exact thing that Donald Trump and the Republicans warned us about .\nBut wait  ?\nThis scammer ?\nThis evil liar who should be prosecuted to the fullest extent  person trying to stuff the ballot box from afar ?\nIT IS NONE OTHER THAN  Washington Post reports that Trump tried to register to vote in Florida but claimed that  was in Washington , DC .\nYou ca n't vote absentee in a state you  in .\nTHAT IS VOTER FRAUD .\nTrump resubmitted his registration using a Florida address  .\nNow his legal address is at Mar-A-Lago .\nHopefully we can send him there  ."
        },
        {
            "id": "e8a8842c5987b8b7",
            "title": "How Are Your Right Wing Relatives Dealing With The Pandemic?",
            "content": "Like a lot of you out there , I 've got loved ones that I 've lost to Fox `` news , '' and lots of people whom I care about and interact with in real life who are Republicans and Trump supporters .\nIt 's been something watching this administration 's incompetence finally hit them squarely in the face and seeing their reaction to it .\nFor the most part , they 're just scared .\nMy retired friends who are all in the high risk category are terrified about even going to the grocery store and doing their  the quarantines started , I personally have n't heard anyone downplaying the seriousness of the pandemic , even though a few of them were doing just that before the virus started to spread in the United States .\nI tried to get through to my Republican father just how dangerous Fox has been with spreading outright lies about the pandemic and downplaying it , only to have him try to `` both sides '' me with how terrible he thinks all of the media is , and then resort to the `` I  about politics '' line of defense to get out of talking about a subject he knows he ca n't defend .\nI told him when they 're putting people 's lives at risk that I love it goes beyond politics , and that was the end of that conversation .\nI do n't want to beat up on him too much on the topic , because he 's having a rough enough time as it is .\nMy mom has early onset Alzheimer 's and has been in a nursing home for over  n't visit her and check on her .\nMy dad was normally there every day , twice a day to feed her and the separation is breaking his heart .\nAnd while I 've seen a few chinks in the armor from people who are finally growing weary of Trump and his lies , most of them are still circling the wagons and attacking -- you guessed it -- Democrats for the response to the pandemic .\nHere 's a small portion of what I 've been unfortunate enough to have in my  still firmly planted on Team Trump : Sharing articles like this one from the Moonie Times quoting Dr. Drew attacking the media : Dr. Drew says press should be 'held accountable ' for coronavirus panic : 'They are hurting people' Asking how many people who hate Trump are going to cash their stimulus checks .\nAsking who still wants to keep Republicans in power .\nCalling Pelosi , Schiff and Nadler the `` swamp '' and encouraging people who do n't live in their districts to vote them out of office : And  Pelosi held up coronavirus response funds over abortion : Thankfully , I have n't seen a whole lot of likes on any of those posts , which was n't the case not long ago .\nSo maybe that 's a good sign that some of his support is dwindling .\nWho else out there is dealing with the constant stream of lies being put out by Trump and the right with the people you interact with in real life , and how are you coping with them ?\nHave you seen anyone finally  circling the wagons ?\nHow are they reacting to the latest talking point from the right that the sick , vulnerable and the elderly should just die quickly and sacrifice themselves to the Wall Street gods , or are they largely just ignoring it ?\nPlease share your personal stories in the comments section and I hope everyone is doing their best to stay safe during his crisis if they can ."
        }
    ],
    "label": 2,
    "label_text": "high"
}