{
    "source": "csmonitor.com",
    "articles": [
        {
            "id": "158d11698af298e0",
            "title": "With racial justice in mind, US rethinks highways",
            "content": "Through the years that she has been fighting against it , Amy Stelly \u2019 s opponent has remained unmoved , looming nearby and covering her New Orleans home with filth : an elevated highway , towering above her once-thriving neighborhood .\nSince its construction in the 1960s , the section of Interstate 10 running above Claiborne Avenue has decimated what used to be the center of the city \u2019 s Black community , said Ms. Stelly , including businesses and greenery .\nOnce a bustling retail corridor shaded by mature oak trees , the street satisfied all of the community  urban planner told the Thomson Reuters Foundation .\n\u201c Doctors , dentists , groceries .\nIt was the place to be.\n\u201d \u201c Over time , the neighborhood became disinvested and businesses closed , \u201d said Ms. Stelly , who has been called a \u201c freeway fighter \u201d for her decade-long struggle to get the city to remove the elevated interstate entirely and reroute traffic .\nNow her battle is getting a boost from President Joe Biden \u2019 s new infrastructure package , which brings high-level attention to the effects of urban highways  March referenced the need to redress historical infrastructure inequities , specifically calling out how \u201c past transportation investments divided communities \u2013 like the Claiborne Expressway in New Orleans.\n\u201d Mr. Biden \u2019 s new transportation secretary , former South Bend , Indiana , mayor Pete Buttigieg , noted in December that highway projects have had a disproportionate impact on minority communities , pledging to \u201c make righting these wrongs an imperative.\n\u201d Earlier that month , members of Congress had proposed $ 10 billion to facilitate highway removals or redesigns as part of  There \u2019 s never been explicit presidential support for something like this , \u201d said Ben Crowther , program manager at the Congress for the New Urbanism ( CNU ) , a Washington-based nonprofit that tracks highway removals .\nIf funding was made available \u201c exclusively for removing highways and righting the historical wrongs they \u2019 ve perpetuated , \u201d he said , \u201c that would tip the scales in favor of a lot more removal projects.\n\u201d The history of highway removal begins with the story of highway building during the 1950s  through communities of color , Mr. Crowther said .\n\u201c Some were overtly racist , some were systemically racist .\nThat included the fact that this was low-value land , in part because Black people were living there , \u201d he said .\nThose highways brought with them significant health risks , including higher rates of cardiovascular disease , cancer , and asthma , according to a report by the Lincoln Institute of Land Policy .\n\u201c Freeway construction in many [ United States ] cities caused homes and businesses to be demolished  , jobs and open space ; and polluted air , soil and water , \u201d the report found .\nAddressing these issues today can include capping or burying highways , rerouting them to less densely inhabited areas , or even removing spur highways \u2013 which branch off of major roadways \u2013 and other infrastructure entirely .\nAccording to CNU \u2019 s count , about 18 U.S. highways have been removed in some form since the late 1970s , with a significant spike in the past five years .\nDrive times have typically gone  Mr. Crowther said , despite critics \u2019 predictions of traffic-related \u201c Armageddon.\n\u201d The momentum for such projects typically comes from mayors , but they are now being helped by the advanced age of the national highway system , said Beth Osborne , director of Transportation for America , an advocacy group .\n\u201c All of these highways need to be completely replaced at this point , so it \u2019 s a good time to talk about it and think differently today than we did in previous decades , \u201d she said .\n from better air quality , new green and public space , stronger physical connection with neighboring areas , and significant local economic development , Ms. Osborne and others said .\nGreenville , South Carolina , took down a four-lane bridge in the early 2000s and uncovered a waterfall , then created a park around it that made the neighborhood a major draw , said Alex Laska , transportation policy advisor with the think tank Third Way .\nAnd Mr. Crowther at CNU pointed to Rochester , New York , which spent $ 22  inner loop highway in 2017 , reclaiming 6.5 acres of land .\nWithin two years , the city had generated investments worth $ 229 million in development off of that land , he said .\nYet in spurring new economic development , some highway removal projects have inadvertently pushed out long-time residents , Mr. Crowther added .\nHe noted the experience of Oakland , California , where a highway relocation in the 1990s fueled gentrification and displacement .\nMany advocates want to ensure that mistake is not repeated , said Mr. Laska at  a tragedy if the people we were trying to help by taking [ highways ] down ended up getting priced out afterward , \u201d he said .\nIn December , amid the new federal focus on highway removals , Mr. Laska and Ms. Osborne collaborated on a report to help communities and officials get ahead of the issue .\nThe proposal includes having communities establish land trusts or \u201c land banks \u201d that could receive initial ownership of any property that becomes available , which in turn would help support affordable housing or  sales could help other local homeowners pay the increase in property taxes due to gentrification , Mr. Laska said .\nLawmakers have expressed interest in adding such elements to future legislation , he noted .\nIn New Orleans , the prospect that gentrification could follow if she succeeds in getting the Claiborne Expressway removed already has Ms. Stelly worried .\n\u201c I \u2019 ve said to the city that we need to work on equity now , not when the highway is down , \u201d she said .\nMs. Stelly suggests tax relief  Black businesses to move into the area , and zoning changes to allow for the construction of smaller buildings that could be more affordable to new business owners .\nA New Orleans city hall spokesman said in emailed comments that the mayor and city \u201c appreciate the Biden administration \u2019 s acknowledgement of the devastation to surrounding African-American businesses \u201d caused by the construction of the elevated highway .\n\u201c Since taking office , our administration has focused on improving the city \u2019 s aging infrastructure , and doing so in a manner  our residents , \u201d the spokesman said .\nAlready the discussion has moved far more quickly than Ms. Stelly anticipated .\n\u201c Highway removal is now glamorous \u2013 I never thought I \u2019 d see that , \u201d she said .\n\u201c For neighborhoods that have been destroyed by urban highways all across the United States , there \u2019 s hope that the environmental , social and economic injustices can be reversed now.\n\u201d This story was reported by the Thomson Reuters Foundation ."
        },
        {
            "id": "cb440a8a45caad7a",
            "title": "When the world stood still, they found freedom on roller skates",
            "content": "Veterans of the scene agree that the current wave of interest is not so much a revival of a dead sport but the latest iteration of an established discipline .\n\u201c Skating goes through its phases , \u201d says Darius Stroud , an influential roller skater who is better known by his skate name D-Breez .\n\u201c It \u2019 s basically an art form and a sport .\nAnd any time a sport gets some popularity and traction , it \u2019 s good because it brings eyes to that sport , and it makes people understand it.\n\u201d The newfound  carries with it nearly a century of history and includes ties to African American culture and the civil rights movement .\nThough skating has cycled in and out of style , its enduring appeal has captured generations of skaters .\nRoller-skating is spilling into the streets and online as young people look for outdoor activities to fill the lockdown void .\nThe pastime translates easily to video , and viral clips \u2013 including from some influential celebrities \u2013 have flooded social media .\nThere are now more than 1.2 million posts in the  billion views on the tag on TikTok .\nA 10-second TikTok video was all it took for actress Ana Coto to ignite a summer trend \u2013 that , and a pair of turquoise roller skates .\nThe video , posted in May , features Ms. Coto effortlessly skate-dancing down a road while lip-syncing to the Jennifer Lopez song \u201c Jenny from the Block.\n\u201d More than 15 million views later , some pinpoint her video as the reason why it \u2019 s currently almost impossible to find a quality pair of skates for  than 1.2 million posts in the # rollerskating tag on Instagram and 2.2 billion views on the tag on TikTok .\nOn YouTube , viewers can find tutorials and trick videos , accompanied by vlogs with titles like \u201c Learning to Roller Skate in 5 Days.\n\u201d Roller-skating , which is easily done in the open air and translates well to video , fills the lockdown void perfectly for many young adults .\nEven so , the newfound interest belies a thriving contemporary subculture that carries with it nearly a century of history  and the civil rights movement .\nThough the sport has cycled in and out of style , its enduring appeal has captured generations of skaters .\n\u201c It gives you a sense of freedom , \u201d says Darius Stroud , an influential roller skater who has been on the scene for decades and is better known by his skate name D-Breez , in a phone interview .\n\u201c You don \u2019 t have to align with what somebody else does .\n...\nIt allows you free creation and expression of the self.\n\u201d  tied , in part , to the fresh image the sport has gained since brands like Moxi ( started in 2010 ) and Impala ( started in 2017 ) began selling bright , trendy roller skates that can be easily coordinated with stylish outfits .\nFlashier than the black-and-white binary of rental skates , they \u2019 re marketed as high-performance gear suitable for rough outdoor skating and high-impact tricks .\nFor the most part , contemporary American skate culture is also diverse and welcoming , though atmosphere and skate style can vary wildly  the forefront of both bowl skating and the competitive team sport roller derby .\nRoller dancing has been closely tied to trends in music since disco took off in the 1970s ; today , there are dozens of regional dance styles , most originating from Black culture .\n\u201c What is wonderful about the roller-skating community is that it \u2019 s so inclusive , \u201d says Rebel Mang , a roller skater who creates tutorials on her YouTube channel Queer Girl Straight Skates , in a phone interview .\n\u201c It \u2019 s  ...\nThere \u2019 s something about the intersection of roller-skating and queerness that makes me feel more me and more represented within my identity.\n\u201d The sport \u2019 s popularity has waxed and waned constantly since it began .\nIn the \u201c golden age \u201d of skating from the 1930s into the 1960s as many as 18 million Americans regularly skated .\nBeginning in the 1970s , rinks were packed with a generation infatuated with disco music .\nAnd the sport is inextricably tied to African American culture , from civil rights movements  of music and dance styles \u2013 like disco \u2013 that tend to accompany spikes in skating \u2019 s popularity .\nToday , skaters continue to innovate within contemporary variations on the sport including roller derby , park or bowl skating , and adult-night events .\nD-Breez , for example , currently organizes the Independence Roll , a national skating convention held annually in Chicago .\nHis event is one of dozens of similar national-level roller rink events attended in large part by members of the Black skating community , the first of which  Poindexter in the early 1990s \u2013 the same decade when rink skating became associated with burgeoning genres of hip-hop and rap .\n( The 2018 documentary \u201c United Skates \u201d covered the underground scene , as well as the fact that rinks across the nation are being rezoned and permanently closed , and that Black roller events are often heavily policed . )\nMs. Mang notes that today \u2019 s skate world is not without its shortcomings .\n\u201c It has glaring faults , \u201d she says .\nThe history of segregation in  where coded anti-Black language \u2013 \u201c No saggy pants \u201d \u2013 is not uncommon .\nOn some sites including TikTok , algorithms can boost white creators over those of other races , potentially minimizing the spread of content from nonwhite skaters .\nWhat \u2019 s popular online \u201c is just not an accurate representation of what the skate community is , \u201d says Ms. Mang .\n\u201c It \u2019 s not what you see on social media.\n\u201d Veterans of the scene agree that the current wave of interest is not so much  the latest iteration of an established discipline .\n\u201c Skating goes through its phases , \u201d says D-Breez .\n\u201c It \u2019 s basically an art form and a sport .\nAnd any time a sport gets some popularity and traction , it \u2019 s good because it brings eyes to that sport , and it makes people understand it .\n...\nWhich , of course , can help the rinks stay open.\n\u201d Ms. Mang says that her participation in skating \u201c has helped me to love my body in a way  body before.\n\u201d But it \u2019 s more than that , she adds .\n\u201c It feels like you understand where somebody is coming from when you know that they \u2019 re roller-skating .\n\u201d"
        },
        {
            "id": "6f11a1250055a57c",
            "title": "College affordability, loan forgiveness, and a path to the future",
            "content": "This story was supported by a grant from the Solutions Journalism Network .\n\u201c If you cancel debt without tackling the system holistically , \u201d says Wil Del Pilar , a vice president at The Education Trust , \u201c all you \u2019 re doing is setting yourself up to have the same problem in 10 to 15 years.\n\u201d If policymakers hope to rein in borrowing long term , they \u2019 ll need to find new ways to help students pay for college .\nThat might include making college free or expanding the federal Pell Grant program to cover more  .\nAs the nation \u2019 s federal student loan balance has mushroomed , topping $ 1.5 trillion last year , the calls to cancel some or all of that debt have grown louder .\nProponents of loan forgiveness argue it has become an economic and social justice imperative .\nIf Americans agree that college is the path to financial stability , what is the best way to help people afford to go ?\nThe strike is symbolic \u2013 Mr. Biden has extended a pause on student loan payments through September \u2013 but it  States .\nThis summer , Dr. Richelle Brooks , a teacher and single mother , joined a group of 100 \u201c debt strikers \u201d who are refusing to repay their college loans in an effort to pressure President Joe Biden to forgive all outstanding federal student debt in his first 100 days in office .\nRichelle Brooks knew that college was the surest path to the middle class , but her mother , a restaurant manager , couldn \u2019 t afford it .\nSo the high school senior did what counselors and teachers  on loans , confident she \u2019 d earn enough to pay them back .\nWhen she didn \u2019 t , she borrowed again \u2026 and again .\nAfter 13 years in school , she had a doctorate in educational leadership \u2013 and more than $ 200,000 in debt .\nBut economic security has eluded her .\nFor awhile , she worked as a principal at a charter school .\nBut when that school shut down last summer , she couldn \u2019 t find another administrative post and had to settle for a lower-paying  two children she \u2019 s raising on her own and a balance that has ballooned to $ 237,000 , Dr. Brooks feels she was misled .\n\u201c I did everything I was told you have to do to make a livable wage , \u201d she says .\n\u201c You take out loans , and when you graduate you pay them back.\n\u201d So this summer , she joined a group of 100 \u201c debt strikers \u201d who are refusing to repay their loans in an effort to pressure President Joe Biden to forgive  first 100 days in office .\nThe strike is symbolic \u2013 Mr. Biden has extended a pause on student loan payments through September \u2013 but its message is clear .\n\u201c This debt isn \u2019 t going to be repaid , \u201d says Thomas Gokey , a onetime college adjunct who co-founded the Debt Collective , the group behind the strike .\n\u201c It has to be canceled.\n\u201d As the nation \u2019 s federal student loan balance has mushroomed , topping $ 1.5 trillion last year , the calls to cancel some  louder .\nTotal cancellation , an idea considered fringe just a few years ago , has become mainstream , with more than half of Americans in a 2019 poll saying they are in favor of eliminating all existing student loan debt .\nNow , amid a pandemic that has led to disproportionate job losses among people of color and a racial justice movement that has focused attention on inequities across American society , proponents of loan forgiveness argue it has become an economic and social justice imperative .\n\u201c The student loan system  violent against already marginalized groups , \u201d says Dr. Brooks .\nCanceling student loans would shrink the racial wealth gap and stimulate the economy , freeing up money that consumers would spend on homes , cars , and new businesses , proponents argue .\nBut skeptics say debt relief would do neither thing well , and would be unfair to Americans who worked their way through college , chose the cheaper institution , or sacrificed to pay down their debt \u2013 never mind those who sat out college altogether .\nIt would deliver  leaving out some of the poorest Americans \u2013 those with only high school diplomas \u2013 thereby deepening the nation \u2019 s educational divide .\nPresident Biden has signaled he won \u2019 t wipe out student loans unilaterally , and called on Congress to cancel $ 10,000 per borrower through legislation instead .\nBut nearly everyone agrees on one thing : Debt relief wouldn \u2019 t do anything to stem the spiraling cost of college or reduce future students \u2019 reliance on loans .\nIt could even make those problems worse , if students  to pay , and colleges raise their prices accordingly .\nIf policymakers hope to rein in borrowing long term , they \u2019 ll need to find new ways to help students pay for college .\nThat might include making college free to everyone \u2013 or everyone below an income cutoff \u2013 or expanding the federal Pell Grant program to cover more students or a larger share of tuition .\nNone of the options are cheap , and they \u2019 d have to clear a closely divided Congress .\nYet there \u2019 s a  both political parties that the nation \u2019 s college financing system is in dire need of comprehensive reform .\n\u201c If you cancel debt without tackling the system holistically , all you \u2019 re doing is setting yourself up to have the same problem in 10 to 15 years , \u201d says Wil Del Pilar , vice president of higher education policy and practice at The Education Trust .\nThere \u2019 s no doubt that Black borrowers are disproportionately burdened by student loans , borrowing more and defaulting more often , than their  like Dr. Brooks , borrow the most of all , according to the Institute for Women \u2019 s Policy Research .\nThese disparities have their roots in decades of housing and labor market discrimination that have made it difficult for Black families to accumulate wealth .\nThe median white household now has a net worth 10 times that of the median Black household \u2013 a gap that has been perpetuated , and made wider still , by unequal student debt burdens .\nMore than half of Black households with student debt have zero  s less clear is whether forgiveness would be the best way to level the economic playing field .\nA recent study found that forgiving $ 50,000 in student debt , as progressive lawmakers have proposed , would wipe out debt for nearly three quarters of Black households , lifting more than half of those with negative net worth into positive territory .\nBut that same study found that debt relief wouldn \u2019 t come close to closing the wealth chasm between Black and white households .\nOther research shows that debt relief would  , which often include individuals who borrowed to attend graduate school .\nIf the government canceled all student debt , the top 20 % of earners would get $ 192 billion in savings , and the bottom 20 % would get only $ 29 billion .\nA smarter solution , some skeptics say , would be to expand income-based repayment programs that let struggling borrowers lower their monthly payments to a manageable amount and have their remaining balance forgiven after 20 to 25 years .\n\u201c The principle that you don \u2019 t  sense , \u201d says Sandy Baum , nonresident senior fellow at the Urban Institute \u2019 s Center on Education Data and Policy .\n\u201c Let \u2019 s forgive the debt of people who can \u2019 t afford it , not those who can.\n\u201d Proponents of debt relief say the focus on dollars forgiven is misplaced .\nThey point out that even if upper-income households would get the biggest share of the relief , poorer ones would benefit more , in relative terms , since they \u2019 re starting out with less .\n would slash their debt-to-income ratios and multiply their wealth .\n\u201c It \u2019 s disingenuous to say we shouldn \u2019 t help tens of millions of people who are struggling because of a fear that some people would benefit more , \u201d says Louise Seamster , an assistant professor of sociology and African American studies at the University of Iowa .\nLoan forgiveness would also help Americans with some college and no degree \u2013 a group that made up more than a quarter of unemployed people last fall .\nThese \u201c noncompleters \u201d  on their student loans than college graduates .\nYet when it comes to shoring up the economy , debt relief would be far less stimulative than unemployment benefits and universal checks .\nAbolishing all $ 1.5 trillion in federal student loan debt would free up only $ 90 billion in cash in 2021 , according to the Committee for a Responsible Federal Budget .\nThat \u2019 s partly because a relatively small share of the savings would go to low-income individuals , who research shows are the most likely to spend additional money  s also because debt relief , unlike stimulus payments , doesn \u2019 t accrue to individuals all at once .\nBorrowers aren \u2019 t handed a check for the forgiven amount ; they simply stop making payments on their debt .\nFor a typical borrower in standard repayment , complete cancellation would free up between $ 200 and $ 300 a month .\nTo ease the burden of student debt long term , policymakers will need to find a way to bend the cost curve or shift more of the responsibility for paying  Biden has proposed doubling the maximum Pell Grant award and creating a federal-state partnership that would make community college tuition-free for all students and four-year public institutions tuition-free for households earning less than $ 125,000 .\nThe president \u2019 s \u201c free college \u201d plan would increase the number of students enrolled in college by 2 million .\nAnd by creating a better educated workforce , it would grow Americans \u2019 disposable income by $ 61 billion a year , boosting gross domestic product by $ 139 billion in the first two years  Campaign for Free College Tuition found .\nIt would drive up graduation rates , increasing state and federal income tax revenue in the long term .\nThe plan would also discourage states from slashing their higher education budgets during economic downturns , requiring them to maintain their spending to qualify for a federal match .\nState budget cuts have contributed to rising tuitions , with colleges raising their prices to recover the shortfall .\nThough several cities and localities and more than a dozen states already offer \u201c free college , \u201d only  four-year colleges , and it excludes part-time students .\nA federal program would provide the \u201c scale and scope \u201d that state and local programs can \u2019 t , says Morley Winograd , president of the Campaign for Free College Tuition .\nThe group \u2019 s polling shows that roughly three-quarters of Americans support some form of free college .\nBut there \u2019 s no guarantee that states would buy into free college , even if the feds cover the bulk of the costs , as President Biden has proposed .\nWhen Congress  expand Medicaid under the Affordable Care Act , a number of Republican-led states rejected the deal .\nA decade after the law was enacted , 39 states had expanded , while 12 states had not .\n\u201c It \u2019 s not free college for all ; it \u2019 s free college in states with Democratic governors that decide to participate , \u201d says Matthew Chingos , vice president for education data and policy at the Urban Institute .\nOthers warn that educational quality could suffer if states stretch their budgets to make college  in instruction and student services when enrollments spike .\nRegardless of the merits of free college , the president \u2019 s plan is likely to face pushback from conservatives concerned about its cost .\nThat \u2019 s why Michelle Miller-Adams , a professor of political science at Grand Valley State University in Allendale , Michigan , suggests starting with free community college \u2013 an idea that has found support in several red states , including Tennessee , and has the backing of the business community , a key Republican constituency .\n\u201c If  and demonstrate its benefits , you can build from there , \u201d she says .\nA recent study of 33 free public college programs from across the country found that they increased enrollment among first-time , full-time students , with the biggest boost occurring among Black , Hispanic , and female students .\nYet even the two-year plan would suffer from one of the same flaws as debt relief : It would offer help to some higher-income people who don \u2019 t really need it , says Phillip Levine , an economics professor  student aid .\nDoubling down on the Pell Grant A more targeted approach would be to double the Pell Grant , sending more money to students with the greatest need , Dr. Levine says .\nThe grant \u2019 s purchasing power has eroded over time , and now covers less than a third of the cost of attending a public four-year college .\nDoubling the Pell Grant would completely close the affordability gap for low-income students , an analysis by Dr. Levine found .\nAnother way the Pell program could be used to  students in short-term programs eligible for the grants .\nThat idea has bipartisan support in Congress and is popular with the public , but it \u2019 s controversial .\nSkeptics worry that extending Pell to short-term programs would lead to an increased \u201c tracking \u201d of low-income students of color into highly specialized careers with limited potential for growth .\nOthers fear an explosion of low-quality programs seeking to profit off the federal dime .\nProponents counter that safeguards can be put in place to ensure program quality , and say short-term programs  point , but as the first rung on a ladder leading to a degree .\n\u201c At a time when millions are out of work , extending Pell to short-term programs would put people on a path to get quickly back into the job market , \u201d says Amy Ellen Duke-Benfield , a senior fellow with the National Skills Coalition .\n\u201c And it won \u2019 t require them to take on debt.\n\u201d The evidence for short-term programs is mixed .\nThough some studies have found wage gains for students in some  in 5 adults with only a short-term certificate are unemployed .\nA recent federal pilot found that extending Pell Grants to students in short-term programs increased enrollment and completion rates , but had no impact on borrowing .\nThe reality , of course , is that none of these plans may come to pass .\nAs the nation emerges from a pandemic and a recession , there will be a lot of urgent needs and limited resources to meet them , says Jessica Thompson , associate vice president at The Institute for College  and the other 99 debt strikers say they aren \u2019 t giving up on their fight for full debt relief , despite Mr. Biden \u2019 s rejection of the idea .\n\u201c Nothing will happen unless we fight like our lives depend on it , \u201d says Mr. Gokey , the Debt Collective co-founder .\n\u201c And our lives do depend on it.\n\u201d This story was supported by a grant from the Solutions Journalism Network , a nonprofit organization dedicated to reporting about responses to social problems ."
        },
        {
            "id": "e621d6601c0c37e1",
            "title": "In South Carolina, Graham defeats Harrison, securing fourth term",
            "content": "Republican Lindsey Graham of South Carolina has secured a fourth term in the United States Senate .\nThe incumbent defeated Democratic challenger Jaime Harrison , an associate chairman of the Democratic National Committee .\nMr. Harrison \u2019 s massive fundraising broke records in the race , allowing the challenger to dominate airwaves and mount a significant ground effort .\nSome polling in the campaign \u2019 s closing weeks showed a head-to-head race .\nBut Mr. Graham mustered support across South Carolina , where all statewide offices are held by Republicans and support for President Donald Trump remains strong .\nAs  he occupied a national television platform for days during the confirmation hearings for Supreme Court Justice Amy Coney Barrett .\nThe competition between Mr. Graham and Mr. Harrison turned into South Carolina \u2019 s most expensive race ever , with both candidates posting record fundraising .\nMr. Harrison raised $ 57 million in the third quarter alone , shattering all quarterly fundraising records for any Senate candidate , amassing a war chest of more than $ 100 million over the course of the race , becoming the first U.S. Senate candidate ever to  Associated Press late last week he had raised at least $ 100 million over the course of the race , his third-quarter haul of $ 28 million being the largest ever posted by a Republican Senate candidate in a quarterly filing period .\nMr. Graham often critiqued Mr. Harrison for relying mostly on out-of-state supporters , who made up about 90 % of his donor base .\nEarly on , through relationships forged in part through his standing as associate Democratic National Committee chairman , Mr. Harrison attained a high profile that brought  the country , many funneled through Democrats \u2019 ActBlue fundraising portal .\nIn his pursuit of a fourth term , Mr. Graham also went outside the state for money , with about 86 % of his funders living somewhere other than South Carolina .\nBoth candidates , along with third-party groups pouring money into the race , waged nonstop ad campaigns on television and digital spaces that at times left voters fatigued by the content inundating them at every turn .\nMr. Graham \u2019 s newly minted close relationship with President Donald Trump  , with Mr. Harrison and other critics portraying him as too willing to acquiesce to his former foe , whom he at one time called a \u201c race-baiting , xenophobic , bigot.\n\u201d Mr. Graham maintained that he felt it in his constituents \u2019 best interests that he align with the president , who has remained popular in South Carolina .\nIn the race \u2019 s closing weeks , Mr. Trump \u2019 s nomination of Amy Coney Barrett to the U.S. Supreme Court created a dual challenge for Mr. Graham .\nAs chairman  Graham was tasked with shepherding the confirmation hearings , which began just three weeks before Election Day , as well as fending for his own seat .\nMr. Graham seemed to take the assignment in stride , using some moments to advocate for his ability to represent the needs of his constituents , such as calling the Affordable Care Act \u201c a disaster for the state of South Carolina , \u201d blaming the program for rural hospital closures and advocating instead for a bloc grant program .\nMr. Harrison , meanwhile , called  \u2019 s hypocrisy on previous opposition to election-year high court appointments and relished having the state much to himself , switching from a largely virtual campaign pushed online due to the pandemic and spending more time holding socially distanced , in-person events .\nTim Orr , an asphalt contractor from Lexington , said he was voting to reelect President Donald Trump after a small business loan and his $ 1,200 stimulus check helped keep him afloat following the pandemic .\nMr. Orr was less enthusiastic about Mr. Graham , citing his uneven support  t want to throw the race to Mr. Harrison .\n\u201c He \u2019 s got to be left where he \u2019 s at , \u201d he said of Mr. Graham .\nHelen Sims who works at a Wal-Mart , cast her ballot for Mr. Harrison on Tuesday , saying Mr. Graham should have helped Americans struggling through the pandemic before prioritizing the Supreme Court hearings .\nShe said Mr. Harrison \u2019 s upbringing and his youthful energy will lead to better outcomes for working people .\n\u201c We have walked in Jaime \u2019  , who is Black .\n\u201c Jaime \u2019 s compassionate.\n\u201d This story was reported by The Associated Press .\nMichelle Liu , a corps member for the Associated Press/Report for America Statehouse News Initiative , contributed to this report from Lexington , South Carolina .\nReport for America is a nonprofit national service program that places journalists in local newsrooms to report on undercovered issues ."
        },
        {
            "id": "09eab5c2e0314465",
            "title": "As Taliban advance, Afghan women hug their rights",
            "content": "In the three months since President Joe Biden announced a U.S. troop withdrawal from Afghanistan , most American forces have left .\nAnd as the Taliban advances in the countryside , many Afghan government soldiers have also quit .\nYet amid this mass retreat , a new set of fighters has emerged .\nAccording to news reports , hundreds of Afghan women have taken up arms \u2013 or at least brandished them \u2013 to prevent a return of the Taliban and its harsh Islamic rule .\n\u201c There were some women who just wanted to inspire security forces , just  ] ready to go to the battlefields , \u201d Halima Parastish , the head of the women \u2019 s directorate in Ghor province , told The Guardian .\nOther women , less prone to violence , have taken another tactic .\nMany are making efforts for a cease-fire , according to the Afghan Independent Human Rights Commission .\nStill others are providing moral support .\nAccording to a new survey by the Afghanistan Analysts Network ( AAN ) , rural women are very concerned about retaining the civic rights that they have gained  two decades ago .\nThe survey challenges the notion that women in rural areas might accept the norms of the Taliban .\n\u201c Almost every woman we spoke to , regardless of the political stance and level of conservatism that could be gleaned from the answers , expressed a longing for greater freedom of movement , education for their children ( and sometimes themselves ) and a greater role in their families and wider social circles , \u201d according to AAN .\nNationwide , more than half of Afghan girls now attend school  comes with some irony for America \u2019 s longest war .\nTo help justify the war , many U.S. officials cited the \u201c plight of Afghan women.\n\u201d Now it is Afghan women who are actively rejecting their plight in case the Taliban takes power .\n\u201c The struggle for fairer gender relations and therefore a more just and peaceful society is certainly here to stay in one manifestation or another , \u201d states an article about Afghan women in AAN .\nThe Taliban may be able to outgun the Afghan Army ,  now have what legal scholars call \u201c positive vitality.\n\u201d In an interview with Der Spiegel magazine , President Ashraf Ghani put it this way , \u201c I assure you , the women will no longer give up their rights here.\n\u201d He added that 30 % of government workers are women .\nThis optimism is reflected by many foreign observers .\n\u201c The Afghanistan of today is not the Afghanistan of 20 years ago .\nIt has moved on .\nThe role of women is now irreversible , \u201d says Pakistani Foreign  with some 27 million smartphones and a population in which 70 % of people are under the age of 25 is unlikely to go back to the dark ages of Taliban rule in the 1990s .\nThe group will be forced to adjust or , as many Afghan women now contend with arms or activism , it can not take power .\nCivic rights are too firmly planted for Taliban guns to keep them from blossoming ."
        },
        {
            "id": "651a843dd4e6db7d",
            "title": "Taiwan\u2019s creative shield against China\u2019s bullying",
            "content": "In its most threatening move yet against Taiwan , China flew the largest-ever number of military aircraft in a single day near the island nation on Tuesday .\nBeijing \u2019 s escalating attempts to intimidate the people of Taiwan with displays of force led The Economist magazine to declare in April that the island is the most dangerous place on earth .\nYet a Chinese invasion has not happened .\nWhy not ?\nOne reason may be other big news this week about this thriving democracy 100 miles off the coast of autocratic China .\nIn a global ranking of  reached the Top 10 , rising from 11th to 8th .\nAmong populations over 20 million , it is now first , according to the Institute for Management Development ( IMD ) , a business school in Switzerland .\nChina ranked only 16th in global competitiveness while its recent stranglehold on Hong Kong \u2019 s freedoms has caused that territory to drop from 5th to 7th in the rankings .\nThe IMD admires Taiwan \u2019 s \u201c dynamism \u201d and \u201c open and positive attitudes , \u201d giving it the agility to innovate  represented by the fact Taiwan manufactures 84 % of the world \u2019 s most advanced computer chips .\nTaiwanese electronic parts in the latest iPad Pro from Apple account for 18.5 % of all components in value , according to Nikkei business news , up from 1.7 % .\nLast year , Taiwan replaced South Korea as China \u2019 s top source of goods imports , \u201c owing to innovation and specialty production in the Taiwanese market , \u201d according to The Economist Intelligence Unit .\nThe mainland \u2019 s high dependence on  strong deterrence to a military takeover of the island .\nAn invasion would be so disruptive to Chinese high-tech companies that it would set back the Communist Party \u2019 s goal of national \u201c economic rejuvenation \u201d by 2049 .\nIn other words , the freedoms that Taiwanese people enjoy have created a level of high-tech innovation that could be its best defense .\nAs part of her drive to improve innovation in Taiwan , President Tsai Ing-wen is promoting English learning across much of society .\nShe has set a goal of  , a move that will draw more foreign talent to its research labs and help create a better entrepreneurial culture .\nSuch steps will enhance a spirit of creativity that only political freedom and rule of law can nurture .\nThey are also practical shields against China \u2019 s bullying ."
        },
        {
            "id": "aaef58c56b9a7cbd",
            "title": "Supreme Court rolls back eviction protection. What's the fallout?",
            "content": "The Supreme Court \u2019 s conservative majority is allowing evictions to resume across the United States , blocking the Biden administration from enforcing a temporary ban that was put in place because of the coronavirus pandemic .\nThe court \u2019 s action ends protections for roughly 3.5 million people in the United States who said they faced eviction in the next two months , according to Census Bureau data from early August .\nThe court said late Thursday in an unsigned opinion that the Centers for Disease Control and Prevention ( CDC ) , which reimposed the moratorium Aug. 3  under federal law without explicit congressional authorization .\nThe justices rejected the administration \u2019 s arguments in support of the CDC \u2019 s authority .\n\u201c If a federally imposed eviction moratorium is to continue , Congress must specifically authorize it , \u201d the court wrote .\nThe three liberal justices dissented .\nJustice Stephen Breyer , writing for the three , pointed to the increase in COVID-19 caused by the delta variant as one of the reasons the court should have left the moratorium in place .\n\u201c The public interest strongly  at this moment , when over 90 % of counties are experiencing high transmission rates , \u201d Mr. Breyer wrote .\nWhite House press secretary Jen Psaki said the administration was \u201c disappointed \u201d by the decision and said President Joe Biden \u201c is once again calling on all entities that can prevent evictions \u2013 from cities and states to local courts , landlords , Cabinet Agencies \u2013 to urgently act to prevent evictions.\n\u201d Rep. Cori Bush , D-Mo.\n, who had camped outside the Capitol as the eviction moratorium expired at  Congress must act to reinstate the protections .\n\u201c We are in an unprecedented and ongoing crisis that demands compassionate solutions that center the needs of the people and communities most in need of our help .\nWe need to give our communities time to heal from this devastating pandemic , \u201d she said in a statement .\n\u201c We didn \u2019 t sleep on those steps just to give up now .\nCongress must act immediately to prevent mass evictions.\n\u201d It was the second loss for the administration this week at  s conservative majority .\nOn Tuesday , the court effectively allowed the reinstatement of a Trump-era policy forcing asylum seekers to wait in Mexico for their hearings .\nThe new administration had tried to end the Remain in Mexico program , as it is informally known .\nOn evictions , President Joe Biden acknowledged the legal headwinds the new moratorium would likely encounter .\nBut Mr. Biden said that even with doubts about what courts would do , it was worth a try because it would buy at least a few weeks of  the $ 46.5 billion in rental assistance Congress had approved .\nThe Treasury Department said Wednesday that the pace of distribution has increased and nearly a million households have been helped .\nBut only about 11 % of the money , just over $ 5 billion , has been distributed by state and local governments , the department said .\nThe administration has called on state and local officials to \u201c move more aggressively \u201d in distributing rental assistance funds and urged state and local courts to issue their own moratoriums to \u201c  tenants have sought the funds .\nA handful of states , including California , Maryland , and New Jersey , have put in place their own temporary bans on evictions .\nIn a separate order earlier this month , the high court ended some protections for New York residents who had fallen behind on their rents during the pandemic .\nThe high court hinted strongly in late June that it would take this path if asked again to intervene .\nAt that time , the court allowed an earlier pause on evictions to  But four conservative justices would have set the moratorium aside then and a fifth , Justice Brett Kavanaugh , said Congress would have to expressly authorize a new pause on evictions .\nNeither house of Congress has passed a new evictions moratorium .\nThe administration at first allowed the earlier moratorium to lapse July 31 , saying it had no legal authority to allow it to continue .\nBut the CDC issued a new moratorium days later as pressure mounted from lawmakers and others to help vulnerable renters stay in their homes as  The moratorium had been scheduled to expire Oct. 3 .\nLandlords in Alabama and Georgia who challenged the earlier evictions ban quickly returned to court , where they received a sympathetic hearing .\nU.S. Judge Dabney Friedrich , an appointee of former President Donald Trump , said the new moratorium was beyond the CDC \u2019 s authority .\nBut Ms. Friedrich said she was powerless to stop it because of an earlier ruling from the federal appeals court in Washington , D.C. , that sits above her .\nThe U.S. Court of Appeals  refused to put the CDC order on hold , prompting the landlords \u2019 emergency appeal to the Supreme Court .\nThe earlier versions of the moratorium , first ordered during Mr. Trump \u2019 s presidency , applied nationwide and were put in place out of fear that people who couldn \u2019 t pay their rent would end up in crowded living conditions like homeless shelters and help spread the virus .\nThe new moratorium temporarily halted evictions in counties with \u201c substantial and high levels \u201d of virus transmissions and would cover areas  lives .\nThe Biden administration argued that the rise in the delta variant underscored the dangers of resuming evictions in areas of high transmission of COVID-19 .\nBut that argument did not win broad support at the high court .\nThis story was reported by The Associated Press ."
        },
        {
            "id": "0a7aba173520bb55",
            "title": "Bernie's mittens: Vermont teacher gets manufacturing partner",
            "content": "The teacher who created the recycled wool mittens that U.S. Sen. Bernie Sanders wore to the presidential inauguration \u2014 engendering countless memes \u2014 is partnering with the Vermont Teddy Bear Company to create a whole mitten line to meet soaring demand , with some of the proceeds going to Make-A-Wish Vermont .\n\u201c I ca n't be more thrilled , because I personally ca n't make 18,000 pairs of mittens , '' Jen Ellis said Saturday , estimating how many people have contacted her .\n\u201c Everybody will get their mittens \u2014 everybody . ''\nEllis , a Vermont elementary  making mittens out of recycled wool , gave Sanders a pair as a gift , and he wore them to President Joe Biden 's inauguration .\nHis fashion look , also featuring a winter jacket made by Burton Snowboards , sparked countless memes prompted by the photo taken by Agence France-Presse : The former presidential candidate could be found on social media timelines taking a seat on the subway , the moon and the couch with the cast of \u201c Friends , \u201d among other creative locales .\nSanders raised at least $  from the Jan. 20 image of him seated with his arms and legs crossed , clad in his brown parka and the recycled wool mittens .\nSanders put out so-called \u201c Chairman Sanders \u201d merchandise , including T-shirts , sweatshirts and stickers , on his campaign website .\nVermont Teddy Bear , which makes handcrafted bears for all occasions , including a Bernie one , reached out to Ellis to see if she 'd be interested in partnering .\n\u201c Jen is going to work hand-in-hand \u2014 mitten-in-hand \u2014 with each one of  \u2018 Bernie mitten ' design in multiple patterns is produced in a way that meets her standards of quality , said Hayes McCarthy , vice president of product innovation , brand creative and consumer experience .\n\u201c We 're excited to be in the mittens category . ''\nIt 's not clear when the first mittens would be available for purchase .\nThose interested in getting a pair can leave an email at the company 's website .\nIn the past , Vermont Teddy Bear has made special bears to raise money for  space to the organization for $ 1 a year , said James Hathaway , president and CEO of Make-A-Wish Vermont .\nHathaway said the charity lost $ 250,000 in revenue during the pandemic .\n\u201c We are so grateful to Vermont Teddy Bear , Jen , and of course to Bernie for being so Bernie , '' Hathaway said in a statement ."
        },
        {
            "id": "09f59fb786299d05",
            "title": "Tips on how to become a \u2018viz.\u2019 whiz",
            "content": "Three Latin abbreviations cause no end of confusion in English , viz .\ni.e.\n, e.g.\n, and viz .\nitself .\nI had to think carefully about the correct way to use viz .\nhere , because it is an abbreviation I have often read \u2013 18th- and 19th-century texts are chock-full of viz .\n\u2013 yet never before employed .\nI.e .\nand e.g .\ncan be confounding enough , without bringing viz .\ninto it .\nThey are \u201c frequently confused even by the most conscientious writers , \u201d according to Merriam-Webster .\nThe three abbreviations seem  16th centuries , when English speakers were in the habit of poaching terms from Latin legalese .\nE.g .\n( exempli gratia , \u201c by way of example \u201d ) is by far the most popular today , according to Google Books Ngram Viewer .\nIt is basically a fancy way to say \u201c for example \u201d as it is used to introduce specific examples of a more general topic or point : \u201c She trains big dogs , e.g.\n, Great Danes , mastiffs , Rottweilers.\n\u201d E.g .\nalways implies that  \u2013 our trainer might also work with , say , Irish wolfhounds \u2013 so it is redundant to conclude with \u201c etc.\n\u201d or \u201c and so on.\n\u201d If you \u2019 re trying to figure out whether it \u2019 s the right abbreviation for your sentence , this mnemonic might be helpful : e.g .\nequals \u201c example given.\n\u201d I.e .\nstands for id est , \u201c that is.\n\u201d In English it is best translated as \u201c that is to say , \u201d as in \u201c My dog is a  , loyal , and friendly.\n\u201d According to Fowler \u2019 s Modern English Usage , i.e .\nintroduces \u201c another way ... of putting what has already been said.\n\u201d It is a restatement of what has come before .\nThis can trespass into e.g.\n\u2019 s territory , when the restatement comprises a comprehensive list : \u201c She trains big dogs ; i.e.\n, Great Danes , mastiffs , and Rottweilers.\n\u201d In this case , i.e .\nindicates that she trains only these three dog breeds .\nThe mnemonic I like  \u201d Then there is viz.\n, short for videlicet ( \u201c it is permissible to see \u201d in Latin ; pronounced vi-DEL-i-set ) , which was once the most popular of these abbreviations .\nIn 1810 it was used about 10 times more frequently than either i.e .\nor e.g.\n, appearing not just in scholarly treatises and legal briefs but in personal letters and diaries .\nWriters sprinkled it so liberally across their compositions that modern mavens have a hard time pinning down rules for its use .\nLike i.e.\n, viz  so the University of North Carolina writing center calls it \u201c a stronger version of i.e.\n\u201d But others stress differences between the two , finding that where i.e .\nparaphrases its antecedent , viz .\nclarifies it or adds more detail .\nWhat most modern experts do agree on is that viz .\nhas had its day .\nI.e .\nand e.g .\nare enough to handle by themselves .\nAs language expert Brian Garner jokes , \u201c How does one pronounce viz.\n?\nPreferably by saying \u2018 namely .\n\u2019 \u201d"
        },
        {
            "id": "995bb2018bc63677",
            "title": "Standing in for US, Egypt flexes its Mideast muscles",
            "content": "\u201c We are home to one-fourth of the Arab world , \u201d says Nabil Fahmy , a former Egyptian foreign minister .\n\u201c Anyone dealing with or through the Middle East will bump into the Egyptians one way or another.\n\u201d In return for its stabilizing influence , Cairo is expecting the U.S. to help promote Egyptian goals in Libya and with regard to the waters of the Nile , about to be dammed by Ethiopia .\nCairo \u2019 s successful backroom role as the mediator who brokered last month \u2019 s cease-fire in Gaza between Israel and Hamas earned  is also exploring the possibility of mediating between Syrian leader Bashar al-Assad and the West .\nEgypt \u2019 s recent success in brokering a Gaza cease-fire has given wings to its regional diplomatic ambitions .\nWashington \u2019 s gratitude gives Cairo extra latitude .\nBut now it is seeking to regain its old role as the region \u2019 s undisputed leader .\nAnd that matches the Biden administration \u2019 s search for allies who can uphold security and stability in the Middle East while Washington is focused on China .\nFor most of  preoccupied with domestic affairs : a popular revolution , a military coup , and repeated economic shocks .\nThe country has not had the bandwidth to play much of a part on the regional Mideast stage .\nFor most of the past decade , Egypt has been preoccupied by domestic concerns : A popular revolution , a military coup , and repeated economic shocks have absorbed the nation \u2019 s attention .\nBut now , as the United States shifts its diplomatic focus away from the Middle East and toward China , Cairo  presence felt anew .\nFrom Libya , through Gaza to Syria , Egypt is seeking to regain its old role as the region \u2019 s undisputed leader .\n\u201c We have been trying to rebuild and re-stabilize our country .\nPart of that process is now regaining our role in the region , \u201d says Nabil Fahmy , former Egyptian foreign minister and ambassador to the U.S. \u201c To project Egypt the way we want to as a leader , we need to project ourselves as a player in settling the region \u2019  That matches Washington \u2019 s search for allies who can uphold regional security and stability .\nEgypt is putting itself forward as the perfect candidate for the job , and the Biden administration appears ready to agree , setting aside its concerns over the Egyptian government \u2019 s human rights violations .\nUnder President Abdel Fattah al-Sisi , a former army chief , the government has concentrated largely on reforming the economy and eliminating any political opposition .\nInternational human rights groups say Mr. Sisi has jailed more than 60,000 critics since he  Internationally , Cairo has tended to follow the lead of the two Gulf kingdoms that have bankrolled Mr. Sisi , Saudi Arabia and the United Arab Emirates .\nBut Egypt has increasingly found itself impacted by regional conflicts , says Walid Kazziha professor of political science at the American University of Cairo .\n\u201c When Egypt was aloof on regional issues , regional issues eventually found their way to impinge on Egypt and put it on the defensive , \u201d he explains .\n\u201c To defend itself , Egypt realized it had to  given that opportunity in May when war broke out in neighboring Gaza between Israel and the radical Islamist group Hamas , which rules the enclave .\nActing as a diplomatic back channel , Cairo brokered a cease-fire to end the 11-day conflict and earned American plaudits for doing so .\nPresident Joe Biden expressed his \u201c sincere gratitude \u201d to President Sisi .\nThat was a far cry from the days on the U.S. campaign trail when Mr. Biden excoriated Egypt for its human rights violations and pledged he would offer \u201c no  security have long taken priority over human rights concerns \u201d in the Middle East , points out Steven A. Cook , a regional expert at the Council on Foreign Relations in New York .\n\u201c The recent conflict in Gaza and the rehabilitation of Egypt , which has an appalling human rights record , highlight this dynamic.\n\u201d \u201c Today there is a willingness by the Americans to leave the role of mediation between Palestinians and Israelis to other parties who can work within the framework of the American vision , \u201d Professor  the opportunity.\n\u201d In recent days , Egypt has cemented its presence in the Gaza Strip , which marks its Eastern border along the Sinai Peninsula , dispatching senior security delegations to Gaza to secure a more permanent cease-fire .\nIt has also pledged $ 500 million in reconstruction funds and last week dispatched engineering teams and heavy equipment to prepare for reconstruction .\nThe message ?\nIn Gaza , Egypt is here to stay .\n\u201c Gaza is the border region and an issue of national security , but it is also  diplomatic presence \u201d because the enclave is ruled by the radical Islamist group Hamas , says an Arab diplomat familiar with Egypt \u2019 s role in Gaza .\n\u201c It is a quick way for Egypt to become indispensable in regional politics with little cost.\n\u201d Cairo is now selling itself as essential to stability in a region the Biden administration has less time for nowadays , promoting a Middle East in its own image : strong state governments , led by stable and predictable actors who will prevent regional competition from destabilizing  moderation and stability creates a huge common ground for Americans and Egyptians to work together , \u201d suggests Mr. Fahmy .\nCairo \u2019 s success in Gaza has earned Egypt diplomatic capital that it intends to spend .\nOne immediate area of common concern is Libya , Egypt \u2019 s neighbor to the west , where a government of national unity recently formed with Cairo \u2019 s blessing is struggling to exert control over vast swaths of territory .\nEgypt is hoping for greater American support for that government \u2019 s key goals  the reopening of coastal roads that link the country , and the unification of rival military forces .\nCairo is also urging Washington to put more pressure on Ethiopia to find agreement with its neighbors on how it will operate a new dam on the river Nile that is nearing completion .\nThe dam will give Ethiopia control over 80 % of Egypt \u2019 s water supply .\nAs part of its flurry of diplomacy ahead of a July dam-filling date , Egypt has rallied downstream Nile countries in recent weeks , and  Sudan .\nOn Tuesday , Egypt gathered Arab foreign ministers to coordinate their response in a summit in Doha and issued a joint call for U.N. Security Council intervention .\nCairo is also looking to extend its mediator role to Syria , where a decade of civil war and harsh U.S.-led sanctions has failed to oust or reform Bashar al-Assad \u2019 s regime .\nEgypt is quietly making the case in Washington and elsewhere that Mr. Assad \u2019 s military regime , as the only viable actor on the ground , must be  is offering to mediate between Damascus and Western governments , Arab diplomats say .\nEgypt is also channeling its clout to support the Iraqi government through a trilateral alliance including Jordan , in the hope that economic cooperation and support will help Baghdad assert itself over Iranian-backed militias .\nAfter a decade in abeyance , Egypt seems anxious to flex its international muscles more visibly .\n\u201c We extend over two continents .\nWe are home to one-fourth of the Arab world , \u201d says Mr. Fahmy , the former minister .\n\u201c  East will bump into the Egyptians one way or the other .\n\u201d"
        }
    ],
    "label": 2,
    "label_text": "high"
}