{
    "source": "ctvnews.ca",
    "articles": [
        {
            "id": "195e45612d702485",
            "title": "Halifax police arrest 21 people at two separate 'illegal gatherings' Saturday",
            "content": "HALIFAX -- Police arrested and charged 21 people on Saturday in relation to two separate illegal gatherings that occurred in Halifax.\n\nIn a release issued Saturday afternoon, Halifax Regional Police say they responded to a gathering on Citadel Hill, and a gathering in the area of Inglis Street and Tower Road in south end Halifax.\n\nPolice issued 21 tickets total under the Health Protection Act and the Emergency Management Act at the two events, and made multiple arrests.\n\nWhile police didn\u2019t specify the motivation behind the gatherings, there was a group called \"Freedom Nova Scotia\" scheduled to hold a rally at Citadel Hill, in Halifax, at 1 p.m. Saturday, while a car rally in support of Palestine was held at a parking lot at Saint Mary\u2019s University in Halifax\u2019s south end.\n\n\u201cApproximately 50 people were in attendance at various times on Citadel Hill as part of an illegal gathering,\u201d says the release from Halifax Regional Police. \u201cIn the case of the second event at Inglis Street and Tower Road, approximately 200 vehicles were involved, causing multiple violations under the Health Protection Act, Emergency Management as well as the Motor Vehicle Act. Significant police resources were tied up clearing the traffic backlog. Arrests and summary offence tickets were issued in both events.\u201d\n\nAt the Citadel Hill rally, protesters defied a court injunction, which was intended to prevent illegal gatherings in defiance of public health orders and restrictions.\n\n\"We are really going to have a government next time,\u201d said one unidentified protestor.\n\n\u201cDespite repeat warnings, there are individuals who are still choosing to bend the rules and take risks. Today\u2019s events in Halifax have once again demonstrated that disregard,\u201d said Halifax Regional Police Chief Dan Kinsella in a release. \u201cPeople must educate themselves on the restrictions related to the Covid-19 pandemic, including the ones in the court injunction issued on Friday. The current risks are much too great, and we will continue to take all measures at our disposal to protect the public.\u201d\n\nDr. Lisa Barrett said the protest underscored the current level of public COVID-19 fatigue.\n\n\"I think there's an awful lot of people who want to do the right thing,\" said the infectious disease and vaccine specialist.\n\nOn Friday, N.S. Premier Iain Rankin said he sought a court injunction to stop planned gatherings in the province.\n\n\"There was a protest planned for this weekend, a group of people who don't agree with wearing a mask or following restrictions,\" said Rankin, during a live news conference on Friday. \"So, government went to court to seek an injunction, and that was granted today, preventing this group, and any other from organizing, preventing and participating in a gathering against protocols.\"\n\nThe injunction, granted by Supreme Court of Nova Scotia Justice Scott Norton, prohibits any rally that would contravene the province's public health directives. It also prohibits organizers from continuing to promote the rallies on social media and authorizes police to ensure compliance with the Health Protection Act.\n\nPolice remind members of the public to follow all rules related to COVID-19 restrictions, including a court injunction obtained on May 14, preventing groups from staging illegal gatherings in defiance of Nova Scotia\u2019s public health orders.\n\nThis is a developing story and will be updated."
        },
        {
            "id": "879f650123561381",
            "title": "It could be weeks before Health Canada finalizes review of J&J doses: Dr. Sharma",
            "content": "OTTAWA -- It could be weeks before Health Canada is able to say for sure whether the first delivery of 300,000 Johnson & Johnson COVID-19 vaccine doses can be used due to the ongoing quality control review, according to the agency\u2019s chief medical adviser.\n\n\u201cWe're still getting more information. Just this past week we had additional information from Johnson & Johnson about the quality of those lots, we've got our scientists reviewing that. So we will have more information in the next couple of weeks on that, but it really depends on looking at that data,\u201d said Dr. Supriya Sharma in an interview on CTV\u2019s Question Period.\n\nOn April 30, Health Canada announced it would be holding back the doses that had just landed for further review after learning that a drug substance used in the vaccine was produced at the Emergent BioSolutions' Baltimore facility, which had an error last month that led to millions of J&J doses being ruined.\n\n\u201cThe drug substance is the active ingredient that undergoes further processing before becoming the final product,\" the agency said at the time.\n\nHealth Canada noted that the final Janssen vaccines were manufactured at a different site located outside of the U.S., however, the agency said at the time it needed to ensure the doses met quality standards before they are administered to Canadians.\n\n\u201cWe will only release those lots if we can assure the quality of those products and then it matches what we actually saw when we authorized the vaccine,\u201d Sharma said. Canada authorized Johnson & Johnson\u2019s single-shot COVID-19 vaccine on March 5, and the federal government has ordered 10 million doses, though none have been administered here yet.\n\nSharma said that Health Canada continues to work with Janssen and the U.S. Federal Drug Administration (FDA), who went into the plant and conducted inspections.\n\nThe FDA had stopped AstraZeneca from using the Baltimore facility earlier this month and halted production of J&J\u2019s vaccine at the plant as it began investigations into \"multiple areas of concern,\" including a vaccine ingredient that did not meet quality standards.\n\nWith files from CTVNews.ca\u2019s Brooklyn Neustaeter"
        },
        {
            "id": "9e58aaf62d480a6b",
            "title": "'What does a Canadian look like?': The first Mountie to wear a turban reflects on racism and inclusivity",
            "content": "TORONTO -- Thirty years after becoming the first RCMP member to wear a turban, Baltej Dhillon says the police force has \"come a long way\" in being more inclusive, but notes that there is still work to be done.\n\n\"We\u2019ve made strides, but there's much more to do,\" Dhillon said in an interview with CTV\u2019s Your Morning on Friday.\n\nDhillon said recent policy changes to \"create exceptions, not entitlements\" in the RCMP have allowed for greater representation of all Canadians within the force.\n\n\"We now have members that wear their hijabs, and it was soon after that I came into the RCMP we had members [from] our Indigenous community who were allowed to wear their braids,\" Dhillon explained.\n\nDhillon was born in Malaysia in 1966 and immigrated to Canada after his father died in 1983. Dhillon says he has worn a turban since he was 12, as per Sikh faith.\n\nUpon arriving in Canada, Dhillon said it was a \"tradition\" for Sikh men to be taken to a barbershop by their families to have their hair and beards cut so \"they would be spared the pain and the injury and the hatred\" directed at them.\n\nHowever, Dhillon refused.\n\nBefore his father died, Dhillon made him a promise that he has remained \"anchored\" to ever since.\n\n\"The promise was to maintain my faith. The promise was to maintain my identity and be connected with my traditions. So once that commitment was made, then it was just a matter of dealing with whatever came next,\" Dhillon said.\n\nDhillon said working part-time as an RCMP jail guard in his early 20s led him to apply to become a Mountie.\n\nDhillon said he passed the initial application process, but didn't proceed further because he wasn't willing to conform with the RCMP's uniform policy at the time, which required him to remove his turban.\n\nIn spring 1989, then-RCMP commissioner Norm Inkster recommended to the federal government a change in dress regulations to allow Mounties to wear turbans as part of their uniforms. Dhillon was able to join and wear his turban as part of the uniform in 1990, and served in the RCMP for nearly 30 years before retiring in August 2019.\n\nThe change in dress code sparked a heated discussion in the \u201890s across the country over the meaning of Canadian identity, as well as petitions and court challenges seeking to preserve traditional elements of the Mounties' garb, including the Stetson hat.\n\nIn Alberta, Dhillon said people protesting against his wearing of a turban sold pins with racist sayings on them.\n\nDhillon said it was \"painful\" to later learn that his son-in-law saw those same pins being sold in a store in Calgary this year.\n\n\"So often the question is asked, 'What does a Canadian look like?' It's not what a Canadian looks like, it's what values we carry as Canadians,\" Dhillon said.\n\n\"We look like a lot of people, but our values is what ties us together, and so that's what we need to celebrate and that's what we need to hold dear to each other and hold each other accountable to, not what we look like,\" he added.\n\nDhillon said those pins are a \"sentiment of still being in denial\" of Canada\u2019s diverse value.\n\n\"[It's] painful that we still haven't understood that simple message of who we are as Canadians,\" Dhillon said.\n\nLooking back at photos of his time with the RCMP, Dhillon said they bring back \"a lot of memories,\" but also the hardships he faced.\n\nWhile many of his colleagues say they wish they could serve with the RCMP again, Dhillon said \"once was enough\" for him.\n\n\"It was a time where the nation was in great debate about this issue of the uniform and identity. So it brings back a lot of memories, and with the joy... there was there was a lot of controversy as well,\" Dhillon said."
        },
        {
            "id": "949b891e2a01691c",
            "title": "Who decides if the world needs COVID-19 booster shots?",
            "content": "Vaccine makers Moderna Inc and Pfizer Inc, with its German partner BioNTech, have been vocal in their view that the world will soon need COVID-19 booster shots to maintain high levels of immunity. What is less clear, however, is who should make that decision - and based on what evidence.\n\nTHE MODEL FOR FLU VACCINES\n\nPublic health officials have a well-coordinated mechanism, first established in 1952, for determining when seasonal flu vaccines should be updated to cope with fast-mutating strains of influenza.\n\nThe World Health Organization's Global Influenza Surveillance and Response System gathers data collected by national health authorities on circulating flu strains and, twice a year, uses that information to select the strains manufacturers should include in seasonal shots for the Northern and Southern Hemispheres. Some experts have suggested a similar model could be used to gather data on COVID-19 variants and advise drugmakers on what to include in vaccine updates.\n\nHowever, another approach could be to mimic what happens with updates of many other infectious disease vaccines - where decisions are based primarily on what the drugmakers perceive is required. National health authorities are then free to assess clinical trial data and decide whether a particular version of a vaccine should be used in their country.\n\nCurrently, COVID-19 vaccine makers are taking this approach, making the call to develop and test variant-specific booster shots, and leaving it up to governments to buy them as they see fit.\n\nWHAT EVIDENCE WILL BE NEEDED?\n\nSome vaccine experts say there needs to be clear evidence that the current COVID-19 vaccines are failing to prevent infections and severe disease before countries embark on repeat nationwide vaccination campaigns.\n\nThey argue the decision on booster shots should be guided by data showing how vaccines perform in people in clinical trials and real-world settings, as well as in lab studies showing declining levels of antibodies in blood samples from vaccinated people.\n\nSo far, COVID-19 vaccine makers have shown that their shots offer strong protection for at least six months. But immunity may vary. Older people, for example, or those with compromised immune systems, may need boosters earlier than younger people with more robust immune systems.\n\nAnother important dataset known as \u201ccorrelates of protection\u201d \u2013 evidence from clinical trials showing the threshold level of antibodies required for vaccines to be protective \u2013 could help policymakers decide on whether boosters are needed, but this data is not yet available.\n\nADAPTED FOR A COVID-19 WORLD\n\nGlobally, the World Health Organization is putting together an expert advisory panel which would evaluate ongoing evidence on COVID-19 vaccine durability and emerging variants and then offer guidance for governments.\n\nAlthough some experts have noted possible similarities with the global mechanism for updating flu vaccines, they also stress that it will need to be adapted for a COVID-19 world. More likely, they say, is that global guidance will be adapted by nations or regions to target local needs.\n\nFor example, the U.S. Centers for Disease Control and Prevention is developing its own risk assessment framework to determine what evidence is needed to recommend a modified vaccine.\n\nThe CDC and other U.S. health agencies have their own studies underway to assess vaccine efficacy, including in older populations and children, and monitor the impact of new variants.\n\nIn Britain, Public Health England and the National Institute for Biological Standards and Control are working with global agencies on an \"Agility Project\" to track and test the impact of viral mutations and new variants on COVID-19 vaccine development.\n\n(Reporting by Kate Kelland in London and Julie Steenhuysen in Chicago Editing by Michele Gershberg and Peter Graff)"
        },
        {
            "id": "dff2f9669ac5e096",
            "title": "Most Canadians say they are unlikely to travel outside of their community this summer: Nanos survey",
            "content": "OTTAWA -- New polling by Nanos Research has found that a strong majority of Canadians won\u2019t be travelling outside of their communities this summer, despite the expected easing of public health restrictions and the acceleration of vaccinations.\n\nAccording to the survey, commissioned by CTV News, nearly 70 per cent of respondents said they were either \u201cunlikely\u201d or \u201csomewhat unlikely\u201d to travel, while 28 per cent said they were \u201clikely\u201d or \u201csomewhat likely.\u201d Three per cent were \u201cunsure,\u201d even if their community is under a stay-at-home order.\n\n\u201cI think the fact of the matter is that until more Canadians are vaccinated, until we know that the pandemic is under control, a majority of Canadians have resigned themselves to the fact that they won\u2019t be travelling very far,\u201d said Nik Nanos of Nanos Research in an interview with CTVNews.ca\n\nRespondents from Quebec and Atlantic Canada were more likely to say they would stay put, compared to those in Ontario and the Prairies.\n\nThe survey findings come the same day the Public Health Agency of Canada unveiled preliminary guidelines detailing what Canadians can expect the summer and fall to look like beyond the \u201cone-dose summer\u201d and \u201ctwo-dose fall\u201d Prime Minister Justin Trudeau endorsed earlier this week.\n\nThe documents show that if 75 per cent of Canadians eligible for vaccines have had one dose and 20 per cent have had a second dose, summer can include camping, hiking, picnics, and patios, but crowds should still be avoided. By fall, if 75 per cent of those eligible for a vaccine have been fully vaccinated, expect to be able to gather indoors with people outside your household, participate in indoor sports, and attend family gatherings.\n\nThe Canadian government hasn\u2019t given any specific indication as to when they will lift their national advisory to avoid non-essential travel or when the U.S.-Canada border would fully open up again, only to say any measures will align with vaccination numbers and a steady decline in transmission of the virus.\n\nCANADIANS IN THE OLYMPICS\n\nThe Nanos survey also found that nearly 60 per cent of respondents were either \u201cnot comfortable\u201d or \u201csomewhat not comfortable\u201d with Canadian athletes participating in the Tokyo Olympics this summer. Thirty-six per cent of respondents said they were \u201ccomfortable\u201d or \u201csomewhat comfortable\u201d and five per cent were \u201cunsure.\u201d\n\n\u201cWe\u2019re having basically the pandemic of the century and the Olympics is usually a celebration and gathering of the best athletes in the world,\u201d said Nanos. \u201cThey look at what\u2019s happening in Tokyo, numbers are on the up\u2026so roll all those things together and Canadians are uncomfortable.\u201d\n\nRespondents from Atlantic Canada and Ontario were more likely to say they were uncomfortable or somewhat uncomfortable with it, compared to Quebec and the Prairies.\n\nCanadian officials applauded news last week that Pfizer and BioNTech are donating COVID-19 vaccines for athletes and officials preparing for the Olympics. Delivery of doses is set to begin this month to give Olympic delegations time to be fully vaccinated with a second shot before arriving in Tokyo for the Games, which opens on July 23.\n\nWhile the Olympics are moving forward, other summer Canadian events, including the Canadian National Exhibition have been cancelled.\n\nMETHODOLOGY\n\nNanos conducted an RDD dual frame (land-and cell-lines) hybrid telephone and online random survey of 1,025 Canadians, 18 years of age or older, between April 29th and May 3rd, 2021 as part of an omnibus survey. Participants were randomly recruited by telephone using live agents and administered a survey online. The results were statistically checked and weighted by age and gender using the latest Census information and the sample is geographically stratified to be representative of Canada.\n\nIndividuals were randomly called using random digit dialing with a maximum of five call backs.\n\nThe margin of error for a random survey of 1,025 Canadians is \u00b13.1 percentage points, 19 times out of 20.\n\nThe research was commissioned by CTV News and conducted by Nanos Research.\n\nWith a file from The Canadian Press."
        },
        {
            "id": "6716aaa380d65c75",
            "title": "Reopening Ontario outdoor recreational sites should focus on equity, access: advocates",
            "content": "TORONTO -- Ontario golfers have been pushing the province to reopen courses ordered closed while the province is under stay-at-home orders, but some observers say access to outdoor recreational facilities serving a wider population should be just as high on the agenda.\n\nDoctors and recreational facility administrators say Canadians need access to affordable, inclusive and local ways to get outside and exercise, so long as health care professionals deem it safe.\n\n\"Many of the people I care for live in dense apartment buildings, have small indoor spaces and don't have the luxury of a backyard,\" said Dr. Naheed Dosani, a palliative care physician and health justice activist in Toronto.\n\n\"We need to really be thinking about how to keep these people physically and mentally healthy.\"\n\nDr. Dosani and others hope the province will make any reopening of recreational opportunities equitable. As well as golf courses, basketball nets, skate parks and tennis courts have remained out of bounds for months.\n\nGolfers and club operators argue the sport is safe since it's possible to golf while masked and physically distanced, other provinces are currently allowing the sport and people aren't travelling to play.\n\n\"They are looking to play their local golf course in their home community for the physical and mental health break that the sport provides,\" Mike Kelly, the executive director of the Golf Association of Ontario, said in May.\n\nSeveral doctors have even given golf and many other outdoor forms of exercise the green light because the risk of transmitting COVID-19 is low outside.\n\nHowever, Ontario Premier Doug Ford has been unwilling to budge because the province has routinely reported more than 2,000 new, daily COVID-19 and many intensive care units are still overwhelmed.\n\n\"I talk to my buddies. I know what happens,\" Ford said Thursday.\n\n\"They pick up another buddy, two or three. They go out, they go golfing...then after golfing, they go back, they have a few pops. That's the problem.\"\n\nFord said he hopes to reopen outdoor recreational facilities by June 2, but the golf industry is not relenting and some have even reopened in defiance.\n\nYet many say reopening plans can't just focus on a sport that comes with pricey fees, often requires a membership and doesn't always attract youth.\n\n\"Given what we've learned about this pandemic and how it has had a disproportionate impact on people experiencing poverty and racialized communities, it's quite disappointing that there's been such advocacy around a sport like golf,\" said Dr. Dosani.\n\n\"It probably speaks to who has the loudest voice at times like this, and who has the resources to advocate.\"\n\nWhile it's important to stay home to stop the spread of COVID-19, that doesn't mean all physical activity should be curtailed, said ParticipAction, a national non-profit organization dedicated to physical activity.\n\nWalking, hiking, biking, tennis, basketball and just having access to open green space can be safe, said ParticipAction's Dr. Leigh Vanderloo.\n\n\"We're doing a disservice by prohibiting access to all of these different types of recreational and sporting facilities outdoors,\" she said.\n\nThe prolonged wait to get back to recreation is particularly tough for marginalized communities or those living in condensed homes with no backyards, she said.\n\n\"They really do need to actually leave their place and get outside,\" said Dr. Vanderloo.\n\nKids also need a return to recreation, said the Canadian Paediatric Society. It has been urging the province to immediately reopen outdoor recreational spaces or produce data showing the venues are a source of virus transmission for weeks.\n\nIt wrote to Ford on May 7 demanding the reopening again and suggesting that it would help address the high numbers of youths feeling distressed and grappling with mental illnesses.\n\nWhile the YMCA of Greater Toronto has hosted virtual and distanced activities for many age groups during the pandemic, chief operating officer Lesley Davidson said those who would visit the facilities want to be back in the pool, shooting hoops and even working out at the gym.\n\n\"Not everybody can have a home gym, so they're missing the weights and the cardio, but I also think people really miss the community,\" she said. \"They miss their friends.\"\n\nPhysical activity, she said, can boost well-being and the YMCA is eager to find ways to welcome back everyone, when it's safe.\n\n\"We're always staying in touch with what the protocols are and every time we learn more, we are immediately adjusting,\" she said.\n\n\"We're always hopeful and we're always ready.\"\n\n-- with files from John Chidley-Hill in Toronto\n\nThis report by The Canadian Press was first published May 15, 2021."
        },
        {
            "id": "08397a402f7afe72",
            "title": "Free at last to hug and party: U.K. reopens for business",
            "content": "LONDON -- Friends will hug, pints will be pulled and swathes of the British economy will reopen on Monday giving 65 million people a measure of freedom after the gloom of a four-month COVID-19 lockdown.\n\nMost of the British will be free once again to hug, albeit cautiously, drink a pint in their pub, sit down to an indoor meal or visit the cinema after a series of lockdowns that imposed the strictest restrictions in peacetime history.\n\nThe biggest public health crisis in a century was accompanied by a drastic extension of state power; during England's lockdowns police broke up parties and protests alike, shut down religious services and handed out fines of up to 10,000 pounds (US$14,000) to youngsters for partying.\n\nAs freedom beckons once more, there is excitement.\n\n\"I shall be hugging literally everyone I can get my hands on,\" British actress Joanna Lumley told The Telegraph newspaper. \"I shall snatch babies from their mothers, and lean over zimmer frames.\"\n\n\"I shall hug girls at the till, the picture framer, and lads playing footie in the park. Much later obviously I shall be hugging police personnel as I am charged at the station. Hugger-mugger, that\u2019s me.\"\n\nBeside the euphoria, though, there is also anxiety.\n\nPrime Minister Boris Johnson, who before he imposed three national lockdowns had railed against the \"nanny\" tendencies of the British state, advised people to cuddle cautiously and served notice that the spread of the coronavirus variant first identified in India meant that the final U.K. reopening in June could be delayed.\n\n\"Together we have reached another milestone in our roadmap out of lockdown, but we must take this next step with a heavy dose of caution,\" Johnson said in a statement.\n\nThere is growing concern about variant B.1.617.2 which British scientific advisers say will become the dominant variant in the United Kingdom and which is more transmissible than B.1.1.7 (the variant first identified in Kent, England).\n\nBroadly, from Monday in England gatherings of up to 30 people will be allowed outdoors, two families will be allowed to meet indoors; cafes, bars and restaurants will reopen for indoor service; care home residents will be allowed to have five visitors; and face coverings will no longer be compulsory in schools.\n\n\"It's been a long, long time this one,\" said Clare Smyth, the chef of London restaurant Core who won her third Michelin star in January during lockdown.\n\n\"I'm super excited, can't wait to get the guests through the door, it's going to be quite emotional,\" she told Reuters. \"London is opening up and exciting times will be ahead and it will bounce back.\"\n\nThough the rules are slightly different in the United Kingdom's four constituent parts, restrictions are being eased in England, Scotland and Wales from Monday while they will be eased slightly later in Northern Ireland.\n\nThe scars of COVID-19 remain.\n\nThe U.K.'s official death toll is 127,679 - Europe's highest figure and the world's fifth highest, after the United States, Brazil, India and Mexico, according to Johns Hopkins University.\n\nThe British economy last year had its worst decline in three centuries while the government spent hundreds of billions of pounds to save jobs and companies and the Bank of England doubled its bond buying program.\n\n(Writing by Guy Faulconbridge; Editing by Susan Fenton)"
        },
        {
            "id": "e1c5aa65f8740dec",
            "title": "Dementia, Alzheimer's most common comorbidities associated with COVID-19 deaths: StatCan",
            "content": "TORONTO -- Dementia and Alzheimer\u2019s disease were the most common medical conditions associated with all of the COVID-19 deaths reported in 2020, according to a new report from Statistics Canada.\n\nThe report, released on Friday, said that \u201cof all COVID-19 deaths in 2020, dementia or Alzheimer\u2019s was reported on 36 per cent of COVID-19 death certificates,\u201d however the frequency with which it was reported varied from men to women.\n\nDementia or Alzheimer\u2019s was the most common comorbidity among women, reported on 41 per cent of record. For men, it was the second most common comorbidity at 31 per cent. Statistics Canada says the discrepancy between men and women can be explained by the \u201cage and sex profile\u201d of Canadians who died of COVID-19 in 2020 \u2013 63 per cent of women who died of the virus were older than 85, whereas 47 per cent of men who died from COVID-19 were older than 85.\n\nAccording to the Public Health Agency of Canada, approximately one in four Canadians aged 85 or older live with dementia or Alzheimer\u2019s.\n\nAlmost 90 per cent of people who died of COVID-19 in 2020 had at least one other comorbidity. StatCan reported that of the nearly 15,300 people who died of the virus between March and December 2020, 89 per cent had one or more medical conditions or complications listed on the death certificate.\n\nSixty-five per cent had two or more comorbidities and 46 per cent had three or more comorbidities listed, according to the report.\n\n\u201cThese results, along with the specific conditions listed on the death certificate, highlight some of the populations in Canada most vulnerable to severe outcomes of COVID-19. Although individuals had pre-existing conditions, it does not imply that they were at risk of dying if there had been no COVID-19 infection,\u201d the report said.\n\nThe other most common comorbidities reported on COVID-19 death certificates included pre-existing cardiovascular and respiratory condition including hypertension at 15 per cent, heart diseases at 14 per cent and chronic lower respiratory diseases at 11 per cent.\n\nPneumonia and respiratory failure were also commonly reported, but the report noted that those \u201ccan be the result of COVID-19 rather than underlying reasons why the individual had a severe COVID-19 outcome.\u201d\n\nStatCan reported that since 95 per cent of Canadians who died of COVID-19 in 2020 were older than 65, the comorbidities reported on death certificates were \u201clargely driven by age,\u201d but added that \u201ccomorbidities were clearly present in the majority of COVID-19 deaths regardless of age.\u201d\n\nThree common comorbidities reported on the younger age cohorts\u2019 COVID-19 death certificates were diabetes, nervous system disorders, such as Parkinson\u2019s, and obesity.\n\nThe report notes that the emergence of COVID-19 variants of concern, which are disproportionally affecting younger people, as well as Canada\u2019s ongoing vaccine rollout will likely result in \u201cfurther changes to the dynamics of the COVID-19 pandemic.\u201d"
        },
        {
            "id": "c8cd484e9f40541d",
            "title": "One dose of Pfizer plus one dose of AstraZeneca safe, but more mild side-effects reported: study",
            "content": "TORONTO -- Preliminary results from a study in the U.K. suggest that receiving your second dose of the COVID-19 vaccine from a different brand than the first dose is safe \u2014 but it could be more likely to give you mild side-effects such as a headache, chills or a fever.\n\nThe study looked at more than 800 adults aged 50 and over who had received mixed vaccine doses at a four-week interval. The early results were described in a research letter in the journal The Lancet on Wednesday.\n\nResearchers found that with the two mixed schedules they were looking at \u2014 Pfizer followed by AstraZeneca, and AstraZeneca followed by Pfizer \u2014 both resulted in more frequent side-effects after the second dose when compared to \u2018non-mixed\u2019 schedules.\n\nThere are no results yet on how effective the vaccines are when administered in this way. Data on efficacy is expected to arrive next month.\n\nThe study found a noted increase in temporary problems, including fever and fatigue, after receiving the shot.\n\n\"We're seeing growth more frequently, both in mild and moderate symptoms, but they resolved quickly,\u201d Matthew Snape, associate professor in pediatrics and vaccinology at the University of Oxford, and the chief investigator of the study, told CTV News.\n\nThese adverse reactions ranged from mild to moderate, but were short-lived, researchers say. No major safety concerns were found.\n\n\u201cThese are the type of reactions we do expect, [\u2026] and they are more or less the same types of reactions that you're seeing with the standard schedules for vaccines,\u201d Snape said. \u201cThey're [just] occurring more frequently.\u201d\n\nDr. Theresa Tam, Canada\u2019s chief public health officer, told CTV News Channel on Wednesday evening that these early results look \u201clike a good first sign in terms of favourable use.\n\n\u201cWe are monitoring that data really carefully,\u201d she said of the U.K. study, adding that a recommendation from NACI will come once more data from the study has been released. \u201cEarly indications are looking favourable.\u201d\n\nAlthough she cautioned that we need to wait for data on the immune response to know for sure, she said it was a \u201cpossibility\u201d that Canadians could be receiving mixed schedules of vaccine doses this summer.\n\nMost people who got vaccinated in the U.K. study didn\u2019t experience moderate symptoms, Snape explained, but the number of people who did was higher in their study among those who had a mixed vaccine schedule.\n\nThe most important takeaway from these early results is that people who receive a mixed vaccine schedule may need to plan more time off around their shot.\n\n\u201cThis is just telling us about how you should manage the first few days after immunization, whether it's at the individual level, you know what you can expect, or, for example at a healthcare provider level, as I say, you don't immunize a whole floor of nurses with the mixed schedule because you might have higher absenteeism the next day,\u201d Snape said. \u201cSo it's more of that kind of informing what to expect a few days after immunization, rather than a safety signal of anything that's going to have any longer term implications.\u201d\n\nThis data was presented to countries, including Canada, which are considering mixing and matching vaccines, Snape said.\n\n\u201cThere are quite a lot of countries that are thinking of using these mixed schedules, [\u2026] and they may need to prepare [\u2026] to have some high rates of absenteeism,\u201d Snape said.\n\nIt\u2019s still good news for Canadians who have already received AstraZeneca and are unsure whether to take it for their second dose, or even whether supply will allow for that.\n\nSeveral provinces, including Ontario, Alberta, Saskatchewan and Manitoba, have stopped offering AstraZeneca as a first dose.\n\nThe approach is changing because of a shortage of supply, but also because the risk of developing serious blood clots after the first AstraZeneca dose has been found to be less rare than previously thought, calculated now in Ontario as one in 55,000.\n\nProvinces are now waiting for guidance from scientific agencies on how to proceed with doses that they do have.\n\n\u201cFor the moment, with a small number of doses that we already have, we're just holding on to them, pending the final review by NACI and Health Canada,\u201d Christine Elliott, Ontario\u2019s health minister, said Wednesday.\n\nPart of that review will be looking if it's safe to give a different vaccine as a second dose, making these new results more important.\n\nTania Watts, a professor of immunology at the University of Toronto who received AstraZeneca for her first shot, is among those who feel bolstered by the early results from the U.K. study.\n\n\u201cThe first thing is that it's safe to mix and match, there's nothing dangerous that has come out, no surprise about some strange reaction,\u201d Watts told CTV News. \u201cThe surprise is that actually you get more of these systemic effects such as fever and chills and headaches.\u201d\n\nIf you received Pfizer for your first shot, for example, Watts said you should probably go with Pfizer for your second shot, but if you received AstraZeneca for your first shot and are uncertain of supply for the second dose, the data supports receiving Pfizer for your second dose.\n\n\u201cIf you're like me and you had AstraZeneca first, then if Pfizer comes available, then you have to just consider that and it seems like it's safe,\u201d Watts said.\n\nIn the U.K. study, those on a mixed schedule who received AstraZeneca as their second booster shot experienced slightly higher levels of side effects than those who received Pfizer as their second booster shot, with 47 per cent of those who received AstraZeneca after Pfizer reporting that they felt feverish, compared to 34 per cent of those who received Pfizer after AstraZeneca.\n\nParticipants self-reported on their symptoms in the days following their vaccine doses, and the majority of reported symptoms occurred in the 48 hours after receiving a shot.\n\nSnape explained that within the study, mild symptoms were defined as \u201cnot having much impact on their daily activities\u201d while moderate symptoms have more of an impact on their daily life, but the person is still able to function.\n\nAround 17 to 20 per cent experienced temporary symptoms severe enough to impact their daily life, with the side effect most often reported being fatigue.\n\n\u201cThey're tired enough they felt they couldn't undertake their daily lives,\u201d Snape said.\n\nNot many people reported chills or feeling feverish to a degree that it interrupted their lives.\n\n\u201cI'm often asked, what's the difference between fever and feverish. Fever is the objective sign of somebody measuring the temperature and finding it's about 38 degrees, feverishness is the feeling like you have a fever, and we all know that feeling. It's certainly interesting to note that actually even though they're feeling hot or cold, a sense of feverishness, actually relatively few did have a fever.\u201d\n\nIn the next stage of the study, where they are looking at a 12-week interval between doses, they will be asking participants more about the impact on their lives and if they had to take the next day off of work, among other things.\n\nThe most important data is still to come \u2014 whether mixing and matching gives equally good or even better immunity than one brand for both shots \u2014 with results on this question expected to be released in June.\n\n\u201cThe full picture will become more apparent when we have the antibody readout as well and we can see [\u2026] whether or not this has led to an improved immune response,\u201d Snape said."
        },
        {
            "id": "eaf7f069fc009a08",
            "title": "COVID-19 in the U.S.: How do Canada's provinces rank against American states?",
            "content": "In a sorted list of the provinces and states (including the territories and Washington, D.C.), Canada's first region, Loading..., ranks Loading... when it comes to recent cases per capita. Currently, Loading... states have fewer average daily cases per millionLoading....\n\nWhen it comes to all-time peaks for Canada\u2019s provinces and territories, Loading... tops the list for Canada at Loading... overall in terms of highest all-time average daily cases per million people.\n\nBelow is an updated list of the states and provinces sorted by the current number of cases being reported. We\u2019re showing the average number of daily cases over a seven day period by default."
        }
    ],
    "label": 2,
    "label_text": "high"
}