{
    "source": "dailystar.co.uk",
    "articles": [
        {
            "id": "c305b82634be4d9c",
            "title": "Masked Dancer 'at risk of so-called Strictly Curse as stars pair with dancers'",
            "content": "Daily Star's Inside Hot TV newsletter sees Ed Gleave send you telly's hot takes straight to your inbox every Sunday Invalid Email Something went wrong, please try again later. Yes, keep me in the know! Thank you for subscribing We have more newsletters Show me See our privacy notice\n\nThe Masked Dancer will soon be gracing the general public\u2019s television sets but will alleged fears of the so-called \"Strictly curse\" come true, befalling the production as the season plays out?\n\nThe Masked Dancer sees celebrity contestants anonymously taking part in a dance competition where judges get to rate their performance and try to figure out who it is under the mask.\n\nWith the show set to begin next week, there are allegedly concerns behind the scenes about the potential for romance between acts and professionals.\n\nAn insider reportedly told The Sun: \u201cAs with Strictly, the stars will spend hours pressed against each other in hot, sweaty rehearsal studios.\n\n(Image: ITV)\n\n\u201cIt\u2019s a scenario which has seen many of the Strictly contestants suffer the curse of splitting with their partners and starting flings with their dance partners.\n\n\u201cAnd there\u2019s no reason to think that won\u2019t be the case with The Masked Dancer too.\n\n\u201cExcept with this show there will be even more mystery over the person they\u2019re getting romantically involved with as we won\u2019t know the identities of the professionals.\u201d\n\nWith the new lockdown rules keeping the production Covid safe, the stars and dancers will be bubbled throughout the series, keeping them in closer proximity than ever before.\n\n(Image: ITV)\n\nCharacters set to make an appearance are Frog, Zip, Beagle, Llama, Flamingo and Viper with Mo Gilligan, Davina McCall, Jonathan Ross and Strictly\u2019s Oti Mabuse to make up the panel while Joel Dommett presents.\n\nOti hilariously misunderstood her role in the show at first.\n\nSpeaking to the Metro she said: \"I was under the impression that I was doing it as a contestant,\n\n\"I was just yacking away to them about how I would spice it up and they were like, 'Well, let's just have another chat and then we can talk about the jury'. I was like, 'What?'\"\n\nOti is well known for winning Strictly two years in a row, which would have made her an ideal contestant for The Masked Dancer - although maybe ITV thought someone with her talent would be too easy to figure out.\n\nDaily Star has contacted ITV for comment."
        },
        {
            "id": "4f8603110c556d5c",
            "title": "Naked Attraction fans gobsmacked as contestant turns her labia into necklace",
            "content": "Daily Star's Inside Hot TV newsletter sees Ed Gleave send you telly's hot takes straight to your inbox every Sunday Invalid Email Something went wrong, please try again later. Yes, keep me in the know! Thank you for subscribing We have more newsletters Show me See our privacy notice\n\nNaked Attraction viewers were left hiding their eyes behind their hands as one contestant showcased a very peculiar use for her labia.\n\nIn a compilation of best bits from across the Channel 4 programme, Tracy had originally compared her \"lady bits\" to a \"beef sandwich\", and said sex after giving birth was like putting a penis into a \"jam jar.\"\n\nBut as showrunners caught up with her a few years later to find out how she and her beefcake match were doing, she revealed she'd actually done something to change that.\n\n\"I went to a surgeon and had my labia removed,\" Tracy explained via video link. \"But I had that situation where it's been with me my whole life, and I didn't want to say goodbye to it.\n\n\"So I made it into a necklace!\" she chirped.\n\n(Image: Channel 4)\n\nTracy explained that she had preserved the lips with crystal resin.\n\n\"I thought, why not immortalise them? So I painted them and put some glitter on them!\" she said as she fondled the bizarre accessory around her neck.\n\nBut viewers were left divided over her admission, taking to Twitter in droves to write: \"I turned on #NakedAttraction just in time to hear a woman say that the necklace made out of her labia was 'a beautiful piece of jewellery.\"\n\nAnother joked: \"I prefer to glitter my labia whilst it's still attached.\"\n\n(Image: Channel 4)\n\nWhile a third added: \"Watching the football, had a brief channel flick and stumbled across this. Bird claiming her date put her in hospital a few times with his tackle, & is now in a happy relationship with a bloke from Tinder & has the remainder of her labia as a necklace. Time for bed.\"\n\n\"When wearing your heart on your sleeve is not enough. Just wow!\" chimed another.\n\n\"I nearly dropped my bowl of Rice Krispies!\" someone else giggled.\n\n(Image: Channel 4)\n\nTracy said that Mark, the guy she ended up with off the back of the show in 2016, had such a huge package that he had put her in hospital \"a few times.\"\n\nFormer Page 3 model Tracy admitted: \"Mark was known for his big package, I think, you know, for every woman when you have children it changes down there.\n\n\"It definitely helps having that extra package.\n\nLike what you see? Then fill your boots... There's MUCH more where that came from! Want all the jaw-dropping stories from the world of showbiz and up to the minute news from TV and soaps? Well, we've got you covered with our showbiz, TV and soaps newsletters - they'll drop straight into your inbox and you can unsubscribe whenever you like. We'll bring you the inside track from telly expert Ed Gleave and soap specialist Sasha Morris. Oh, and your daily fix of Piers, Katie Price, Demi Rose and all your other Daily Star favs. You can sign up here - you won't regret it...\n\n\"He put me in hospital a few times with it, but I'm OK.\"\n\nShe previously opened up to Daily Star about the process of filming the risqu\u00e9 show: \"I said, 'Can't we see them with erections so I know what I'm dealing with,' and they told me they weren't allowed.\n\n\"The studio was actually very cold for the purpose of keeping them down. They were all complaining, 'It's shrivelled! It wouldn't normally be this small!' and I just couldn't stop laughing.\""
        },
        {
            "id": "37debf8b26dc6824",
            "title": "Charles Grodin dead: Beethoven and The Heartbreak Kid actor dies at 86 after cancer battle",
            "content": "The video will auto-play soon 8 Cancel\n\nSign up to FREE email alerts from Daily Star - Showbiz Invalid Email Something went wrong, please try again later. Subscribe Thank you for subscribing We have more newsletters Show me See our privacy notice\n\nVeteran actor Charles Grodin has died aged 86, his heartbroken family has confirmed.\n\nThe actor and talk-show host, known for his roles in films like Beethoven and The Heartbreak Kid, died on Tuesday at his home in Wilton, Connecticut.\n\nIn a statement shared with The New York Times, Grodin's son Nicholas confirmed the US star died after a battle with bone marrow cancer.\n\nBorn in Pennsylvania, Grodin went to university in Miami, but quickly dropped out to pursue his passion for acting and the stage.\n\nAfter studying drama in NYC, he landed his very first gig with an uncredited part in Disney's 20,000 Leagues Under the Sea.\n\n(Image: Getty Images)\n\nMore established roles followed, playing a doctor in Rosemary's Baby, and appearing in the comedy flick Catch-22.\n\nPlaying the lead in The Heartbreak Kid, he proved to be a talented comedic actor, eventually bagging roles in The Great Muppet Caper and Heaven Can Wait.\n\nWhen the 90s rolled around, he played the dad in Beethoven, family man George Newton, reprising the role for the subsequent sequel.\n\n(Image: WireImage)\n\nIn the mid-90s, he also landed his own talk show, The Charles Grodin Show, on CNBC, giving voice to issues of the day.\n\nThe years that followed saw Grodin take a step out of the spotlight, becoming a stay-at-home dad to raise his two children.\n\nGrodin is survived by his daughter Marion and son Nicholas, who were born from his two marriages to Julie Ferguson and Elissa Durwood respectively.\n\nLike what you see? Then fill your boots... There's MUCH more where that came from! Want all the jaw-dropping stories from the world of showbiz and up to the minute news from TV and soaps? Well, we've got you covered with our showbiz, TV and soaps newsletters - they'll drop straight into your inbox and you can unsubscribe whenever you like. We'll bring you the inside track from telly expert Ed Gleave and soap specialist Sasha Morris. Oh, and your daily fix of Piers, Katie Price, Demi Rose and all your other Daily Star favs. You can sign up here - you won't regret it...\n\nSince news of his death broke, tributes have flooded in from his many fans across the globe, remembering his talent as a comedic actor and presenter.\n\nOne fan took to Twitter to write: \"Midnight Run, the rare actual perfect movie. RIP Charles Grodin, a great.\"\n\n\"RIP Charles Grodin, the only man to truly rival Kermit for the love of Miss Piggy,\" wrote another fan.\n\nAnd a third weighed in: \"RIP Charles Grodin, an absolute genius.\""
        },
        {
            "id": "59d99eebad4413b7",
            "title": "Susanna Reid hits out at Prince Harry's family claims in fiery Adil Ray clash on GMB",
            "content": "Daily Star's Inside Hot TV newsletter sees Ed Gleave send you telly's hot takes straight to your inbox every Sunday Invalid Email Something went wrong, please try again later. Yes, keep me in the know! Thank you for subscribing We have more newsletters Show me See our privacy notice\n\nSusanna Reid accused Prince Harry of \"dragging the Royal family into criticism\" as she argued with her co-host Adil Ray on Good Morning Britain today.\n\nThe duo were on opposite ends of the spectrum as Adil furiously defended the Duke of Sussex\u2019s right to speak freely about his own family upbringing on his new documentary made with American chat show host Oprah Winfrey.\n\nYet Susanna, 50, was furiously of the view that Harry\u2019s comments continue to cause issues for the British Royal family and worries about what it will do to the institution.\n\nThe new mental health documentary The Me You Can\u2019t See, sees Harry, 36, talking candidly about his struggles growing up and in a new trailer a number of clips show him and Oprah sharing their different experiences.\n\nFollowing the Duke\u2019s podcast with actor Dax Shepherd in the US which also caused a stir last week, Adil, 47, and Susanna ended up in a tense debate about whether he should really be talking about his family in a negative way at all.\n\nAlso speaking to GMB guest and journalist Andrew Pierce, who called Harry using images of his mother's funeral in the documentary as \"appalling\", Susanna, 50, said: \"You're dragging your family into criticism aren't you?\n\n\"Anyone who goes into therapy is going to be drawn into a discussion but I'm not sure your parents want to hear that discussion.\"\n\nAnd later on in the programme, Susanna insisted the topic was \"so personal\".\n\nWhile the presenter explained that she supports the Duke talking about mental health, she doesn\u2019t think he should be \"dragging\" his family into it.\n\n\"It\u2019s so personal - I absolutely support him talking about mental health,\" she said. \"I just think when you divulge all the reasons behind that and drag other people into it, you\u2019re dragging other people into it.\"\n\nBut Adil fired back: \"The bit about Prince Charles is about 20 seconds, he talks about (the royal family) as a more general thing.\n\n\"He doesn't want to be a part of the royal family since he was 20 he's suffering from mental health.\n\n\"You can't talk about mental health without talking about your background.\"\n\nDuring his controversial chat with Shepherd on the Armchair Expert, Prince Harry said that he was determined to \"break the cycle\" and he wanted to make sure the \"suffering\" he experienced growing up wasn\u2019t passed down to his own children.\n\nThe royal also came under fire when he appeared to criticise the American constitution - as he called the First Amendment \"bonkers\" on the programme.\n\nGood Morning Britain continues weekdays at 6am on ITV."
        },
        {
            "id": "3c9d32cf074930b4",
            "title": "Celebrity deaths 2021: Stars we\u2019ve lost from Helen McCrory to Prince Philip",
            "content": "The video will auto-play soon 8 Cancel\n\nSign up to FREE email alerts from Daily Star - Showbiz Invalid Email Something went wrong, please try again later. Subscribe Thank you for subscribing We have more newsletters Show me See our privacy notice\n\nWe're not even half way through 2021, but we\u2019ve already waved goodbye to some much-loved stars, including Saved By The Bell star Dustin Diamond and Gerry and the Pacemakers\u2019 Gerry Marsden.\n\nIn 2020 we said goodbye to many incredible stars, including Caroline Flack and Barbara Windsor.\n\nSaying goodbye to our heroes and stars we admire is never easy, and it\u2019s important to take a moment to remember them.\n\nThey leave behind a legacy which will never be forgotten by friends, families and fans, and their contributions to the world will be enjoyed for years to come.\n\nHere we remember the incredible stars who have passed away so far in 2021.\n\nMay\n\nCharles Grodin\n\n(Image: WireImage)\n\nUS actor and talk show host Charles Grodin passed away aged 86 on May 18, after a battle with bone marrow cancer.\n\nHe was best known for his roles in films like Beethoven and The Heartbreak Kid.\n\nIn the mid-90s, he also landed his own talk show, The Charles Grodin Show on CBNC, giving voice to issues of the day.\n\nIn the years that followed Grodin stepped out of the spotlight to become a stay-at-home dad to raise his two children.\n\nTony Armatrading\n\nBritish actor Tony Armatrading passed away from cancer aged 59 on May 10.\n\nArmatrading was best known for appearing in Notting Hill, and also had a role in a series of Star Wars video games.\n\nHe enjoyed an impressive career which included a string of TV appearances including on Channel 4 soap Brookside and iconic police drama The Bill.\n\nAs well as his TV roles, he also had a role in the blockbuster film The Saint.\n\nTom Hickey\n\n(Image: WireImage)\n\nIrish actor Tom Hickey passed away aged 77 on May 1.\n\nHe had been diagnosed with Parkinson\u2019s Disease back in 2013, according to the Irish Mirror.\n\nTom was best known for his role as Benjy Riordan on long-running TV series The Riordans for 16 years.\n\nHis career spanned more than 60 years, and his biggest jobs included movies such as Breakfast on Pluto and Inside I\u2019m Dancing.\n\nOlympia Dukakis\n\n(Image: WireImage)\n\nSteel Magnolias and Moonstruck actress Olympia Dukakis passed away at the age of 89 on May 1.\n\nOlympia acted in over 130 stage productions, over 60 films and in 50 TV series.\n\nShe shot to fame thanks to her Oscar-winning turn in Moonstruck, where she played the mother of Cher's character in 1987.\n\nShe was also nominated for a Golden Globe Award for her role in Sinatra and Emmy Award nominations for Lucky Day, Joan of Arc and More Tales of the City.\n\nApril\n\nNathan Jung\n\nAmerican actor and stuntman Nathan Jung died aged 74 on April 24.\n\nHe is best known for his portrayal of Genghis Khan in the original Star Trek series.\n\nDue to his height he was usually cast in 'heavy' or 'enforcer' type roles during this career.\n\nThe six-foot-four actor appeared on M*A*S*H, Starsky & Hutch, General Hospital, and Manimal.\n\nHe also had roles in CHiPS, Riptide, and Hunter as well as Sanford and Son where he played Helen Funai's cousin, Saburyo.\n\nShock G\n\n(Image: WireImage)\n\nDigital Underground lead singer and rap legend Shock G was found dead in his hotel room at the age of 57 on April 22.\n\nTMZ reported that his cause of death was unknown, but there were reportedly no signs of trauma.\n\nThe rap legend was famous for the song The Humpty Dance and his alter ego \"Humpty Hump\".\n\nHe was also famed for his collaborations with Tupac, featuring on his song I Get Around in 1993.\n\nLes McKeown\n\n(Image: Runcorn Weekly News)\n\nFormer Bay City Rollers frontman Les McKeown passed away suddenly at home aged 65 on April 20.\n\nThe Scottish pop singer fronted the Edinburgh band during their most successful period in the 1970s.\n\nTheir most successful hits included I Only Wanna Be With You, Bye Bye Baby and Give a Little Love.\n\nJim Steinman\n\n(Image: Getty)\n\nSongwriter and music producer Jim Steinman passed away aged 73 on April 19.\n\nHe worked on some of the biggest albums of the 20th century, including Meat Loaf's legendary Bat Out Of Hell.\n\nOver the course of his career, Jim also worked with the likes of Celine Dion and Bonnie Tyler.\n\nTotal Eclipse of the Heart, Tyler's most famous song of all time, was his handiwork.\n\nHelen McCrory\n\n(Image: POOL/AFP via Getty Images)\n\nAcclaimed actress Helen McCrory died aged 52 on April 16 following a battle with cancer.\n\nThe British actress was best known for her role as Aunt Polly in Peaky Blinders and and as Narcissa Malfoy in three Harry Potter films.\n\nHelen\u2019s incredible career began in the 1990s when she first appeared in stage productions, including Price And Prejudice and Macbeth.\n\nShe went on to star in a number of films and TV shows, including political thriller Roadkill. She was also the voice of Stelmaria in the BBC drama His Dark Materials.\n\nJoseph Siravo\n\nThe Sopranos actor Joseph Siravo died at the age of 64 on April 11 following a battle with cancer.\n\nJoe had a number of impressive acting credits to his name, including his role as Tony Soprano\u2019s dad.\n\nHe also had roles on the big screen, landing parts in films such as Jennifer Lopez's Maid in Manhattan, and animated films Shark Tale and The Wild.\n\nJoe also had some theatre credits under his belt, appearing in the first ever Jersey Boys national tour, more than 2000 performances as Angelo DeCarlo.\n\nHe also starred in Broadway shows Conversations with My Father, The Boys from Syracuse, The Light in the Piazza and Oslo.\n\nNikki Grahame\n\n(Image: Getty Images)\n\nBig Brother Legend Nikki Grahame died at the age of 38 on April 9 after a long battle with anorexia.\n\nThe TV legend shot to fame in 2006 when she took part in Big Brother 7 alongside Aisleyne Horgan Wallace and Pete Bennett.\n\nThroughout her life, Nikki had battled insecurities and an eating disorder.\n\nShe was very candid about her relationship with food and bravely opened up about her struggles in 2009's Dying To Be Thin and later Fragile in 2012.\n\nIt is understood Nikki was receiving treatment at a private hospital when she passed away.\n\nPrince Philip\n\n(Image: Terry O'Neill / Iconic Images)\n\nPrince Philip, the Duke of Edinburgh, sadly passed away on April 6, Buckingham Palace confirmed.\n\nIn a statement, the Palace confirmed: \"It is with deep sorrow that Her Majesty The Queen has announced the death of her beloved husband, His Royal Highness The Prince Philip, Duke of Edinburgh.\n\n\"His Royal Highness passed away peacefully this morning at Windsor Castle.\n\n\"The Royal Family join with people around the world in mourning his loss.\n\n\"Further announcements will be made in due course.\"\n\nJames Hampton\n\n(Image: WireImage)\n\nTeen Wolf star James Hampton died aged 84 on April 7 from complications from his battle with Parkinson\u2019s Disease.\n\nHis final acting credit dating back to 2016, Hampton spent his twilight years coaching acting students in his hometown of Fort Worth in Texas.\n\nOver the span of his career, Hampton was praised for his talent, earning a Golden Globe nomination in 1975 for the Most Promising Newcomer thanks to his role in The Longest Yard.\n\nHampton appeared in tens of films and TV shows over the course of his career, but his most notable role was of Harold Howard in the 1985 hit fantasy film Teen Wolf.\n\nWalter Olkewicz\n\n(Image: WARNER BROS. TELEVISION)\n\nTwin Peaks actor Walter Olkewicz died aged 72 on April 6.\n\nFor the past two decades he had struggled with a series of health issues including issues with his joints.\n\nOlkewicz had multiple knee operations which resulted in infection leading to him to become bedridden.\n\nThis forced him to halt his acting career.\n\nDuring his long career, he appeared in Steven Spielberg's 1941 and Joel Schumacher's 1994 hit The Client.\n\nHe also had impressive roles on the small screens, including in Gary David Goldberg's The Last Resort and in NBC's Partners in Crime.\n\nPaul Ritter\n\n(Image: Mark Johnson/ This picture may be used solely for Channel 4 programme publicity purposes in connection with the programme(s). This picture is cleared for editorial purposes, but not for any form of printed advertising or commercial products. Not to be reproduced or redistributed for any other use without the prior written consent of Channel 4 Picture Publicity. (Channel 4 images must not be altered or manipulated in any way).)\n\nActor Paul Ritter died from a brain tumour aged 54 on April 5.\n\nPaul starred in all six series of Friday Night Dinner, and he was due to appear in the 10th anniversary special later this year.\n\nAs well as being well-known for his role of Martin Goodman, he also starred in Harry Potter and the Half Blood Prince as wizard Eldred Worple.\n\nPaul also starred alongside Daniel Craig in James Bond Quantum of Solace.\n\nAs well as receiving praise for his stints on the silver screen, he enjoyed critical acclaim for his stage work, including Coram Boy.\n\nMarch\n\nJessica Walter\n\n(Image: FilmMagic)\n\n\n\n\n\n\n\n\n\nEmmy-winning actress Jessica Walter died aged 80 on March 24.\n\nJessica was well known for playing the formidable Lucille Bluth on comedy series Arrested Development.\n\nShe was loved by many and enjoyed an incredible acting career which spanned over five decades.\n\nJessica starred in numerous television shows, including Murder, She Wrote, Babylon 5, Three\u2019s A Crowd, The Magician and also had a cameo in The Big Bang Theory.\n\nShe won her first Emmy for her incredible performance in Ironside spin-off Amy Prentiss.\n\nGeorge Segal\n\nGeorge Segal passed away on March 23 aged 87 due to \u201ccomplications from bypass surgery\u201d.\n\nFan will recognise him as Albert \u201cPops\u201d Solomon on all eight seasons of ABC sitcom The Goldbergs.\n\nHe also famously starred opposite Richard Burton and Elizabeth Taylor in 1967's Who's Afraid of Virginia Woolf for which he received an Oscar nomination for Best Supporting Actor.\n\nGeorge is also well known for starring as Jack Gallo on NBC\u2019s Just Shoot Me, which earned him two Golden Globe nominations, as well as turns in Bye Bye Braverman, Blume in Love, California Split and Look Who's Talking.\n\nHouston Tumlin\n\n(Image: Instagram/_tumlin_)\n\nHouston Tumlin, who was a child actor 15 years ago in Talladega Night: The Ballad of Ricky Bobby, died on March 23 aged 28.\n\nShelby County Coroner Lina Evans told the publication that he had taken his own life inside his home in Pelham, Alabama.\n\nHe is best known for playing 10-year-old Walker Bobby, son of Will Ferrell\u2019s character Ricky Bobby in the 2006 comedy film.\n\nRichard Gilliland\n\nDesigning Women actor Richard Gilliland died at the age of 71 on March 18 after a \u201cshort illness\u201d.\n\nRichard was married to his co-star Jean Smart, and the pair were due to work together this summer in a film called Breaking News in Yuba County.\n\nThey met on the Designing Women set in 1986, and Jean said in an interview she had \u201clured\u201d him to her dressing room on the pretext of helping her with a crossword puzzle.\n\nRichard has starred in many big productions, including Fantasy Island, The Love Boat, Night Court, Judging Amy, 24, CSI, Criminal Minds, Dexter, Scandal, Desperate Housewives and Murder, She Wrote.\n\nYaphet Kotto\n\nYaphet Kotto, who starred in James Bond\u2019s Live and Let Die, died aged 81 on March 15.\n\nHe began his career in theatre, making his professional acting debut at the age of 19 in Othello.\n\nYaphet got his breakthrough when he was cast as the main villain in the James Bond film Live and Let Die, playing Dr. Kananga / Mr. Big, a corrupt Caribbean Prime Minister who doubles as a drug lord.\n\nHe went on to star in cult-classic Alien and opposite Arnold Schwarzenegger in 1987's The Running Man, before starring alongside Robert De Niro in the comedy thriller Midnight Run as FBI Agent Alonzo Mosley.\n\nTaylor Dee\n\n(Image: Instagram)\n\nCountry music star Taylor Dee died aged 33 following a car crash in Texas.\n\nThe budding artist died from her injuries on March 14.\n\nThe country singer had been making a name for herself in the music industry after she had shot to fame in 2019 with her debut album The Buzz.\n\nIn an interview with Pro Country, The Buzz hitmaker explained that she had selected that song to show her \"fun side\".\n\nNicola Pagett\n\n(Image: ExpressStar)\n\nUpstairs, Downstairs star Nicola Pagett died \u201csuddenly\u201d at the age of 75 on March 3 after \u201cstoically\u201d battling a brain tumour.\n\nShe was best known for playing Elizabeth Bellamy in the 1970s series following the lives of the servants and their masters in London during the 1900s.\n\nNicola left after the second series, as she didn\u2019t want to be known for just one role.\n\nShe also starred in telefilm Frankenstein: The True Story as Elizabeth Fanschawe, and as Anna Karenina in the 1977 miniseries.\n\nShe also went on to star in hit films like Operation: Daybreak, There's a Girl in My Soup, and An Awfully Big Adventure.\n\nFebruary\n\nJohnny Briggs\n\n(Image: PA)\n\nFormer Coronation Street actor Johnny Briggs died at the age of 85 after a long illness on February 28.\n\nHe was best known for playing Mike Baldwin in the ITV soap between 1976 and 2006, appearing in more than 2,300 episodes.\n\nJohnny left after his character died, so that he could spend more time with his family. In recent years Johnny had been splitting his time between his home in North Somerset and Florida.\n\nRonald Pickup\n\n(Image: WireImage)\n\nActor Ronald Pickup, who is best known for his role as the Best Exotic Marigold Hotel star, died at the age of 81 on February 28 after a long illness.\n\nRonald began his TV career back in 1964, first training at the Royal Academy of Dramatic Arts in London before becoming an Associate Member.\n\nHis first ever claim to fame was on the BBC's famous science fiction series Doctor Who, playing a physician in part 4 of The Reign of Terror.\n\nHe went on to bag himself the lead role as bachelor Norman Cousins in the Box Office Smash The Best Exotic Marigold Hotel film in 2012.\n\nOther film roles included a government official in 1983 James Bond film Never Say Never and Darkest Hour.\n\nPrince Markie Dee\n\n(Image: WireImage)\n\nHip-hop legend Prince Markie Dee, who was part of the 80s rap group The Fat Boys, died aged 52 on February 18.\n\nThe musician whose real name is Mark Anthony Morales had also been a successful producer and songwriter during his showbiz career, as well as the Vice-President of the Uncle Louie Music Group.\n\nHis group The Fat Boys were crowned the winners of a talent show at New York's famous Radio City Music Hall and by the time the 90s were approaching, they had quickly become one of the biggest names in rap.\n\nThe group went on to release a string of platinum-selling albums including their fourth record, Crushin', before starring in the comedy film Disorderlies in 1987.\n\nFrank Mills\n\n(Image: Daily Mirror)\n\nCoronation Street star Frank Mills passed away aged 93 on February 11.\n\nFrank had a minor role as Ivor Mortlake in the ITV soap from 1976, and later rejoined the cast as the iconic Billy Williams, barmaid Betty's love interest, in 1995.\n\nHe also acted in Midsomer Murders, Heartbeat, The Bill, Foyle's War and The Palace.\n\nRynagh O\u2019Grady\n\nActress Rynagh O\u2019Grady died suddenly aged 67 on February 8.\n\nShe was best known for playing shop owner Mary O\u2019Leary in Channel 4\u2019s Father Ted.\n\nRynagh was greatly respected across the Irish theatre scene and was also known for her directorial and writing skills.\n\nIn a statement, obtained by Dublin Live, the Abbey Theatre said: \"We were deeply saddened to hear of the sudden passing of our beloved friend and colleague Rynagh O\u2019Grady.\n\n\"We are thinking of her family and all who loved her.\u201d\n\nMary Wilson\n\n(Image: WireImage)\n\nSinger Mary Wilson died at the age of 76 February 8.\n\nMary was best known for being one of the founding members of The Supremes at the age of 15.\n\nThe trio stayed together until they went their separate ways in 1977.\n\nTo this day, the group are still America's most successful vocal group to date - with 12 number one singles on the Billboard Hot 100.\n\nDuring the last few years Mary began returning to the spotlight. In 2019 she starred in the 28th season of Dancing With The Stars.\n\nChristopher Plummer\n\n(Image: REUTERS)\n\nHollywood legend Christopher Plummer died aged 91 on February 5.\n\nChristopher spent the last 75 years as a stage and screen icon, appearing in more than 100 films.\n\nHe is perhaps best known for playing Captain John Von Trapp in the 1965 classic The Sound of Music.\n\nPlummer went on to play the sinister Klingon General Chang in Star Trek VI: The Undiscovered Country in 1991.\n\nOne of Plummer's last screen appearances came in 2019 comedy Knives Out, in which he played a mystery novelist who dies under curious circumstances.\n\nCaptain Sir Tom Moore\n\n(Image: Samir Hussein/WireImage)\n\nNational hero Captain Sir Tom Moore passed away aged 100 on 2 February.\n\nCaptain Tom was admitted to hospital on January 12, where he received a pneumonia diagnosis.\n\nHis daughter Hannah announced her father had tested positive for coronavirus on January 31, stating he was back in hospital as he needed \u201cadditional help with his breathing\u201d.\n\nThe WW2 veteran raised over \u00a330 million for the NHS in the early days of the coronavirus pandemic.\n\nDustin Diamond\n\nSkyrocketing to fame aged 12, Dustin Diamond became a household name thanks to his role as the loveable goofball Screech on Saved By The Ball.\n\nAfter Saved By The Bell \u2013 and its many spin-offs \u2013 wrapped, he went on to enjoy a career as a stand-up comic and reality star, even appearing in the British version of Celebrity Big Brother.\n\nSadly, on February 1, Diamond died aged 44 after a brief battle with lung cancer, as his many fans and peers in the showbiz world paid tribute.\n\nJanuary\n\nCicely Tyson\n\n(Image: FilmMagic)\n\nPioneering actress Cicely Tyson died at the age of 96 on January 28.\n\nHer groundbreaking career as an acclaimed star of film, YV and Broadway productions spanned 70 years.\n\nCicely started working in fashion in the early 1950s, but it wasn't until the critically acclaimed 1972 release of Sounder, in which she played Rebecca Morgan, that Tyson's star profile truly skyrocketed.\n\nShe landed many iconic roles, including in Jean Genet's The Blacks and appearing alongside Sammy Davis Jr in A Man Called Adam.\n\nLarry King\n\n(Image: Getty Images)\n\nLegendary American talk show host Larry King died on January 23 at the age of 87.\n\nAfter years of working in news and sports broadcasting, King went on to launch his namesake Larry King Show in 1987.\n\nIn the decades that follow, he became CNN\u2019s biggest star, thanks to Larry King Live, featuring discussions with some of the biggest names in showbiz.\n\nKing stepped down from the tole in 2010, telling his audience: \u201cI... I, I don't know what to say except to you, my audience, thank you. And instead of goodbye, how about so long.\u201d\n\nMick Norcross\n\n(Image: ITV)\n\nThe Only Way is Essex star Mick Norcross died aged 57 on January 21.\n\nMick was the owner of Essex nightclub the Sugar Hut which regularly featured in the hit ITV2 series.\n\nThe swanky venue was famous for its wild parties and glamorous girls.\n\nMick left TOWIE in 2013, and went on to be a property developer.\n\nMira Furlan\n\n(Image: WireImage)\n\nActress Mira Furlan passed away at the age of 65 on January 20.\n\nMira was born in the former Yugoslavia, but emigrated to the US in 1991.\n\nTwo years later she was cast as Delenn in Babylon 5, staying for five seasons until it ended in 1998.\n\nMira also starred as Danielle Rousseau in Lost in 2004, appearing in 25 episodes until 2010.\n\nAndy Gray\n\n(Image: BBC Scotland)\n\nBBC Scotland star Andy Gray died from cancer at the age of 61 on January 18.\n\nThe actor played very popular character Pete in River City, which he sadly left in 2018 after being diagnosed with a rare form of blood cancer.\n\nAndy also appeared in a variety of other TV shows, including Naked Video, and City Lights.\n\nHe played a bank teller who dreamed of being a writer in the 1980s sitcom.\n\nPhil Spector\n\n(Image: AFP/Getty Images)\n\nMusic producer Phil Spector died at the age of 81 from Covid-related complications on January 16.\n\nPhil had previously worked closely with some of the biggest names in the music industry \u2013 including The Beatles.\n\nAt the time of his death he was serving a 19 years-to-life sentence after he was found guilty of murdering Lana Clarkson.\n\nBefore going to prison, Spector had an incredibly successful career in music, producing the Beatles album Let It Be, and several solo records by the band's John Lennon and George Harrison.\n\nSiegfried Fischbacher\n\n(Image: Reuters)\n\nMagician Siegfried Fischbacher died after a short battle with pancreatic cancer aged 81 on January 13.\n\nThe iconic Las Vegas performer was known for his jaw-dropping show containing tigers, alongside his partner Roy.\n\nThey were known as the legendary duo Siegfried & Roy, who inseparable both on and off stage for more than six decades.\n\nRoy died in May 2020 aged 75 after complications from Covid-19, after which Siegfried said he had lost his \u201cbest friend\u201d.\n\nJohn Reilly\n\nUS soap star John Reilly died aged 84 on January 9.\n\nHe rose to fame in 1956 after taking on the role of Dr Dan Stewart on As The World Turns, he later joined General Hospital in 1984, playing Sean Donely for more than 70 episodes.\n\nThe Chicago-born star went on to play Alistair Crane between 2005 and 2008 in the hot show Passions, appearing in over 100 episodes.\n\nJohn\u2019s other credits include shows such as Dallas, Iron Man and Beverly Hills 90210.\n\nEd Bruce\n\n(Image: Redferns)\n\nEd Bruce passed away aged 81 on January 8 from natural causes.\n\nHe was well known as a country singer, as well as an actor who appeared in the likes of Bret Maverick and The Chisholms.\n\nBut the star was perhaps most known for co-writing the famous hit song, Mammas Don't Let Your Babies Grow Up To Be, with his then-wife, Patsy, in 1976.\n\nFollowing on from its success, he went to have an incredibly successful career with six Billboard Top 10 hits in the 1980s, including the 1981 smash, You're The Best Break This Old Heart Ever Had.\n\nDeezer D\n\n(Image: Getty Images)\n\nAmerican actor Dearon Thompson, known as Deezer, D died aged 55 on January 7 after he was reportedly found \u201cunresponsive\u201d at his home.\n\nThe star was best known for his portrayal of Nurse Malik Margrath on the hit series ER, in almost 200 episodes.\n\nThe Los Angeles native also starred in hit films such as Fear of a Black Hat from 1994, and the American comedy CB4 alongside Phil Hartman in 1993.\n\nHe also ventured into the music industry in 1999 when he released the album Living Up in a Down World.\n\nHis latest album Delayed, But Not Denied, which was released in August 2008.\n\nMarion Ramsey\n\n(Image: Getty Images)\n\nActress Marion Ramsey died at the age of 73 after a short illness on January 7.\n\nThe star was best known for playing Officer Laverne Hooks in all five of the Police Academy films.\n\nMarion, who was born in Philadelphia, was originally a stage actor and starred on Broadway.\n\nOne of her most memorable roles was in the hit 1978 Broadway show Eubie!.\n\nAlbert Roux\n\n(Image: Getty Images)\n\nChef and restauranteur Albert Roux passed away aged 85 on January 4.\n\nAlbert was the brother of legendary chef Michel father of Masterchef star Michel Jr, and had been unwell for quite some time.\n\nA statement from the family said: \"The Roux family has announced the sad passing of Albert Roux, OBE, KFO, who had been unwell for a while, at the age 85 on 4th January 2021.\n\n\"Albert is credited, along with his late brother Michel Roux, with starting London's culinary revolution with the opening of Le Gavroche in 1967.\"\n\nTanya Roberts\n\n(Image: AFP via Getty Images)\n\nFormer Bond Girl Tanya Roberts died on January 4 at the age of 65.\n\nIn addition to starring in the James Bond franchise, she also had a role in Charlie\u2019s Angels, where she replaced Shelly Hack.\n\nShe also appeared in the hit sitcom That 70s Show as Donna Pinciotti\u2019s mum Midge, alongside Ashton Kutcher and Mila Kunis.\n\nRoberts all appeared in a number of fantasy adventure films such as The Beastmaster and Hearts and Armour.\n\nBarbara Shelley\n\n(Image: SAM PEARCE)\n\nQueen of Hammer actress Barbara Shelley died at the age of 88 on January 4.\n\nBarbara rose to fame during the 1950s and 60s for films such as The Gorgon, Dracula, Prince Of Darkness and Rasputin.\n\nShe also starred in The Mad Monk, Quatermass And The Pit, as well as Blood Of The Vampire, and Village Of The Damned.\n\nBarbara also appeared in the Doctor Who episode Planet Of Fire, starring Peter Davison as the fifth Doctor.\n\nGerry Marsden\n\n(Image: Colin Lane/Liverpool Echo)\n\nGerry Marsden died at the age of 78 on January 3, having suffered a short illness which related to an infection in his heart.\n\nThe musician was the frontman of the group Gerry and the Pacemakers, famed for 60s hits such as Ferry Cross the Mersey, amongst others.\n\nThe Merseybeat band toured the Liverpool music scene at the same time as The Beatles.\n\nGerry\u2019s version of You\u2019ll Never Walk Alone became the anthem for his hometown club of Liverpool.\n\nGeorge Gerdes\n\n(Image: 2020 American Broadcasting Companies, Inc.)\n\nGeorge Gerdes passed away on January 1 after a brain aneurysm at the age of 72.\n\nHe rose to fame as a singer-songwriter before making the transition to the small screen in 1968, when he played the role of a thief in Come Back Baby.\n\nGeorge later starred as Pete Taylor in the hit series Our Family Honour, before being cast in Miami Vice.\n\nBut his most notable roles were in Grey\u2019s Anatomy, The X-Files and The Girl With The Dragon Tattoo.\n\nMark Eden\n\n(Image: Daily Mirror)\n\nBritish actor Mark Eden died at the age of 92 on January 1 after a long battle with Alzheimer\u2019s.\n\nMark was best known for playing Alan Bradley on Coronation Street in the 1980s.\n\nIn addition to this role, he also appeared on BBC\u2019s Doctor Who, playing character Marco Polo.\n\nHe also starred as Boucher in an episode of detective series Poirot."
        },
        {
            "id": "34876403df4bc20c",
            "title": "Pals yank dead friend out of his coffin to take him on one last motorcycle ride...",
            "content": "A group of friends dug up a man \u2019 s corpse to take him out on `` one last '' motorcycle ride .\nErick Cedeno \u2019 s pals claim to have received permission from his parents for his funeral in Ecuador , to remove him from his coffin , to carry out the strange act .\nReports say around seven men are shown surrounding a motorcycle , as a lifeless body is hoisted up onto the passenger seat .\nThe men have recorded cheering and waving their arms with excitement , the body flops onto the driver \u2019 s back  the corpse tightly , before the motorcycle takes off .\nThe group of men claim that they wanted to pay tribute to their friend and say goodbye `` as they should '' with the trip and also sprayed alcoholic beverages on the coffin , La Republica reports .\nThe 21-year-old passed away last weekend after he was reportedly shot while on the way to a loved one \u2019 s funeral .\nPolice said that `` this is the first time this has happened '' in the city and described it as `` an  of the people who took the body has been detained by authorities .\nAn investigation has not been opened into the incident as the funeral is considered a private event and there have been no complaints .\nTo stay up to date with all the latest news , make sure you sign up for one of our newsletters here .\nIn some parts of the world , digging up the dead is customary to take care of deceased relatives and friends .\nFamilies in Toraja in the highlands of South Sulawesi , traditionally  and friends once a year to reunite with them in an annual celebration called Ma \u2019 nene .\nEven the bodies of babies and children are dug up to celebrate the ritual that lasts for three days , the Metro reports .\nThe families open the coffins and let the bodies dry before they wash , groom and dress up the mummies in new fancy clothes and take them for a walk through the village ."
        },
        {
            "id": "ea7d67f449142a8c",
            "title": "Man 'strangled to death by 16st wife's buttocks' as she made him 'beg for forgiveness'",
            "content": "The video will auto-play soon 8 Cancel\n\nThe Daily Star's FREE newsletter is spectacular! Sign up today for the best stories straight to your inbox Invalid Email Something went wrong, please try again later. Sign up today! Thank you for subscribing We have more newsletters Show me See our privacy notice\n\nA 16-stone Russian woman allegedly killed her husband who was \"strangled with her buttocks\" after she sat on him during a row.\n\nTatyana O was charged with murder after refusing to let go of her partner Aidar until he \"begged forgiveness\", it is claimed.\n\nThe man\u2019s daughter saw her father pinned face down on the bed and ran to seek help from neighbours in Russian city Novokuznetsk, according to evidence in the case.\n\nA female neighbour came in but decided this was a domestic dispute which the couple would solve, it was reported.\n\nTatyana said she wanted to \u201ccalm him down\u201d after the pair had been drinking.\n\n(Image: social media / east2west news)\n\nSoon afterwards, it is alleged, Aidar died and the woman screamed, leading to the neighbour rushing back.\n\nThe neighbour called an ambulance but the common law husband was pronounced dead at the scene.\n\n(Image: social media / east2west news)\n\nA later medical examination found that the man died from \u201casphyxia from blocking the respiratory system\u201d as his face was wedged into the mattress, with the woman sitting on his neck, \"using her legs so he could not lift it\u201d.\n\nThe wife \u201cstrangled husband to death with her buttocks after drinking too much alcohol\u201d, reported Life.\n\n(Image: social media / east2west news)\n\nAt a first trial, a murder charge was dropped and Tatyana was convicted of causing death by negligence, it was reported.\n\nShe had no intention to kill him, the court heard.\n\nShe was sentenced to 18 months of corrective labour and ordered to pay around \u00a32,000 in \u201cmoral damages\u201d, reported Life.\n\n(Image: social media / east2west news)\n\nBut this week the Investigative Committee announced it is pressing for a new murder charge against the wife.\n\nThe woman had been angry \u201cafter drinking heavily\u201d and \u201cas soon as the man lay down on the bed, burying his face in the mattress, she sat on his neck, while holding his head with her legs so that he could not lift it.\u201d\n\nGet latest news headlines delivered free Want all the latest shocking news and views from all over the world straight into your inbox? We've got the best royal scoops, crime dramas and breaking stories - all delivered in that Daily Star style you love. Our great newsletters will give you all you need to know, from hard news to that bit of glamour you need every day. They'll drop straight into your inbox and you can unsubscribe whenever you like. You can sign up here - you won't regret it...\n\nAfter he stopped showing signs of life, \u201cthe accused, frightened, shook him and shouted at him to wake him up\u201d.\n\nThe murder suspect \u201cweighs more than 100 kilograms\u201d, said the committee."
        },
        {
            "id": "25a55d20f12c0826",
            "title": "Boffs drilling 'tunnel to Hell' to build first ever volcano lab - risking mega eruption",
            "content": "A daring project to drill a tunnel into the heart of an active volcano is underway\u2014but could risk sparking a huge eruption , scientists have warned .\nAn international team of researchers are planning to dig a hole 1.2 miles deep into the molten rock of the Krafla volcano in northeastern Iceland .\nThey are n't looking for ancient treasure like in Jules Verne 's 'Journey to the Center of the Earth ' , however .\nThe hope is to build the world 's first ever 'magma observatory ' , where they can observe molten rock as hot as 1,300  time .\nThe research team believe they might find a new energy source and even develop an early warning system for eruptions around the world .\nThe $ 100 million Krafla Magma Testbed project will begin drilling in 2024 .\nThe team behind the project believe it could lead to huge discoveries in terms of energy production\u2014but it could be risky business , as a rogue bit of drilling could accidentally trigger a new eruption .\nAn eruption is something `` one would naturally worry about , '' said John Eichelberger , one  But he says it is like `` poking an elephant with a needle '' .\nEichelberger added : `` In total , a dozen holes have hit magma at three different places ( in the world ) and nothing bad happened . ''\nThe project found its beginnings in 2009 when an energy company accidentally drilled into a shallow pocket of magma .\nAlthough the drill was damaged , no eruption happened and nobody was hurt .\nMagma , which is underground lava , is usually at least 2.7 miles underground .\nHowever  discovered by the power company was jumped on by scientists and volcanologists as an opportunity to get up close and personal with the inside of a volcano .\n`` We have never observed underground magma , apart from fortuitous encounters while drilling at volcanoes in Hawaii , Kenya , and Krafla , '' Paolo Papale , an Italian volcanologist told AFP .\nVordis Eiriksdottir , the head of geothermal operations at the power company , hopes it will lead to `` new technology to be able to drill deeper and to be able  not been able to do before . ''\nMagma produces huge amounts of volcanic steam at 450C , which could create five to ten times more energy than a normal geothermal plant .\nThe magma observatory project is unlikely to attract any supervillains at this stage\u2014although it 's not hard to imagine the likes of Jeff Bezos being interested in a volcano lair .\nIceland has almost 100 % renewable energy thanks to its geothermal power plants , which harness volcano power to make clean and cheap electricity .\nThe country has so  export power to the UK using a giant cable under the sea .\nIceland is also the original setting of 'Journey to the Centre of the Earth ' .\nWritten by Jules Verne , the story sees explorers venture into the dark heart of the country 's Sn\u00e6fellsj\u00f6kull , an inactive volcano and popular tourist attraction ."
        },
        {
            "id": "93d2bd5678eaf6b1",
            "title": "Olympian's 'insane' breastfeeding headstand photo divides social media users",
            "content": "The Daily Star's FREE newsletter is spectacular! Sign up today for the best stories straight to your inbox Invalid Email Something went wrong, please try again later. Sign up today! Thank you for subscribing We have more newsletters Show me See our privacy notice\n\nA snowboarding champion sparked controversy online when she posted an \"insane\" photo showing her breastfeeding her son while doing a headstand.\n\nAustralia's most successful winter Olympian, Torah Bright, stunned Instagram on Sunday when she uploaded the topless image of her doing a headstand on a lawn while her 10-month-old gets a feed.\n\nThe photo generated much online debate with some critics accusing Torah of being \"irresponsible\" and \"looking for attention\", the Mirror reports.\n\nShe wrote alongside the picture: \"Becoming a mother has unleashed something inside of me. It's deeply spiritual.\n\n\"It's primal. It's raw. it's fierce. It is pure.\"\n\n(Image: torahbright//Instagram)\n\nCelebrating her first Mother's Day with her son, Flow, she posted a series of pictures of them both - including one showing her breastfeeding him while in a handstand position.\n\nThe Winter Olympian, who earned a gold and silver medal in the snowboard halfpipe, added in the captions: \"My prayer for all mothers, now and in the future is that they be heard.\n\n\"Honoured. Respected and encouraged to trust their intuition.\"\n\nAustralian magazine Body and Soul said it was \"absolutely obsessed\" with the picture and praised her for being a \"wonder woman\", however many criticised her for \"seeing how he latched on for likes.\"\n\n(Image: torahbright//Instagram)\n\nOne person wrote: \"Not quite sure how to express my unease with this.\"\n\nAnother wrote: \"I just don't get the need to seek attention and post photos of everything you do. I just don't get it.\"\n\nAnother added, \"My first question is - why?? Sure I get it's natural & a beautiful thing - but I don't post my first bowel movement of the day standing on 1 leg. Same thing?\"\n\nDespite some even labelling her as \"irresponsible\" for sharing the snap, others congratulated her, such as one commenter saying: \"What an awesome mama bear. Love her.\"\n\nGet latest news headlines delivered free Want all the latest shocking news and views from all over the world straight into your inbox? We've got the best royal scoops, crime dramas and breaking stories - all delivered in that Daily Star style you love. Our great newsletters will give you all you need to know, from hard news to that bit of glamour you need every day. They'll drop straight into your inbox and you can unsubscribe whenever you like. You can sign up here - you won't regret it...\n\n\"What's insane about it? She's in incredible shape and is not putting her child in danger,\" one supporter added.\n\n\"Positive Human, Olympian, Wife & Mother. Ignore the trolls. OMG. Focus on happiness and love. @TorahBright,\" another chimed in.\n\nBright retaliated at the cruel comments, after admitting reading them \"made her sad\".\n\n\u201cIn my world, mothers should be each other\u2019s cheerleaders (it\u2019s hard enough). Embrace our quirkiness and finding the joy in every sh***y thing that is motherhood,\" she wrote on her Instagram story.\n\n\"We all do it differently. It is not wrong or right. Motherhood is pure. I only now consider myself a Wonder Woman because I have joined the sacred mothers club with you. Nothing but respect to all mothers.\""
        },
        {
            "id": "3699a5d3a0e1b48e",
            "title": "Bezos hits back at critics over space...",
            "content": "The Amazon and Blue Origin founder Jeff Bezos has hit back at critics for saying he should spend his money fixing problems on Earth rather than going to space .\nFormerly the world 's richest man before Elon Musk took his throne , Jeff Bezos has been heavily criticised for spending billions of dollars on building a space tourism company when there are lots of issues on Earth such as climate change and famine .\nHowever , Bezos has now hit back at the critics , arguing that billionaires `` need to do both , and that the two things  in New York .\nAdmitting that Earth has some major problems , Bezos claimed he is spending 'even more money ' on climate change than he is on space exploration , via the so-called Bezos Earth Fund .\nHe said : `` We need to conserve what we still have , we need to restore what we 've lost , we need to completely transform our food systems and grow what we need to live in a new way that does n't degrade the Earth.. '' '' There 's a tremendous amount to  and we can not forget about that .\nBut at the same time , in a deeply connected way , we need to look to the future . ''\nBezos believes that , to ultimately solve problems on Earth such as climate change , humanity will need to move manufacturing and polluting industries into outer space .\n`` This planet is so small that if we want to keep growing as a civilisation using more energy as a civilisation most of that in the future needs to be done off-planet , '' he  90-year-old Star Trek icon William Shatner on a trip to space on Blue Origin 's New Shepard rocket , in which Shatner became the oldest person to ever travel to space .\nAs the person to open the capsule door upon landing , Bezos was the first to witness Shatner 's reaction .\n`` [ Shatner ] came out of that capsule and he was almost catatonic .\nHe could barely speak or even move .\nHe stood there for a few moments and he sort of collected himself .\nAnd when he  of the most emotional experiences of my life . ''\n`` We each gave each other the gift of space .\nHe gave it to me when I was in the fourth grade and I gave it to him when he was 90 years old . ''\nAt the time , Bezos was criticised for 'interrupting ' Shatner as he tearfully spoke about the experience on camera .\nJust last week , one of the passengers who was aboard Shatner 's flight - a tech mogul named Glen de Vries - died in  spacefaring billionaire Elon Musk has also attracted a fair amount of criticism for investing in space rather than Earth .\nAfter challenging the UN to outline how it would use a donation to solve world hunger , the UN has finally responded with a budget .\nFollowers of Musk are waiting with baited breath to see whether he donates as promised ."
        }
    ],
    "label": 1,
    "label_text": "mixed"
}