{
    "source": "dailynorthwestern.com",
    "articles": [
        {
            "id": "745b0fdbf4dc22fe",
            "title": "SESP junior Natasha Sondakh prepares to publish debut novel",
            "content": "Natasha Sondakh (SESP \u201922). Sondakh\u2019s debut novel, \u201cShe Smells of Turmeric,\u201d will be published at the end of April.\n\nIn just four months, Natasha Sondakh (SESP \u201922) wrote her debut novel, \u201cShe Smells of Turmeric,\u201d while juggling classes and learning how to market her book.\n\nThe fictional novel follows an Indonesian-American girl who moves to Indonesia after her father\u2019s death. As she experiences Indonesian culture and meets new people, she soon realizes nothing is as perfect as it seems and finds herself in the process.\n\n\u201cAs a kid, I saw a lack of Southeast Asian representation in Western literature,\u201d Sondakh said. \u201cI felt really insecure because my country was not represented at all.\u201d\n\nThis led Sondakh to produce a piece of art that drew from her personal experiences as a woman of color. She began by writing sticky notes for each chapter, lining them up on her desk and envisioning the story arc before letting herself write freely.\n\nSondakh said she drew inspiration from real life, whether it is a place she has been to in Jakarta or a person in her life.\n\n\u201cEach character has its own distinct voice,\u201d she said. \u201cI try to keep it as real as possible because this is about a lot of people\u2019s lives.\u201d\n\nSondakh worked with editors and a publisher through the Book School program at the Creator Institute, which helps first-time writers publish their books. She said she has learned a lot from her editors through the process.\n\nAs Sondakh\u2019s developmental editor, Anne Kelley said she helped Sondakh brainstorm concepts and would build upon those ideas each week to make her book \u201cas riveting as possible.\u201d\n\n\u201cThere were moments when it was tricky, any writer hits a wall once in a while, but we always worked through the writer\u2019s block together,\u201d Kelley said. \u201cI would motivate her every chance I could get, not only because a confident writer is one that writes more, but also because we became friends over our time together.\u201d\n\nBecause of the time difference between Kelley and Sondakh, who lives in Indonesia, Sondakh would sometimes be working with her as late as midnight.\n\nStephanie McKibben, Sondakh\u2019s marketing and revisions editor, would read through the manuscript line by line, searching for continuity errors and working to make the book \u201cas professional as possible.\u201d\n\n\u201cNatasha was incredibly organized and is a real joy to work with,\u201d McKibben said. \u201cShe brings a lot of enthusiasm to her project\u2026 and that enthusiasm has never waned \u2014 her story is going to be a really wonderful story.\u201d\n\nFor readers outside Indonesia, the book will be available on Amazon at the end of April. Sondakh said she hopes her book has an impact on her readers, leaving them with more hope than when they started.\n\n\u201c(There\u2019s) this hope that humanity is a lot warmer than we think it is,\u201d Sondakh said. \u201cHaving that warmth and positivity in literature, while at the same time being relatable and not too oddly idealistic, is very comforting\u2026 (and) I hope people feel the same way.\u201d\n\nEmail: [email protected]\n\nTwitter: @laya_neel\n\nRelated Stories:\n\n\u2014 Q&A: Medill freshman publishes first book about communicating with autistic brother\n\n\u2014 NU alum and \u2018Divergent\u2019 author Veronica Roth premieres first novel for adults\n\n\u2014 Northwestern alum talks his new satirical novel on Trump and Putin\n\nComments"
        },
        {
            "id": "2a4da673d34455aa",
            "title": "Digital Diaries: A New Podcast Coming Next Week",
            "content": "The audio editor of The Daily Northwestern introduces the new podcast Digital Diaries, a podcast capturing the thoughts and feelings within the walls of quarantine. The first episode will premiere next week.\n\nMOLLY LUBBERS: Hi, I\u2019m Molly Lubbers, the audio editor of The Daily Northwestern. When the effects of COVID-19 were really starting to hit the Northwestern community, we at The Daily wanted to capture people\u2019s lives in their own words. So, we started something new. We asked people to record themselves and their daily lives \u2014 what they were thinking, feeling, and doing \u2014 during those first few weeks when everything seemed to change.\n\nHere\u2019s just some of what we heard:\n\nJOSHUA SALAZAR: I was in a, I was in a little bit of a hole before this whole thing started, so now it\u2019s only getting worse. Christ. Christ. (Sighs) It\u2019s not good, not good.\n\nISABEL AZPIROZ: It almost feels like we are already quarantined because we spend most of our days alone in our rooms if our roommate is not there anymore, doing nothing because there\u2019s nothing to do and anywhere to go to. There\u2019s also a really weird vibe on campus.\n\nMARC DENEVE: I\u2019m right in the middle of, of packing my whole room up. There\u2019s a few boxes lying around. It\u2019s looking quite hectic. I guess it\u2019s representing a sort of state of mind right now. A messy room for a messy, for a messy mind, if that makes any sense. I\u2019ve, I\u2019ve gotten some clarity on what my plans are, which helps. I\u2019m going back home, which is Paris, which was decided yesterday night.\n\nARIONNE NETTLES: Some days you might be more melancholy. Some days you might be angry, some days, you know, disappointed, so I think we\u2019re all kind of in those some kind of rollercoasters.\n\nKENDRA GUJRAL: I still don\u2019t feel like I did enough. And that may be the depression talking, that may be the anxiety talking. That may be the truth talking. I\u2019m not sure. But I just feel \u2014 not that I wasted the day but that I let the day down. I\u2019m not quite sure how to come to terms with that or deal with that feeling just yet. Luckily, I have therapy tomorrow. It\u2019s through Zoom (laughs) which okay, yeah, it makes sense, but I\u2019m just, I\u2019m trying to deal with the fact that everything is remote, now?\n\nMOLLY LUBBERS: Just the person, their phone, and their thoughts. This is Digital Diaries, a new podcast capturing people\u2019s feelings within the walls of quarantine. Unfiltered, raw and human.\n\nMOLLY LUBBERS: Each week, we will introduce you to new people and new experiences. But life goes on after people stop recording, and the world looks different every single day. We hope to give you peeks into what life was like at the start versus now. Our first episode premieres next week. Tune in then, and for all the episodes we have coming your way. Thanks for listening.\n\nMOLLY LUBBERS: This episode was reported and produced by me, Molly Lubbers. The audio editor of The Daily Northwestern is me, and the digital managing editors are Kalen Luciano and Heena Srivastava. The editor in chief of The Daily Northwestern is Marissa Martinez.\n\nEmail: [email protected]\n\nTwitter: @mollylubbers\n\nRelated stories:\n\n\u2014 NU Declassified: Canceling Amid COVID-19\n\n\u2014 NU Declassified: The International Quarantine Life\n\n\u2014 Speak Your Mind: Stay Home, Stay Calm\n\nComments"
        },
        {
            "id": "6ec9704e5257d571",
            "title": "The Ripple",
            "content": "Northwestern students and faculty advocated against oil pipelines in the Upper Midwest, like Line 3 and Line 5. They reflect on their experiences with on- and off-campus activism, as well as the push to..."
        },
        {
            "id": "d766e930abf8ec37",
            "title": "Multimedia",
            "content": "Name: Lose it! Developer: FitNow, Inc. Price: Free Requirements: Compatible with iPhone, iPod touch, and iPad. Requires iOS 3.0 or later Released: Nov. 3, 2011 Category: Health and Fitness Highly recommended..."
        },
        {
            "id": "1d6f3fd929b199be",
            "title": "Native Americans in Chicago chart 15 percent COVID-19 mortality rate",
            "content": "The new American Indian Health Service of Chicago clinic. \u201cOur new clinic \u2026 took years to advance due to limited funds from the Indian Health Service,\u201d Unabia said in an email. \u201cSadly, with two full time providers on staff, we have already outgrown this clinic.\u201d\n\nCOVID-19 is killing the American Indian residents of Chicago at disproportionately high rates, but the city has chosen to keep those statistics under wraps.\n\nRoxAnne Unabia, interim executive director for the American Indian Health Service of Chicago, said as of June 16, 23 percent of her clinic\u2019s COVID-19 tests have returned positive since AIHS started testing at the end of April. That\u2019s 7.5 percent higher than the overall positivity rate in Chicago during the same time frame, according to city data.\n\nHowever, while Illinois includes the American Indian and Alaska Native population as a separate category in the state\u2019s demographic breakdowns for COVID-19 data, Chicago categorizes the population as \u201cother.\u201d\n\n\u201cIt\u2019s really hard for us to track how many American Indians have gone to other facilities to be tested,\u201d Unabia said. \u201c(We can\u2019t tell) what numbers they\u2019re reporting when we\u2019re just categorized as \u2018other.\u2019\u201d\n\nA Freedom of Information Act request revealed 261 COVID-19 tests were administered to American Indian and Alaska Native individuals living in Chicago from March 1 through June 11. Of those tests, 46 returned positive \u2014 an 18 percent positivity rate falling slightly below Chicago\u2019s 20 percent positivity rate for the same interval.\n\nHowever, seven of those who tested positive have now died as a result of COVID-19, charting a 15 percent mortality rate \u2014 triple Chicago\u2019s overall 5 percent mortality rate during the same period.\n\nTesting per capita rates are also vastly lower for the Indigenous population than for the city as a whole.\n\nAbout 27,000 American Indian and Alaska Native people live in Chicago, which has a population of 2.7 million people overall, according to the U.S. Census Bureau. Less than one percent of the city\u2019s Indigenous population received a COVID-19 test during the March through mid-June interval, while nearly 9 percent of Chicago\u2019s overall population was tested for COVID-19 during the same period.\n\nJuliet Larkin-Gilmore, a postdoctoral fellow studying 20th century Native health at the University of Illinois at Urbana-Champaign, said the city\u2019s choice to exclude Indigenous people from data disaggregation follows a long history of \u201cstatistical erasure\u201d for the American Indian community.\n\nChicago holds the largest American Indian population in the Midwest. However, because their numbers are relatively small compared with other demographic groups, Larkin-Gilmore said institutions frequently overlook Indigenous people in statistical breakdowns. As a result, they\u2019re wiped out of the conversation.\n\n\u201cIt makes it impossible to address any Native-specific health concerns,\u201d Larkin-Gilmore said. \u201cIf you can\u2019t see it, you can\u2019t fix it. You can\u2019t think about tribally specific healing practices, healing systems. You can\u2019t integrate that with biomedicine, if you\u2019re not paying attention to it. That has a lot of really deadly consequences.\u201d\n\nSettler violence has historically unleashed epidemics upon American Indians. When European colonists arrived in the Americas, they brought a smallpox epidemic that wiped out more than 70 percent of the Indigenous population. Centuries later, the 1918 flu pandemic killed American Indians living on reservations at four times the rate of the general population.\n\nToday, coronavirus is taking a similarly vast toll on American Indians across the country, with the Navajo Nation and White Mountain Apache Tribe charting the highest per capita COVID-19 infection rates in the United States.\n\n\u201cThere\u2019s a lot of blame right now that Native bodies are somehow more susceptible to COVID(-19),\u201d Larkin-Gilmore said. \u201cWhen really the reason for that is far more complicated, and based in these larger structural and political disparities.\u201d\n\nIn 2018, the unemployment rate for American Indians and Alaska Natives was almost 7 percent \u2014 nearly double the rate for white Americans at the time. Native Americans also chart the highest poverty rates in the country.\n\n\u201cFor people to remain healthy, they have to have housing, employment,\u201d said Dorene Wiese, CEO of the American Indian Association of Illinois. \u201cThey have to have access to good, healthy foods. They have to have access to family planning\u2026 and our community does not have many of those services.\u201d\n\nWiese said there is a dearth of Indigenous licensed social workers in Illinois, meaning it\u2019s difficult to connect American Indian people with social services. Additionally, she said the population\u2019s rates of access to the internet \u2014 and consequently, to critical information about COVID-19 \u2014 are staggeringly low.\n\nAs a result of this cocktail of structural inequities, American Indians are at high risk for complications from COVID-19.\n\nThey\u2019re twice as likely to have diabetes compared with the white population, according to the U.S. Centers for Disease Control and Prevention. They\u2019re also significantly more likely to deal with asthma, heart conditions and the other underlying factors that worsen the effects of COVID-19.\n\nDue to comorbidities like uncontrolled diabetes and autoimmune disorders, AIHS of Chicago Director of Diabetes Melissa McGee said four individuals at her clinic have tested positive for a month or more after their initial diagnoses. One individual had COVID-19 for more than six weeks.\n\nAmid centuries of violence and expulsion, the U.S. government signed hundreds of treaties with American Indian tribal nations that promised funding for basic provisions: health care, education, housing and economic development, among other services.\n\n\u201cThere is a legal and historical obligation for the United States to provide health care to (American Indians),\u201d Larkin-Gilmore said. \u201cAnd that is not happening.\u201d\n\nAlthough over 78 percent of American Indians and Alaska Natives live outside reservations, Urban Indian health programs receive less than one percent of Indian Health Service funding \u2014 which is already sparse.\n\nProviding medical care for 2.2 million of the country\u2019s 3.7 million American Indian and Alaska Native people, the IHS has suffered underfunding since its 1955 inception. The IHS spent just over $3,000 per patient in 2017, while that same year Medicare and Medicaid spent nearly $13,000 and $8,000 per patient respectively, according to a National Congress of American Indians report.\n\nWith funds stretched thin, Unabia said the IHS is only able to provide basic care for the conditions that exacerbate COVID-19.\n\nUrban Indian health programs, Unabia added, are smaller. They lack emergency rooms. They run with minimal capacity to provide long-term care for those with chronic health conditions.\n\n\u201cI\u2019ve always heard the adage, if you rely on Indian Health to provide your health care, do not get sick after June,\u201d Unabia said. \u201cBecause that\u2019s when the money runs out.\u201d\n\nAs COVID-19 set in, the Chicago American Indian Community Collaborative stepped up to supplement deficient city resources. CAICC is providing medical supplies, food and shelter among other resources to those in need.\n\nHeather Miller, executive director of the American Indian Center of Chicago, collaborates with the organization\u2019s food bank, organizing the distribution of weekly food baskets to members of the Indigenous community.\n\n\u201c(COVID-19 is) a crisis, but we\u2019re in a crisis every single day, so this is normal for us,\u201d Miller said. \u201cI see it like nothing is different \u2026 we have things to change. We have situations to improve upon, and we\u2019ve got tons of work to do. So at this point, my job is to take care of my community and to get the work done.\u201d\n\nEmail: [email protected]\n\nTwitter: @maia_spoto\n\nRelated Stories:\n\n\u2014 With limited resources, Chicagoland Native American groups step up to help their own\n\n\u2014 Scholars present works in memorialization, discuss erasure in indigenous history during Kaplan Institute\u2019s fall keynote\n\nComments"
        },
        {
            "id": "31c99494133a1871",
            "title": "What to know about the upcoming Big Ten football season",
            "content": "After 36 days of postponement, the Big Ten Council of Presidents and Chancellors (COP/C) announced Wednesday its decision for football to return next month.\n\nImmediately after the move was announced, Northwestern president and COP/C chair Morton Schapiro and Northwestern athletic director Jim Phillips participated in a press conference with other key personnel, including Big Ten commissioner Kevin Warren. Later in the day, Phillips joined coach Pat Fitzgerald and Dr. Jeff Mjaanes, Northwestern\u2019s director of sports medicine and head team physician, for a second press conference.\n\nHere\u2019s a list of some important details regarding how today\u2019s decisions affect the Wildcats.\n\nTeams will receive daily testing for COVID-19\n\nAll student-athletes, coaches and trainers will receive daily antigen testing before each practice and game, with a University-appointed Chief Infection Officer sharing each program\u2019s data with the conference.\n\nDaily antigen testing will begin as soon as possible, but no later than Sept. 30.\n\nIf a student-athlete tests positive for COVID-19 through a point-of-contact test, they will receive a polymerase chain reaction (PCR) examination to confirm the positive result.\n\nOhio State head team physician James Borchers said he is confident that daily antigen testing will prevent the spread of COVID-19 because the tests\u2019 turnaround times, as well as confirmatory PCR testing, will allow programs to rapidly confirm infected individuals.\n\n\u201cWe have been very comfortable with the idea that we\u2019ll be able to provide daily rapid testing,\u201d Borchers said. \u201cThat will give us great surveillance of our student-athletes and those individuals involved in those competitions (such as) coaches and staff and be able to respond to that with confirmatory molecular testing and PCR testing so we can quickly remove individuals that may be at risk of infecting someone else.\u201d\n\nMjaanes said the antigen testing technology can detect outbreaks before they happen. It detects proteins of the virus at levels thought to be below the level of infectivity.\n\n\u201cSo basically you\u2019re catching somebody with a positive before they are even contagious,\u201d Mjaanes said. \u201cThat\u2019s a huge breakthrough in this. If we can do that on a daily basis, we can identify people before they\u2019re even infectious. We can remove people and really maintain the sanctity and the health of the team.\u201d\n\nMjaanes said that high levels of antigen testing \u201calmost eliminate\u201d the need for contact tracing \u2014 though Big Ten institutions are still focusing on improving their tracking capabilities.\n\nWhat the decision means for the general campus community\n\nSchapiro was asked whether he thought it was appropriate to restart the Big Ten football season while Northwestern\u2019s campus remains closed to freshmen and sophomores.\n\nHe responded that there was no reason to prevent the fall football season from happening if experts believed it could be done safely.\n\n\u201cThe feeling was that if we could play football safely and there was a way the Big Ten was going to provide, to meet the costs of daily testing and we were able to do it,\u201d Schapiro said, \u201cI don\u2019t see any reason why you don\u2019t want to go forward.\u201d\n\nIn a press conference later Wednesday, Maryland athletic director Damon Evans told the media that each Big Ten school was to cover the cost of its own COVID-19 testing programs. Evans estimated that it would cost each school between $700,000 and $1 million.\n\nWhen asked what he would say to non-athletes in the Northwestern community who do not have the possibility to be tested at such a frequent rate, Phillips said he did not have an answer.\n\n\u201cThat was a decision that was made and not with a lot of dialogue and not with an awful lot of reflection on what that would mean,\u201d Phillips said. \u201cIn the end, this is something that the Big Ten is administering.\u201d\n\nStudents who test positive will undergo cardiac examination\n\nAll student-athletes who test positive will take part in cardiac testing that includes an echocardiogram and MRI scan. These student-athletes have to be cleared by a University-designated cardiologist to return to the field and can resume competition a minimum of 21 days after testing positive for COVID-19.\n\nConcerns about the cardiac effects of COVID-19 arose earlier this summer when a number of Big Ten athletes were found to have developed symptoms of myocarditis \u2014 a rare condition that causes inflammation of the heart muscle \u2014 after testing positive for the virus. Mjaanes said every school in the conference now has access to cardiac MRI technology to help test athletes for myocarditis.\n\n\u201cAt the very beginning, the reason to postpone was based on health and safety,\u201d Mjaanes said. \u201cAnd in the end, the reason to resume is again based on health and safety.\u201d\n\nIf a team\u2019s positivity rate is above five percent and a population\u2019s rate \u2014 the number of positive individuals divided by the total population at risk \u2014 is above 7.5 percent, the program must stop practice and competition for a minimum of seven days.\n\nSchapiro said there was \u201calmost virtually no chance\u201d the conference could safely start competition five weeks ago, adding medical advances in understanding the pandemic and myocarditis gave him confidence to vote yes.\n\n\u201cWhen the facts change, our minds change,\u201d Schapiro said\n\nThe Big Ten will play nine-game schedule\n\nEach team in the Big Ten will play eight conference regular-season games starting the weekend of Oct. 23.\n\nThe schedule is expected to be announced in the coming days.\n\nAfter each program plays eight games, the teams with the best records in the East and West Divisions will meet in the Big Ten Championship Game the weekend of Dec. 18. That same weekend, teams in the same slot in each division\u2019s standings will face off.\n\nPhillips, who chaired the Big Ten\u2019s subcommittee on television, said his group has been in communication over the last month with various broadcast partners to get on the same page for television scheduling.\n\nAdditionally, he said the conference\u2019s schedule will allow teams to participate in the College Football Playoff (CFP) and traditional bowl games.\n\n\u201cTo play a regular season in a meaningful way, to weave it in with our partners at Fox and ESPN, to do it under the lights that our student-athletes so enjoy doing and to have it culminate at the end of the year with a chance to play in the CFP and a chance to play in traditional bowl games is incredibly exciting,\u201d Phillips said.\n\nTeams can begin practice immediately\n\nFitzgerald said he told the team of the news during its morning lift. With practices allowed to start right away, Fitzgerald said he and his staff had to make some tweaks to their schedule.\n\n\u201cWe had a schedule through Friday,\u201d Fitzgerald said. \u201cWe\u2019re going to adjust that now for tomorrow and Friday, do a little bit more installation and a little bit more on the field. Take a couple days off to kind of recover and then get really back into it next week with a six-days-a-week preparation.\u201d\n\nThe conference is still discussing how many hours teams should practice.\n\nFitzgerald added that he feels confident that the team will be able to be ready for the season to start in October.\n\n\u201cWe really took maybe about a week off between the postponement and starting workouts back,\u201d Fitzgerald said. \u201cWe gave our guys a chance to go home and some guys came back this week. But they were all working out either here or working out at home with getting plans from our strength staff.\u201d\n\nNo fans allowed at Big Ten contests\n\nThere will be no public sale of tickets for Big Ten games.\n\nPenn State athletic director Sandy Barbour told the media the Big Ten will look at each campus\u2019 situation to try and find seating for the families of athletes and program staff members at both home and away games.\n\nUpdates on other sports coming soon\n\nAll fall sports, in addition to football, will have access to the Big Ten\u2019s comprehensive testing efforts, Warren said. The Big Ten\u2019s statement this morning said that information about the start of other fall sports, as well as winter sports that start in the fall such as men\u2019s and women\u2019s basketball, \u201cwill be announced shortly.\u201d\n\nAlso on Wednesday, the NCAA\u2019s Division I Council approved a Nov. 25 start date for the men\u2019s and women\u2019s college basketball seasons. Full practices for those two sports are permitted to begin on Oct. 14.\n\nPhillips said that he hopes the decision on the remaining fall sports will be made sooner rather than later.\n\n\u201cWithin a period of, I would hope a few days, if not into next week,\u201d Phillips said. \u201cWe have to get our arms around what we\u2019re going to do with the fall sports. But that decision from the Big Ten is forthcoming.\u201d\n\nEmail: [email protected]\n\nTwitter: @dschott328\n\nEmail: [email protected]\n\nTwitter: @GSvirnovskiy\n\nEmail: [email protected]\n\nTwitter: @thepeterwarren\n\nRelated Stories:\n\n\u2014 Football: Big Ten reverses decision, votes to return to play in late October\n\n\u2014 Big Ten announces postponement of all fall sports, aims to resume play in the spring\n\n\u2014 Football: Big Ten releases revised 2020 schedule; players call for more robust health plans\n\nComments"
        },
        {
            "id": "380d2bc8fa1cb8ea",
            "title": "The Monthly June 2020",
            "content": "Pride Month is here, but it feels like the last thing on anyone\u00e2\u0080\u0099s mind right now. But that doesn\u00e2\u0080\u0099t mean Pride is over, as long as the queer community finally uses this opportunity to acknowledge the struggles of the queer black people who paved the way, and continue to pave the way. In this Letter From the Editor, Monthly Editor Wilson Chapman argues that right now and always, the greater queer community needs to advocate for and support the Black Lives Matter movement: otherwise, the community forgets and betrays its roots."
        },
        {
            "id": "b11085191f055180",
            "title": "Medill Professor Ava Greenwell publishes book \u201cLadies Leading\u201d",
            "content": "One woman recounted her employee telling her women didn\u2019t belong in the news business. Another woman had to field complaints from a subordinate who didn\u2019t want to take orders from a \u201cBlack girl.\u201d In her latest book, Medill Prof. Ava Thompson Greenwell is sharing the previously untold stories of Black women in the broadcast journalism industry.\n\nGreenwell\u2019s book \u201cLadies Leading: The Black Women Who Control Television News\u201d exposes the implicit racism and sexism in America\u2019s television networks through interviews with 40 women in the industry.\n\nAfter working on her dissertation in 2011, Greenwell became interested in learning about women she hadn\u2019t seen in television newsrooms and the role they might play behind the camera. She said she knew there were so few women of color in managerial positions, so she wanted to use her journalism skills to turn it into research.\n\n\u201cI used this as an opportunity to ask the questions I always wanted the answers to,\u201d Greenwell said. \u201cThe stories had not been told before, and I felt as though the industry as well as students, particularly journalism students, needed to hear these women\u2019s stories.\u201d\n\nGreenwell initially reached out to 100 women, not expecting many replies back. In the end, 40 women spoke with her, ready to share their stories. Greenwell said she chose to keep them anonymous out of respect for their privacy and their careers.\n\nShe named the women after flowers, which represent the women\u2019s growth despite the lack of nurturing conditions, and gemstones, which represent endurance.\n\n\u201cWe (should) not be so focused on who\u2019s saying it, but what they\u2019re saying and the patterns they talk about,\u201d Greenwell said.\n\nSome of those patterns are terms Greenwell has coined herself such as \u201cFOMM,\u201d or the fear of making a mistake, and \u201cIntellectual Theft Syndrome,\u201d in which these women\u2019s ideas were stolen, often by White men.\n\nIn the book, Greenwell emphasizes the extra intellectual and emotional work these women endure, with no additional compensation \u2014 leading to premature retirements or breaks from the field. The industry suffers a major loss when this occurs, Greenwell said, because having Black voices in managerial positions allows for more nuanced stories and a disruption of stereotype coverage.\n\nWhile the process of writing the book was difficult, it also provided an outlet for not only the women interviewed, but Greenwell and her colleagues as well.\n\n\u201cFor the women, it was cathartic, and for me, it was cathartic,\u201d Greenwell said. \u201cThere were some things that came up for me that I hadn\u2019t thought about for 30 years, microaggressions I pushed down and didn\u2019t think about.\u201d\n\nIn a podcast accompanying the book, Medill junior Camille Williams and her peers break down the stories of Black women in broadcast journalism by chapter. Williams helped produce the \u201cLadies Leading\u201d podcast, the first episode of which was released last week.\n\nWilliams, who works with Greenwell as an undergraduate research assistant, called the experience \u201ceye-opening.\u201d She said many of the discussions on the podcast were upsetting because she did not realize how often microaggressions occurred in the workplace. But she added that it was empowering and a wake-up call for what her experience could be like when she joins the workforce.\n\n\u201cAt times, (the discussion) felt like it was bursting my bubble, but at the same time, the bubble had already burst,\u201d Williams said. \u201cIt really laid bare how frequent microaggressions are because so little about how we look at Black people has changed.\u201d\n\nJulia A. Royston, Greenwell\u2019s publisher, said the book will impact the next generation. Royston said one of her goals and responsibilities as a publisher is to publish stories that highlight diversity and empower women of color. \u201cLadies Leading,\u201d Royston said, does just that.\n\n\u201cI want it to be a training tool, a history book of people who have blazed the trail, gone before you and what they\u2019ve had to experience,\u201d Royston said. \u201cSometimes you need to be thankful and appreciative of these people who are still standing with integrity.\u201d\n\nIn addition to inspiring young Black women, Royston said she hopes the book will also shed light on the Black women behind the scenes. Much of Black history has been lost or erased, and this book is an opportunity to tell Black stories and leave a legacy for the new generation, she said.\n\nGreenwell said her goal was to affirm the experiences women of color face, but also to send a message to all journalists entering the field today.\n\n\u201cIf we ever want a better world and better newsroom, we need to make sure student journalists understand the history that has preceded their work and then hopefully they can make it better,\u201d Greenwell said.\n\nEmail: [email protected]\n\nTwitter: @rebecca_aizin\n\nRelated Stories:\n\n\u2014 NU faculty discuss racism, lack of support in \u201cunprecedented conversation\u201d\n\n\u2014 Bria Walker discusses work, legacy of playwright Ntozake Shange\n\n\u2014 NU alumna and comedic writer Jen Spyra talks comedy writing career, debut book\n\nComments"
        },
        {
            "id": "63cfd6e2765e89b5",
            "title": "Podculture: Daily staffers react to Marvel\u2019s \u2018Avengers: Endgame\u2019",
            "content": "ALEXIS WHITE: From The Daily Northwestern, this is Alexis White. Thanks for listening. \u201cAvengers: Endgame\u201d premiered April 26. Before the premiere, I discussed theories about \u201cEndgame\u201d with other Daily staff members. In this episode of Podculture, we come back to these theories, talk about what we liked about the movie and discuss an important symbol of American heroism. If you haven\u2019t seen \u201cEndgame\u201d yet, listen to The Daily\u2019s other podcasts. This one will have spoilers. I sat down with \u2014\n\nMELANIE DE VINCENTIIS: Melanie De Vincentiis\n\nJACOB OHARA: Jacob Ohara\n\nCHRISTOPHER VAZQUEZ: Chris Vazquez\n\nWHITE: How many times did you cry during the movie?\n\nVAZQUEZ: I only cried once the first time I saw it, but then I teared up a lot the second time I saw it.\n\nOHARA: I never cried, but I teared up. And definitely the part where I teared up the most was that funeral scene at the very end. The one long shot that went through all the different superheroes.\n\nDE VINCENTIIS: For me, similar, but I started a bit earlier when I realized he was gonna die. Also, he\u2013 when Iron Man died.\n\nWHITE: This is not a spoiler-free episode. Yeah, so, I cried 11 times.\n\nVAZQUEZ: You kept count.\n\nWHITE: I kept count, starting when Clint\u2019s kids died and then throughout the movie. I think I cried for a solid thirty minutes at the end.\n\nDE VINCENTIIS: Did you cry for Black Widow?\n\nWHITE: Yes. Of course.\n\nDE VINCENTIIS: I didn\u2019t. I was like, yes, this is the moment that they show that she is a really, really, really good person. And so it was just too good to be sad about.\n\nOHARA: I wanted it to be Hawkeye, personally. I think Black Widow is a more interesting character to me, even though they did a lot to further Hawkeye in that movie.\n\nVAZQUEZ: Yeah, I was also confused when I learned that there was a film with her coming up, which I didn\u2019t learn until after I saw \u201cEndgame.\u201d\n\nDE VINCENTIIS: It\u2019ll be a nice origin story, hopefully. I mean, would people have gone to see the upcoming movie if she hadn\u2019t been so drastically, like dramatically redeemed through her death?\n\nOHARA: I feel like they would have. She\u2019s almost a fan favorite character. She\u2019s the first prominent woman superhero in the Avengers.\n\nWHITE: If they let Hawkeye die, and Hawkeye had a family, and Black Widow didn\u2019t make that sacrifice, I think a lot of people would be really angry at her.\n\nOHARA: Yeah, it wouldn\u2019t have been for lack of trying though.\n\nDE VINCENTIIS: But I think her death was probably more important to the plot. If Hawkeye had died like, OK, they\u2019re all friends. But truly he was the best friend of Natasha, you know, like no one else. They would have been like, \u201cOh that\u2019s really sad,\u201d but the impact that it had on all the characters was much bigger because it was her.\n\nWHITE: It did bother me after she died when we came back on a scene and it was all male superheroes. And then later when they did the female superheroes all coming together to save Spidey. Like I cheered, it was great, I loved them. But it also felt like, you don\u2019t really care about representation in that way.\n\nDE VINCENTIIS: Maybe this was more of a foreshadowing, being like, look at all these women who are still in the universe. I hope that that was like, \u201cWe are going to show this more in the future.\u201d I mean, you know Valkyrie is now ruler of Asgard. So I guess that\u2019s a pretty big hint for the future.\n\nWHITE: And what do you feel about other representation? Like the one very, very, very small gay character?\n\nVAZQUEZ: That upset me because \u2014\n\nOHARA: Really?\n\nVAZQUEZ: Kind of. Because they could have made a major character gay. There have been calls from online to make Captain America bi for a while now, at least in the comic books. And Marvel just didn\u2019t adhere to those at all. But instead they just said, \u201cOh, if we flip this pronoun, that\u2019s enough for them. We\u2019ll throw them a bone.\u201d That\u2019s what it felt like to me.\n\nWHITE: And they didn\u2019t even show that person with their partner.\n\nVAZQUEZ: Yeah.\n\nWHITE: And it was a Russo brother, wasn\u2019t even an actor.\n\nDE VINCENTIIS: That was so small. I don\u2019t even remember that. That\u2019s wrong.\n\nOHARA: I saw a lot of people saying that the movie was really long, and that was a scene that could have been cut. But I thought it was really cool to see where these superheroes were finding their place when they didn\u2019t have stuff to save in that time span after.\n\nWHITE: I think it was also very meaningful for Cap to be doing that because that\u2019s how he met Sam. Like, you know in Winter Soldier, Sam was doing the support group and now Sam is becoming Captain America. So it\u2019s like a flip role reversal. It\u2019s cute.\n\nDE VINCENTIIS: OK, so why did Falcon get the shield?\n\nWHITE: Yeah. I don\u2019t know. It happened in the comics, but I\u2019m not a fan.\n\nDE VINCENTIIS: He\u2019s not strong enough. Bucky\u2019s a super soldier. He can throw a vibranium shield.\n\nOHARA: Here\u2019s the thing though, for someone (who\u2019s) a symbol of America to give it to someone who is a terrorist like, whatever, 10 years earlier, I feel like is a little shaky. Like Sam, he was a war veteran, right? Like I feel like that\u2019s just a better symbol of \u2014\n\nWHITE: Well, so was Bucky.\n\nOHARA: But \u2014\n\nWHITE: In the greatest war of America.\n\nOHARA: He murdered so many people.\n\nVAZQUEZ: It seems to me like Bucky was also in on it, because he told Sam, \u201cOh you go ahead to Cap,\u201d when the whole exchange happened. And then after Cap handed Sam the shield, he looked back at Bucky. And Bucky nodded or something, so it seemed like there\u2019s an acknowledgement there.\n\nWHITE: Wrapping up Bucky, I feel like he was one of the characters that was mistreated. His hug with Captain America was so short but that\u2019s been a big arc for Cap, has been finding and connecting with Bucky again. And the final one for me was Loki, because Thor passed him in prison and didn\u2019t freak out at all. But then when he saw his mother it was like, \u201cOh, it\u2019s a huge deal.\u201d But all of his arc too has been his love for Loki.\n\nOHARA: Thor\u2019s moment with his mother was one of my favorite moments of the whole movie. That quote she had about being the best hero today I thought was so good. And I feel like I would take that over a moment with Loki. But that\u2019s just me.\n\nDE VINCENTIIS: Loki at this point has died like three times, right? Would you have wanted Loki to see Thor in those conditions? Would he have been any kind of addition to Thor\u2019s development, or would it just have been a cheap shot?\n\nOHARA: That\u2019s a great point too, because they\u2019ve had their goodbye before, also. For him to have another, \u201cThis is my last time seeing you,\u201d might not be as powerful.\n\nWHITE: OK. That\u2019s true. I didn\u2019t think about that.\n\nDE VINCENTIIS: Scarlet Witch I think has been mistreated a lot. And they tried to bring her back in the scene where she fights with Thanos. She could have ripped him apart, like instantaneously, but dragged it out to a point where she gets distracted, and she gets pushed aside, and it\u2019s someone else\u2019s turn. But I hope she\u2019ll be a much bigger part.\n\nWHITE: What did you guys think about Tony\u2019s arc throughout the movie having kids, you know, coming back to the Avengers, seeing his father and then sacrificing himself?\n\nOHARA: It hurt.\n\nVAZQUEZ: I think it definitely worked, just like as a narrative arc. Like having the first Avenger, so to speak, like the first one who was in the first movie, die at the end. I feel like it was a good closing-off point, kind of.\n\nDE VINCENTIIS: I liked that he died instead of Captain America. I feel like Captain America was already \u2014 there (were) already so many good qualities going for him that they emphasize in every single movie.\n\nOHARA: The two things they really focused on were his mortality and fatherhood. And I feel like those were kind of introduced in the very first Iron Man, with him adopting this huge company from his dad and then obviously fighting to save his own life. So to kind of wrap up both of those two arcs, I think was perfect.\n\nWHITE: Yeah. It is interesting how his and Cap\u2019s arcs are kind of opposite. Like Tony started off as selfish and moved to completely selfless. And Cap started off as wanting to go to the war, sacrifice everything for America, and then leave it all behind. And technically Captain America did die. It\u2019s just Steve Rogers now.\n\nOHARA: That\u2019s so true. Yeah.\n\nWHITE: A lot of theories came true oddly, like the Asgardians survived and helped out. And Cap went to the \u201940s, and there was time travel.\n\nOHARA: I loved that opening so much, like the way they shot it I thought was so beautiful. It was like, I don\u2019t know why, I definitely should have seen it coming. But somehow I did not see it coming that his family was going to disappear.\n\nWHITE: I like that they killed Thanos because I think in so many of the movies, except for \u201cInfinity War,\u201d the heroes always win. And then they won, but they still didn\u2019t win. And that\u2019s something so important that just hadn\u2019t happened in a movie before.\n\nDE VINCENTIIS: The real question is, what happens to all the people who aged five years, and the people who came back didn\u2019t?\n\nWHITE: This is gonna be a little bit of a topic switch. So there are just a lot of jokes and inside jokes within Marvel, and then just comedy in general. But one that\u2019s a little bit controversial was fat Thor. Was that a joke? A lot of people laughed when they saw him.\n\nVAZQUEZ: I honestly (didn\u2019t) even think about it until I read a piece about it, and I felt like that was an oversight on my part. I feel like I definitely should have been conscious of it. And more audience members also probably should have, and Marvel definitely should have.\n\nDE VINCENTIIS: I think some people maybe chuckled, but it was mostly just a gasp like, \u201cOh no, he let himself go.\u201d And then you start realizing even more, \u201cWow, Thor is really actually human in the way he acts, in the way he perceives himself.\u201d It\u2019s like he doesn\u2019t think that he is worthy, and that\u2019s a whole theme of the movie.\n\nOHARA: I do think they may have (taken) the humor a little bit too far. And I also want to point out one interpretation, which was that throughout the end of the film, even when Thor\u2019s fighting Thanos, he never slims down. He stays fat throughout the entirety of the movie, which is an interesting take on your weight doesn\u2019t affect your ability to contribute towards stuff like that.\n\nWHITE: Yeah, I think if they definitely slimmed him down instantaneously, that would have really been offensive.\n\nOHARA: Yeah, it would have been a lot worse.\n\nWHITE: Yeah, so it could have been worse, could have been better.\n\nWHITE: Okay, so happier times. When did you cheer the loudest during the movie?\n\nOHARA: I was definitely when Captain America picked up Thor\u2019s hammer. Like me and my entire theater screamed.\n\nDE VINCENTIIS: They also all screamed when Captain America picked up the hammer.\n\nVAZQUEZ: Yeah, I don\u2019t think I really cheered a whole lot. I remember just like admiring other people cheering.\n\nWHITE: The hammer moment, that was my big moment, but there are definitely so many other times. Probably when Scott came back, when other characters showed up, the portal scene when everybody came back who was dusted. That was great.\n\nOHARA: Definitely when Captain America started fighting Captain America, too. I kind of fell in my seat a little bit. I was like, this is so cool.\n\nWHITE: \u201cI could do this all day.\u201d \u201cYeah, I know.\u201d When Cap said \u201cHail HYDRA,\u201d I lost my mind. Let\u2019s see, are there any theories that you really wish would have happened that didn\u2019t?\n\nVAZQUEZ: I wish there was at least some allusion to the Ant-Man Theory.\n\nDE VINCENTIIS: You think that the reference to America\u2019s rear end was just a nod to Thanos\u2019s rear-end theory? Like people want to see a close-up of someone\u2019s rear end. Let\u2019s give them one.\n\nWHITE: I mean, it was Scott Lang (who) said that.\n\nVAZQUEZ: Yeah, maybe.\n\nWHITE: Does he really have America\u2019s rear end?\n\nOHARA: Unequivocally.\n\nWHITE: Yeah, I gotta say out of everyone. He has it.\n\nVAZQUEZ: I kind of disagreed with Tony Stark\u2019s comment. I feel like the old suit also emphasized America\u2019s rear end.\n\nWHITE: I agree with that as well.\n\nWHITE: Okay, who was the real hero of the movie? For example, the rat that saves Scott Lang.\n\nDE VINCENTIIS: Actually though.\n\nWHITE: Yeah. That kind of kick-started everything.\n\nDE VINCENTIIS: Can you imagine Doctor Strange understanding that that rat was the only reality? There\u2019s just so many variables, and somehow this rat just saves that timeline and Doctor Strange knew that.\n\nOHARA: I think it\u2019s Hulk for giving Ant-Man that taco after his got blown away. I loved that moment.\n\nDE VINCENTIIS: That was nice.\n\nWHITE: I think it\u2019s Carol, who after getting head-butted by Thanos just was unbothered. And her hair. Both of those combined.\n\nOHARA: She didn\u2019t even move, I don\u2019t think, when she got hit.\n\nWHITE: Didn\u2019t even blink. What have you guys been doing to recover from \u201cEndgame?\u201d\n\nVAZQUEZ: I\u2019ve been going online and reading old Marvel Comics as a form of stress relief. It\u2019s really good.\n\nOHARA: You need to tell people about what you found on Twitter. It\u2019s so cool.\n\nWHITE: I found this Twitter thread of all the Marvel movies with ABBA songs overlaid on important scenes. And they\u2019re really good.\n\nVAZQUEZ: We can embed it in the transcript.\n\nWHITE: Okay, perfect.\n\nFor the next 19 days, I will be combining every Marvel movie with an ABBA song \u2014 \u2646\u300ea\u300f\u238a | spoilers! (@mymyatwaterloo) September 13, 2018\n\nOHARA: There\u2019s this series on YouTube that I\u2019ve been watching called \u201cOne Marvelous Scene.\u201d A bunch of different film analysts, I guess, on YouTube, were all assigned a different Marvel movie. And they pick the best scene from the movie and break it down. It\u2019s kind of fun to look back on all 22 films.\n\nDE VINCENTIIS: Well, you know, I watched the first Iron Man when I was like nine. So I feel I didn\u2019t really go back and ever rewatch it. I just have this fuzzy image of what happened. A lot of people reference really specific things, and I\u2019m like, I don\u2019t remember that at all. So as soon as I\u2019m done with my finals, because I guess we\u2019re still here at Northwestern, I will definitely go and watch them all.\n\nWHITE: Thanks for listening. This is Alexis White, and I\u2019ll see you next time.\n\nEmail: [email protected]\n\nTwitter: @alexisfwhite\n\nRelated Stories:\n\n\u2014 Chen: Marvel has saved the movies\n\n\u2014 \u2018Black Panther\u2019 breaks the barriers of superhero films of the past, providing larger commentary on black culture and colonialism\n\n\u2014 Podculture: Theories, hopes, worries for Avengers: Endgame\n\nComments"
        },
        {
            "id": "bfb8b3c5cb168f64",
            "title": "Brainstorm: The effects multilingualism has on the mind",
            "content": "How do the languages you speak change the way you think? The answer\u2019s surprisingly complicated.\n\nNEYA THANIKACHALAM: From The Daily Northwestern, this is Neya Thanikachalam. I\u2019m back with another episode of Brainstorm, a podcast exploring all things health, science and tech.\n\nNEYA THANIKACHALAM: I grew up learning two different languages \u2014 English and Tamil, a language that originated in India. It\u2019s pretty common for people to learn multiple languages, whether it\u2019s at home or in school \u2014 in fact, about half the world is multilingual.\n\nSure, there are lots of reasons to learn multiple languages, like to make yourself more hireable or, in my case, to better communicate with family. And there\u2019s definitely a social benefit associated with learning multiple languages because we can simply talk to more people.\n\nBut it\u2019s harder to understand how languages actually affect the way that we think, according to Sherry Ning. She\u2019s a Ph.D. candidate who works with the Bilingualism and Psycholinguistics Research Group at Northwestern.\n\nSHERRY NING: Language itself \u2014 it\u2019s kind of such an abstract thing. It\u2019s not like physics or chemistry that we can just use a microscope to investigate or just mix things up and see what reaction will happen. We have to use these roundabout ways of getting at how you acquire language and how they are stored in your head \u2014 maybe manipulating specific features in the words I show you or by having you do certain tasks with pictures and naming pictures or learning new words. So because it\u2019s such an intangible thing, that makes it very hard to understand.\n\nNEYA THANIKACHALAM: You might think of a language as a vast network of words and concepts taking up space in our brains. But what happens if there\u2019s more than one language system in the brain? Would there just be a tangled jumble of words floating around in my mind?\n\nSHERRY NING: With bilinguals, there are still a lot of debates in terms of how the two languages interact with each other. Are they always co-activated? How do they interfere with each other?\n\nNEYA THANIKACHALAM: Understanding how the brain works has always been a little tricky, so it makes sense that understanding the effects of bilingualism on the brain is also confusing. But, there\u2019s actually the possibility of there being potential benefits to learning another language \u2014 the so-called \u201cbilingual advantage.\u201d\n\nMATTHEW GOLDRICK: One thing that bilinguals have to do is they have to switch between languages.\n\nNEYA THANIKACHALAM: That\u2019s linguistics professor Matthew Goldrick. What he\u2019s describing is multilinguals\u2019 mental gymnastics when they switch between languages. For me, it\u2019s often an unconscious decision, just based on context and my surroundings. Matthew said that\u2019s pretty normal, especially if you grew up in an environment where switching is common.\n\nLike this morning, I said to my dad, \u201c\u0b8e\u0ba9\u0b95\u0bcd\u0b95\u0bc1 coffee mug\u0bb2\u200b \u0baa\u0bcb\u0b9f\u0bb1\u0bc0\u0b99\u0bcd\u0b95\u0bb3\u0bbe?\u201d which translates to \u201cCan you put coffee in the mug?\u201d I need my caffeine to function. But if you listen to that sentence again \u2014 \u201c\u0b8e\u0ba9\u0b95\u0bcd\u0b95\u0bc1 coffee mug\u0bb2\u200b \u0baa\u0bcb\u0b9f\u0bb1\u0bc0\u0b99\u0bcd\u0b95\u0bb3\u0bbe?\u201d \u2014 you\u2019ll see that I switched between Tamil and English in one sentence. And it\u2019s not because I was thinking specifically of whether I should say coffee in English or Tamil. It\u2019s just what came to mind at that moment.\n\nMATTHEW GOLDRICK: If I want to speak Hindi and not English, I have to exert mental effort to do that. And then the question has been, is that the muscle, the sort of mental muscle, you\u2019re exerting when you want to not speak Hindi and speak English \u2014 is that the same mental muscle we use when we have to do things like switch from reading an email to being in a podcast or switch from working on this class\u2019s homework to another class\u2019s homework?\n\nSHERRY NING: The brain is also like the rest of our body. You can exercise it to make it work faster and more efficient. So, this kind of inhibition, because you exercise it so constantly, you would get better at this kind of inhibitive behavior.\n\nNEYA THANIKACHALAM: So if bilinguals were more efficient at this \u201cmental switching,\u201d then this could be considered a pretty significant advantage to have, as their executive functions, or higher level cognitive skills, might be better in some way. But that\u2019s being called into question.\n\nMATTHEW GOLDRICK: It\u2019s a very active area of study, but it\u2019s turned out to be a lot harder question to ask than we sort of originally thought to try and understand \u2014 is there a general benefit to being bilingual?\n\nSIRADA ROCHANAVIBHATA: Many people are starting to shift away from, first of all, calling it a benefit, but maybe calling it a difference. There are differences in cognitive control or executive functions between those who speak one language versus those who speak two or more languages. That\u2019s maybe a better way to look at that.\n\nNEYA THANIKACHALAM: That\u2019s Sirada Rochanavibhata, a Ph.D. candidate who also works with the Bilingualism and Psycholinguistics Research Group. Sherry and Sirada added there might be another reason why there\u2019s so much debate. Researchers aren\u2019t conducting studies with uniform variables, so differences in the experiment or between participants can affect outcomes. Even who\u2019s considered bilingual can change from study to study.\n\nSHERRY NING: Some studies would say if you know another language, no matter how well you speak the other language, you can be called bilingual. Other studies would say you have to have a proficiency level at \u2018this high\u2019 or you have to have learned the languages before \u2018this age.\u2019\n\nSIRADA ROCHANAVIBHATA: These bilinguals don\u2019t all have the same, for example, socioeconomic status, backgrounds or even education. And so many of the differences in the results are likely attributed to these differences in the populations tested.\n\nNEYA THANIKACHALAM: So do multilinguals\u2019 brains work differently from monolinguals\u2019 brains? Some research suggests that\u2019s possible.\n\nSHERRY NING: If you think about it, language is something that really guides our categorization of the world. Language is not only used for communications really. Some people say it\u2019s a vehicle of thought. When we look at the world, it\u2019s actually not as organized as we think, it\u2019s actually a whole mess.\n\nNEYA THANIKACHALAM: One category that\u2019s completely arbitrary is color. Color is on a spectrum, from white to black for humans, and we choose to categorize changes in color with different names. We\u2019ve got words for many different colors in English, but some of those colors might not have labels in another language, and vice versa.\n\nFor example, there are two different names for the color blue in Russian \u2014 \u0433\u043e\u043b\u0443\u0431\u043e\u0439, for a light shade of blue, while the other, \u0441\u0438\u043d\u0438\u0439 is for a darker shade.\n\nSHERRY NING: When we test Russian speakers and English speakers on their identification distinguishing different shades of blue, we see Russian speakers doing much better at that than English speakers are.\n\nNEYA THANIKACHALAM: And that\u2019s not the only evidence that shows that bilinguals think differently. It\u2019s been proven that people who speak languages that assign genders to different objects, like Spanish and German, tend to think of those objects as inherently possessing more masculine or feminine qualities.\n\nSHERRY NING: We typically think of grammatical gender as not having anything to do with the actual gender assignments. However, we do see that by just calling the masculine and feminine, it has some influence on how people think of those objects.\n\nNEYA THANIKACHALAM: Take a bridge, for example. The Spanish word for bridge, el puente, is masculine, while the German word for bridge, die Br\u00fccke, is feminine.\n\nSHERRY NING: And so when we ask Spanish speakers and German speakers to come up with adjectives that would describe these objects. We see Spanish speakers coming up with adjectives like strong, dangerous, long, sturdy, but German speakers come up with things like fragile, elegant, beautiful.\n\nNEYA THANIKACHALAM: But it\u2019s not like every Spanish speaker is just constantly thinking about and judging the gender of, say, a table. It\u2019s much more complicated than that. Languages can have a powerful effect on our brains and how we understand the world around us. It\u2019s just hard to pinpoint exactly what that effect is.\n\nSHERRY NING: Say an infant is born into this world. And then he learns different languages. The language that he learns will serve to guide how he thinks of the world. Being bilingual is actually not a very unique thing anymore. So it\u2019s even more important that we understand how bilingualism works, and currently there\u2019s not enough studies on that.\n\nNEYA THANIKACHALAM: That\u2019s all that we have for today. Thanks for listening, and we\u2019ll be back soon. This episode was reported and produced by me, Neya Thanikachalam. The audio editor is Molly Lubbers, the digital managing editors are Kalen Luciano and Heena Srivastava, and the editor in chief of The Daily Northwestern is Marissa Martinez.\n\nEmail: [email protected]\n\nTwitter: @neyachalam\n\nRelated stories:\n\n\u2014 District 65 officials propose 2-way immersion program at Bessie Rhodes School\n\n\u2014 School board considers expansion of Two-Way Immersion program\n\n\u2014 Northwestern study finds bilingual brains process information more easily\n\nComments"
        }
    ],
    "label": 2,
    "label_text": "high"
}