{
    "source": "dailypress.com",
    "articles": [
        {
            "id": "746598ab20cca174",
            "title": "We are currently unavailable in your region",
            "content": "Unfortunately, our website is currently unavailable in your country. We are engaged on the issue and committed to looking at options that support our full range of digital offerings to your market. We continue to identify technical compliance solutions that will provide all readers with our award-winning journalism."
        }
    ],
    "label": 2,
    "label_text": "high"
}