{
    "source": "democracychronicles.org",
    "articles": [
        {
            "id": "ece0146c2e09ffba",
            "title": "Cameroon: Prospects For Democracy, Peace and Stability",
            "content": "Cameroon\u2019s prospects for democracy, peace and stability are worrying. However, this argument is common and applies to almost every African country, including South Africa and Senegal consistently ranked as \u201cfree\u201d or \u201cpartly free\u201d. Nevertheless, it is still important to continue having a conversation around the political challenges facing African states individually and collectively to also continue exploring solutions or raise awareness of the need for a concrete democratization effort, good governance and civil-military reforms on the continent.\n\nCameroon presents a double challenge. First, its democracy is not working. Cameroon\u2019s democracy was dead on arrival and there are more and more fears that after the country\u2019s old President, power will be handed to a hand-picked successor. Second, Cameroon is a disaster in waiting. It is confronted with violence on three or four cardinal points, North, West and East. The lack of a real democratization effort, ethnic politics, deteriorating socio-economic conditions and over-militarization of the state apparatus only make matters worse.\n\nThe succession problem\n\nWhen Cameroon returned to democracy in 1991, many in the civil society and the opposition were under the illusion that it was possible to change Cameroon\u2019s President through the ballot box. It is either this illusion or personal political ambitions that transformed Cameroon\u2019s political opposition into a group of enablers who participate in elections that will not bring any meaningful change. Far too many experts have argued and demonstrated why political transition in Cameroon is change-proof. Regardless, during every presidential election since 1992 a flurry of candidates attempt to challenge incumbent Paul Biya, allowing him to claim legitimacy for his rule.\n\nIn 2008, Cameroon scrapped term limits thereby demonstrating Biya\u2019s resolve to stay in power. Biya won elections in 2011 and 2018 and the next presidential election is in 2025. Since 2004, some Cameroonians have regularly predicted that Biya will not run in next elections either because he will die in office, become incapacitated, or willingly give up power. A cross-section of those who hold this view and others think that the type of succession over-the-counter from the first President, Ahmadou Ahidjo, to Biya, in 1982 will not happen (again). However, unless the ruling Cameroon People\u2019s Democratic Movement (CPDM) implodes at Biya\u2019s resignation, incapacitation, or death, resignation being the most unlikely, those who hold this view risk being disappointed.\n\nThere is a fine line between party and state in Cameroon and the Cameroon People\u2019s Democratic Movement (CPDM) can be expected to keep power after Biya. There is no clear prot\u00e9g\u00e9 for Biya\u2019s succession and Biya is not known to be kind to those who openly or secretly think that they can succeed him. However, the party, administration, and military are dominated by people from Biya\u2019s ethnic background, the Bulu-Fang-Beti, and in recent years these people have made little effort to conceal that they will not allow someone from outside their ethnic group, if not Biya\u2019s family, to take power. Recently, a new movement in support of Biya\u2019s first son, Frank Biya, as successor, was created. While Frank Biya has rarely taken part in the ruling party politics or held any government position, this \u201ctesting the waters\u201d policy or strategy is not new to the Biya regime.\n\nA ticking time bomb\n\nBiya once said: \u201cQuand Yaound\u00e9 respire, le Cameroun respire\u201d. The direct translation of this phrase is that when Yaounde, which is the capital, is \u201cbreathing\u201d then Cameroon is also \u201cbreathing\u201d. However, the deeper meaning is that regardless of socio-economic and socio-political problems that may be challenging the country\u2019s regions, including the Centre Region where Yaound\u00e9 is located, as long as the capital is peaceful then the Cameroon state is stable and viable. It is this mantra that underpins the regime\u2019s callous approach to the conflicts gradually ripping Cameroon apart. The Boko Haram insurgency continues to challenge Cameroon to the Far North while armed groups and bandits are wreaking havoc in the East Region. Then there is the separatist conflict in the English-speaking regions of the North West and South West, coterminous with the erstwhile British Southern Cameroons, that started in 2017 and continues today unabated, claiming lives and destroying the social fabric in these regions.\n\nThe regime\u2019s response to these conflicts has been strong-handed and in the case of the separatist conflict, the refusal to acknowledge the underlying root causes that, according to several sources, can be traced back to the decolonization of the Southern Cameroons, marginalization of its citizens, and erosion of their heritage and identity. While the Centre Region and Yaounde have been largely spared of the violence, Cameroon remains a ticking time bomb. The lack of a real democratization effort with a single ethnic group capturing the state is an ingredient for destabilization and Cameroon is no exception. Although Biya has practiced with the ethnic distribution of threat capacities over the years, handing a few political positions to members outside his ethnic group in an over-blown government of over 60 Ministers and persons ranking as such, there is increasing frustration against the Beti-Bulu-Fang. Also, socio-economic conditions have deteriorated significantly over the years due to corruption and mismanagement.\n\nThese issues are sources of conflict because they give rise to grievances that could ultimately be vented through violence especially because of government repression. The risk for conflict is particularly high with the on-going conflicts in the country as these are sources of weapons, and fighters. In recent months, there have been reports of hand-made bombs being detonated in Yaound\u00e9. The government has been quick to pin this on violent separatist terrorists. However, these official versions are not necessarily correct and these bombs are increasing show of Yaound\u00e9\u2019s gradual asphyxiation and therefore the risk of full-blown violence.\n\nWhat can be done to prevent full-blown violence?\n\nThe challenge for Cameroon like for many other African countries is to ensure that festering issues don\u2019t worsen. However, this cannot be achieved without addressing Cameroon\u2019s lack of democratization and rampant nepotism in the country as well as , tackling socio-economic problems, bringing meaningful solutions to existing conflicts and addressing the over-militarization of the state. The handing over of power from one leader to the next over-the-counter disguised with constitutional and electoral outfits is the anti-thesis of democracy and is a recipe for violence.\n\nA lot of attention is given to the security and military sectors. While this has served in protecting the regime over the years a strong military is problematic. First, the temptation is often to use it to quell dissent whereas repression may suppress dissent as well as may lead to conflict as is the case with the separatist violence in the Anglophone regions. Second, a powerful military poses a moral hazard problem for leaders and is therefore anti-democratic. Some experts have advanced the view that a coup is likely in Cameroon. While this is unlikely under Biya, although some think that this can be done to allow an exit for him \u2013 very unlikely \u2013 Cameroon may bag one or more coups after Biya\u2019s exit.\n\nCameroon must ensure a meaningful democratization process to avoid the risk of more violence. Democracy, meaning free, fair and transparent elections run by a credible and independent electoral administration and in which there is civilian control of the army, can permit a rotation of power between ethnic groups or simply make the ethnic variable irrelevant as the people reward competence regardless of ethnic background. However, this must be done alongside addressing the on-going conflicts in the country, especially the separatist violence in the English-speaking regions."
        },
        {
            "id": "bad53ea00bc1eb07",
            "title": "An Alliance Of Autocracies, And China Wants To Lead",
            "content": "There is an alliance of autocracies in the making and China wants to lead it. These despotic nations are seeking to band together in the face of the new American leadership under President Joe Biden, one that seeks to bring \u201cfree countries\u201d together to achieve common cause. It is an interesting development that foretells perhaps a re-ordering of the post-Trump world. This article is from The New York Times by Steven Lee Myers. Here is an excerpt.\n\nPresident Biden wants to forge an \u201calliance of democracies.\u201d China wants to make clear that it has alliances of its own.\n\nOnly days after a rancorous encounter with American officials in Alaska, China\u2019s foreign minister joined his Russian counterpart last week to denounce Western meddling and sanctions.\n\nHe then headed to the Middle East to visit traditional American allies, including Saudi Arabia and Turkey, as well as Iran, where he signed a sweeping investment agreement on Saturday. China\u2019s leader, Xi Jinping, reached out to Colombia one day and pledged support for North Korea on another.\n\nRead the full article here."
        },
        {
            "id": "6cd54c21830231e4",
            "title": "Myanmar Funerals Become Platforms For Pro-Democracy Protests",
            "content": "This article in The Chrisitian Science Monitor is by staff at the Associated Press:\n\nMyanmar security forces opened fire Sunday on a crowd attending the funeral of student who was killed Saturday, the bloodiest day yet of a crackdown on protests against last month\u2019s coup, local media reported.\n\nThe escalating violence \u2014 which took the lives of at least 114 people Saturday, including several children under 16 \u2014 has prompted a U.N. human rights expert to accuse the junta of committing \u201cmass murder\u201d and to criticize the international community for not doing enough to stop it.\n\nBut it has not so far stopped either the demonstrations against the Feb. 1 takeover \u2014 or the violent response of the military and police to them. Local outlet Myanmar Now reported that the junta\u2019s troops shot at mourners at the funeral in the city of Bago for Thae Maung Maung, a 20-year-old killed on Saturday. He was reportedly a member of the All Burma Federation of Student Union, which has a long history of supporting pro-democracy movements in the country.\n\nRead the full story here."
        },
        {
            "id": "85ed66af0008d934",
            "title": "Innovative \u2018Democracy Dollars\u2019 Proposal Discussed In Austin, Texas",
            "content": "Democracy Monitor had this really interesting story by Chad Swiatecki:\n\nOpinions are mixed about the potential impact of a ballot proposal that would provide city dollars to residents to fund local political campaigns, but proponents agree the intention is clear: to bring more people from throughout Austin into the political process.\n\nProposition H on the May ballot would create a so-called \u201cdemocracy dollars\u201d program; residents living in districts with a City Council seat would receive four $25 vouchers that they could donate to the candidates they support. The proposal, which is modeled after a successful program in Seattle, has been pushed since 2017 as a way to reduce the impact of wealthy donors around the city who make up the vast majority of campaign contributions.\n\nThose who back the proposal also see the potential to make more candidates viable in a run for Council seats. Among the questions or criticisms of the plan is the possibility that Council could vote to fund the vouchers with a tax increase. There is also some question of whether state lawmakers would object to the program and attempt via legislation to outlaw or limit its impact.\n\nRead the full story here."
        },
        {
            "id": "ccc335072f02db39",
            "title": "A New Era Of Scrutiny For Corporate Political Activity",
            "content": "This article published by The Conference Board is by Paul Washington and Merel Spierings. Here is an excerpt:\n\nIn this era of intense political polarization in the United States, and with the immediacy, ubiquity, and (often) inaccuracy of social media, companies are subject to ever-greater scrutiny for their political activities. The combination of polarization and scrutiny is enough to make some companies choose to limit, or avoid engaging in, political activity, including spending.2 Others have focused on get-out-the-vote efforts that are presented as nonpartisan, good citizenship efforts that can find support across the political spectrum.3 But banning, or severely limiting, a company\u2019s political activities to just those focused on areas like voter registration isn\u2019t a realistic option for many firms.\n\nIn the wake of the 2020 US election, The Conference Board ESG Center held a roundtable to discuss the current regulatory environment for corporate political activity, the prospects for shareholder proposals on the topic, and best practices in addressing this era of scrutiny and polarization. Following the events of January 6, the ESG Center also conducted a survey of 84 large public and private firms on how companies and their employee-funded PACs are responding to the Capitol riot and objections to the election certification. The discussion and survey generated the following insights for what\u2019s ahead on corporate political activity:\n\nContinue reading here for these insights and the rest of the story."
        },
        {
            "id": "8218fd8be24d414c",
            "title": "North Korean Defector Jihyun Park Seeks British Election Win",
            "content": "By Natalie Thomas, Andy Bruce, Phil Noble in Reuters:\n\nSixteen years after she was left to die unremembered outside a labour camp in North Korea, Jihyun Park will enter the British political history books if she wins office in local elections this May.\n\nHuman rights activist Park said she wants to repay a debt of kindness shown by residents in the northern English town of Bury, her home since 2008, by becoming a councillor in the local government.\n\nShe is standing in the May 6 election as a candidate for Prime Minister Boris Johnson\u2019s Conservative Party in the Moorside electoral ward of Bury, a former industrial town lined with old red brick houses.\n\nContinue reading here."
        },
        {
            "id": "41b99aaf8010efaa",
            "title": "Towards better democracy everywhere.",
            "content": "The MO is what you most desire, what you most want. Not \u201cyou\u201d personally, but \u201cyou\u201d collectively. It is what the group, the team, the nation most desires."
        },
        {
            "id": "62832cd2c3573b84",
            "title": "US Cyber Command Conducted Over 24 Election \u2018Operations\u2019 in 2020",
            "content": "Eric Tucker had this information in Fox 11 News:\n\nThe U.S. Cyber Command conducted more than two dozen operations aimed at preventing interference in last November\u2019s presidential election, the general who leads the Pentagon\u2019s cyber force said Thursday.\n\nGen. Paul Nakasone, in prepared remarks to the Senate Armed Services Committee, did not describe those operations, so it was not immediately clear whether these were efforts strictly at defending the United States against intrusions or offensive measures to shut down intruders. He said his command\u2019s operations were designed \u201cto get ahead of foreign threats before they interfered with or influenced our elections in 2020.\u201d\n\nA U.S. intelligence assessment released last week said that neither Russia nor any other nation manipulated votes or conducted cyberattacks that affected the outcome of the vote.\n\nRead the full article through this link."
        },
        {
            "id": "70ed925df3f43e0b",
            "title": "Eurovision Song Contest Officially Excludes Belarus",
            "content": "This article is from Deutsche Welle:\n\nBelarus has been disqualified for a second time from the Eurovision Song Contest after its entry failed to comply with the non-political nature of the competition.\n\nThe country was allowed to submit a new entry two weeks ago, over concerns that their original entry by the band Galasy ZMesta had a political subtext. The second song has also been rejected by the European Broadcasting Union (EBU).\n\n\u201cIt was concluded that the new submission was also in breach of the rules of the competition that ensure the Contest is not instrumentalized or brought into disrepute. As BTRC have failed to submit an eligible entry within the extended deadline, regrettably, Belarus will not be participating in the 65th Eurovision Song Contest in May,\u201d said a statement by the Union.\n\nThe article can be accessed through this link."
        },
        {
            "id": "9adc8dd752bb44a2",
            "title": "American Democracy News Hub at Democracy Chronicles",
            "content": "Each election reform category listed on this page is designed to help you explore the many ways American democracy can be improved and to expose you to the ongoing debates of experts in the field. This is the battle to save American democracy.\n\nRebirth of American Democracy\n\nThe most important and revolutionary attribute of the American republican form of government has always been that it utilizes a system of popular elections to fill key positions. As everyone knows, the first American elections were only for white landowning men. But despite these extreme limits on access and often violent policy making (Native American genocide and the institution of slavery in particular), it really was the world\u2019s first mass democratic election. This wasn\u2019t an election among a few thousand nobility in a single city.\n\nIn George Washington\u2019s first election in 1789, nearly one million people voted in an honest contest to choose their own leadership. The Founding Fathers \u2018 greatest legacy is that the country has been holding increasingly inclusive free and fair elections at the national, state and local levels at least every two years for over 230 years without interruption. Despite all the faults of the Founding Fathers, this is quite a legacy.\n\nThat being said, the quality of elections in modern America is arguably worse than it used to be. Democracy Chronicles hopes to include the latest news on all efforts to examine and reform American elections and to expose our readers to discussion on this topic in such a way as to reflect the diversity of debate on the subject. This rigorous focus on every aspect of election law in the United States should be interesting to even international readers and we have intentionally set up our website to place American democracy news right next to our coverage on world democracy . After all, the struggle for more democracy is universal.\n\nJoin the American Democracy Movement With DC!\n\nWe are actively looking for creative new contributors so please get in touch if you would like to join our team. We are expanding coverage of international and American democracy. We want to hear from people from all kind of backgrounds and perspectives. Republican Party or Green Party, in Brooklyn or Bangladesh, we are looking for people who want to join the democracy fight. You can also take a look at our Political Art page for political artists of all kinds that highlights the original work of numerous Democracy Chronicles authors."
        }
    ],
    "label": 2,
    "label_text": "high"
}