{
    "source": "democraticunderground.com",
    "articles": [
        {
            "id": "262e1b2a4e542a12",
            "title": "Oh Fuck. This is what it's like being a black man in America.",
            "content": "You say that it's bullshit and that cops don't pull or grab their firearms. Well, if you're correct, then what has happened to me? My husband has occasionally bring it uo again, often cussing & shouting SEVERAL times shouldn't have ever happened. You see, I KNOW how that man feels because as a NEW BRIDE sitting in our car with my WHITE husband at the River, what explains the instant explains the instantaneous appearance of at least 4 cruisers, unimaginably blinding torches, at LEAST 6 of them, with at least 3 of them attached to either rifles or shotguns pointed at me but not my husband? BTW, I'm about 5'5\" tall, about 135 lbs.\n\n\n\nMy Husband, you might ask? Well, he's about 6'6\" 300-315 lbs...and before you tell me that they were pointed at the both of us- the \"officers that were at the front the car were pointed to ware the left of the car. My husband was FURIOUS that they acted as if he'd just materialised out of the thin air. Luckily, we'd JUST picked up our marriage certificate from the POB we had that time. My husband asked them what the f&ck were they doing training their weapons on his new Bride. The one nearest my window KEPT HIS RIFLE TRAINED ON ME, while he began to ARGUE with my husband.\n\n\n\nAs I mentioned earlier, we had JUST received the certificate while running errands & had the partially opened envelope with the cert in it. Hubs snatched the certificate out of the envelope & practically jammed it into his face. It was then & ONLY then that they lowered their guns, (Remember now, those arms were ONLY pointed at me!), Said that they thought I was some prostitute they on the lookout for, ( Oh yeah, it was FULLY dark. around 10 pm... next the Sacramento River, us kissing & hugging & NO lights at that area of the River), mumbled something in the same zip code of an apology getting back in their \"crown Vics\" & disappearing so fast that I had a fleeting thought wondering if I ACTUALLY had a number of guns pointed at me by some sumbitch, ignorant,lying cops?\n\n\n\n\n\nI was so horrified & livid that I've never stopped at that place near the River. However, you say that what happens to that young man, me & countless POC & poor folks, is just a manner of jumping the gun, (pun intended), delusional & mistaken? Right? Remember that my husband had 0 guns pointed at him, oh no! They were ALL trained on me or was I hallucinating? Explain to me how what happened to us is completely normal & both my husband & I misinterpreting the event. Please, oh please convince me that we misjudged those LEO's & we shouldn't trust our own eyes.\n\nOh yeah, take your time, I'll wait.."
        },
        {
            "id": "4d797b1021ef472b",
            "title": "What They Say ...",
            "content": "What They Say ... 12 Tweet"
        },
        {
            "id": "07475f344169a614",
            "title": "UPDATE: U.S. Calls for Pause on Johnson & Johnson Vaccine After Clotting Cases",
            "content": "\n\n\n\nThis is again where \"human nature\" comes into play, with refusals to respond to contract-tracer calls (on average, at least early on, the city was only able to reach about 60% of those contacted), and outright lying by the contact to the tracer about their whereabouts. That has sadly made what would have been a good way to notify a community of a potential spreading event, an abject failure.\n\n\n\nFrom November 2020 -\n\n\n\nWhy contact tracing isn\u00c2\u0092t the COVID solution we thought it would be\n\n\n\nBy Nina Feldman, Alan Yu November 30, 2020\n\n\n\n\n\nMatt Katz couldn\u00c2\u0092t be easier to find. He\u00c2\u0092s a journalist living in Philadelphia, and picks up the phone when strange numbers call. He\u00c2\u0092d given all his contact information to the company that tested him for COVID-19. And, after he got his positive results, he had nothing to do but isolate and wait for someone from the city to reach out and ask who he\u00c2\u0092d been in contact with over the last few days. But no one ever did. \u00c2\u0093I was infuriated,\u00c2\u0094 said Katz, who lives in the city\u00c2\u0092s Graduate Hospital neighborhood. \u00c2\u0093This is something that they told us they were going to help us with.\u00c2\u0094\n\n\n\nWhile he waited, Katz started doing his own contact tracing. His family got tested, and he called the other parents in his kids\u00c2\u0092 remote learning pod. He called his dentist, and his barber, and a friend with whom he\u00c2\u0092d had an outdoor lunch. Still, he felt he could have used the guidance of a professional in determining who counted as a contact or not. \u00c2\u0093I don\u00c2\u0092t think that we can all do it on our own,\u00c2\u0094 he said. Yet that\u00c2\u0092s exactly what the city is asking people to do. Just a few days after Katz made his calls in mid-October (he never developed symptoms), the city announced that new daily case counts had exceeded its ability to contact-trace them, topping 200 a day.\n\n\n\nThe city released guidelines instructing those who test positive to do their own contact tracing. \u00c2\u0093We simply don\u00c2\u0092t have the manpower to do individual case management for every case that\u00c2\u0092s being reported today, given the very large numbers,\u00c2\u0094 Philadelphia Health Commissioner Dr. Thomas Farley said. Because it is such a resource- and labor-intensive containment tool, contact tracing in Philadelphia and the rest of Pennsylvania never ramped up to the levels recommended to effectively contain the coronavirus. The stretches when the city\u00c2\u0092s contact tracing resources could keep pace with the virus came only during the periods when there was minimal community spread.\n\n\n\nJust two weeks after the first confirmed case of the COVID-19 in Philadelphia, the Department of Public Health could no longer monitor those who were quarantining or their contacts. In April, efforts to build robust contact tracing operations were underway, but by early June the city had only hired 20 tracers. From July through mid-October \u00c2\u0097 the period the health department\u00c2\u0092s staff of roughly 100 tracers and 20 case investigators had a handle on things \u00c2\u0097 Philadelphia registered roughly 100 new cases a day, compared to more than 1,000 daily now.\n\n\n\nRead more: By Nina Feldman, Alan Yu November 30, 2020Matt Katz couldn\u00c2\u0092t be easier to find. He\u00c2\u0092s a journalist living in Philadelphia, and picks up the phone when strange numbers call. He\u00c2\u0092d given all his contact information to the company that tested him for COVID-19. And, after he got his positive results, he had nothing to do but isolate and wait for someone from the city to reach out and ask who he\u00c2\u0092d been in contact with over the last few days. But no one ever did. \u00c2\u0093I was infuriated,\u00c2\u0094 said Katz, who lives in the city\u00c2\u0092s Graduate Hospital neighborhood. \u00c2\u0093This is something that they told us they were going to help us with.\u00c2\u0094While he waited, Katz started doing his own contact tracing. His family got tested, and he called the other parents in his kids\u00c2\u0092 remote learning pod. He called his dentist, and his barber, and a friend with whom he\u00c2\u0092d had an outdoor lunch. Still, he felt he could have used the guidance of a professional in determining who counted as a contact or not. \u00c2\u0093I don\u00c2\u0092t think that we can all do it on our own,\u00c2\u0094 he said. Yet that\u00c2\u0092s exactly what the city is asking people to do. Just a few days after Katz made his calls in mid-October (he never developed symptoms), the city announced that new daily case counts had exceeded its ability to contact-trace them, topping 200 a day.The city released guidelines instructing those who test positive to do their own contact tracing. \u00c2\u0093We simply don\u00c2\u0092t have the manpower to do individual case management for every case that\u00c2\u0092s being reported today, given the very large numbers,\u00c2\u0094 Philadelphia Health Commissioner Dr. Thomas Farley said. Because it is such a resource- and labor-intensive containment tool, contact tracing in Philadelphia and the rest of Pennsylvania never ramped up to the levels recommended to effectively contain the coronavirus. The stretches when the city\u00c2\u0092s contact tracing resources could keep pace with the virus came only during the periods when there was minimal community spread.Just two weeks after the first confirmed case of the COVID-19 in Philadelphia, the Department of Public Health could no longer monitor those who were quarantining or their contacts. In April, efforts to build robust contact tracing operations were underway, but by early June the city had only hired 20 tracers. From July through mid-October \u00c2\u0097 the period the health department\u00c2\u0092s staff of roughly 100 tracers and 20 case investigators had a handle on things \u00c2\u0097 Philadelphia registered roughly 100 new cases a day, compared to more than 1,000 daily now.Read more: https://whyy.org/articles/why-contact-tracing-isnt-the-covid-solution-we-thought-it-would-be/\n\n\n\nI suppose if one lives in a village of a couple hundred people, it would be do-able. But when you are in a city with single neighborhoods alone averaging tens of thousands of people, then it's truly unworkable. The state of PA even attempted to encourage people with smartphones to\n\n\n\nBut that effort seems to have also fizzled.\n\n\n\nIn essence, Americans have been conditioned to fear \"Big Brother\", so even when it comes to something that is life-saving, there will always be the \"lack of trust\" issue that surfaces. voiced from a number of locations including my own city, the \"contact tracing\" piece has quickly fallen down the rabbit hole.This is again where \"human nature\" comes into play, with refusals to respond to contract-tracer calls (on average, at least early on, the city was only able to reach about 60% of those contacted), and outright lying by the contact to the tracer about their whereabouts. That has sadly made what would have been a good way to notify a community of a potential spreading event, an abject failure.From November 2020 -I suppose if one lives in a village of a couple hundred people, it would be do-able. But when you are in a city with single neighborhoods alone averaging tens of thousands of people, then it's truly unworkable. The state of PA even attempted to encourage people with smartphones to download an app that operated on bluetooth to trigger an alert if the person was in proximity to someone who had tested positive and had entered that info into a database that the phone app had access to. Other states that also participated in use of this app include - Alabama, Arizona, California, Colorado, Connecticut, Delaware, District of Columbia, Hawaii, Louisiana, Maryland, Michigan, Minnesota, Nevada, New Jersey, New York, North Carolina, North Dakota, Utah, Virginia, Washington, Wisconsin, Wyoming, Oregon (pilot test).But that effort seems to have also fizzled.In essence, Americans have been conditioned to fear \"Big Brother\", so even when it comes to something that is life-saving, there will always be the \"lack of trust\" issue that surfaces."
        },
        {
            "id": "65b2b2f92c4a17c2",
            "title": "\"It Came From Cruden Farm\" (sci fi with a political twist)",
            "content": "\"It Came From Cruden Farm\" (sci fi with a political twist) A short story about humanity\u00c2\u0092s first encounter with a very disturbing alien.\n\nby Max Barry\n\n\n\nEach month, Future Tense Fiction\u00c2\u0097a series of short stories from Future Tense and Arizona State University\u00c2\u0092s Center for Science and the Imagination about how technology and science will change our lives\u00c2\u0097publishes a story on a theme. The theme for January\u00c2\u0097March 2020: politics.\n\n\n\n\n\n\n\nIllustration by Lisa Larson-Walker. Photo by Danique Dohmen/Unsplash.\n\n\n\n\n\nAfter the inauguration, the speeches, and the four-jet flyover, the new president walked back toward the Capitol building, clasping his wife\u00c2\u0092s hand. \u00c2\u0093That was good, yes?\u00c2\u0094 he said.\n\n\n\n\u00c2\u0093They love you,\u00c2\u0094 said the first lady.\n\n\n\nHe smiled modestly, but it was true; they did love him. All the way to the National Statuary Hall, where he would mingle with dignitaries for a few minutes before heading to the White House, people stood and applauded.\n\n\n\n\u00c2\u0093Huge crowd,\u00c2\u0094 said Damon, his campaign adviser. \u00c2\u0093Almost 2013 Obama.\u00c2\u0094\n\n\n\n\u00c2\u0093Bigger,\u00c2\u0094 said Clara, his press secretary. \u00c2\u0093Almost 2009 Obama.\u00c2\u0094\n\n\n\n\u00c2\u0093Almost as big as Trump said his was,\u00c2\u0094 said Damon.\n\n\n\nRead more: After the inauguration, the speeches, and the four-jet flyover, the new president walked back toward the Capitol building, clasping his wife\u00c2\u0092s hand. \u00c2\u0093That was good, yes?\u00c2\u0094 he said.\u00c2\u0093They love you,\u00c2\u0094 said the first lady.He smiled modestly, but it was true; they did love him. All the way to the National Statuary Hall, where he would mingle with dignitaries for a few minutes before heading to the White House, people stood and applauded.\u00c2\u0093Huge crowd,\u00c2\u0094 said Damon, his campaign adviser. \u00c2\u0093Almost 2013 Obama.\u00c2\u0094\u00c2\u0093Bigger,\u00c2\u0094 said Clara, his press secretary. \u00c2\u0093Almost 2009 Obama.\u00c2\u0094\u00c2\u0093Almost as big as Trump said his was,\u00c2\u0094 said Damon.Read more: https://slate.com/technology/2020/02/it-came-from-cruden-farm-max-barry-short-story.html 1 Tweet"
        },
        {
            "id": "691ad2dd6fdd5f42",
            "title": "So Much Winning! NOT Sick Of All The Winning!",
            "content": "Monday TOONs - So Much Winning! NOT Sick Of All The Winning! So Much Winning! NOT Sick Of All The Winning!\n\n\n\n\n\n\n\n\n\n\n\nA Tale Of Two Turkeys\n\nThey\u00c2\u0092re Birds Od A Feather\n\n\n\n\n\n\n\n\n\n\n\n\n\n\n\n\n\n\n\n\n\n\n\n\n\n\n\n\n\n\n\n\n\n\n\n\n\n\n\n\n\n\n\n\n\n\n\n\n\n\n\n\n\n\n\n\n\n\n\n\n\n\n\n\n\n\n\n\n\n\n\n\n\n\n\n\n\n\n\n\n\n\n\n\n\n\n\n\n\n\n\n\n\n\n\n\n\n\n\n\n\n\n\n\n\n\n\n\n\n\n\n\n\n\n\n\n\n\n\n\n\n\n\n\n\n\n\n\n\n\n\n\n\nTurkey of the Year\n\n\n\n\n\n\n\n\n\n\n\n\n\n\n\n\n\n\n\n\n\n\n\n\n\n\n\n\n\n\n\n\n\n\n\n\n\nConspiracy!\n\n\n\n\n\n\n\n\n\n\n\n\n\nThe Maskless\n\n\n\n\n\n\n\n\n\n\n\n\n\n\n\n\n\n\n\n\n\n\n\n\n\nKeep Calm and Carry Out\n\n\n\n\n\n\n\n\n\n\n\n\n\n\n\n\n\n\n\nV is for Vaccine\n\n\n\n\n\n\n\n\n\n\n\n\n\n\n\nThanksgiving\n\n\n\n\n\n\n\n\n\n\n\n\n\n\n\n\n\n\n\n\n\nSuch A Divisive Figure\n\n\n\n\n\n\n\n\n\n110 Tweet"
        },
        {
            "id": "6005fac839fd9603",
            "title": "tRump Administration Cutting 20 Miles Of Extra Border Wall Because It Lacks Funds: Report",
            "content": "tRump Administration Cutting 20 Miles Of Extra Border Wall Because It Lacks Funds: Report\n\n\n\n\n\n\n\nThe Trump administration explained in a court filing Friday that it was scrapping plans to build an additional 20 miles of border wall in Arizona and California because it doesn\u00c2\u0092t have the funds, Bloomberg reported.\n\n\n\nThe filing is apparently part of an ongoing lawsuit by the Center for Biological Diversity, Defenders of Wildlife and Animal Legal Defense Fund, according to Bloomberg. The organizations sued the Trump administration early this year arguing that the border situation was not an emergency, and the fund-grab violates the Constitution by overstepping executive authority and sidestepping Congress\u00c2\u0092 authority to determine allocations.\n\n\n\nIn Friday\u00c2\u0092s filing, the administration explained that it had planned to build three additional sections of wall using cost savings from other portions, Bloomberg reported. But the expected savings will not be enough after all. - Lawyers reveal \u00c2\u0097 then retract \u00c2\u0097 plan for more wall in Arizona and California, according to a court filing, Bloomberg reports.The Trump administration explained in a court filing Friday that it was scrapping plans to build an additional 20 miles of border wall in Arizona and California because it doesn\u00c2\u0092t have the funds, Bloomberg reported.The filing is apparently part of an ongoing lawsuit by the Center for Biological Diversity, Defenders of Wildlife and Animal Legal Defense Fund, according to Bloomberg. The organizations sued the Trump administration early this year arguing that the border situation was not an emergency, and the fund-grab violates the Constitution by overstepping executive authority and sidestepping Congress\u00c2\u0092 authority to determine allocations.In Friday\u00c2\u0092s filing, the administration explained that it had planned to build three additional sections of wall using cost savings from other portions, Bloomberg reported.. - HuffPost\n\n\n\nGood! That's 20 less miles of wall we'll need to tear down in 16 months. Good! That's 20 less miles of wall we'll need to tear down in 16 months. 16 Tweet"
        },
        {
            "id": "8ae4cf67aba03051",
            "title": "Memory sticks used to program Philly's voting machines were stolen from elections warehouse",
            "content": "\n\n\n\nBut here, we went from the lever machines (that I sorely miss because they were like the \"phone booths of yesteryear\" ) to the flat membrane panel machines - which were not touch screens. This is what they looked like (the Danaher Shouptronic 1242) -\n\n\n\n\n\n\n\nWe and the rim counties of Philly\n\n\n\nThe good thing about that switch away from the literal \"voting booth\" though, was that the then-\"new\" machines were adjustable and could be lowered to be handicapped accessible (for people in wheel chairs) and that obviously could not be done with the old lever machines.\n\n\n\nThe old lever machines and the membrane panel DREs at least had something that was tactile (I miss the click click click of the little vote levers and the dimple-button feel when you pushed the panel). The digital machines have no tactile feel at all.\n\n\n\nWhen I used the ExpressXL machine for the first time last November, I stood in line for almost an hour with only about 6 people in front of me because people at the time of day I went (mid-morning, which is usually the slowest time of the day and is when the elderly retired voted), were completely lost, not only having to use the touch screen and figuring out how to get to the next page to continue voting for another set of selections, but even trying to figure out what to do with the \"blank\" ballot - the \"non-standard sized\" thin strip of paper that had to be inserted into machine the correct way with the correct side up and the notch in the correct corner. The lever machines and DRE panels had everything on one screen, the ExpressVote XL did not.\n\n\n\nThey offered plenty of \"practice\" opportunities last year for these machines (IF people had transportation to get to the sessions) but it was irrelevant for an aged, non-computer literate population, who could probably be able to figure out something like a \"copy machine\"-looking thing for a hand-marked ballot, which a ballot scanner might resemble, and this nonsense.\n\n\n\nThere are literally tens of thousands of households in this city that have no internet access whatsover, so they have no computers at home. THAT was the nightmare scenario that unfolded for Philly doing \"remote\" schooling where they had to scramble and cajole Comcast to provide that access \"for free\" and yes, 40,000 chromebooks - a number that is the size of the population of many \"medium-sized\" towns) to families with kids who HAD no computers at home. They may have \"pre-paid\" cell phone and cell service but doing schooling on a phone is a no-go.\n\n\n\nWhen people say there is a \"digital divide\", it's not just a \"slogan\".\n\nBut here, we went from the lever machines (that I sorely miss because they were like the \"phone booths of yesteryear\" ) to the flat membrane panel machines - which were not touch screens. This is what they looked like (the Danaher Shouptronic 1242) -We and the rim counties of Philly got those DRE machines in 2002 . Even with being considered \"paperless\" (meaning no 1-1 piece of paper for each voter), those machines DID print out a long sheet of paper with a tally. And since they weren't connectable to the internet, they were also not really hackable (at least remotely). The machines were pretty straight forward and the only \"hiccups\" were as you noted, people confused about the green \"Vote\" button (the old lever would \"cast the vote\" AND open the machine's curtain where the \"Vote\" button wasn't doing anything to the curtain - took me a bit to get used to that).The good thing about that switch away from the literal \"voting booth\" though, was that the then-\"new\" machines were adjustable and could be lowered to be handicapped accessible (for people in wheel chairs) and that obviously could not be done with the old lever machines.The old lever machines and the membrane panel DREs at least had something that was tactile (I miss the click click click of the little vote levers and the dimple-button feel when you pushed the panel). The digital machines have no tactile feel at all.When I used the ExpressXL machine for the first time last November, I stood in line for almost an hour with only about 6 people in front of me because people at the time of day I went (mid-morning, which is usually the slowest time of the day and is when the elderly retired voted), were completely lost, not only having to use the touch screen and figuring out how to get to the next page to continue voting for another set of selections, but even trying to figure out what to do with the \"blank\" ballot - the \"non-standard sized\" thin strip of paper that had to be inserted into machine the correct way with the correct side up and the notch in the correct corner. The lever machines and DRE panels had everything on one screen, the ExpressVote XL did not.They offered plenty of \"practice\" opportunities last year for these machines (IF people had transportation to get to the sessions) but it was irrelevant for an aged, non-computer literate population, who could probably be able to figure out something like a \"copy machine\"-looking thing for a hand-marked ballot, which a ballot scanner might resemble, and this nonsense.There are literally tens of thousands of households in this city. THAT was the nightmare scenario that unfolded for Philly doing \"remote\" schooling where they had to scramble and cajole Comcast to provide that access \"for free\" and they had to purchase and hand out 40,000 chromebooks ) to families with kids who HAD no computers at home. They may have \"pre-paid\" cell phone and cell service but doing schooling on a phone is a no-go.When people say there is a \"digital divide\", it's not just a \"slogan\"."
        },
        {
            "id": "462468e768a26382",
            "title": "The GQP's Alternative Beverage",
            "content": "It's the toon of the US Capitol, with all of the corporate flags. One of them is an IBM flag, but IBM as a corporation does not donate to politic parties or candidates. They encourage their employees to participate and will even reasonably accommodate employees who serve in various political offices, but the corporation does. Not. Play. Since at least 1966."
        },
        {
            "id": "d699ce215520a52f",
            "title": "Donald Trump finds his presidency hanging by a high thread count",
            "content": "Donald Trump finds his presidency hanging by a high thread count - Tom Toles\n\n\n\n\n\n\n\nhttps://www.washingtonpost.com/news/opinions/wp/2017/05/17/donald-trump-finds-his-presidency-hanging-by-a-high-thread-count/?utm_term=.c7f9313c9910&wpisrc=nl_popns&wpmm=1\n\n\n\n---------------------------------\n\n\n\nAmerica came to a fork in the road and wow, did we take it. Now we have to see if we can take it back.\n\n\n\n\n\nBy Tom Toles May 17 at 10:22 AM\n\n\n\n\n\n\n\nWhat a colossal mistake we made. It was apparent enough at the time, and is so much more radiantly obvious now. It happened when half the country decided to play what\u00c2\u0092s-the-worst-that-could-happen roulette with their votes, and too many others didn\u00c2\u0092t think hard enough about the fact that one of the candidates was actually qualified for the job. This, plus a combination of outside meddling, then some more meddling, and finished off with the distortion of the electoral college and we ended up in an inconceivable place.\n\n\n\nAll the traits of President Trump were well known. Any analysis of what could become of his administration ended up in either wishful thinking or despair. Could he maybe become a different person? No. Could he maybe surround himself with enough sane people to guide his path? No. Could he surprise us and try to govern from the center? No. Could he self-immolate quickly enough to spare the nation a four-year road trip to a third-world dictatorship? Well, maybe.\n\n\n\nOf all the Trump scenarios that might have played out, we may actually be in the best one. Trump\u00c2\u0092s defects, inclinations and character flaws are in fact so severe that they took virtually no time at all to create a ball of chaos and corruption so tangled that even his supporters can no longer pretend otherwise. And it is possible now to imagine that it will be Trump himself who is the victim of all his flaws, rather than the rest of us and our democracy.\n\n\n\nEveryone gave up some time ago on waiting for the Republican Party to do the right thing. And let history record the party\u00c2\u0092s cravenness in the face of this challenge. But now Republican politicians are facing a different combination of calculations. Now they are facing unambiguous legal problems that Trump has created for himself and a growing public disgust at all his tawdriness. And what is the upside in defending him now? The ever-dimming prospect that he will be able to help them get their unpopular legislation passed? The hope that standing by this presidential wreckage will help their own reelection prospects?\n\n\n\nNo, Trump has provided the opening to end his presidency that every patriot has been hoping against hope for. The unstable Trump Casino has dealt his opponents a winning hand. It would be advisable not to misplay it.\n\n\n\nmore\n\nhttps://www.washingtonpost.com/news/opinions/wp/2017/05/17/america-came-to-a-fork-in-the-road-and-wow-did-we-take-it-now-we-have-to-see-if-we-can-take-it-back/? By Tom Toles May 17 at 1:23 PM---------------------------------By Tom Toles May 17 at 10:22 AMWhat a colossal mistake we made. It was apparent enough at the time, and is so much more radiantly obvious now. It happened when half the country decided to play what\u00c2\u0092s-the-worst-that-could-happen roulette with their votes, and too many others didn\u00c2\u0092t think hard enough about the fact that one of the candidates was actually qualified for the job. This, plus a combination of outside meddling, then some more meddling, and finished off with the distortion of the electoral college and we ended up in an inconceivable place.All the traits of President Trump were well known. Any analysis of what could become of his administration ended up in either wishful thinking or despair. Could he maybe become a different person? No. Could he maybe surround himself with enough sane people to guide his path? No. Could he surprise us and try to govern from the center? No. Could he self-immolate quickly enough to spare the nation a four-year road trip to a third-world dictatorship? Well, maybe.Of all the Trump scenarios that might have played out, we may actually be in the best one. Trump\u00c2\u0092s defects, inclinations and character flaws are in fact so severe that they took virtually no time at all to create a ball of chaos and corruption so tangled that even his supporters can no longer pretend otherwise. And it is possible now to imagine that it will be Trump himself who is the victim of all his flaws, rather than the rest of us and our democracy.Everyone gave up some time ago on waiting for the Republican Party to do the right thing. And let history record the party\u00c2\u0092s cravenness in the face of this challenge. But now Republican politicians are facing a different combination of calculations. Now they are facing unambiguous legal problems that Trump has created for himself and a growing public disgust at all his tawdriness. And what is the upside in defending him now? The ever-dimming prospect that he will be able to help them get their unpopular legislation passed? The hope that standing by this presidential wreckage will help their own reelection prospects?No, Trump has provided the opening to end his presidency that every patriot has been hoping against hope for. The unstable Trump Casino has dealt his opponents a winning hand. It would be advisable not to misplay it.more 6 Tweet"
        },
        {
            "id": "5480b46b620684fd",
            "title": "Trump Special on this BBQ restaurant marquee",
            "content": "\"We wouldn\u00c2\u0092t put anything up there to be offensive to other people,\u00c2\u0094 (Assistant Manager Bruce) Gordon said. \u00c2\u0093You can\u00c2\u0092t really say a whole lot either way, because you\u00c2\u0092re going to offend one person or another.\""
        }
    ],
    "label": 1,
    "label_text": "mixed"
}