{
    "source": "denvergazette.com",
    "articles": [
        {
            "id": "a7b220fd105967b1",
            "title": "Goodwill\u00ae Launches Rising Together\u2122 Coalition with Anthem Foundation, Coursera, Google, Indeed and Lyft to Empower One Million People to Access Sustainable Careers by 2025",
            "content": "AP\n\nGoodwill\u00ae Launches Rising Together\u2122 Coalition with Anthem Foundation, Coursera, Google, Indeed and Lyft to Empower One Million People to Access Sustainable Careers by 2025"
        },
        {
            "id": "da0e37870d9bc75a",
            "title": "US will pay $44 million in age-bias case by ex-FAA workers",
            "content": "FILE - In this March 24, 2011, file photo, a passenger jet flies past the FAA control tower at Ronald Reagan Washington National Airport in Arlington, Va. The U.S. government will pay nearly $44 million to settle an age-discrimination case filed 16 years ago on behalf of hundreds of workers who missed out on federal pensions after their jobs were outsourced."
        },
        {
            "id": "faf49327bf661ec5",
            "title": "Boebert opponents auctioning off Shooters Grill logo in response to demand to shut down parody site",
            "content": "WASHINGTON (AP) \u2014 Colorado Rep. Jason Crow, a former Army Ranger who served three tours in Iraq and Afghanistan, says it took time for him to stop constantly scanning his environment for threats when he returned from war 15 years ago. But after the violent insurrection at the U.S. Capitol on\u2026"
        },
        {
            "id": "0f5f85f262699e27",
            "title": "Festival travel, vaccine shortage put Bangladesh at risk",
            "content": "AP\n\nTens of thousands of people are leaving Bangladesh\u2019s capital to join their families in home villages to celebrate the Islamic religious festival of Eid al-Fitr, despite stark warnings that the exodus could worsen the country\u2019s sharply rising coronavirus outbreak"
        },
        {
            "id": "29b66017862d7889",
            "title": "Boys & Girls Clubs of America Announces 2021 Alumni Hall of Fame Inductees",
            "content": "You have permission to edit this article.\n\nEdit Close"
        },
        {
            "id": "66e866a9d5e9e2de",
            "title": "Castro aura has faded amid power struggles and growing opposition in Cuba...",
            "content": "Five years after Fidel Castro \u2019 s death , a game of thrones is under way in Cuba .\nCastro \u2019 s legacy continues shaping much of the communist island \u2019 s political and economic system .\nAnd his thought is the prevailing doctrine of the Communist Party .\nYet the aura surrounding Castro that shaped much of the narrative during his life has lost appeal among younger generations concerned with the country \u2019 s present and future .\nInstead , many Cubans have joined the opposition ranks , clashing directly in unprecedented protests with the government of current leader  after Castro \u2019 s brother Ra\u00fal retired from government in 2018 \u2014 though he continues having the last word on the country \u2019 s most important decisions .\nBut the \u201c younger Castro \u201d turned 90 this year , and D\u00edaz-Canel is now facing new threats to his rule as government and Communist Party leader .\nWhile D\u00edaz-Canel fights for his political survival amid criticism of his government \u2019 s handling of the COVID-19 pandemic , soaring inflation and a more visible opposition , a dethroned politician and a powerful general recently made  looking ahead to a post-Castro era when the government \u2019 s top positions might be up for grabs .\nFormer vice president Carlos Lage unexpectedly came back from 12 years in the political limbo that Cubans jokingly refer to as el plan pijama \u2014 \u201c the pajamas plan \u201d \u2014 in a video leaked to social media , in which he presents himself as an alternative to D\u00edaz-Canel .\nAnd powerful general Luis Alberto Rodr\u00edguez L\u00f3pez-Calleja , who controls the vast military-economic conglomerate known as GAESA , became a member of the National  seek political positions requiring membership in Cuba \u2019 s version of a parliament .\nBut Castro \u2019 s heirs and wannabes have to grapple with a changed reality : An opposition movement is taking roots among the population , posing for the first time in many decades , a significant challenge to the Communist Party and its determination to keep ruling as if Castro had not died .\nLage was known as the \u201c reform czar \u201d during the 1990s when he helped Fidel Castro implement small market reforms to survive the collapse  dramatically fell out of favor when Ra\u00fal Castro took over for his sick brother Fidel and substituted \u201c fidelistas \u201d with his own cadre of loyalist generals and old-guard figures .\nA video at the time , shown only to selected members of communist organizations , included surveillance footage of Lage , former foreign minister Felipe P\u00e9rez Roque and other top officials making jokes about Fidel Castro , who had several emergency surgeries and handed power to Ra\u00fal in 2006 , and questioning Ra\u00fal \u2019 s ability to govern , the Miami Herald  opinion column in the official party newspaper Granma , Fidel Castro called their behavior \u201c undignified \u201d and said they had succumbed to the \u201c honey of power.\n\u201d Lage was sent to work at a local clinic in Havana and faded into oblivion .\nUntil now .\nIn a carefully edited video , purportedly created to celebrate his 70th birthday on Oct. 15 , Lage \u2019 s voice is heard narrating over photos of his life , many with leftist leaders like Fidel Castro , Venezuela \u2019 s Hugo Ch\u00e1vez and Bolivia  a campaign ad , the video portrays Lage as a family man , a dedicated revolutionary and a political figure who is still receiving \u201c innumerable gestures of support and respect.\n\u201d But his comeback pitch is this : Deeper reforms are needed to keep the revolution alive , and he is willing to help .\n\u201c I trust the revolution , and I believe that socialism is a fairer and more humane society , \u201d he said .\n\u201c And in our case , the only way to be independent as a  Although such a socialism can only be reached with far more profound changes than in the last 20 years .\nIt is inescapable to cross supposed limits and take risks .\n\u201c That is what is truly revolutionary now , \u201d Lage added .\nBecause D\u00edaz-Canel has centered his brand on \u201c continuity \u201d ( he usually tweets the hashtag # somoscontinuidad ) Lage \u2019 s video seems to cater to those who believe there \u2019 s space for a reformer within the ruling Communist Party .\nBut to assure hard-liners he is  Mikhail Gorbachev , whose leadership led to the fall of the Soviet Union , he states that , \u201c Faced with any dilemma that arises in the future , whatever the causes , I will be on the side of the revolution.\n\u201d Lage dedicated a chunk of his narrative to praising Fidel Castro and said his admiration for the late Cuban leader was \u201c unchangeable.\n\u201d Missing in the video was any reference to Ra\u00fal Castro , who was directly responsible for his dismissal .\nThough D\u00edaz-Canel is also not mentioned ,  video include a sarcastic remark on inflation , a veiled reference to the failure of the currency unification and monetary reform under the new leader .\nLage \u2019 s video instantly generated debate and speculation about the true intentions of its release .\nSinger-songwriter Silvio Rodr\u00edguez , a long-term supporter of the Cuban revolution , praised Lage and said on a Facebook post that he was \u201c motivated \u201d by the fact the former official was advocating for changes while at the same time defending socialism and the revolution .\nBut few believe  tacit or explicit consent of state security or people in a position of power , since the former vice president has kept silent during all these years under close government surveillance .\n\u201c They do sometimes like to throw a curveball and survey the population to see what people think , but I doubt Ra\u00fal or anyone would rescue a 70-year-old defenestrated politician who was accused of corruption , \u201d said Emilio Morales , the president of the Miami-based Havana Consulting Group .\nActivists and dissidents warned that the video was a trial  the opposition movement seeking to change the political system on the island .\nOthers have pointed to Lage \u2019 s unpopularity during his tenure as secretary of the council of ministers and vice president between 1993 and 2009 .\nHe was responsible for measures that kept the country financially afloat but severely affected the population and generated deep inequalities .\nMany Cubans particularly disliked Lage because he was the government official who proposed eliminating modest financial incentives and the bag of personal hygiene products that some state workers regularly received during the economic  the 1990s .\nThe photos Lage shared in the video show a man who had a privileged life while in power and apparently kept some benefits after his dismissal .\nHis family looks well dressed , celebrating at hotels .\nLage himself is seen diving , posing with a lobster and drinking whiskey with friends , all activities that regular Cubans can not afford .\nA Cuban social media influencer put in simple terms what many in the island felt after watching the video .\n\u201c This guy , Lage , says that  BUUUUT !\n!\n!\nhe trusts the revolution and is still loyal to Fidel Castro , \u201d wrote Norlis Gonz\u00e1lez on a Facebook group .\n\u201c Dude : you are more of the same .\nHow do you expect profound changes to happen if you keep the main problem alive ?\n\u201d But while Lage \u2019 s comeback might be a smokescreen , a shadowy figure is seizing the opportunity to advance his game , sensing the current leader \u2019 s weakness .\nIn the past few years , Army Gen. Luis Alberto  to most Cubans , has been expanding his control over Cuba \u2019 s economy .\nAnd slowly but steadily he has been moving towards the center of the political stage .\nWhile D\u00edaz-Canel is the public face of Cuba \u2019 s government as president and the Communist Party \u2019 s first secretary , Rodr\u00edguez L\u00f3pez-Calleja , who was once married to one of Ra\u00fal Castro \u2019 s daughters , is the country \u2019 s moneyman .\nHe controls GAESA , the consortium that manages most of the island \u2019 s economic life :  real estate development and construction companies , grocery stores , gasoline stations , warehouses , remittance services and many other profitable ventures , including the Special Developing Zone at Port Mariel near Havana .\nInvestigations by the Miami Herald , El Nuevo Herald and McClatchy have shown that his brother , Guillermo Faustino Rodr\u00edguez L\u00f3pez-Calleja , runs a network of offshore companies that carry out Cuba \u2019 s global shipping operations .\nGuillermo owns Mid Atlantic , a company registered in Luxembourg with several subsidiaries connected to that network .\nGen. Rodr\u00edguez L\u00f3pez-Calleja  but that has not deterred him from consolidating his economic power and climbing the political ladder .\nHe has been a member of the Party Central Committee since 2011 .\nStill , after D\u00edaz-Canel succeeded Ra\u00fal Castro as head of state in 2018 , the general \u2019 s face started to pop up on pictures published of official events and foreign trips , very close to the new leader .\nUnsure of what to say about him , state media did not mention his name in the photo captions .\nAlthough Rodr\u00edguez L\u00f3pez-Calleja  new constitution created the position in 2019 , he was able to get a close ally appointed : Manuel Marrero , a colonel who headed Gaviota , a tourism subsidiary of GAESA .\nMarrero worked closely with Rodr\u00edguez L\u00f3pez-Calleja as tourism minister for 15 years .\nBut with Ra\u00fal Castro turning 90 this year , there \u2019 s a sense of urgency in Rodr\u00edguez L\u00f3pez-Calleja \u2019 s latest maneuvers .\nIn April , the general got a seat on the Communist Party Politburo .\nIn September he was identified as a \u201c special  media images of a D\u00edaz-Canel trip to Mexico .\nAnd without much explanation , he was made a member of the National Assembly in late October , representing Remedios , a town in the central province of Santa Clara .\nThe designation paves the way to a future bid for the prime minister position , which would secure his grip , and that of the military , on Cuba \u2019 s economy in the post-Castro era .\n\u201c He is in all the right places to become prime minister : in the party  is the moneyman , and he is now a member of the National Assembly , \u201d Morales said .\n\u201c Under such conditions , he could take Marrero \u2019 s position and make him president , similar to what [ Vladimir ] Putin and [ Dmitry ] Medvedev have done in Russia.\n\u201d Rodr\u00edguez L\u00f3pez-Calleja , 61 , can not become president under the current constitution that established a top age limit of 60 , but that restriction could be changed in the future so he could alternate in the presidency with Marrero  said .\nThe timing of Lage \u2019 s video and the GAESA general \u2019 s entrance to the assembly could not be more telling .\nJust three years after Ra\u00fal Castro handed him the top government position , D\u00edaz-Canel is facing his biggest challenge yet .\nAs Castro \u2019 s successor , he was left with unsavory tasks that had been delayed for many years , like monetary reform and currency unification .\nBut economists believe the timing his government picked at the beginning of this year for both policy changes was wrong  and entire industries were paralyzed because of the coronavirus pandemic .\nThe government also did not have foreign currency to offset the spiraling exchange-rate speculation that ensued .\nThe D\u00edaz-Canel government \u2019 s decision to sell food and essential goods in dollars angered many Cubans who do not receive remittances nor salaries in foreign currency .\nWith little to show in terms of prosperity \u2014 and lacking a family connection to the ruling family and the credentials of those who fought together with the Castro brothers in the 1950s \u2014 D\u00edaz-Canel has constantly  Chief , \u201d to legitimize his government and threaten his opponents .\nBut D\u00edaz-Canel is no Castro .\nEven as he imposes the same repressive tactics , harassing and imprisoning hundreds of protesters , activists , dissidents and independent journalists , he does not inspire the same kind of blind adoration \u2014 or fear \u2014 the late Cuban leader did , nor has he been able to suppress criticism in social media , despite many recent government decrees to criminalize online dissent .\nCubans are becoming more daring , more frustrated and more  opinions and actions in the political arena .\nOn July 11 , thousands took to the streets to insult D\u00edaz-Canel and call for the \u201c end of the dictatorship \u201d islandwide .\nThat day , D\u00edaz-Canel went on live television to order supporters to confront the protesters , a decision that stirred condemnation worldwide .\nEven if he was following orders , which many Cuba observers believe he was , it cost him significant domestic support , as many artists and intellectuals who had not been active politically or were known as government  .\nMore recently , young artists and activists of the civic group Archipi\u00e9lago called for a peaceful march on Nov. 15 to demonstrate against state violence and advocate for the release of the more than 500 people still detained since the July protests .\nThe initiative pushed D\u00edaz-Canel \u2019 s government to make such an extreme show of force to prevent people from taking to the streets that activists said the initiative was a victory , and it would not be the last one .\nThe crackdown has not muzzled Cuba \u2019 s  has tanked even more .\nHe tweeted a photo of his latest visit to Castro \u2019 s grave in Santiago de Cuba , his hand solemnly touching the kernel-shaped stone tomb .\nThe symbolic gesture , aimed at reminding the island \u2019 s citizens he embodies the continuation of Castro \u2019 s ideas , got a very different response from younger Cubans in social media .\nThey created social media memes making fun of him .\nSensing the current perils , Ra\u00fal Castro attended a recent Communist Party session in late October ,  Three years before , when he handed power to D\u00edaz-Canel in 2018 , he told the National Assembly that D\u00edaz-Canel was the \u201c only survivor \u201d of a group of younger leaders , including Lage , groomed to succeed the two brothers .\n\u201c We made the mistake of accelerating the process , \u201d he said of Lage and others who were discarded along the way , but added that with D\u00edaz-Canel , \u201c we nailed it.\n\u201d But the atmosphere in the recent Party meeting was anything but cheerful .\nA defensive  and the pandemic for the country \u2019 s problems and tried to assure Party members his government was still in control , capable of suppressing the increasingly vocal opposition .\nIn a sign he \u2019 s under pressure within the Party ranks too , D\u00edaz-Canel also acknowledged that \u201c many are asking where we are going.\n\u201d His answer laid bare why many young Cubans advocating change do not feel represented by his government .\n\u201c There \u2019 s nothing new to say ; we simply go towards what our [ Party ]  these political figures \u2014 D\u00edaz-Canel , Lage and Rodr\u00edguez L\u00f3pez-Calleja \u2014 could represent a different political future for the country , none is a viable option for those who want Cuba to transition to democracy , activists say .\nThe yearning for more freedoms among the Cuban youth was best captured by the protest song \u201c Patria y Vida \u201d \u2014 Homeland and Life \u2014 which won the song of the year award in the Latin Grammys last week .\nOne of its authors , rapper Maykel \u201c Osorbo \u201d Castillo , could  Cuban jail for criticizing the government .\nThe song \u2019 s simple twist of the revolutionary slogan Patria o Muerte \u2014 Homeland or Death \u2014 coined by Fidel Castro , became the cry of protesters in July and a powerful sign that many Cubans now openly reject his ideas .\n\u201c Everything has changed ; nothing is the same .\nBetween you and me , there is an abyss , \u201d the song says .\n\u201c No more lies !\nMy people demand freedom !\nNo more doctrines !\nNo longer shall we  \u201d but \u201c Homeland and life !\n\u201c And we have no fear ; the charade has ended .\nIt \u2019 s all over !\n\u201d"
        },
        {
            "id": "55d38d9e0234b43b",
            "title": "3 more officers on leave over arrest of woman with dementia",
            "content": "FILE - In this undated file photo provided by Allisa Swartz, is Karen Garner, a 73-year-old Colorado woman with dementia, whose family is suing Loveland, Colo., and three of its police officers over her arrest in June 2020. According to her federal lawsuit, Garner was arrested after leaving a Walmart without paying for about $14 in items. After Garner filed the lawsuit earlier this month and her lawyer released body camera footage of her arrest, the police department announced it was putting the arresting officer, Austin Hopp, on administrative leave. Officer Daria Jalali, Officer Tyler Blackett and Sgt. Phil Metzler were placed on administrative leave Friday, in connection with the arrest of Garner, city police department spokesman Tom Hacker said Wednesday, April 28, 2021."
        },
        {
            "id": "c1b54f2a2292d7d9",
            "title": "EPAM Reports Strong Results for First Quarter 2021 and Raises Outlook for 2021",
            "content": "You have permission to edit this article.\n\nEdit Close"
        },
        {
            "id": "00698a1ba26254be",
            "title": "James and Kimberly Van Der Beek urge Americans to donate blood following pregnancy losses",
            "content": "You have permission to edit this article.\n\nEdit Close"
        }
    ],
    "label": 2,
    "label_text": "high"
}