{
    "source": "disrn.com",
    "articles": [
        {
            "id": "075807e2d46443ac",
            "title": "Florida business owner pays utility bills of 114 families about to be disconnected",
            "content": "A Florida man paid off the utility bills of 114 families who were facing disconnection .\nBusiness owner Michael Esmond paid the utility bills of 36 households last year in his community of Gulf Breeze , and this year , he thought he needed to up the ante due to COVID-19 and Hurricane Sally .\n`` This year to me probably is more meaningful that last year with the pandemic and all the people out of work having to stay home , '' said Esmond .\n`` Hurricane Sally slammed us pretty good and hurt a lot of people .\n blue roofs here , where they 're just covered with tarps . ''\nAccording to Joanne Oliver , the city 's utility billing supervisor , Esmond donated $ 7,615.40 to pay off the past-due bills of 114 households Esmond 's donation increased from $ 4,600 last year , and he says he was able to help about three times as many households because many residents had bills due of $ 100 or less .\nEsmond , 74 , had a good business year in 2020 for his Gulf Breeze Pools and Spas .\n `` almost ashamed '' to tell people because he knows how hard 2020 has been for many .\nOliver said that , given the pandemic , residents are getting a longer grace period before their utilities for water , gas , and sewer are disconnected .\nOliver said the check Esmond wrote covered the bills for people who are 60 days past due , and the remainder covered those who were more than 30 days overdue and had a Covid-19 deferral .\n`` Even though our country and our city is currently going  some of our lifetimes , there are still people out there who are generous and kind and really do want to help others , '' Oliver said .\n`` To have others within the community wanting to reach out and help their neighbors , now is more important than ever . ''\nEsmond said his generosity was inspired by having experienced a power shutoff himself .\n`` I have been down on my luck like people are today , where I had trouble paying bills and raising three daughters , '' Esmond said  gas off and we did n't have any heat .\nI can relate to people suffering and not being able to pay bills .\nThat 's probably one of the biggest motivators for me , because I 've been there ... People ca n't afford to pay their bills and put food on the table , so I hope doing my part and paying some bills for these folks takes a little bit of stress off of them around Christmas time . ''"
        },
        {
            "id": "25a9ddd823a9eaf5",
            "title": "Video: 2 Russian fighters make \"unsafe\" intercept of Navy aircraft over Mediterranean",
            "content": "Two Russian fighter jets conducted an `` unsafe and unprofessional '' intercept of a U.S. Navy patrol aircraft over the  Navy officials reported .\nThe U.S. Navy P-8A Poseidon aircraft was flying over international waters  two Russian SU-35 fighters .\nFor 65 minutes , the Russian pilots flew close to  aircraft , restricting its ability to maneuver safely .\n`` The unnecessary actions of the  with good airmanship and international flight rules , and jeopardized the safety of flight of  officials said .\n`` While the Russian aircraft was operating in international airspace , this  The incident is the third `` unsafe '' intercept by Russian fighter jets in less @ @ @ @"
        },
        {
            "id": "e3cfad566870eb89",
            "title": "SiriusXM to allow free streaming through the middle of May",
            "content": "Streaming service SiriusXM will open up its channels for free streaming from now until May 15 in an effort to  while they remain at home during the coronavirus pandemic .\nHundreds of millions of Americans  of government-mandated lockdown in an effort to slow the spread of the virus .\nThe  it wants `` to help make staying at home sound a little bit better .\n , including Amazon and Apple , have opened up their digital technologies for free viewing @ @ @ @"
        },
        {
            "id": "832176543b73603d",
            "title": "Mother who defied doctors' advice to abort gives birth to healthy baby",
            "content": "Last Updated Jul 1st , 2020 at 12:46 am A mother who was advised by doctors `` three or four times '' to have an abortion gave birth to a healthy baby girl .\nAt just 12 weeks pregnant , Kimberly James was diagnosed with hydrops fetalis , a rare but serious condition described as `` accumulation of fluid in at least two fetal compartments . ''\nThe condition has a survival rate of just 10 % .\nHer baby was also diagnosed with cystic hygroma \u2014 abnormal growths in the lymphatic system near a baby 's neck and head  would not survive the pregnancy and advised her to have an abortion .\nJames , however , refused the procedure .\n`` After the first time we had a scan at 12 weeks at Worcestershire Royal Hospital we were referred to a consultant ...\nIt was then we were offered a termination pretty much the second time we had seen her , '' James said .\n`` We said no because it was absolutely not what we wanted to do .\nWe asked them why and unfortunately they could n't give an answer  , both life-threatening conditions resolved themselves .\nShe gave birth to a healthy baby girl , Penelope , in May .\n`` Penelope defied all odds and the hydrops disappeared at 16 weeks and the cystic hygroma also disappeared after 20 weeks , '' James recalled .\n`` We are so in love with her and so thankful that we continued with the pregnancy despite the extremely poor prognosis at the start . ''"
        },
        {
            "id": "30e7f082018838bb",
            "title": "Number of practicing Christians in the U.S. has decreased by about half since 2000",
            "content": "The number of Christians in America who are actively practicing their faith has fallen by about half since 2000 ,  .\nA survey commissioned by the Barna Group indicates what the report calls a ``  Christianity .\nThe Barna Group qualifies a `` practicing Christian '' by a respondent ``  strongly prioritizing faith and regular church attendance . ''\nBy these measures , only 25  practicing , versus 45 percent in 2000 .\nThe survey also showed a doubling in  and agnostics , and that an equal number of respondents became non-practicing Christians as those  ."
        },
        {
            "id": "ecef45a744f31adc",
            "title": "3 CA churches sue governor, state attorney general over order banning religious gatherings",
            "content": "Last Updated Apr 14th , 2020 at 11:55 am Three churches in southern California have sued Gov .\nGavin Newsom , state Attorney General Xavier Becerra , and officials in Riverside and San Bernardino counties over stay-at-home orders that prohibit religious gatherings .\nThe Center for American Liberty , a California nonprofit group , filed suit Monday on behalf of three pastors and one parishioner .\nThe pastors are from Word of Life Ministries International in Riverside , Shield of Faith Family Church in Fontana , and Church Unlimited in Indio .\nChurch Unlimited 's senior pastor received a $  a Palm Sunday service .\n`` The state does not get to dictate the method of worship to the faithful , '' said Harmeet Dhillon , head of the Center for American Liberty , in a statement .\n`` If a Californian is able to go to Costco or the local marijuana shop or liquor store and buy goods in a responsible , socially distanced manner , then he or she must be allowed to practice their faith using the same precautions . ''\nOn April 6 and 7 , the Center for  in Riverside and San Bernardino Counties , respectively , calling for the counties to rescind restrictions on religious services for Easter weekend .\nBoth counties allowed Easter weekend services to take place .\nThe Center for American Liberty 's statement on Monday 's lawsuit says limiting religious freedom to the holiday weekend is not acceptable ."
        },
        {
            "id": "83b9157230748e6c",
            "title": "Caribbean island of Saint Vincent orders evacuation as volcano erupts",
            "content": "A volcano on the Caribbean island of Saint Vincent erupted for the first time since 1979 on Friday morning .\n of the island to evacuate on Thursday after seismologists first warned of seismic shocks around  Monday , instructing residents to move to safe havens .\n`` Safe areas where people  from North Union to Kingstown , on the Windward side of the island , Barrouallie  side and the Grenadine Islands , '' said the island 's disaster agency .\nNo  reported .\n\ud83d\udd26 The most deadly eruption of the volcano was in 1902 , when @ @ @ @"
        },
        {
            "id": "2715a2af71f9add3",
            "title": "Nigeria: Fulani Muslims attack village, kill 13 Christians",
            "content": "13 Christians were killed as Muslim Fulani herdsmen launched an assault on a predominately Christian village in Nigeria 's Plateau state on Wednesday , yet another strike of many in the past year by the nomadic Islamic terrorists .\nThe attack , carried out by about 20 of the herdsmen , took place in the village of Kulben .\n13 members of Church of Christ in Nations ( COCIN ) were killed , while three people were wounded there .\nAn eyewitness said : '' They were shooting with guns in all directions , forcing the villagers to scamper into  have been evacuated by soldiers and police to the mortuary of Mangu Cottage Hospital ; and all the victims are members of COCIN . ''\nA large Christian denomination , the Church of Christ in Nations is a member of the World Council of Churches , the Christian Association of Nigeria , the Reformed Ecumenical Council , and the World Alliance of Reformed Churches .\nIn another simultaneous attack in nearby Kaduna state , four seminarians at the Good Shepherd Catholic Major Seminary were kidnapped by `` armed bandits . ''\nThe registrar  kindly pray for the release of these students . ''\n\ud83d\udd26 Christians have recently been under siege in Nigeria .\nFulani Muslims , along with the group Boko Haram , have killed more than 1,000 Christians there in the last year ."
        },
        {
            "id": "14b34790838a9829",
            "title": "MyPillow CEO says Kohl's, Wayfair, others are boycotting his products",
            "content": "MyPillow CEO Mike Lindell says Kohl 's , Wayfair , and Bed Bath & Beyond have ceased carrying his products  Trump .\nLindell said that Wayfair and HEB have dropped the company because of social  groups . ''\n`` Kohl 's , all these different places .\n...\nThese guys  he said .\n`` They 're scared .\nLike a Bed Bath & Beyond ,  were good partners .\nIn fact , I told them , \u2018 You guys come  ' '' Lindell has been a longtime supporter of Trump and has repeatedly claimed the  2020 election .\nThe activist group Sleeping Giants is also currently lobbying Walmart , Amazon  stop carrying Lindell 's products ."
        },
        {
            "id": "e14c06dd91758900",
            "title": "More than 84,000 vote-by-mail ballots disqualified in NYC Democrat primary",
            "content": "The New York City Board of Elections disqualified more than 84,000 vote-by-mail ballots in the state 's Democratic presidential primary  reported Wednesday .\nThe Board of Elections received 403,103 mail-in ballots for the June 23  those votes were included in the certified results .\nThe final number reflects that 84,108  roughly 21 % of the total ballots submitted .\nThe ballots were disqualified for either  postmark , or failing to include a voter 's signature .\nApproximately 30,000 mail-in ballots  alone , The Post reported Tuesday .\nAfter the state encouraged residents to vote by  , roughly 2 million voters applied for mail-in-ballots .\nA report by NBC-4 New York  said that it may take election officials until early August to finish counting the ballots  only handles around 5 % of the vote ."
        }
    ],
    "label": 1,
    "label_text": "mixed"
}