{
    "source": "edition.cnn.com",
    "articles": [
        {
            "id": "6b78a37ff2648cdd",
            "title": "Joe Biden bans US banks from buying or underwriting Russian debt sales",
            "content": "The Biden administration is punishing Russia for its interference in the 2020 US election and cyberattacks by hitting Moscow where it hurts the most : the ruble .\nThe Treasury Department announced Thursday that starting June 14 , US banks will generally be banned from participating in all bond sales by Russia 's central bank , ministry of finance and sovereign wealth fund .\nThat means these Wall Street firms wo n't be able to buy or underwrite these crucial transactions by Russia 's central government .\nThis marks a significant escalation of US sanctions on Russia and will make  capital .\nThe Russian ruble declined nearly 1 % against the US dollar Thursday and the country 's stock market retreated modestly .\n`` This is Biden sending a warning shot .\nIt 's a strong statement , '' Win Thin , global head of currency strategy at Brown Brothers Harriman , told CNN Business .\nIn August 2019 , the Trump administration prohibited US banks from participating in non-ruble denominated bonds issued by the Russian government and from lending non-ruble funds to Russia .\nThat mostly applied to transactions in US dollars  expanding those restrictions by prohibiting US financial institutions from buying ruble-denominated bonds , too .\nThe Treasury Department also said that US banks will be banned from lending ruble-denominated funds to these entities .\nImportantly , foreign banks that have a presence in the United States may be impacted by these sanctions as well , according to Kevin Petrasic , head of the bank regulatory practice at Davis Wright Tremaine .\nPetrasic said the Treasury Department has aggressively asserted its jurisdiction over the dealings of these foreign banks with sanctioned entities .\n``  to confront Russia 's continued and growing malign behavior , '' US Treasury Secretary Janet Yellen said in a statement .\n`` Treasury is leveraging this new authority to impose costs on the Russian government for its unacceptable conduct . ''\nThe sanctions will `` make it harder for Russia to attract foreign capital , which they need , '' said Brown Brothers ' Thin .\nHowever , the Biden administration stepped short of what Thin described as the `` nuclear option '' against Russia : banning banks from buying already-issued Russian bonds "
        },
        {
            "id": "c76080833a5c5541",
            "title": "CrossFit CEO Resigns After George Floyd Statements",
            "content": "`` Those who know me know that my sole issue is the chronic disease epidemic , '' Glassman said .\n`` I know that CrossFit is the solution to this epidemic and that CrossFit HQ and its staff serve as the stewards of CrossFit affiliates worldwide .\nI can not let my behavior stand in the way of HQ 's or affiliates ' missions . ''\nCrossFit has been embroiled in controversy for the past week \u2014 first because gym owners said they were dismayed by the company 's failure to quickly put out a statement expressing solidarity with protesters  dozens of corporations did in the days following George Floyd 's death .\nThen on Saturday , Glassman posted several controversial tweets referencing Floyd 's death and the coronavirus pandemic .\nGlassman that day criticized a statement from the Institute for Health Metrics and Evaluation calling racism a public health issue by responding `` Floyd-19 . ''\nIn a follow-up tweet , Glassman said the health research institute 's coronavirus model `` failed , '' and he criticized it for modeling a `` solution to racism . ''\nGlassman 's tweets pushed Reebok  , to distance themselves from CrossFit .\nGlassman apologized and walked back the tweets on Sunday , saying that he and CrossFit `` will not stand for racism . ''\nGlassman will be replaced as CEO by Dave Castro , the director of the CrossFit Games `` I 'm honored to take on the role of CEO of CrossFit , Inc. , '' Castro said in a statement .\n`` I hope to do right by affiliates , trainers , athletes , and other members of the CrossFit community around the world and  established for us all . ''"
        },
        {
            "id": "e264788cbeae00b7",
            "title": "NY chef wants to change diets -- 1 bug at a time...",
            "content": "Tried meatless Mondays ?\nHow about black fly Fridays or scorpion Sundays ?\nNew York City-based chef Joseph Yoon started cooking insects four years ago for an art project .\nHe now wants to change our perceptions of creepy crawlies so that we can have `` delicious , '' `` nutrient-dense , '' and `` sustainable '' insect diets .\n`` I absolutely love insects , '' says Yoon , who is the executive director of Brooklyn Bugs , an organization that promotes edible insects .\n`` The fact that they are so diverse , the fact that there are  fact that we rely so heavily on insects for our own ecosystem and biodiversity is absolutely fascinating . ''\nFeeding the world is an increasingly difficult challenge .\nLand is scarce and oceans are overfished , yet current food production will need to almost double to accommodate the 9 billion people that are expected to populate the Earth by 2050 , according to the FAO report .\nTo help reduce the environmental impact of our culinary habits , Yoon wants `` to normalize edible insects around the world , particularly right here where  even for those who are willing to try , it 's not always obvious how best to incorporate insects into their diet .\n`` When people ask me how they should integrate crickets or insects into their food , one of the favorite ways I like to do it is simply in my favorite foods , '' Yoon says .\n`` You do n't have to think about making a new dish with a new ingredient but if you like to make fried rice like I do , I love making fried rice  to my mac and cheese .\nYou can add the cricket powder to the cheese sauce . ''\nHe follows in the footsteps of other insect innovators trying to change Western attitudes .\n`` When you think about insects -- quite possibly one of the smallest organisms that we can think of ... can one bug make a difference ?\nCan one human make a difference ? ''\nYoon says .\n`` One of the really big driving factors of my work is that , yes , each one of us has a  diet once a week can make a big difference . ''"
        },
        {
            "id": "8c0afe3339dcc05c",
            "title": "TWITTER says it will remove images of people posted without consent...",
            "content": "London ( CNN Business ) Twitter has updated its privacy policy so that it can remove images of people that have been posted without their consent , the company said in a blog post Tuesday .\nUnder its current policy , the social media giant prohibits the publication of people 's private information , including addresses , phone numbers , identity documents and medical records .\nNow , it says it has added `` private media '' to the list , because the sharing of such material could be used to `` harass , intimidate , and reveal the identities  media , such as images or videos , can potentially violate a person 's privacy , and may lead to emotional or physical harm , '' the company said .\n`` The misuse of private media can affect everyone , but can have a disproportionate effect on women , activists , dissidents , and members of minority communities , '' it added .\nBefore removing the image or video , Twitter said , it would require a first-person report or a report from an authorized representative to establish whether or not the individual  Once Twitter established that the personal media had been shared without permission , it would then proceed to remove it from the platform , the company said .\nIt added that the policy changes do not apply when there is public interest at stake , or in an emergency situation .\n`` This policy is not applicable to media featuring public figures or individuals when media and accompanying Tweet text are shared in the public interest or add value to public discourse , '' the company said .\n`` We recognize that there  images or videos of private individuals in an effort to help someone involved in a crisis situation , such as in the aftermath of a violent event , or as part of a newsworthy event due to public interest value , and this might outweigh the safety risks to a person , '' it added .\nThe new measures , which went into effect globally on Tuesday , were met with criticism from users arguing that the changes were too immediate , and could result in undue censorship .\n`` Context matters .\n exceptions in order to enable robust reporting on newsworthy events and conversations that are in the public interest , '' the company said .\n`` We will take into consideration whether the image is publicly available and/or is being covered by journalists -- or if a particular image and the accompanying Tweet text adds value to the public discourse -- is being shared in public interest or is relevant to the community , '' the company added .\nHowever , some users continued to voice their concerns , questioning the ambiguity of the  as social media companies face increased scrutiny of how they are safeguarding users ."
        },
        {
            "id": "564058c85b5e7ec6",
            "title": "Chinese diplomat promotes conspiracy theory that US military brought coronavirus to Wuhan",
            "content": "Hong Kong ( CNN ) A prominent Chinese official has promoted a conspiracy theory that the United States military could have brought the novel coronavirus to China -- and it did not originate in the city of Wuhan , as thought .\nPosting to his more than 300,000 followers on Twitter , Foreign Ministry spokesman Zhao Lijian republished a video of Robert Redfield , the director for the US Centers for Disease Control and Prevention , addressing a US Congressional committee on March 11 .\nIn the clip , Redfield said some influenza deaths in the US were later identified  caused by the novel coronavirus Redfield did n't say when those people had died or over what time period , but Zhao pointed to his remarks in support of a growing conspiracy theory that the coronavirus did not originate in Hubei province in central China .\nHe did not offer any further evidence for the claim .\n2/2 CDC was caught on the spot .\nWhen did patient zero begin in US ?\nHow many people are infected ?\nWhat are the names of the hospitals ?\nIt might be US army who  transparent !\nMake public your data !\nUS owe us an explanation !\npic.twitter.com/vYNZRFPWo3 '' CDC was caught on the spot .\nWhen did patient zero begin in US ?\nHow many people are infected ?\nWhat are the names of the hospitals ?\nIt might be US army who brought the epidemic to Wuhan .\nBe transparent !\nMake public your data !\nUS owe us an explanation ! ''\nthe Foreign Ministry official said .\nThe video of Redfield was also published to Twitter by other state media outlets , including  Times tabloid .\nOn Friday , Zhao 's fellow Foreign Ministry spokesman Geng Shuang said there were `` varied opinions '' on the origin of the virus in the international community .\n`` China always considers this a scientific question , which should be addressed in a scientific and professional manner , '' he said , avoiding questions on whether Zhao 's tweet represented the Chinese government 's official position .\nParts of Chinese social media , and even the country 's government , appear to have launched a concerted campaign to question  which has infected more than 125,000 people globally .\nThe first reported cases of the virus were in Wuhan , and since then the city has had more infections and deaths than anywhere in the world .\nSpeaking in his official capacity at a press conference in Beijing on March 4 , Zhao told reporters that `` no conclusion has been reached yet on the origin of the virus '' -- and Chinese scientists were still tracing where it came from .\nHowever , Zhao 's colleague Geng cautioned Thursday that the origin  `` by science . ''\n`` We do n't hope to see anyone making an issue out of this to stigmatize other countries , '' he said .\n`` With COVID-19 developing into a pandemic , the world should come together to fight it instead of leveling accusations and attacks against each other , which is not constructive at all . ''\nZhao 's comments are another example of Chinese government figures using Twitter to defend China against criticism -- despite the platform being banned in the country , along with Facebook ,  Western social media sites .\nPrior to 2019 , few Chinese officials had verified Twitter accounts .\nBut since then , ambassadors , mission heads and Chinese foreign ministry spokespeople across the world have joined Twitter .\nThe headline and first line of this story have been updated to better characterize the claim by China 's Foreign Ministry spokesman ."
        },
        {
            "id": "51d9c05d32a5b00e",
            "title": "Data from China shows the majority of people with Covid-19 only suffer mild symptoms, then recover",
            "content": "( CNN ) Most people who contract the novel coronavirus experience mild symptoms , according to data from China , where the worst of the epidemic now appears to be over .\nLast month , scientists from the Chinese Center for Disease Control and Prevention published a research paper analyzing the data for the first 72,314 people diagnosed with Covid-19 .\nEpidemiologists say it will take a long time to fully understand the mechanics of the coronavirus outbreak , but the information published by the Chinese scientists may give some insight into those most vulnerable to the virus .\nThe  roughly the same chance of contracting the virus .\nWhen the scientists looked at 44,672 patients confirmed to have the disease , they found there were 106 diagnosed men per 100 women .\nHowever , the impact on men appears to be worse , at least among those who were part of this initial study .\nWhile 2.8 % of the men diagnosed with the disease died , only 1.7 % of women did .\nThe researchers also looked at how severe the illness was for those who were diagnosed .\nThe good  only mild symptoms .\nAlmost 14 % were classed as severe cases , while the condition of almost 5 % was determined to be critical .\nSeparately , researchers have also found that children in China showed less severe symptoms than adults .\nA study published online in the medical journal Pediatrics on Monday examined 731 confirmed and 1,412 suspected cases of Covid-19 in children .\nMore than 90 % of all pediatric patients were asymptomatic , showing mild or common forms of illness .\nAbout 13 % of patients who tested positive  of illness .\nOut of the combined 2,143 cases , one child , a 14-year-old boy , died and nearly 6 % of cases were severe .\nResearchers remain unsure why children with Covid-19 were not as ill as adults .\nEpidemiologists say the recovery rates for Covid-19 wo n't be clear until the outbreak is over and they can look at complete data sets .\nHowever , the figures from China give some indication that most people do recover from the illness .\nIn a situation report published on Thursday , the  said that of the 80,928 confirmed cases in mainland China , 70,420 people have been `` cured and discharged from hospital , '' while 3,245 have died .\nThe rest are still ill .\nThe early Chinese data also appears to show that the older the patient , the more risk they face from the virus .\nWhile most of the recorded cases involved people between the ages of 30 and 69 , the fatality rate increased as the patients ' ages went up .\nAccording to the paper , among people aged  % of those who contracted the disease died , compared to 14.8 % of those who were 80 and older .\nBreaking down the Italian numbers by gender , women only make up 30 % of the total dead and their median average age at the time of death is higher than men , at 83.6 years old .\n`` We are in a fairly strong dynamic , which shows that not only is the number of cases increasing but that this infection is leading to serious cases ... and to a younger  , General Director of Public Health France , said during a radio interview on Thursday .\nDetails on those cases -- including whether patients had pre-existing conditions -- were not immediately available .\nExperts have warned that even though younger people may only experience mild symptoms of Covid-19 , they still need to take the risk seriously .\nIf infected , they can spread the disease to more vulnerable people even if they themselves do n't feel ill .\nUnderlying health issues were also a major factor , according to the Chinese researchers  before contracting the virus were more likely to die , the data suggests .\nThe Italian government also found that most people who died of the virus had two or three existing health conditions before being infected with the coronavirus .\nAmong those , high blood pressure was the most common , followed by heart problems and diabetes ."
        },
        {
            "id": "06af7061ba76b6e1",
            "title": "A man traveled cross-country to mine the diamonds for his girlfriend's engagement ring -- he dug up a 2.2 carat beauty",
            "content": "A Washington man dreamed his whole life of finding a raw diamond to create a one-of-a-kind engagement ring for his future spouse , but he did n't know that it would actually become a reality .\nChristian Liden told CNN that the idea of mining his own gems for an engagement ring was planted in his head in middle school , but he had no idea how to accomplish the task .\nAs he got older , he said he discovered just how difficult it is to find raw gems in the US .\nHowever , when Liden 's coworker  Park in Arkansas three years ago , he knew his dream could be a reality .\nHe had been dating his girlfriend , Desirae , for two years , and knew the ring would be for her .\n`` That 's when I started really planning the trip and planning to actually go out and do this -- finding out it was possible to actually do it -- so I started doing research on diamonds , '' Liden said .\nHe watched videos from those who were successful in finding diamonds at the  much information as he could before deciding to plan his trip .\nHis friend Josh , who has known about Liden 's dream from the beginning , decided to join him on the adventure .\nAs they planned , Liden built their own mining equipment while his girlfriend was at work , so he would n't have to explain the real purpose behind the road trip .\n`` She knew I was going on a road trip , but she did n't know what we were doing .\nI told her we would  national parks , but other than that , she did n't know we were going to find gemstones , '' he said .\nLiden planned to propose to Desirae when he got back , and did n't want to tip her off .\nOn May 1 , Liden and Josh started their adventure and made their first stop in Montana to mine sapphires , just in case they ended up empty handed when they got to the park .\nAfter a successful first dig and a day in Yellowstone , the two arrived  to find a needle in a haystack .\nThe next two days were unsuccessful , even after trying to get to untouched material .\nThe next day they decided to try a different approach and just mine the surface of the gravel .\n`` It was towards the end of the day , it was the last two carts ... and we just started throwing materials in the screens , '' he said .\nThen something amazing happened : When he flipped his tool there on top was a yellow diamond weighing over  right away -- I was shaking so bad .\nI waved my buddy over ... and I moved my hand and he saw it , '' Liden said .\nHe was in such a state of shock , he let Josh grab the gem and put it in a ziplock bag because it was afraid he was going to drop it .\n`` I never expected anything like that .\nI was just hoping to find one -- just one small one -- just so I could put it on the ring and  out , '' Liden said .\nThey immediately went to the discovery center to report what they had found , and the staff confirmed the size of the yellow diamond .\nThe 2.20 carat gem is the largest that 's been found at the park since last October , when a visitor from Fayetteville , Arkansas discovered a 4.49-carat yellow diamond , according to a news release from Diamond Crater State Park .\n`` Mr. Liden 's diamond is light yellow , with a triangular shape and a sparkling , metallic luster .\n it contains a few inclusions , making it one-of-a-kind , '' Assistant Superintendent Dru Edmonds said .\nThe day after Liden arrived back , he and his girlfriend went mushroom hunting , and during their walk in the woods Liden pulled out the diamond and proposed .\nShe said yes .\nThe two are currently looking for someone to design and build the ring composed of the gems Liden mined on the trip .\nHe said they are n't in any hurry .\n`` It all worked out just right , '' Liden @ @"
        },
        {
            "id": "f64870c2a81022fa",
            "title": "Thousands of cars form lines to collect food in Texas",
            "content": "( CNN ) Thousands of people lined up for groceries at a food bank distribution event in Dallas , Texas , this weekend , with organizers saying the Covid-19 pandemic has increased need in the city .\nPhotos provided by NTFB show thousands of cars lined up for NTFB 's Drive-Thru Mobile Pantry at Fair Park .\nKurian said the need for food `` has certainly increased '' with the pandemic , with Texas last week becoming the first US state to report 1 million cases of coronavirus .\n`` Forty percent of the folks coming through our partners doors  , '' she said .\n`` I see blessings coming to us cause we all struggling .\nAnd I appreciate North Texas helping us out , '' Dallas resident Samantha Woods told CNN affiliate KTVT as she waited in her vehicle .\n`` It really is amazing and I thank God that I was able to get in the line this morning . ''\nIn another car , one woman told the station she had been struggling : `` I have n't been working since December .\nI ca n't find a job  it 's a big deal .\nIt 's a real big deal . ''\nNTFB President Trisha Cunningham said she is proud of her team and the community `` for providing some hope and care during these extraordinary times . ''\n`` It was quite a humbling scene to see so many in need , '' she told CNN .\nNTFB has several mobile pantry events scheduled throughout the week .\nCorrection : An earlier version of this story misspelled the last name of Anna Kurian , the spokesperson for the North Texas @ @ @"
        },
        {
            "id": "3e5876070f320abc",
            "title": "Exclusive: US assessing reported leak at Chinese nuclear power facility",
            "content": "( CNN ) The US government has spent the past week assessing a report of a leak at a Chinese nuclear power plant , after a French company that part owns and helps operate it warned of an `` imminent radiological threat , '' according to US officials and documents reviewed by CNN .\nThe warning included an accusation that the Chinese safety authority was raising the acceptable limits for radiation detection outside the Taishan Nuclear Power Plant in Guangdong province in order to avoid having to shut it down , according to a letter from the French company to  CNN .\nDespite the alarming notification from Framatome , the French company , the Biden administration believes the facility is not yet at a `` crisis level , '' one of the sources said .\nWhile US officials have deemed the situation does not currently pose a severe safety threat to workers at the plant or Chinese public , it is unusual that a foreign company would unilaterally reach out to the American government for help when its Chinese state-owned partner is yet to acknowledge a problem exists .\nThe scenario could put  the leak continue or become more severe without being fixed .\nHowever , concern was significant enough that the National Security Council held multiple meetings last week as they monitored the situation , including two at the deputy level and another gathering at the assistant secretary level on Friday , which was led by NSC Senior Director for China Laura Rosenberger and Senior Director for Arms Control Mallory Stewart , according to US officials .\nThe Biden administration has discussed the situation with the French government and their own experts at the Department  US has also been in contact with the Chinese government , US officials said , though the extent of that contact is unclear .\nFramatome had reached out to the US in order to obtain a waiver that would allow them to share American technical assistance in order to resolve the issue at the Chinese plant .\nThere are only two reasons why this waiver would be granted , and one is an `` imminent radiological threat , '' the same verbiage used in the June 8 memo .\nThe memo claims the  standards , yet it remains unclear how that compares to US limits .\n`` It is not surprising that the French would reach out , '' according to Cheryl Rofer , a nuclear scientist who retired from Los Alamos National Laboratory in 2001 .\n`` In general , this sort of thing is not extraordinary , particularly if they think the country they are contacting has some special ability to help . ''\n`` But China likes to project that everything is just fine , all the time , '' she added .\n to provide the technical assistance or support to help resolve the issue , but it is the Chinese government 's decision whether the incident requires shutting down the plant completely , the documents obtained by CNN indicate .\nUltimately , the June 8 request for assistance from Framatome is the only reason why the US became involved in the situation at all , multiple sources told CNN .\nHowever , the Taishan Nuclear Power Plant published a statement on its website Sunday night local time , maintaining that environmental readings for both the  normal . ''\nThe two nuclear reactors in Taishan are both operational , the statement said , adding that Unit 2 had recently completed an `` overhaul '' and `` successfully connected to the grid on June 10 , 2021 . ''\nThe statement did not define why or how the plant was overhauled .\n`` Since it was put into commercial operation , the Taishan Nuclear Power Plant has strictly controlled the operation of the units in accordance with operating license documents and technical procedures .\nAll operating indicators of the two  safety regulations and power plant technical specifications , '' the statement noted .\nIn a separate statement Friday , hours after CNN first reached out for comment , Framatome acknowledged the company `` is supporting resolution of a performance issue with the Taishan Nuclear Power Plant in Guangdong Province , China . ''\n`` According to the data available , the plant is operating within the safety parameters .\nOur team is working with relevant experts to assess the situation and propose solutions to address any potential issue , '' the statement added  content of the letter to the Department of Energy when asked by CNN .\nThe letter comes as tensions between Beijing and Washington remain high and as G7 leaders met this weekend in the United Kingdom with China an important topic of discussion .\nThere are no indications the reports of a leak were discussed at a high level at the summit .\nFrench utility company Electrictie de France ( EDF ) said in a statement it has been informed of an increase concentration of `` noble gases in the primary circuit ''  nuclear power plant .\nEDF holds a 30 % stake in the company with Chinese state energy company China General Nuclear Power Group in TNPJVC , which owns and operates the power plant in southern China .\nEDF says `` the presence of certain noble gases in the primary circuit is a known phenomenon , studied and provided for in the reactor operating procedures , '' but did not elaborate on gas levels .\nCNN has reached out to the Chinese authorities in Beijing and Guangdong province , where the plant is located  , DC .\nNone have responded directly , though China is amidst a three-day national holiday that runs through the end of Monday .\nThe issue first emerged when Framatome , a French designer and supplier of nuclear equipment and services that was contracted to help construct and operate the Chinese-French plant , reached out to the US Department of Energy late last month informing them of a potential issue at the Chinese nuclear plant .\nThe company , mainly owned by EDF , the French utility company , then submitted an operational  formally asking for a waiver that would allow them to address an urgent safety matter , to the Department of Energy , warning American officials that the nuclear reactor is leaking fission gas .\nThe company followed up with DOE on June 8 asking for an expedited review of their request , according to a memo obtained by CNN .\n`` The situation is an imminent radiological threat to the site and to the public and Framatome urgently requests permission to transfer technical data and assistance as may be necessary to return the  the June 8 memo from the company 's subject matter expert to the Energy Department .\nFramatome reached out to the US government for assistance , the document indicates , because a Chinese government agency was continuing to increase its limits on the amount of gas that could safely be released from the facility without shutting it down , according to the documents reviewed by CNN .\nWhen asked by CNN for comment , the Energy Department did not directly address the memo 's claim that China was raising the limits .\nIn  DOE the Chinese safety authority has continued to raise regulatory `` off-site dose limits . ''\nIt also says the company suspects that limit might be increased again as to keep the leaking reactor running despite safety concerns for the surrounding population .\n`` To ensure off-site dose limits are maintained within acceptable bounds to not cause undue harm to the surrounding population , TNPJVC ( operator of Taishan-1 ) is required to comply with an regulatory limit and otherwise shut the reactor down if such a limit is exceeded , '' the  that this limit was established at a level consistent with what is dictated by the French safety authority , but `` due to the increasing number of failures , '' China 's safety authority , the National Nuclear Security Administration ( NNSA ) has since revised the limit to more than double the initial release , `` which in turn increases off-site risk to the public and on-site workers . ''\nAs of May 30 , the Taishan reactor had reached 90 % of the allegedly revised limit , the memo adds ,  `` petitioning the NNSA to further increase the shutdown limit on an exigent basis in an effort to keep running which in turn would continue to increase the risk to the off-site population and the workers at the plant site . ''\nThe NNSA is a semi-autonomous agency in China responsible for enhancing national security through the military application of nuclear and radiation science .\nThe US State Department came into possession of the June 8 letter and immediately began engaging with interagency partners and with the French government , State Department officials  hours , the US government has been in repeated contact with French officials and US technical experts at DOE , State Department officials said , noting that this flurry of activity was due to the June 8 letter .\nSubsequently , there were several urgent questions for the French government and Framatome , they added .\nCNN has reached out to the French embassy in Washington for comment .\nStill , Rofer , the retired nuclear scientist , warns that a gas leak could indicate bigger problems .\n`` If they do have  of their containment is broken , '' Rofer said .\n`` It also argues that maybe some of the fuel elements could be broken , which would be a more serious problem . ''\n`` That would be a reason for shutting down the reactor and would then require the reactor to be refueled , '' Rofer told CNN , adding that removing the fuel elements must be done carefully .\nFor now , US officials do not think the leak is at `` crisis level , '' but acknowledge it is increasing  with the situation told CNN .\nWhile there is a chance the situation could become a disaster , US officials currently believe it is more likely that it will not become one , the source added ."
        },
        {
            "id": "845195c25e51a89d",
            "title": "'Not plausible': See gun expert's reaction to Alec Baldwin's shooting claim",
            "content": "Parents of Michigan school shooting suspect plead not guilty to all charges"
        }
    ],
    "label": 1,
    "label_text": "mixed"
}