{
    "source": "egbertowillies.com",
    "articles": [
        {
            "id": "5d9facd25b3533b0",
            "title": "My visit to this inner-city elementary school increased my admiration for teachers.",
            "content": "My KPFT 90.1 FM Houston colleague Sedrick Keeler, co-host of the Conscious Mindset sent me a note asking that I join a team of men talking to young boys at an inner-city elementary school. Of course, I said yes. I figured I would go, say something to attempt to encourage and inspire these young boys and then take off.\n\nWhile at the University of Texas I was a big brother. I have done some working with kids before here in Houston as well. But the few hours I spent at Highland Heights Elementary School was all inspiring to me. I think I got more out of the event than the kids.\n\nI was in an environment where I saw teachers who cared about every single kid throughout the school, from the principal to the teachers, to the aides. You can't pay these educators enough for what I saw. They were teachers, mentors, advisers, and surrogate parents all at once.\n\nStudents were all Black and Latino. The men that came to the school were engineers, business owners, factory workers, airline pilots, social workers, among many other professions.\n\nWe spoke to the boys on many topics including respect, accountability, dress code, what things affect their future, building trust, healing on the inside, and much more. More importantly, we tried to get the boys to lay it out there.\n\nWhile the third graders were more restless, they were initially the ones that were more open right from the beginning. There is one specific incident that touched me. A group of Latino kids was in the room speaking Spanish. One of the men on our team told one of them that I could understand what they were talking about while he was discussing trust. The kid looked at me laughed, looked back at the man and said, 'Nah.' I responded in Spanish. At that point, I had the full attention of the kids who started asking many questions interrupting my colleague's talk. He then used the implicit trust generated by language to further his discussion on trust.\n\nAs our session ended, many of the Latino kids came up to me asking questions on professions and a few other things. I am pretty sure educators understand the dynamic of the different things that can trigger kids to get them to engage further. Seeing it in real time was educational for me.\n\nI will repeat ad nauseam. Teaching is the most important profession bar none. It is sad that in this society we reward so many professions above one that is critical to the continuation of society. A society that values those who move capital instead of humanity and knowledge is destined to failure. And we are now seeing the slow decay in real time. Absent these heroes, said fall would be that much faster.\n\nA few pictures from the event.\n\n\n\n\n\n\n\n\n\n\n\nI did not do any videos during our interactions with the kids but here are some at the start and end of the event.\n\nPrincipal Cox gets the event started.\n\nEducator Johnson explains the event.\n\nClosing Ceremony"
        },
        {
            "id": "2c9cdeaaa3bb930a",
            "title": "Race In America: Keisha Thomas on saving KKK member (VIDEO)",
            "content": "Keshia Thomas, the pragmatic activist, expounds wisdom over brawn\n\nKeshia Thomas participated on a panel held by the Lone Star College Center for Civic Engagement. The title of the panel was \"Making History by Acting in the Moment: Race in America.\" She gave an engaging introduction that displayed the wisdom she has garnered over her many years as a human rights activist.\n\nKeshia Thomas is known for a 1996 event where she was photographed protecting a white man believed to have been a Ku Klux Klan (KKK) supporter. The resulting photograph above taken by Mark Brunner is considered iconic. It was named one of Life magazine's \"Pictures of the Year\" for 1996.\n\nKeshia recounted the story of saving the life of a KKK demonstrator. Inasmuch as she understood that the KKK demonstrator was not a nice person, she acknowledged his humanity and saved him from the 'mob' that would have killed him.\n\nShe said at a later time during the same protest, she saw a cop beating up another protester. She said she pushed on the cop without thinking. She realized that that was a felony. Lucky for her, she was not charged. It was that instant that woke her up on being a more responsible protester. It is that experience that directs the advice she gives to young protestors today.\n\nKeshia reminds protesters that when the cameras are gone it is the individual protester that is left with a criminal record. It is the individual protester that will pay the price for the rest of their lives. It is that protester that will be stopped every time those license plates are run. It is that protester who would never be given the benefit of the doubt.\n\nKeshia Thomas at Lone Star College Center for Civic Engagement\n\nKeshia said her activism began when she led a walkout in junior high after the Rodney King beating by several police officers. She points out that every generation has its own Rodney King. She said at a young age it was evident that the justice system failed us twice. Rodney King was abused and those who did it got off.\n\nDuring the question and answer segment, there was a major difference in opinion between Thomas and Kwame Rose, another panelist. Rose is the activist that confronted Geraldo Rivera during the Baltimore riots last spring.\n\nKeshia believes in the concept of using honey to attract. She believes voting and dialogue is imperative. She believes that in general, while there are bad cops, they are not all bad. Keshia Thomas is the embodiment of techniques and methods promoted by organizations like Coffee Party USA to encourage change through identifying intersectionalities and agreeing to not allow differences to end all cooperation.\n\nKwame who has a different personal experience with the police in general comes to a different conclusion. He believes all cops are bad. He said he has never felt that they treated him like a human being. He gave gut wrenching examples that framed his own reality. To him, the thin blue line makes even the presumably good cops effectively bad cops.\n\nSteven Orozco, a local ally of Black Lives Matter in Houston pointed out that he understood where Kwame was coming from but realizes the wisdom of Keshia's words. His skills are well apt for conquering that interactivist divide that usually emerges with generational differences in the activist realm. He brought up the reaction of Netroots Nation Liberals in Arizona after Black Lives Matter confronted Martin O'Malley and Bernie Sanders last summer.\n\nWhat really upset Keshia and many in the room was that Kwame seemed to imply that young people should not vote. I later spoke to Kwame who stated that while he has not had the urge to vote, he does not encourage others not to. I explained to him that many young people look up to him, his activism, and his intellect. Whether he realizes it or not he is mimicked. I told him as such he has a responsibility to be cognizant of what he says in public.\n\nKeshia Thomas at NAACP America's Journey for Justice\n\nKeshia Thomas has continued her life of activism subsequently. In fact I interviewed her in Washington DC during the NAACP Journey for Justice back in September of 2015. She was one of the activist leaders marching from Selma to Washington. Her passion is unparalleled to none. She showed it then and showed it during her visit to Lone Star College throughout the Houston Metropolitan Area.\n\nDr. John Theis is to be commended for bringing this type of challenging discourse to the Lone Star College System and the community at large. The Lone Star Center for Civic Engagement is a model that should be replicated throughout the country. Educating students and the community at large using grassroots activists and politicians is essential if meaningful change in perceptions and attitudes are to occur."
        },
        {
            "id": "10eb2f8a7be79b43",
            "title": "No! AOC did not lie about her insurrection experience. Here are some excerpts from her riveting story.",
            "content": "The Right-Wing created another conspiracy theory. They claim Alexandria Ocasio-Cortez's experience during the insurrection was a lie.\n\nAOC recounts her experience\n\nSee full episodes here.\n\nAlexandria Ocasio-Cortez (AOC) was riveting as she described her Capitol insurrection experience. These few excerpts are probative.\n\nACO had a poignant statement concerning Ted Cruz, Josh Hawley, and complicit Republicans.\n\n\u201cWe knew that violence was expected on the 6th,\u201d AOC said. \u201cWe knew that that violence was predicated on someone telling the lie, the big lie about our elections. We knew all of this in advance. \u2026 Someone holding up the lie that our election was fraudulent. Lies that Republican Secretary of States said were a lie. Republicans had said it was a lie. Republican governors have said it was a lie.\u201d\n\nAnd then AOC went for the politicians.\n\n\u201cAnd these Senators, Ted Cruz, Josh Hawley, knew that it was the lie,\u201d Ocasio-Cortez continued. \u201cAnd they knew these violent people needed the lie.\u201d\n\nThe Right-Wing has its human and automatic bots out, attempting to continue keeping the wool over the head of their followers. They claim her account is a lie. Here are the claim and the truth according to AP.\n\nCLAIM: U.S. Rep. Alexandria Ocasio-Cortez, a Democrat from New York, falsely claimed she faced rioters in the main Capitol building during the Jan. 6 insurrection. AP\u2019S ASSESSMENT: False. Ocasio-Cortez never claimed she was in the main Capitol building, nor did she claim she was face-to-face with a mob of violent rioters. In an Instagram Live video about the riots, she explained that she was in her office in a neighboring building on the Capitol complex, where she experienced a frightening encounter with a Capitol police officer who she said didn\u2019t announce himself.\n\nIt is like playing Whac-A-Mole with the Right-Wing. But it is important that these misinformers are fact-checked."
        },
        {
            "id": "b28789b9c4062e71",
            "title": "Chris Hayes: Daily Kos, the largest Progressive site in the US is a much better guardian of truth.",
            "content": "Chris Hayes called out the lying Trump and Republicans as he pointed out that Daily Kos, the largest Progressive site proved a guardian of truth.\n\nChris Hayes: Daily Kos a better guardian of truth\n\nSee full episodes here.\n\nChris Hayes brought us back to an article written in 2006 where ABCNews interviewed Markos Moulitsas, the founder of Daily Kos. Here is the pertinent part of the interview that responsible site owners should heed instead of hiding behind some mythical tenet that allows the site to be the distributor of lies and misinformation en masse.\n\nJake Tapper was querying the power of the founder of Daily Kos implying that he had unlimited power. Moulitsas's response showed in his answers that with power comes responsibility without curtailing democracy.\n\nI like to liken myself more as a mayor of a big city, because you have people and they're doing their own thing and they're communicating with each other. I don't control the flow of communication. I don't have complete veto power over what's being discussed. On rare occasions, I have basically said, 'This topic is off limits.' But it's very rare -- I think it's happened twice.\n\nMoulitsas pointed out the areas where he took the responsible positions.\n\nIt's where you have 9/11 conspiracy theorists. I have no patience for people who want to say that the Mosad was behind 9/11 or George Bush was behind 9/11 or anything like that. I mean, I find that stuff utterly \u2026 That stuff it's, it's actually on the site, but those people, you know, I ban that kind of, that kind of \u2026\n\nAnd then the big one that could actually affect democracy as is with Trump now.\n\nIn 2004, there was -- there were a lot of claims that there was fraud in Ohio. And for several months, people, you know, kept talking about how George Bush stole the election in Ohio. And after enough of that, I thought, 'OK, the evidence isn't there. This is being counterproductive at this point. If you have new evidence that would indicate that, then by all means, you know, share.' But the same discredited, so-called facts were regurgitated over and over again, and finally I got tired of that. I thought it was destructive. I also banned that type of diary. And I think, in a case like that, what the problem wasn't necessarily people saying that the election was stolen. It's they were making claims that it was voter-box stealing, when in fact, I think a really strong case can be made that enough people were disenfranchised in Ohio that perhaps that was the margin of victory for George Bush. And instead of focusing on the, on the real problems in the electoral system, such as ballot-box access, having people put in felon voter rolls when they were not felons, not enough boxes in poor neighborhoods, in Democratic-leaning neighborhoods while out in the suburbs, there can be an in-and-out voting in 15 minutes. Those are real problems. And people are still fixated on, you know, the boxes -- the black boxes were stolen. That, I thought, took the focus away. And then actually de-legitimize actual conversations on voter rights issues that actually, you know, voter right violations that happened in Ohio. The rule is really is that extraordinary claims require extraordinary evidence. That's all we're saying. And when people make accusations without proper supporting, it's really frowned upon in the Daily Kos community, because we want to be reality-based. We want to be a reality-based community. We don't want to be one that's just throwing stuff against the wall to see what sticks. I think I'd rather leave that to the Republicans -- that's what they do.\n\nWell deserved kudos."
        },
        {
            "id": "adc5eb3ab96db0ea",
            "title": "Trump gives tantamount to dangerous medical COVID-19 advice at presser",
            "content": "I had to do a double-take when I saw the president asking about injecting disinfectant and using light to somehow treat a virus that has invaded the body. Does he not understand that to some those words coming out of the president's mouth is deemed to be medical advice for many of those who follow him in a cult-ish manner?\n\nTrump gives what is tantamount to medical COVID-19 advice\n\nThe following statement makes this president a clear a clear and present danger to America.\n\n\u201cI see the disinfectant that knocks it out in a minute, one minute,\u201d Trump said during Thursday\u2019s coronavirus press conference. \u201cAnd is there a way we can do something like that by injection inside, or almost a cleaning? Because you see it gets inside the lungs and it does a tremendous number on the lungs, so it would be interesting to check that.\u201d\n\nFurther down in the briefing, Trump looked at Dr. Birx and asked if she had any knowledge of heat or light being used as a potential treatment for COVID-19. The poor doctor seemed in utter horror as she answered the question as it had some sort of validity.\n\n\u201cNot as a treatment,\u201d Birx responded seeming not enjoying being in the position to take the question. \u201cI mean, certainly fever is a good thing. When you have a fever, it helps your body respond.\u201d\n\nThe incompetence, lack of knowledge, and narcissism of this president along with being surrounded by sycophants who fail to ensure that Trump does not cause harm is directly responsible for the deaths of thousands of Americans. Until he is removed from office, things for the general population will get substantially worse. One hopes that the rich people who benefit from the fiscal irresponsibility emanating from his administration understand that it is not sustainable and will ultimately be their demise as well.\n\nPlease join my YouTube channel so I can get the numbers up to open up some more features and reach more folks. Gracias!"
        },
        {
            "id": "1966fb1e0adaf5ec",
            "title": "Chuck Todd calls out anti-science Right-Wing for COVID failure. This isn\u2019t American exceptionalism.",
            "content": "In what was one of his best intros to the state of our COVID-19 pandemic, Chuck Todd all but called out the Right for their complicity.\n\nChuck Todd gets the sentiment and tone right\n\nSee full episodes here.\n\nChuck Todd gets into his very grim analysis immediately.\n\n\"Throughout America's COVID crisis, there has been a parade of grim statistics,\" Chuck Todd said. Among them, as of this morning, there have been more than 13.3 million cases and more than 266,000 deaths in the United States alone, with little reason to believe things will improve in the short run.\"\n\nTodd then points out an inconvenient truth. In other words, we need to stop patting ourselves on the back and instead recognize we are not who we think we are, a competent nation.\n\n\"If there is one statistic that stands out above all the others, it's this one,\" Todd said. \"The United States has four percent of the world's population and somehow has 19 percent of the world\u2019s COVID deaths. This is hardly what people mean by American exceptionalism, and no amount of gainsaying or presidential tweeting that increased testing is somehow to blame can wish away this dubious honor.\"\n\nHe then points out that our personal behavior is complicit and the disastrous spread of the disease.\n\n\"This weekend tens of millions ignored pleas from health experts and some government officials to avoid travel and instead spend time at home with their immediate families,\" Todd said. \"The result may well be a COVID surge beyond the record numbers we've seen.\"\n\nTodd then tells us how we got here in the form of questions that repudiates the Right when looked into a bit deeper. It is the classic manner of hitting hard without taking an absolute stance.\n\n\"How did we get here?\" Todd asks. \"Did we lose faith in our government because our government gave us reason to lose faith in it? Was it a decades-long assault on science and objective facts, particularly by some on the right? Was it a fractured media environment that invites people to seek alternative facts that fit their personal worldview?\"\n\nHe then soft-scolds the people for possibly tiring of the effort to avoid the virus.\n\n\"Or are we just fed up, done with months of Zoom meetings,\" Todd said. \" And closed stores and kids home from school that we've simply had enough, enough that millions feel it's worth taking a big risk to have a brief sense of normalcy?\n\nAt the end of the intro, he made sure to point out the pain of those who do not get a break from the pandemic\u2014the ones who don't get to fantasize about a better day because they are living it.\n\n\"Whatever the cause, the results are clear,\" Chuck Todd said. \"Millions are being infected, hospitals are near their breaking point, and health care workers are the ones paying the price.\"\n\nWe must acknowledge the healthcare workers who are struggling to survive. Politics Done Right interviewed an RN at Chicago's Provident Hospital that we will feature on Monday's program. These guys are our heroes."
        },
        {
            "id": "16a3bc43127ddff8",
            "title": "They are not saving the nation. They are looting it. Disregard the op-ed.",
            "content": "Does the person who wrote the op-ed, titled \"I am part of the Resistance Inside the Trump Administration\" denouncing the president and claiming they are saving the country from Trump's worse instinct worthy of praise? Absolutely not and here is why.\n\nI dissected the op-ed in my blog post titled \"A mole in the White House came out to the New Your Times\". Republicans from day one knew that President Trump was a clear and present danger. The op-ed is just a false attempt of atonement.\n\nBut the entire Republican Party Establishment and its supporting organizations are complicit. Senator Bob Corker (R-TN) statement while truthful tells a remarkable story.\n\n\u201cI am not a fan of anonymous op-eds, but I don\u2019t think those of us who have worked closely with people in the White House are surprised by the content,\" Corker, a Republican who shares long-running beef with Trump, said in a statement Thursday. Later that afternoon, amid the search within the White House for the anonymous op-ed author, Corker told CNN he believed any number of staffers could have written it. \"I think the biggest issue they\u2019re going to have is figuring out who wouldn\u2019t have written a letter like that,\" Corker said.\n\nCorker is fessing up to the open secret that everyone knows the White House is a joke. Most importantly they allowed it to continue without hearings or oversight for one and only one reason. While Trump distracts us all, they loot the country with tax cuts, deregulations, and unfair laws. The op-ed said as much.\n\nIn addition to his mass-marketing of the notion that the press is the \u201cenemy of the people,\u201d President Trump\u2019s impulses are generally anti-trade and anti-democratic. Don\u2019t get me wrong. There are bright spots that the near-ceaseless negative coverage of the administration fails to capture: effective deregulation, historic tax reform, a more robust military and more. But these successes have come despite \u2014 not because of \u2014 the president\u2019s leadership style, which is impetuous, adversarial, petty and ineffective. From the White House to executive branch departments and agencies, senior officials will privately admit their daily disbelief at the commander in chief\u2019s comments and actions. Most are working to insulate their operations from his whims. Meetings with him veer off topic and off the rails, he engages in repetitive rants, and his impulsiveness results in half-baked, ill-informed and occasionally reckless decisions that have to be walked back. \u201cThere is literally no telling whether he might change his mind from one minute to the next,\u201d a top official complained to me recently, exasperated by an Oval Office meeting at which the president flip-flopped on a major policy decision he\u2019d made only a week earlier. The erratic behavior would be more concerning if it weren\u2019t for unsung heroes in and around the White House. Some of his aides have been cast as villains by the media. But in private, they have gone to great lengths to keep bad decisions contained to the West Wing, though they are clearly not always successful.\n\nIn effect they are admitting the country is run by unelected subjects of the President who do not get their marching orders from him, an erratic, flip-flopping, anti-democratic president.\n\nJournalist Juan Cole's article \"Trump\u2019s Enablers boast of Saving Nation but Reveal they\u2019re Looting the Nation,\" says it best.\n\nThat quote tells you everything you have to know. This author supported the tax scam passed by the GOP last February, which cut government services for most people and gave the super wealthy a huge and wholly undeserved tax cut. The author supports \u201cderegulation\u201d of a sort that has gutted the environmental regulations that had reduced poisons in our air, soil and water. This regime is literally trying to poison babies. This guy thinks that is great. Trump raised the US war budget to $700 bn. even though the US has no peer enemy. We spend as much on our military as the next 14 countries combined. All together, the US probably spends $1 trillion a year on military-related expenses. Military spending creates few jobs, and about half of that money is given out to private contracting firms, so that it is welfare for the rich. The money could have gone to student debt relief or rebuilding Puerto Rico. This guy thinks that the bloated military budget is an accomplishment. The conclusion is that the more corrupt sections of the ruling US business classes are perfectly willing to use Trump to achieve their Libertarian paradise of no taxes on the rich and their praetorian paradise of a military potlatch. (The dictionary defines it this way: \u201c(among North American Indian peoples of the northwest coast) an opulent ceremonial feast at which possessions are given away or destroyed to display wealth or enhance prestige.\u201d) While they are taking steps to reinforce inequality, harm our health and increase instability, they are mildly worried about the erratic behavior of the big orange man who brought them to Washington. They are managing and manipulating the idiot president and achieving their fondest goals of looting the country.\n\nMore than ever, the November elections continue to take on new meaning. The looting is in full vogue. Reversing will be difficult, but we must start on November 6th, 2018."
        },
        {
            "id": "33e0a6028f49f4e2",
            "title": "Impeachment manager. No regrets. No reasoning with people acting like members of a religious cult.",
            "content": "Impeachment Manager Jamie Raskin made it clear that they did their part to hold the insurrectionist-in-chief accountable. Senate did not.\n\nImpeachment Manager Jamie Raskin\n\nSee full episodes here.\n\nChuck Todd asked a question based on the premise that could create doubt about Trump's culpability as the insurrection leader, not a dereliction of duty.\n\n\"One more of those what-ifs, insurrection versus dereliction of duty,\" Todd said. \"And I know you made a pretty compelling argument, I think in your closing argument, about how they were -- you couldn't disaggregate them. But if that -- if it had been a dereliction of duty, it looks like you might have gotten two or three others.\"\n\nJamie was prepared for a question like that. And he made sure to refocus on the real issue and the reason for the outcome, an acquittal of a guilty president.\n\n\"You know, remember, these Republicans who voted to acquit in the face of this mountain of unrefuted evidence were going to find some reason to do it,\" Impeachment Manager Raskin said. \"So if we had charged dereliction of duty, they would have said, \"That's not an impeachable offense. You've got to deal with that within the military system. The president is not bound by the code of universal military justice and the uniform code of military justice and so on.\"\n\nAnd that is the point. The impeachment managers were always chasing a moving target because Republicans would move it infinitely to justify their sycophancy.\n\n\"I mean, you know, you can always come up with a lawyer's argument to get to where you want to go,\" Raskin said. \"And they did not honestly confront the reality of what happened to America, which was Donald Trump incited a violent mob to attack the Congress of the United States. So you know what, we have no regrets at all. We left it totally out there on the floor of the U.S. Senate. And every senator knew exactly what happened. And just go back and listen to McConnell's speech. Everybody was convinced of the case we put forward. But, you know, as the defense lawyer said, \"Just pick any one of these phony constitutional defenses and then you can justify it.\" It could be First Amendment, it could be bill of attainder, it could be due process. All of them are nonsense. I thought that I successfully demolished them at the trial. But, you know, there's no reasoning with people who basically are acting like members of a religious cult and when they leave office should be selling flowers at Dulles Airport.\n\nCould it be any clearer?"
        },
        {
            "id": "10af43f09474ed2d",
            "title": "LA County USC Medical Center Chief Medical Officer slams the American healthcare system. AT LAST!",
            "content": "LA County USC Medical Center Chief Medical Officer Dr. Brad Spellberg reveals our failed healthcare system's inconvenient truth.\n\nA lousy healthcare system kills\n\nSee full episodes here.\n\nDr. Brad Spellberg was on MSNBC discussing overwhelmed ICUs in Southern California. He said their ICUs have been full for several weeks now. Worse, the battle is getting worse every day that passes.\n\nWhen asked about suboptimal care because of medical staffing, the doctor concurred. He said most hospitals are starting to move out of the standard ratio. That is, the number of patients per personnel is getting out of whack, which ultimately endangers patients' health and survival.\n\n\"Space is not the problem,\" Spellberg said. \"The problem is trained, staff. It takes years to train an ICU physician. It takes months to years to train an ICU nurse.\"\n\nWhen the host critiqued the healthcare system's handling of the COVID-19 crises while concurrently praising our healthcare system as \"incredible healthcare and treatment,\" surprisingly, the doctor unexpectedly pushed back.\n\n\"I think we could quibble with the quality of health care in the United States,\" Spellberg said. \"Many countries do it much better than us. There is plenty of objective evidence around that. And I hope after we get through COVID, we can have a real discussion about how to fix our broken healthcare system.\"\n\nThe doctor also pointed out that, in fact, our health care system already rations it. So when you hear about a single-payer Medicare For All system rationing healthcare, know that it is the private sector that enriches the executives and shareholders.\n\nWell said, doctor."
        },
        {
            "id": "7768517afdf35b81",
            "title": "Rev. Chuck Freeman gave a faith-based rationale for establishing a sanctuary at Northwoods Unitarian Universalist Church",
            "content": "Since you made it here \u2026\n\n\u2026 we have a small favor to ask. We have a lot of people reading our Progressive leaning fact-based blog posts and thousands listen to our Politics Done Right radio/multimedia program. We want to keep our reporting, blogging, and the featuring of Progressive politicians, activists, and everyday citizens that do not normally get coverage.\n\n\n\nIn that light, we developed our 10-point plan on how we will be an activist interactive publication for not just talking, not just being keyboard warriors, but empowering all to engage in whatever manner they can.\n\n\n\nBut we need your support to help us realize the venture. Please consider either subscribing to our network or contributing what you can. Even $1 goes a long way.\n\n\n\nPlease donate via PayPal/Credit Card here.\n\nPlease subscribe for as little as $1 via Patreon here."
        }
    ],
    "label": 2,
    "label_text": "high"
}