{
    "source": "elitedaily.com",
    "articles": [
        {
            "id": "0d4db0272033cf56",
            "title": "33 BTS Words To Know Once You Join The ARMY",
            "content": "Members of BTS regularly release solo mixtapes that allow them to explore their individual musical tastes while still remaining part of BTS. While only the rap line has released mixtapes as of now, members of the vocal line have been teasing their own mixtapes to come in the future. Here's what you need to know about all of BTS' mixtapes.\n\nRM: RM was released in March 2015 and it's the first mixtape RM dropped. It\u00e2\u0080\u0099s available on SoundCloud and includes the singles \u00e2\u0080\u009cDo You\u00e2\u0080\u009d and \u00e2\u0080\u009cMonster.\u00e2\u0080\u009d Throughout the record, RM raps about going from an underground rapper to an idol and gaining haters along the way.\n\nAgust D: Agust D was Suga\u00e2\u0080\u0099s first mixtape released in 2016 under his alias of the same name. It features 10 songs, including the title track, \u00e2\u0080\u009cAgust D,\u00e2\u0080\u009d in which the star disses his haters.\n\nHope World: J-Hope dropped his first mixtape in March 2018. The album takes fans on a journey of self-growth and reflection, as his songs dive deep into his thoughts on fame and success. Some of his lyrics reference Harry Potter, Twenty Thousand Leagues Under The Sea, and Alice In Wonderland, giving the record a feeling of nostalgia. To celebrate the third anniversary of his mixtape in March 2021, J-Hope surprised fans with a full version of his dreamy outro track \u00e2\u0080\u009cBlue Side.\u00e2\u0080\u009d\n\nMono: RM\u00e2\u0080\u0099s second mixtape, Mono, arrived in October 2018. The record had a much different sound than what fans heard on RM because it focused more on the rapper\u00e2\u0080\u0099s inner journey. Instead of trying to prove himself to anyone, RM used this mixtape as a form of self-reflection and healing. For example, in \u00e2\u0080\u009ceverythingoes,\u00e2\u0080\u009d the star reassures himself and listeners that any troubles they\u00e2\u0080\u0099re having will soon pass.\n\nD-2: Four years after the release of Agust D, Suga finally debuted his second mixtape in May 2020. Fans had a feeling new music was coming when Big Hit began doing a mysterious countdown on Twitter, teasing something would drop on May 23. When their countdown hit D-2, fans thought there were two more days left before the big reveal, but in a huge plot twist, it turned out to be the name of Suga\u00e2\u0080\u0099s mixtape, which arrived on May 21 instead. The same day, Suga shared his \u00e2\u0080\u009cDaechwita\u00e2\u0080\u009d music video featuring cameos from Jin and Jungkook.\n\nUpcoming Mixtapes: Jungkook and V have both confirmed they\u00e2\u0080\u0099ve got mixtapes coming. V said his mixtape will have a jazzy sound. He\u00e2\u0080\u0099s given fans a few sneak peeks of his record, so it\u00e2\u0080\u0099s likely coming out soon. As for Jungkook, he told fans in November 2020 his mixtape had been delayed. Since it\u00e2\u0080\u0099s been months since then, it\u00e2\u0080\u0099s possible he\u00e2\u0080\u0099s already finished it and is getting ready to drop it soon as well."
        },
        {
            "id": "9d4d5fb5c4e92cb1",
            "title": "14 Ways Your Life Gets Infinitely Better When You Stop Going Out",
            "content": "It's the beginning of a new year -- a year filled with so many opportunities and\u00c2 possibilities.\n\nIt's a time for a change and, at your age, you know exactly what change you want to make. Sure, you've told yourself time and time again you would make this change, but due to pesky little things like FOMO and peer pressure, you just haven't been able to\u00c2 do it.\n\nHave you figured out what change I'm referring to? That's right -- going out.\n\nIt doesn't matter if it's clubbing or just a \"casual\" bar (because everyone knows that no night is casual when alcohol is involved), we've been over this for months and even years, but we haven't done a damn thing about it.\n\nBut the time has come that\u00c2 we realize it's\u00c2 not normal to rock a mini dress in January and you shouldn't\u00c2 still be trying to figure out how to pace yourself (it's okay, I still am).\n\n\"But all my friends are going out I don't want to be the loser,\"\u00c2 you say to yourself every single weekend, which -- of course -- will only be\u00c2 followed by\u00c2 a brutal hangover the next day.\n\nWell, you know what actually makes you a loser? Going out just for the sake of it, and then beating yourself up over it the next day as you hug the toilet bowl for hours.\n\nSo if you still need more convincing on why it's better to stay in than it is to go out, here you go...\n\n1. You don't gain excessive weight or bloat\n\nAnd you know what that means... more calories to spend on foods you do actually like as\u00c2 you won't be wasting any empty calories on alcohol.\n\nAlso: You won't be making poor food choices in a blacked-out state. I mean, it's not like you would ever soberly inhale two pies of pizza... would you?\n\n2. You wake up not regretting every decision you made the night before\n\nYou didn't go out, didn't f*ck up and, as a result, you regret absolutely nothing! You know when you're filled with\u00c2 regrets?\n\nWhen you spend the entire night ripping tequila shots. Now you can trade those in for a nice date with Netflix.\n\n3. You're more productive on the weekend\n\nEveryone knows that terrible feeling on Saturdays and Sundays when you wake up miserably hungover. You lie and lie and suddenly it's 5 pm and you realize you haven't even left your apartment yet.\n\nFor someone who works a five-day work week, wouldn't you want to make the most of your free time instead of wasting it away?\n\n4. You save a sh*t ton of money\n\nWhen you're not waving around your Chase blue debit card and buying shots for strangers with nice shoes, you actually have enough money\u00c2 so you don't have to choose between paying rent and eating.\n\n5. You save friendships by avoiding drunk fights over where to get pizza\n\nWhat's the fastest way to ruin a friendship? That's easy: get in a fight over the stupidest things while you and your friend are wasted.\n\nNeither of you will really remember what happened and no one is going to apologize.\n\n6. You don't have to wonder what things you did or said because you weren't blacked out\n\nYou know exactly what you did because you stayed in! There is no anxiety or stress over things you may or may not have said because you avoided the entire situation.\n\nIf that isn't reason enough not to go out, then I don't know what is.\n\n7. You definitely won't be waking up to 60 tagged photos of you looking like Amanda Bynes\n\nEveryone is all too familiar with that little ping of panic when your Facebook notifies you about\u00c2 some newly\u00c2 tagged photos. Photos?! You don't even remember the night, the last thing you need to look at is photographic evidence.\n\n8. You save the few remaining brain cells you do have\n\nThe reason so many people dread Monday mornings isn't really because of their jobs, it's because they spent the past two nights binge-drinking and living in a state of hungoverness.\n\n9. You don't actively destroy\u00c2 your kidneys, liver and immune system\n\nThe more you drink, the more susceptible you make yourself to illness. And ain't nobody got time to deal with the common cold.\n\n10. Your relatives won't think you need to go to AA\n\nYour family dinners will now go from interventions to actual conversations! Thank God...\n\n11. That\u00c2 really expensive leather coat you just bought won't get lost\n\nBringing a jacket out with you at night is quite the difficult decision. You don't know if the place you are going to will have coat check and you definitely don't want to hold on to it the entire night.\n\nYour drunk self will definitely think leaving your coat in the corner is an OK\u00c2 move, but your sober self knows much, much better.\n\n12. And neither will\u00c2 your phone...\n\nThe video says it all.\n\n13. You can guarantee you will wake up in your own bed\n\nAnd whether\u00c2 you are alone or with company is completely up to your sober self.\n\n14. You won't have an unwarranted emotional breakdown\n\nThere's nothing that destroys a night quite like a massive influx of tears. The worst part of that whole situation is the fact that\u00c2 whatever it is you're upset about probably isn't even that big of a deal."
        },
        {
            "id": "5f03f6ad8a626f84",
            "title": "The 'Mary Queen Of Scots' Ratings Prove Fans Are Royally Thrilled",
            "content": "The December rush of films has begun. With a lack of Star Wars film holding back the would-be blockbuster hordes, the last month of the year has turned into a free-for-all with no less than 18 movies going into wide-release over 10 days. At the head of the rush is the Saoirse Ronan and Margot Robbie period piece based on two Elizabethan-era queens, which opens in limited release this weekend. The Mary Queen Of Scots ratings suggest this will be a costume drama worth watching.\n\nThe film is billed as a historical drama, but it's based on a non-fiction book, Queen of Scots: The True Life of Mary Stuart. Ronan stars as Mary and Robbie plays the Queen of England, Elizabeth I. To be clear, Ronan's character is not Mary I, Elizabeth's sister known as Bloody Mary. This is Mary Stuart, Queen of France and Scotland, who was Henry VIII's niece, making her and Elizabeth cousins. When she declared herself the rightful heir to the throne of England, the two became enemies.\n\nCritical consensus is the film is a smart political thriller, and Robbie and Ronan are both well cast as well as perfect foils for each other. The film is Certified Fresh on Rotten Tomatoes at 75 percent as of this writing.\n\nEntertainment Weekly says the film's keen feminist sensibilities and the director keep the movie on track:\n\nWhat keeps the film from feeling like period-piece amber... is the keenly feminist sensibility of first-time director Josie Rourke and the fierce charisma and complicated humanity of its two leads, sovereigns till the end.\n\nOver at USA Today, Brian Truitt gives the film a pass on any historical trespasses made in the name of a good movie:\n\nTwo crazy-good actresses and a modern political resonance rule in the 16th-century period drama Mary Queen of Scots, even if the film doesn't go all in on historical accuracy.\n\nAnd at Vanity Fair, Richard Lawson allows the film to slide into his good graces, even if period royalty is a bit overplayed right now.\n\nI report with uneasy surprise that, in that regard, Mary Queen of Scots, from theater director Josie Rourke, earns its spot on the royal register. But this should be the last one! Seriously this time.\n\nThe film is only opening in a few theaters this coming weekend, so there are no box office predictions for it yet. This will be the \"test the waters\" limited-release ahead of the full Dec. 14 opening. But the 14th is a crowded house, with Spider-Man: Into the Spider-Verse probably sucking up most of the oxygen, and Mortal Engines struggling to see if it has the gas to go anywhere.\n\nMary Queen of Scots isn't really playing for box office glory anyway, as this is a film prepped for the long haul in hopes of Guild and Oscar nominations come the beginning of the new year, when the real push to get audiences to see the film will hit their stride.\n\nFor those who love this sort of history stuff, get in before the crowds do. Mary Queen of Scots technically opens Dec. 7, but will not arrive in theaters near most people until Dec. 14."
        },
        {
            "id": "ffd9e6f902eccfaf",
            "title": "17 Times Singers Dissed Their Exes In Songs & Left Everyone Shook",
            "content": "If you're a drama lover, then you know few things are more exciting than the debut of a diss track. Over the years, there have been plenty of singers who have dissed their exes in songs (or are rumored to have written songs about their exes) following a messy breakup, and while they haven't all revealed the inspiration behind their lyrics, that hasn't stop fans from jumping to conclusions. What's even juicier is when two artists go their separate ways and decide to write diss tracks about each other. Double the drama, double the bops \u00e2\u0080\u0094 what's not to love?\n\nFor some singers, writing about a relationship gone wrong is a cathartic experience, and it makes sense. What better way is there to throw shade at a former lover than in a hit song? And while sometimes the resulting song is a heart-wrenching ballad like, \"Slide Away\" or \"Call Out My Name,\" other times fans are gifted with a bitter breakup bop, like \"Shout Out to My Ex\" or \"Fun Tonight.\" From subtle snubs to overt call-outs, here are just some of the most memorable diss tracks out there (and IMO, they're all awesome songs to listen to after a breakup).\n\nAriana Grande's \"Positions\" Heaven sent you to me / I'm just hopin' I don't repeat history Though Ariana Grande took an overt shot at several of her exes in 2019's \"thank u, next,\" fans think Grande subtly threw shade at her ex-fianc\u00c3\u00a9, Pete Davidson, with 2020's \"Positions.\" In the intro, Grande sings, \"I hope I don't repeat history,\" which some listeners interpreted as \"re-Pete\" history. Grande has never confirmed herself whether the perceived wordplay was intentional, but there are several other songs on Thank U, Next that are seemingly about Davidson as well.\n\nDemi Lovato's \"Still Have Me\" I'm a mess and I'm still broken / But I'm finding my way back / And it feels like someone's stolen / All the light I ever had Just days after her breakup with Max Ehrich, Demi Lovato released \"Still Have Me,\" and of course, fans assumed the breakup track is about her ex-fianc\u00c3\u00a9. Lovato never confirmed that's the case, but the lyrics are still pretty telling, TBH.\n\nJustin Bieber's \"Love Yourself\" My mama don't like you and she likes everyone / And I never like to admit that I was wrong / And I've been so caught up in my job, didn't see what's going on / But now I know, I'm better sleeping on my own While Justin Bieber has seemingly penned dozens of songs (both romantic and not-so-romantic) about his ex Selena Gomez, one of the shadiest is 2015's \"Love Yourself.\" Fans think the song title was perhaps inspired by Gomez's back tattoo \u00e2\u0080\u0094 which reads \"Love Yourself First\" in Arabic \u00e2\u0080\u0094 and though Bieber has never confirmed the breakup ballad is about her, he suggested as much during an interview with Ryan Seacrest. During an April 2015 appearance on On Air With Ryan Seacrest, Bieber opened up about Gomez's influence on his Purpose album as a whole. \"A lot of my inspiration comes from her,\" he said. \"It was a long relationship and a relationship that created heartbreak and created happiness, and a lot of different emotions that I wanted to write about.\"\n\nSelena Gomez's \"Lose You to Love Me\" I gave my all and they all know it / You turned me down and now it's showing / In two months, you replaced us / Like it was easy / Made me think I deserved it / In the thick of healing, yeah Gomez has also released tons of shady songs about Bieber both during and after their seven-year romance, including \"Same Old Love,\" \"It Ain't Me,\" and many of the songs on her Rare album, but the most overt is probably 2019's \"Lose You to Love Me.\" Fans interpreted the song as a direct response to \"Love Yourself,\" especially since Bieber notably started dating Hailey Baldwin two months after he and Gomez broke up for the final time. In the song, she also name-drops Purpose, Bieber's 2015 album, with the lyric \"set fire to my purpose.\" Soon after releasing the track, Gomez all but confirmed \"Lose You to Love Me\" is about Bieber during an October 2019 On Air With Ryan Seacrest appearance. \"I wrote this song over a year ago. I feel completely different from when I wrote it,\" she said. \"It's more beautiful for me because I know exactly where I was when I wrote it and how I felt.\"\n\nBella Thorne's \"SFB\" You wanted me for clout, and I should've thrown you out / But I never resist the way you bite your lower lip Bella Thorne didn't have to tell anyone 2020's \"SFB\" is about Tana Mongeau \u00e2\u0080\u0094 the lyrics say it all. Although the two seemingly ended things amicably in February 2019 after dating for over a year, the lyrics of \"SFB\" hint they aren't on good terms anymore. In the song, Thorne accused Mongeau of only using her for clout, and she also appeared to shade her ex for opening an OnlyFans account right after her. While Throne hasn't explicitly confirmed the song is about Mongeau (despite casting a Mongeau lookalike in the video), Mongeau's reaction video to \"SFB\" makes it clear how she feels about the perceived shade.\n\nEd Sheeran's \"Don't\" And I never saw him as a threat / Until you disappeared with him to have sex, of course / It's not like we were both on tour / We were staying on the same f*cking hotel floor During a Click 98.9 radio interview in September 2013, Ed Sheeran said he and Ellie Goulding briefly dated earlier that year. The following year, he released the song \"Don't\" \u00e2\u0080\u0094 which was reportedly written about Goulding allegedly cheating on him with Niall Horan while they were staying the same hotel \u00e2\u0080\u0094 so I think it's safe to say things didn't end well. Sheeran seemingly confirmed the rumors about the inspiration for \"Don't\" during an October 2014 interview with The Sun. \"I got over the anger the moment I wrote the song,\" he said. \"That's the end of it. I'm grateful I could get a song out of it, to be honest.\" However, he later denied saying \"Don't\" was about Goulding during a May 2015 interview with Entertainment Tonight... though fans are still unconvinced.\n\nEllie Goulding's \"On My Mind\" Next thing that I know I'm in the hotel with you / You were talking deep like it was mad love to you / You wanted my heart but I just liked your tattoos In 2015, Goulding released \"On My Mind,\" which fans interpreted as a response to Sheeran's \"Don't.\" The song alludes to a relationship one person took more seriously than the other \u00e2\u0080\u0094 as well as to a guy with a notable collection of tattoos. Hmm... During a September 2015 interview with MTV News, Goulding said she didn't mind fans speculating about the song's meaning, though she claimed it wasn't about a particular person. \"I'm sorry to all the people that want it to be about someone \u00e2\u0080\u0094 it's not, it's like a myth,\" she said, adding, \"People can read into it however they want. It's fun to do that. I would do that, too.\" Again, fans remain skeptical.\n\nJhen\u00c3\u00a9 Aiko's \"Triggered\" Who am I kiddin'? / Knew from the beginnin' / You'd ruin everything, you do it every time / You are my enemy, you are no friend of mine If you're familiar with Big Sean and Jhen\u00c3\u00a9 Aiko's wild relationship timeline, then you likely understand why fans immediately knew 2019's \"Triggered\" was about Sean. Aiko released the song right around the time of their March 2019 breakup, and during a February 2020 interview with Essence, she opened up about Sean's reaction to the song. \"He was just like, 'Wow, I'm not your friend,'\" she said. \"I was like, 'Well, I was feeling that in the moment. This is just a song.' ... Those are the things that I may feel, and I know that they are irrational and coming from just an angry emotional place, but that's what's so beautiful about art is that you can just throw paint on a blank canvas, and do something crazy and that's your release.\" Luckily, by the end of 2019, Sean and Aiko were able to reconcile.\n\nThe Weeknd's \"Call Out My Name\" I said I didn't feel nothing, baby, but I lied / I almost cut a piece of myself for your life / Guess I was just another pit stop / 'Til you made up your mind / You just wasted my time Fans suspect there are several songs on My Dear Melancholy inspired by Gomez, but it definitely seems as though The Weeknd's \"Call Out My Name\" is about his ex, who he dated for a little under a year. The breakup ballad seemingly alludes to Gomez's kidney transplant (and The Weeknd even suggests he was a potential donor), and it possibly shades Gomez for getting back together with Bieber soon after he and Gomez split in October 2017. Though The Weeknd later confirmed the 2018 album was about his own personal experiences, he replied, \"No comment\" when asked by Esquire in August 2020 if someone in particular inspired those songs.\n\nMiley Cyrus' \"Slide Away\" Move on, we're not 17 / I'm not who I used to be / You say that everything changed / You're right, we're grown now Miley Cyrus is no stranger to throwing shade at exes (please see her 2008's bop \"7 Things\"), but her 2019 song \"Slide Away,\" which is reportedly about her divorce from Liam Hemsworth, hits particularly hard. The track was released just days after the two announced their decision to separate in August 2019 after 10 years together, and the music video seemingly included nods to their relationship. Fans also think she threw shade at Hemsworth during her VMAs performance of the song, when she changed the lyrics to \"You're right, I'm grown now.\" During an August 2020 interview with Apple Music's Zane Lowe, Cyrus said she wrote the song months before her marriage actually came to an end. \"I wrote 'Slide Away' in February of the year before. And I just keep speaking these things into existence,\" she said.\n\nHalsey's \"Without Me\" And then I got you off your knees / Put you right back on your feet / Just so you can take advantage of me G-Eazy and Halsey's split was anything but amicable, and both artists threw plenty of shade at each other following their split. Not long after their second breakup, Halsey released \"Without Me\" in October 2018, and the singer made it clear the song was about G-Eazy. \"I have to be honest, [writing \"Without Me\"] led me to my decision [to break up with G-Eazy] at that time,\" Halsey told Zach Sang in an October 2018 interview, explaining that the song actually preceded their split. \"I listened to what I wrote and went, 'Oh my god, is that how I feel? If that's how I feel I need to put the pause on this thing right now. I'm obviously talking about my relationship.' So the song happened first. And it was, just like, this moment of like sincerity.\"\n\nG-Eazy's \"Had Enough\" Uh, rebounds, I see who I'm replaced with / You took no time, you can't waste it / You drag my name, I don't say sh*t / But let somebody say 'G-Eazy' you go ape sh*t / Thank God we stayed split Though G-Eazy never directly responded to Halsey's criticism, fans are pretty certain his 2020 song \"Had Enough\" is a diss track aimed at his ex. In the song, he refers to an ex who took \"no time\" to replace him (seemingly alluding to how Halsey moved on with Yungblud following their split). He also seemingly referred to the time Halsey called out a troll who said G-Eazy's name during their pre-Super Bowl concert. G-Eazy has yet to confirm whether the song is actually about Halsey.\n\nLittle Mix's \"Shout Out To My Ex\" Heard he in love with some other chick / Yeah yeah, that hurt me, I'll admit / Forget that boy, I'm over it / I hope she gettin' better sex / Hope she ain't fakin' it like I did, babe / Took four long years to call it quits / Forget that boy, I'm over it A year after Perrie Edwards and Zayn Malik called off their engagement in 2015, Edwards' band Little Mix released the song \"Shout Out to My Ex,\" and the lyrics seemed to take allude to Edwards' messy split. In the song, Edwards (who dated Malik for four years) also seemingly calls out her ex for moving on so quickly with Gigi Hadid. Though fans still think the song was penned with Malik in mind, Edwards told E! News during a December 2016 interview the song was more about breakups in general. \"We just thought, 'You know what? Women need to feel empowered,'\" she said. \"Everybody needs to feel empowered after a breakup, and we feel like this song can relate to everyone because everybody's had an ex.\"\n\nJustin Timberlake's \"Cry Me A River\" You don't have to say, what you did / I already know, I found out from him / Now there's just no chance / With you and me / There'll never be After Britney Spears and Justin Timberlake went their separate ways in 2002 after three years together, Timberlake seemingly responded with \"Cry Me a River,\" which he dropped soon after their split. In his 2018 book, Hindsight: & All the Things I Can't See in Front of Me, the former NYSNC member all but confirmed \"Cry Me a River\" was about his breakup with Spears. \"I wrote 'Cry Me a River' in two hours. I didn't plan on writing it,\" he explained, per People. \"The feelings I had were so strong that I had to write it, and I translated my feelings into a form where people could listen and, hopefully, relate to it.\" If the shade wasn't obvious enough, Timberlake also cast a Spears lookalike in the music video. During a March 2011 interview with Rolling Stone, Spears shared her reaction to the stunt (as well as his cheating accusations). \"I think I was in shock, to be honest,\" she said. \"I didn't know what to say, what to do. That was the last thing I ever thought somebody might do. I was really shocked sh*tless. But you live and you learn.\" Timberlake has since faced backlash for painting Spears in a negative light and controlling the narrative after their messy split.\n\nTaylor Swift's \"Dear John\" Dear John, I see it all, now it was wrong / Don't you think nineteen is too young / To be played by your dark twisted games, when I loved you so? Though Taylor Swift has reportedly written shady songs about several exes (including Harry Styles, Joe Jonas, Calvin Harris, and Jake Gyllenhaal, among others), the most obvious diss track is 2010's \"Dear John,\" which reportedly refers to her short-lived relationship with John Mayer. Swift and Mayer dated in 2009 when Swift was 19, and apparently, it didn't end well. During a June 2012 interview with Rolling Stone, Mayer made it very clear he wasn't pleased with the song. \"It made me feel terrible. Because I didn't deserve it,\" he said. \"I'm pretty good at taking accountability now, and I never did anything to deserve that. It was a really lousy thing for her to do.\" Swift has never responded to the claims or Mayer's criticism.\n\nJohn Mayer's \"Paper Doll\" You're like 22 girls in one / And none of them know what they're runnin' from / Was it just too far to fall? / For a little paper doll Fans are pretty sure Mayer's 2013 song \"Paper Doll\" was written as a response to \"Dear John,\" especially since he seemingly refers to Swift's song \"22\" in one of the lyrics. When asked during a July 2013 appearance on the Today show whether Swift inspired the song, Mayer gave a cryptic answer. \"Yeah, songwriters write songs because of people, about people,\" he said. \"Anything someone else wrote is their reception of a song. I don't get involved with [it]. It's none of my business.\"\n\nLady Gaga's \"Fun Tonight\" You love the paparazzi, love the fame / Even though you know it causes me pain / I feel like I'm in a prison hell / Stick my hands through the steels bars and yell After releasing one song inspired by an ex-fianc\u00c3\u00a9 (2016's \"Perfect Illusion\" is about Taylor Kinney, FYI), Lady Gaga seemingly used her second broken engagement for inspo when she wrote 2020's \"Fun Tonight.\" Fans think the ballad refers to her breakup with Christian Carino, who she was with for two years before they called off their engagement in February 2019. Gaga's \"Fun Tonight\" lyrics allude to an ex's obsession with fame, which seem to echo what a source reportedly claimed to Us Weekly in March 2019 about the former couple's decision to split. The source reportedly claimed, \"Chris didn't treat Gaga very well toward the end of their relationship,\" adding, \"he was jealous\" and \"trying to find her all the time and texted her a lot.\" However, Gaga has yet to confirm herself whether she had Carino in mind when the song was created."
        },
        {
            "id": "d95eb3ae90115f55",
            "title": "The Strongest Starbucks Drinks That Will Actually Keep You Awake, Ranked",
            "content": "I am completely unashamed to say that Starbucks is one of my favorite places on earth for a multitude of reasons. Aside from the fact that I can literally get whatever my heart desires, Starbucks\u00e2\u0080\u0099 strong, caffeinated drinks are like heaven \u00e2\u0080\u0094 and to be honest, that's all I ever really need for a successful day. If life is getting you down, or if you just need coffee to give you a little extra energy, this list of the strongest Starbucks drinks will most definitely pick you up.\n\nIt's pretty hard for me to pick my favorite Starbucks drink because it all depends on what I'm in the mood for. When I'm feeling like getting a little cozy, I'll most likely order a soy latte \u00e2\u0080\u0094 and if I'm feeling super active, there's definitely a chance I'll be ordering something with matcha or espresso in it. My order always depends on my mood and \u00e2\u0080\u0094 most importantly \u00e2\u0080\u0094 how much caffeine I'm looking for.\n\nSince caffeine pretty much fuels my entire day, I looked into which drinks I can rely on to have the most oomph to them. Aside from keeping you bright-eyed and bushy-tailed, the most caffeinated drinks at Starbucks are also guaranteed to be really freaking delicious.\n\nHot Coffee Believe it or not, it\u00e2\u0080\u0099s not the souped-up cold brews or espresso shots that\u00e2\u0080\u0099ll give you the biggest buzz at Starbucks. If you want the strongest drink to start your morning, just stick to their hot brewed coffee. A grande Blonde Roast will hit you with 360 whopping milligrams of caffeine. If that\u00e2\u0080\u0099s a little extra for you, try the Pike Place Roast, which comes in at 310 milligrams for the same size. You can also go for the Dark Roast, which sits a little lower at 260 milligrams. A hot cup of joe might not be the most glamorous thing on the coffee giant\u00e2\u0080\u0099s menu, but it\u00e2\u0080\u0099ll get your day started off on the right foot for sure.\n\nNitro Cold Brew Everyone loves a classic cup of cold brew, and it's even better when it\u00e2\u0080\u0099s infused with nitrogen. According to Starbucks, adding nitrogen to cold brew gives it a naturally sweeter flavor and a softer, more velvety texture. It'll give you a ton of energy, too, with an impressive 280 milligrams of caffeine in a grande. If you\u00e2\u0080\u0099d rather enjoy your Starbucks at home, you can get the Nitro Cold Brew in a can, too. The 9.6-ounce cans have 155 milligrams of caffeine and come in three different flavors: Black, Dark Caramel, and Vanilla Sweet Cream. You can find them at grocery stores across the country.\n\nIced Blonde Caff\u00c3\u00a8 Americano Ah, the famous Blonde espresso. It's light, sweet, and you don't realize that it packs a punch until you've already downed a decent amount of it. According to Starbucks, when multiple shots of the Blonde are combined with water, it gets kind of creamy \u00e2\u0080\u0094 and with a little added ice, you'll have yourself an Iced Blonde Caff\u00c3\u00a8 Americano. With such a sweet and delicious taste and 255 milligrams of caffeine, you won't even realize you're getting a massive caffeine buzz. If you\u00e2\u0080\u0099re looking for a little less of a boost, try a regular Caff\u00c3\u00a8 Americano. A grande has 225 milligrams of caffeine, and you can get it iced or hot.\n\nCold Brew An OG favorite, a Grande Starbucks\u00e2\u0080\u0099 Cold Brew will give you 205 milligrams of caffeine. According to the Starbucks website, the brew is made daily in small batches and steeped for over 20 hours. Catch me in the middle of winter in 15-degree weather, and I\u00e2\u0080\u0099ll still be sipping on this.\n\nIced Latte Macchiato The Iced Latte Macchiato is a totally new twist on an old favorite. Per the Starbucks website, the refreshing drink is a dangerously tasty combination of espresso shots, whole milk, and ice, resulting in a super roast-y taste. With 225 milligrams of caffeine, this drink is not only super tasty, but it also packs an icy punch to conquer any rough day, math test, or hangover.\n\nStarbucks Double Shot Energy Amazon Labeled as an \"energy coffee beverage\" the Starbucks Double Shot Energy is a ready-to-drink beverage that you can store in your bag for later. According to the Starbucks website, it comes in several flavors including Vanilla, Mocha, Coffee, White Chocolate, and Mexican Mocha. It's enhanced with ginseng, guarana, Vitamin B, and, of course, Starbucks coffee. It has a hefty 146 milligrams of caffeine to get you through the day, so it should definitely be a top contender for any and all of your on-the-go energy needs.\n\nStarbucks Plus K-Cups If your body is craving some good old-fashioned caffeine without having to leave the house, rejoice, because Starbucks Plus K-Cups have double the caffeine of a regular Starbucks K-Cup. Starbucks Plus K-Cups include a whopping 260 milligrams of caffeine, so they're definitely strong AF. Plus, there\u00e2\u0080\u0099s plenty of variety: They come in Blonde Roast, Medium Roast, and Dark Roast."
        },
        {
            "id": "d830c4908b717c7c",
            "title": "8 Best Apple Recipes After Hitting Up The Apple Orchard With Your Girls",
            "content": "It's\u00c2 officially the season of apple picking, pumpkin patching, drinking lots of apple cider, wearing flannel shirts on the regular, and soaking up every perfectly temperate day. It's fall, my friends. Though this season can translate to a busy schedule for many, it's without a doubt the best time of year for fun activities with your girl crew. And what's the best way to end an exceptional weekend\u00c2 with the squad? By cooking and baking some super Instagammable treats, of course. Get your aprons out, ladies, because we have some of the best apple recipes for a successful day at the apple orchard.\n\nBaking with your friends is obviously a great way to have fun, and the best part about it is you'll be able to savor a variety of deliciously sweet treats.\u00c2 You'll\u00c2 inevitably make some memories in the kitchen, and you'll be bonding over an activity that allows you to put the phone down for a bit and focus on your main people. In the midst of all of your hectic schedules, baking together is a solid opportunity for catching up on some essential girl gossip.\n\nIf you're not the most incredible baker in the world, that's totally OK. With\u00c2 YouTube, there's no struggle to learn how do something or find a good ingredient substitute. To make your life even easier, here are eight of the very best recipes to put together with all of those yummy apples you picked with the girls.\n\n1. Karlie Kloss' Spectacular \"Apple\u00c2 Krisp\" Recipe\n\nWhat's not to love about this tutorial? The incredible Karlie Kloss is leading the baking for this recipe, so you know you're going to whip up something incredibly delicious. I don't know about you guys, but I want to try this \"apple krisp\" ASAP.\n\n2.\u00c2 Adorable Apple Roses That Are (Almost) Too Sweet To Eat\n\nHow sweet and beautiful are these little apple roses? Your Instagram will certainly appreciate these gems. Not only do they look amazing, but you know\u00c2 they taste that way, too. The ingredients highlight honeycrisp apples, apricot preserves, and more, so you really can't go wrong.\n\n3. Apple Crumb Muffins Sent Directly From Fall Heaven\n\nLet's all be honest, here: How can you pass up a muffin fresh out of the oven?\u00c2 Put your crew's apples to good use with this yummy apple crumb muffin recipe. The surprise ingredient featured in this tutorial? Greek yogurt.\n\n4. Dutch Apple Pie Cookies, Baked To Perfection\n\nIf you want to switch up your chocolate cookie baking skills for something seasonal, this is the recipe for you. You absolutely must try putting these together with the squad. The best part about them is the apple filling.\n\n5. A Super Sweet Take On Your Freshly Picked Apples\n\nIf you and the girls\u00c2 really\u00c2 aren't into baking, this simple dessert is totally meant for all of you. You can't go wrong; it's as easy as scooping out the apples, putting in a few ingredients, and letting them bake. Your taste buds will certainly fall in love.\n\n6. The Best Apple Bread You've Ever Tasted\n\nThis recipe calls for just 12 ingredients, and most of them are kitchen staples, so you don't even have to worry about drawing straws to see who has to run to the store. It's a relatively quick process to prep, so if you're new to baking and intimidated by following a lot of steps, don't fret. Just imagine that warm apple aroma filling the house...\n\n7. Forget The Fair And Make These Fritters At Home\n\nI honestly squealed a little bit when I saw this delightful recipe. Let's just say that you can't really steer me wrong with fried apples and dough. DIY apple fritters are just what the doctor ordered (or something like that).\n\n8. These Festive AF Apple Cinnamon Rolls\n\nI had to save my favorite for last, and this recipe does\u00c2 not\u00c2 disappoint. Yes, we're talking about caramel apple cinnamon rolls, people. Just watch the video and you'll be super impressed. The little helper in the tutorial makes it all the more sweeter."
        },
        {
            "id": "3a2a2eb5d1dcd4fc",
            "title": "11 Latinx Beauty YouTubers To Follow For All The Makeup Tutorials",
            "content": "Even on your busiest days, there is always time for a beauty tutorial. Whether you're going on a date, to a party, or just running errands, there are an infinite amount of ways, bold and subtle, you play around with your makeup. If you're ready to try something new, peep these Latinx beauty YouTubers for all your makeup needs. From quickly getting ready in the morning to doing full-out glam, you'll be able to tackle a whole new level of makeup artistry with these gurus on your side.\n\nAs if you needed more reason to expand your BeauTuber pool, it's currently Latinx Heritage Month. Now and always, it's high time to celebrate the many different figures who make up the Latinx community, and there's no better or easier way to do that than by uplifting and supporting Latinx creators. By simply following these BeauTubers and consuming their content, you'll help them continue to reach a huge audience. Not to mention, their content is brimming with tons of tips and looks you'll want to try out ASAP.\n\nBe it that you're new to makeup or have been practicing for years, there are plenty of Latinx beauty vlogger tutorials out there to inspire you. And if you're in need of sprucing up your own makeup stash before you get started, check out these Latinx-owned beauty brands. Now that you're properly prepared, scroll below to see some must-follow Latinx BeauTubers. (Stay awhile and watch their videos, while you're at it.)\n\nWith everything from tutorials to reviews to affordable beauty looks, iluvsarahii has all the content you need to be an informed beauty lover. Her channel is a great mix of complicated cut-creases and very simple looks that are all easy follow.\n\nIf you've been on beauty YouTube for a while, you've definitely fallen in love with Manny Mua's effervescent, bubbly personality. His energy will not only immediately put you in a good mood, but also his ability to constantly turn out bold, glam looks is nothing short of impressive.\n\nWhile Denise As I Am isn't afraid to play with color, she mostly sticks with stunning neutral looks that will fit every event and any outfit. She also posts tons of tips about skincare, so you can perfect your routine from beginning to end.\n\nI, for one, don't always like going through the classic steps of completing a full beauty look. Often I like to skip foundation or find a quick way to apply blush rather than spend minutes blending and building, which is why I love Camila Coelho's channel so much. Alongside her more complex glam looks (and impeccable sense of fashion), she also has tutorials for those days when you want to wear some makeup, not all of it.\n\nAfro-Latina beauty vlogger MonicaStyle Muse is a must-follow if you're just entering the makeup world. She shares simple looks you can recreate in 20 minutes or less, as well as her favorite, must-have, affordable products. Prepare to add all her suggestions to your cart.\n\nFor all the tea on clean beauty, check out SunKissAlba's channel. She has advice for bringing natural products into every part of your life, and her makeup tutorials are the end-all-be-all of creating the no-makeup makeup look.\n\nNena's color-filled beauty tutorials will brighten your life immensely. TBH, even if you don't try them yourself, they're just mesmerizing to look at. She zooms in on her application, so you can recreate her intricate looks step by step, and then end result is oh-so-satisfying.\n\nOne of the best parts about Christen Dominique's videos is that she doesn't shy away from a theme. From the season at the time to her favorite drink, Dominique tailors looks for many situations, meaning she has a wealth of unique tutorials to get you in the mood to celebrate just about anything.\n\nCult-favorite beauty products come and go as quickly as the wind, and if you've ever wondered if the latest viral product is any good, Iris Beilin has the answers. She's constantly testing out and comparing different products, so you can know in an instant what's worth it and what's not.\n\nA ~lewk~ is rarely complete without a bomb hairstyle, and Nicole Guerriero has tutorials for both. That way, you can take both your makeup and your hair game to the next level and be ready for anything, anytime, anywhere.\n\nLet's be real, few beauty YouTubers are as hilarious to watch as KathleenLights. Her content is helpful, engaging, and, most importantly, honest, meaning you know you're going to get the truth about a product or routine when you watch her videos."
        },
        {
            "id": "7050ff9b45e7b9ce",
            "title": "Hannah Ann Sluss' Quote About Tyler Cameron Is So Flirty",
            "content": "If you're a diehard Bachelor Nation fan, you absolutely need to hear what Hannah Ann Sluss said about Tyler Cameron. The Bachelor contestant appeared on The Ellen DeGeneres Show on March 12, where she played a game with the host called \"Hannah Ann-swers.\" When DeGeneres asked if Sluss is single, she replied, \"Yes, and ready to mingle.\" Flirty, right? Just wait \u00e2\u0080\u0094 it gets better.\n\nThe real juice came when DeGeneres asked Sluss which Bachelor Nation alum she'd be most interested in dating. \"I think this is the easiest question... Tyler Cameron,\" she said, giggling. \"I mean... yeah.\"\n\nSluss also threw a slight jab to her ex Peter Weber. When asked if the pilot was a good kisser, Sluss simply responded with this shady remark: \"I don't know about that one.\" Oof.\n\nOh, also, if you're just loving Sluss' vibe right now and are stressing about not having her grace your television screen on a weekly basis anymore, don't worry. Weber's ex-fianc\u00c3\u00a9e also hinted she may be going on Bachelor In Paradise. \"There might be a bikini waiting for me,\" she said. \"I don't know, I don't know, maybe!\"\n\nSluss got engaged to Weber during the final episode of The Bachelor. The couple broke up a month after the proposal was filmed because Weber still had lingering feelings for Madison Prewett, who had eliminated herself from the show the day before the final rose ceremony.\n\nJon Kopaloff/Getty Images Entertainment/Getty Images\n\nSluss took the breakup like a champ, and when Chris Harrison asked for her final words to Weber during \"After the Final Rose,\" she delivered with these epic parting words:\n\nPeter, we\u00e2\u0080\u0099ve been through a lot together. I should have really picked up on the first red flag that you gave to me was when you wanted to reach out to Hannah Brown to find closure with her, so really \u00e2\u0080\u0094 looking back on it \u00e2\u0080\u0094 our engagement involved three women: me, you still being in love with Madison and proposing to me, and you needing closure with Hannah Brown. That\u00e2\u0080\u0099s three women involved in our engagement that I was completely blindsided to. So, a word of advice: If you want to be with a woman, you need to become a real man.\n\nLegend."
        },
        {
            "id": "08253d66aac4aa4f",
            "title": "The E.L.F Acne Fighting Foundation Reviews Mean This Product Is Flying Off Shelves",
            "content": "Finding foundation for acne-prone skin is like Prince Charming's search for the owner of the glass slipper. You'll have to try dozens (if not hundreds) of options before you find the one. However, once the shoe fits, you'll wear it forever. The E.L.F. Acne Fighting Foundation reviews prove this formula is more rare and precious than Cinderella (sorry, sis). Not only will it cover any redness and dark spots associated with active and healing breakouts, it will also help to heal them over time with the power of salicylic acid, witch-hazel, camphor, tea tree, and aloe. You might have to search far and wide throughout the drugstore kingdoms to find one, but once you do, you'll live happily ever after.\n\nNow this foundation might be one of the best-kept secrets of the beauty industry. It's been out for three years, but it only started blowing up in the recent weeks. For $6, it will conceal current breakouts and scarring while preventing future damage to your skin \u00e2\u0080\u0094 the ultimate win-win situation. TBH, I'm not surprised that those who knew and loved the foundation well kept this magic potion to themselves. Now that the cat's out of the bag, it's nearly impossible to get.\n\nE.L.F Acne Fighting Foundation, $6, E.L.F Cosmetics\n\nThe E.L.F Acne Fighting Foundation comes in five shades: Porcelain, Buff, Beige, Sand, and Caramel. Out of the five hues, only Caramel isn't sold out at the moment. There are over a thousand reviews on the market with over a 4-star rating on the E.L.F. website, and for good reason. This foundation gives full coverage without caking up on acneic and oily skin types, which is a miracle in itself. Generally, many matte foundations with high pigment loads might separate or create texture dry patches or areas where acne is occurring. All the reviews say roughly the same thing: The foundation is a cult favorite, the only one that will work for some of the E.L.F. customers. However, no one has been able to find this product in store or online for months.\n\nThe ingredients might be responsible for the true addiction this foundation has created in its wearers. Salicylic acid exfoliates the skin by diving deep into the pores. It works two-fold by dissolving the dirt, debris, and oil that cause acne, and by loosening the glue that holds surface skin cells together. This means salicylic acid will help to prevent future breakouts and will help current breakouts to disappear more quickly.\n\nWitch hazel is a natural astringent that removes excess oil from skin. It soothes red and irritated skin, and helps to reduce swelling (sounds familiar, my fellow acne-prone friends). Witch hazel can provide you with some much-needed relief.\n\nThe final few ingredients (camphor, tea tree, and aloe) help to disinfect and soothe skin. Thanks to the composition of the product, the formula will help heal your current breakouts and actively fight future breakouts before they even occur.\n\nOily and normal skin types are loving this $6 foundation. They rave about the finish, the texture, and longwear of the foundation. The only major downside is the limited shade range (make more colors, E.L.F.!) and that the coverage of the foundation alone might not be enough to cover really stubborn blemishes. Using a green color corrector or a concealer is definitely enough to solve the problem, though.\n\nIt does work some magic, overall. Because there are only five shades, many YouTubers have to mix in lighter or deeper shades to get the foundation to match them.\n\nIt also looks like there are less shades on the E.L.F. website than there used to be: Is this foundation getting discontinued? Are they preparing for a relaunch? Who's to say, but those who stan the foundation are definitely hoping for the latter.\n\nIf you find this product in Target, on Amazon, or on the E.L.F. website, snag as many $6 bottles as your wallet can handle."
        },
        {
            "id": "82861313a968b1da",
            "title": "The Best Movie Soundtracks Were So Good, They'll Live On Forever",
            "content": "What's a movie without the music? A solid soundtrack can truly make or break the cinematic experience, and there's a long list of films that prove that. A perfectly curated collection of songs can heighten emotion, add dramatic effect, or make for a picture-perfect happy ending, and some soundtracks have cemented themselves as being equally iconic as the film it accompanied. The 20 best movie soundtracks were so good, every film buff should have them on their radar.\n\nIt's hard to imagine what the Wizard of Oz would be without Judy Garland's \"Somewhere Over The Rainbow,\" and 1987's Dirty Dancing simply wouldn't be the same without \"I've Had The Time of My Life.\" These songs made for defining moments in each respective film, and while actors get a lot of the attention, it's the people behind the scenes really making the magic happen. At the same time, these songs were so loved, they became standalone hits, taking on a life of their own on radio and mainstream music charts.\n\nOn set, a music director is responsible for overseeing the overall atmosphere of the music, and it's an essential job when it comes to making a flawless film. There's even an Oscar category for Best Original Score \u00e2\u0080\u0094 a nod to the importance of queueing up the right music.\n\nThese movie soundtracks are so good, you won't want to hit the \"skip\" button on a single song.\n\n1. 'Titanic' (1997) When it comes to feature film theme songs, few are as iconic as Celine Dion's \"My Heart Will Go On,\" which appeared on the November 1997 soundtrack for Titanic. The opening notes of the heartbreaking ballad instantly conjure up the image of Rose and Jack on the famed ship. A tear-jerker, but a classic. The song was such a hit, it won Record of the Year at the Grammys and debuted at No. 1 on the Billboard Hot 100 chart. The rest of the movie's soundtrack was equally as impactful,at least emotionally.\n\n2. 'Tarzan' 1999 Phil Collins' \"You'll Be In My Heart\" was the perfect romantic bop to coincide with Tarzan and Jane's jungle romance. In fact, it won a Golden Globe Award for Best Original Song. The full soundtrack for Tarzan was a wild ride, also including standouts like \"Trashing The Camp\" and \"Strangers Like Me.\"\n\n3. 'The Bodyguard' 1992 The Whitney Houston-led soundtrack featured in The Bodyguard couldn't have been any more soulful, making it just the right fit for the emotional roller coaster of a film. Not only did Houston have a direct hand in making the soundtrack, but it broke sales records, becoming the best-selling soundtrack of all time. Standout songs included \"Queen of the Night,\" I Will Always Love You,\" and \"I Have Nothing.\"\n\n4. 'Clueless' 1995 The Clueless soundtrack was as fun-loving as its focal character Cher Horowitz. With '90s superstar artists like Radiohead and Beastie Boys, it's sure to give you a dose of nostalgia. The intro track, The Muffs' \"Kids In America,\" is a standout and perfectly embodies the film.\n\n5. 'Pretty In Pink' 1986 Pretty In Pink is synonymous with the '80s, and Molly Ringwald's on-screen portrayal of Andie Walsh stole teen hearts everywhere. If you were a mega-fan of the film, you probably had the soundtrack at home as well, which held a number of famous '80s hits such as \"Please, Please, Please Let Me Get What I Want.\" The song is an undeniable Smiths classic and endured into the 21st century.\n\n6. 'High School Musical' 2006 Disney has a knack for making feature films with well-known soundtracks, but High School Musical truly took things to the next level. The film became a tween sensation, and its' soundtrack, featuring future mega-star cast members like Zac Efron and Vanessa Hudgens, had fans all in this together learning every word (see what I did there?).\n\n7. 'Pulp Fiction' 1994 Quentin Tarantino' s 1994 film became a cult classic, and its' soundtrack was equally as unforgettable. From Kool & The Gang to John Travolta, the soundtrack showcased music from nearly every decade.\n\n8. 'Juno' 2007 Juno's soundtrack was an indie music lover's dream come true. The movie was released in 2007 as an indie film, and it became the most-successful independent movie since 2002\u00e2\u0080\u0099s My Big Fat Greek Wedding. As for the director's music choice, he kept the ~cool~ underground vibes going with tunes from Buddy Holly, The Kinks, and Sonic Youth.\n\n9. 'Breakfast At Tiffany's' 1961 Breakfast At Tiffany's exudes glamour from start to finish, and the Henry Mancini orchestra brought that ambiance to life full force. Comprised entirely of songs from the prolific composer, the dreamy soundscapes will transport you back to the '60s.\n\n10. 'A Star Is Born' 2018 Lady Gaga and Bradley Cooper's on-screen romance was so convincing in A Star Is Born, fans speculated it was actually the real deal. That ultimately wasn't the case, but the ultra-romantic soundtrack (and their steamy performances) for the film sure helped sell the narrative. \"Shallow\" was a soundtrack standout, and the co-stars united for a performance of the song at the 2019 Academy Awards.\n\n11. 'Dirty Dancing' 1987 True to it's title \u00e2\u0080\u0094 the soundtrack for the 1987 film will have you up and dancing, and the mix of slow bops and up-tempo anthems leaves something fo everybody. For the last dance of the night, you're going to want to toss on \"Time of my Life.\"\n\n12. 'Dazed and Confused' 1993 Dazed and Confused was released in 1993, but it took place in the groovy era of 1976. With a raucous collection of '70s hits packed into the soundtrack, it couldn't have been a better representation of the decade of peace and love.\n\n13. 'Almost Famous' 2000 The only thing more iconic than Kate Hudson's fashion in Almost Famous? The music that plays throughout the movie The rock n' roll-centric film has a rocking soundtrack, with no shortage of The Who and Led Zeppelin.\n\n14. 'The Lion King' (Live Action) 2019 Disney's 2019 remake of The Lion King featured a star-studded cast including Beyonc\u00c3\u00a9 and Donald Glover, who both appeared on the film's soundtrack. Much of the album revisited the music from the original film, a testament to the timeless quality of the 1994 classic's music. The movie's reinterpretation of \"Can You Feel The Love Tonight\" became a hit with fans, and the soundtrack even brought back Hans Zimmer, who worked on the original soundtrack in the '90s.\n\n15. 'Saturday Night Fever' 1977 You're going to want to break out your dance shoes for a Saturday Night Fever listening party. With more than a dozen '70s disco tunes, the album will have you ready to dance the night away John Travolta style. His \"Stayin' Alive\" scene was undoubtedly one of the most memorable from the film, and popularized the song to the point of becoming a dancefloor staple.\n\n16. 'Grease' 1978 It was only fitting that multiple John Travolta films made this list. After being cast in Grease, one of the most successful movie musical films of all time, Travolta solidified himself as a dancing machine, and the soundtrack will have you feeling like a dancing machine yourself.\n\n17. 'Purple Rain' 1984 In 1984's Purple Rain, Prince plays a character largely based on himself, so it's a colorful film, to say the least. The rock musical featured a nine track collection of songs and became Prince's first album to reach number one on the Billboard 200.\n\n18. 'Black Panther' 2018 A hip-hop heavy soundtrack from start to finish, Black Panther's soundtrack showcased the talents of Travis Scott, SZA, Kendrick Lamar, and more. The Marvel movie became a box office hit, and the soundtrack was nominated for Album of the Year at the 2019 Grammy Awards and took home two awards for Best Score Soundtrack for Visual Media and Best Rap Performance.\n\n19. 'The Perks of Being a Wallflower' 2012 The songs from The Perks of Being a Wallflower set the tone for a feel-good soundtrack with a touch of nostalgia. That being said, there's plenty of moody moments from the likes of Morrissey and The Smiths sprinkled in. After all, it is a film centered around teenage angst."
        }
    ],
    "label": 1,
    "label_text": "mixed"
}