{
    "source": "elnuevodia.com",
    "articles": [
        {
            "id": "31f57065eb12140c",
            "title": "El ingl\u00e9s Chris Brown es anunciado como nuevo director t\u00e9cnico de la Selecci\u00f3n Nacional femenina de f\u00fatbol",
            "content": "El exfutbolista ingl\u00e9s Chris Brown fue nombrado el marte como nuevo director t\u00e9cnico de la Selecci\u00f3n Nacional femenina de f\u00fatbol rumbo a las eliminatorias de CONCACAF para la Copa Mundial FIFA de 2023, inform\u00f3 la Federaci\u00f3n Puertorrique\u00f1a de F\u00fatbol (FPF) en comunicado de prensa.\n\nBrown sustituye al estadounidense Juan Carlos Parra, quien renunci\u00f3 a la posici\u00f3n en marzo pasado.\n\nTras la ausencia de Parra, el asistente El\u00edas Llabr\u00e9s estuvo al mando del Equipo Nacional en la concentraci\u00f3n que se llev\u00f3 a cabo en febrero pasado en Punta Cana; y que continu\u00f3 en Santo Domingo, donde jugaron dos partidos amistosos internacionales con Rep\u00fablica Dominicana.\n\nLa FPF tambi\u00e9n tiene al mando a un extranjero en la Selecci\u00f3n masculina con el estadounidense Dave Sarachan.\n\nSeg\u00fan el comunicado de la FPF, Brown, quien naci\u00f3 en Londres, Inglaterra, y posee dos ciudadan\u00edas adicionales en Estados Unidos y Canad\u00e1, tiene un resum\u00e9 sobresaliente como jugador y entrenador.\n\nPUBLICIDAD\n\nA nivel internacional, fue el director t\u00e9cnico de la Selecci\u00f3n Nacional femenina de Guyana de 2010 al 2014. Hizo historia en su primer a\u00f1o al mando lograr la clasificaci\u00f3n del p\u00edas a la Copa Oro 2010 de la CONCACAF.\n\nEl veterano entrenador tambi\u00e9n tuvo a cargo la Selecci\u00f3n Sub-20 de Guyana de 2011 al 2014.\n\nPor los pasados 14 a\u00f1os, Brown ha trabajado como asistente y entrenador asociado en el programa de f\u00fatbol femenino de la University of South Florida (USF) en la divisi\u00f3n 1 de la National Collegiate Athletic Association (NCAA) junto a su esposa, la entrenadora Denise Schilte-Brown. Ayud\u00f3 a USF a conseguir su primera aparici\u00f3n en el American Athletic Conference Tournament Championship en el 2017. Adem\u00e1s, tambi\u00e9n logr\u00f3 el mejor resultado en la temporada regular de la conferencia con 7-1 y la sexta campa\u00f1a consecutiva de 10 o m\u00e1s victorias."
        },
        {
            "id": "b02f7482ad33ef83",
            "title": "Puerto Rico: rise in child exploitation cases",
            "content": "Federal child exploitation complaints in Puerto Rico increased by -at least- 28 percent in 2020, a year in which children were more exposed to sexual predators due to an increase in the use of Internet-connected devices during the lockdown to control the COVID-19 emergency."
        },
        {
            "id": "5812362c41ad562a",
            "title": "Center for American Progress recommends Joe Biden \u201can urgent rescue plan for Puerto Rico\u201d",
            "content": "Washington - According to the Center for American Progress (CAP), President Joe Biden should reactivate the task force on Puerto Rico, reexamine PROMESA, push for a waiver on federal Cabotage Rules and foster a dialogue on the future of political and legal relations between the federal government and the island."
        },
        {
            "id": "a2d06b68eaa5765e",
            "title": "Los Mariners detuvieron a Shane Bieber y a Cleveland",
            "content": "SEATTLE - Mitch Haniger conect\u00c3\u00b3 dos dobles y los Mariners de Seattle pusieron fin a la racha r\u00c3\u00a9cord de ponches de Shane Bieber al superar a los Indians de Cleveland y su as 3-2 el domingo.\n\nBieber (4-3) hab\u00c3\u00ada ponchado al menos a bateadores ocho en 20 encuentros consecutivos, pero el ganador reinante del Cy Young de la Liga Americana qued\u00c3\u00b3 corto, con siete. Fue sacado despu\u00c3\u00a9s de su cuarta base por bolas y con lo que termin\u00c3\u00b3 su salida m\u00c3\u00a1s corta de la campa\u00c3\u00b1a con 4.2 entradas y abajo 3-0.\n\nSe trat\u00c3\u00b3 del tercer triunfo consecutivo de Seattle despu\u00c3\u00a9s de que perdieron cinco seguidos, la racha m\u00c3\u00a1s larga de la campa\u00c3\u00b1a. Cleveland ha perdido tres seguidos.\n\nSiete lanzadores de los Mariners sumaron 13 ponches. El abridor Robert Dugger lanz\u00c3\u00b3 tres innings y Paul Sweald (1-0) lanz\u00c3\u00b3 los siguientes dos para conseguir su primera victoria desde el 2019.\n\nPUBLICIDAD\n\nKendall Graveman trabaj\u00c3\u00b3 la novena para su quinta salvada.\n\nPor los Indians, los venezolanos C\u00c3\u00a9sar Hern\u00c3\u00a1ndez de 5-2, y Andr\u00c3\u00a9s Gim\u00c3\u00a9nez de 2-1. El puertorrique\u00c3\u00b1o Eddie Rosario de 3-0 con una anotada. Los dominicanos Jos\u00c3\u00a9 Ram\u00c3\u00adrez de 3-1 con una anotada, Franmil Reyes de 4-1, Ahmed Rosario de 2-1. El colombiano Harold Ram\u00c3\u00adrez de 1-0.\n\nPor los Mariners, el dominicano Jos\u00c3\u00a9 Marmolejos de 3-0. El venezolano Luis Torrens de 3-0\n\nLindor se fue de 4-0 y los Rays barrieron a los Mets\n\nST. PETERSBURG - Brandon Lowe y los dominicanos Manuel Margot y Willy Adames sacudieron cuadrangulares ante Marcus Stroman al guiar a los Rays de Tampa Bay el domingo a una paliza de 7-1 sobre los Mets de Nueva York, barriendo la serie de tres juegos en casa.\n\nLos jonrones de dos carreras de Margot en el cuarto inning y de Adames en la quinta dieron a los Rays una ventaja de 4-0, y Lowe inici\u00c3\u00b3 la ofensiva de la parte baja de la sexta entrada con su s\u00c3\u00a9ptimo bambinazo de la temporada.\n\nJi-Man Choi peg\u00c3\u00b3 tres hits, entre ellos un doblete productor en el octavo episodio, en su primer juego tras una artroscopia en la rodilla derecha.\n\nEl campocorto de los Mets, Francisco Lindor, tira a primera luego de forzar al corredor de los Rays, Randy Arozarena, en medio de una doble jugada. (Steve Nesius)\n\nJosh Fleming (3-3) permiti\u00c3\u00b3 un imparable en cinco innings en blanco \u00e2\u20ac\u201d un sencillo al cuadro de Jeff McNeil al arranque del encuentro.\n\nEl dominicano Diego Castillo, Ryan Thompson, Collin McHugh y Cody Reed terminaron la labor monticular de dos hits.\n\nPatrick Mazeika, que reemplaz\u00c3\u00b3 a McNeil, respondi\u00c3\u00b3 con un cuadrangular a lanzamiento de Castillo en el sexto inning en su primer imparable en Grandes Ligas, en su sexto turno al bate en las mayores.\n\nPUBLICIDAD\n\nPor los Rays, los dominicanos Margot de 4-2 con una anotada y tres impulsadas, Adames de 3-2 con anotada y par de remolcadas, y Francisco Mej\u00c3\u00ada de 2-0 con carrera anotada. El cubano Randy Arozarena de 3-0.\n\nPor los Mets, el puertorrique\u00c3\u00b1o Francisco Lindor de 4-0. El dominicano Jonathan Villar de 3-0, al igual que el venezolano Jos\u00c3\u00a9 Peraza.\n\nCon buen paso los Blue Jays\n\nDUNEDIN, Florida - Marcus Semien y Bo Bichette pegaron cuadrangulares sucesivos en el primer inning, Randal Grichuk agreg\u00c3\u00b3 un doblete de dos carreras en una segunda entrada de cinco anotaciones y los Azulejos de Toronto resistieron para vencer el domingo 10-8 a unos Filis de Filadelfia mermados por lesiones.\n\nSemien termin\u00c3\u00b3 con tres imparables y tres carreras impulsadas, el y dominicano Vladimir Guerrero Jr. lleg\u00c3\u00b3 a 11 jonrones, un batazo solitario en la octava entrada de su tercer juego consecutivo con un bambinazo.\n\nToronto se despeg\u00c3\u00b3 a una ventaja de 8-0 y sum\u00c3\u00b3 su sexta victoria en los \u00c3\u00baltimos ocho juegos, ubic\u00c3\u00a1ndose cinco arriba del promedio de .500 por primera vez en la temporada.\n\nEl jardinero derecho Bryce Harper (dolencia en hombro derecho) y el c\u00c3\u00a1tcher J.T. Realmuto (dolencia en mu\u00c3\u00b1eca izquierda) regresaron a la alineaci\u00c3\u00b3n despu\u00c3\u00a9s de abandonar el partido del s\u00c3\u00a1bado por la noche.\n\nVladimir Guerrero Jr., de los Blue Jays se disfruta el momento tras disparar un doblete mientras lo observa el siore de Filadelfia, Nick Maton. (Mike Carlson)\n\nNick Maton peg\u00c3\u00b3 un par de jonrones y produjo cuatro carreras por los Filis.\n\nFiladelfia no cont\u00c3\u00b3 con el campocorto Didi Gregorius (rigidez de codo derecho) por cuatro encuentro consecutivo. El receptor Andrew Knapp fue descartado poco antes del partido por un problema similar.\n\nPUBLICIDAD\n\nEl abridor de Toronto Robbie Ray (2-1) otorg\u00c3\u00b3 cuatro carreras y siete hits en cinco innings y dos tercios. El zurdo vio interrumpida la mejor racha de su carrera de 30 entradas y un tercio sin ceder un pasaporte cuando el venezolano Od\u00c3\u00babel Herrera negoci\u00c3\u00b3 una base por bolas con dos outs en el cuarto episodio.\n\nPor los Azulejos, los dominicanos Guerrero Jr. de 4-1, Teoscar Hern\u00c3\u00a1ndez de 4-1, y Santiago Espinal de 4-1 con anotada. El cubano Lourdes Gurriel Jr. de 5-2 con carrera anotada.\n\nPor los Filis, los venezolanos Herrera de 4-2 con anotada e impulsada, y Rafael Marchan de 4-0. El dominicano Jean Segura de 4-2 con anotada."
        },
        {
            "id": "a2c5238522544c19",
            "title": "Tercer jonr\u00f3n de Lindor en la derrota de los Mets en Tampa Bay",
            "content": "St. Petersburg \u2014 Joey Wendle bate\u00f3 tres dobles y un sencillo, con lo cual encendi\u00f3 el ataque en dos grandes innings para que los Rays de Tampa Bay vapulearan el s\u00e1bado 12-5 a los Mets de Nueva York.\n\nEl cubano Yandy D\u00edaz, quien conect\u00f3 dos de los ocho dobletes de Tampa Bay, totaliz\u00f3 tres hits, los mismos que su compatriota Randy Arozarena.\n\nEl boricua Francisco Lindor, Pete Alonso y el venezolano Jos\u00e9 Peraza dispararon sendos jonrones por los Mets, que han perdido dos duelos en fila en el Topicana Field, luego de hilvanar siete victorias.\n\nWendle peg\u00f3 un sencillo dentro del cuadro, lo que dej\u00f3 lista la escena para una carrera en el primer acto. Sacudi\u00f3 un doble que puso en marcha un ataque de cinco anotaciones en el cuarto inning, para poner la pizarra 6-4.\n\nY en el octavo, logr\u00f3 un doble de dos carreras en un racimo de seis anotaciones que dej\u00f3 el encuentro pr\u00e1cticamente finiquitado.\n\nPUBLICIDAD\n\nShane McClanahan (1-0), abridor de los Rays, logr\u00f3 su primera victoria en las mayores.\n\nJoey Lucchesi (1-3) carg\u00f3 con la derrota, al aceptar cuatro carreras en un inning y dos tercios.\n\nPor los Mets, los puertorrique\u00f1os Lindor de 4-1 con una anotada y una producida, Tom\u00e1s Nido de 4-0."
        },
        {
            "id": "4dcd7acffd9ff27f",
            "title": "Ajax funde trofeo de la liga holandesa para repartirlo entre sus aficionados",
            "content": "\u00c1msterdam \u2014 Ajax ha fundido su trofeo de campe\u00f3n de la liga holandesa para entregar una peque\u00f1a estrella de plata a los 42,000 abonados que no pudieron ocupar sus butacas por la pandemia del coronavirus.\n\nEl hist\u00f3rico club de \u00c1msterdam public\u00f3 el mi\u00e9rcoles varios videos de corte cinematogr\u00e1fico en el que el trofeo Eredivisie \u2014 un gran plato de plata \u2014 era fundido para convertirse en las peque\u00f1as estrellas.\n\nLos aficionados recibir\u00e1n una estrella de 3.45 gramos (1/8 de onza) de peso, dijo Ajax.\n\n\u201cTras un a\u00f1o turbulento, estamos asegurando que nuestros aficionados se sientan parte del campeonato\u201d, se\u00f1al\u00f3 su director ejecutivo, Edwin van der Sar, el arquero m\u00e1s importante en la historia del club.\n\nEl lema de la campa\u00f1a es \u201cUn pedazo de la victoria. Un pedazo de historia. Una pedazo de Ajax\u201d.\n\n\u201cAntes, cuando dec\u00edamos \u2018este t\u00edtulo es para ustedes\u2019 est\u00e1bamos expresando que lo hac\u00edamos por los aficionados. Sin embargo, compartir el trofeo es la prueba definitiva de que realmente lo hacemos\u201d, agreg\u00f3 Van der Sar.\n\nPUBLICIDAD\n\nLa federaci\u00f3n holandesa le entreg\u00f3 un segundo trofeo de plata como regalo excepcional para que lo exponga en sus vitrinas, dijo el club.\n\nEsta temporada, Ajax disput\u00f3 30 de sus 34 partidos de liga en un estadio vac\u00edo.\n\nEl equipo, que juega en un estadio con capacidad para 55,000 personas bautizado con el nombre del icono nacional Johan Cruyff, cerr\u00f3 la temporada con un doblete tras conquistar la Copa de Holanda.\n\nSe espera que al estadio reciba a 12,000 espectadores en los cuatro juegos de la Eurocopa que albergar\u00e1 el pr\u00f3ximo mes, incluyendo los tres compromisos de Holanda en el Grupo C ante Ucrania, Austria y Macedonia del Norte."
        },
        {
            "id": "912e3172f86dd164",
            "title": "Nuestras 10 favoritas del Miss Universe 2020",
            "content": "Nuestras 10 favoritas del Miss Universe 2020\n\nEl equipo de El Nuevo D\u00c3\u00ada seleccion\u00c3\u00b3 las candidatas que tienen los atributos para ganar la corona"
        },
        {
            "id": "b4b7023d686639dd",
            "title": "Los Yankees castigan al abridor boricua Jorge L\u00f3pez en la primera entrada y se llevan el triunfo ante los Orioles",
            "content": "Baltimore \u2014 Aaron Judge bate\u00f3 jonr\u00f3n por tercera vez en dos juegos, Domingo Germ\u00e1n cumpli\u00f3 otra actuaci\u00f3n estelar en Camden Yards y los Yankees de Nueva York apalearon el s\u00e1bado 8-2 a los Orioles de Baltimore.\n\nLuego de conectar dos vuelacercas el viernes, Judge dio a Nueva York una ventaja de 5-0 por medio de un le\u00f1azo de dos carreras en el segundo acto. Seis de los 11 bambinazos de Judge en esta temporada han llegado ante Baltimore.\n\nEl dominicano Germ\u00e1n (3-2) toler\u00f3 una carrera y cuatro inatrapables a lo largo de seis innings, durante los cuales reparti\u00f3 seis ponches y dos boletos. Ha ganado sus cuatro aperturas de por vida en Baltimore.\n\nTyler Wade sum\u00f3 tres imparables como noveno en el orden de Nueva York, que mejor\u00f3 a una foja de 4-1 en su gira de 10 visitas y ha ganado 11 de sus \u00faltimos 14 duelos en general.\n\nPUBLICIDAD\n\nLos Yankees tomaron una ventaja de 3-0 en la primera entrada, con un p\u00e1sbol del c\u00e1tcher Chance Sisco y un sencillo de dos anotaciones del dominicano Gary S\u00e1nchez ante el puertorrique\u00f1o Jorge L\u00f3pez (1-4).\n\nPor los Yankees , el colombiano Gio Urshela de 5-2. Los dominicanos S\u00e1nchez de 4-1 con dos impulsadas, Miguel And\u00fajar de 4-1 con una anotada.\n\nPor los Orioles, el venezolano Freddy Galvis de 3-0. El mexicano Ram\u00f3n Ur\u00edas de 1-1 con una empujada. El dominicano Pedro Severino de 4-0.\n\nSin decisi\u00f3n Berr\u00edos\n\nMiguel San\u00f3 dej\u00f3 atr\u00e1s una racha de 19 juegos sin conectar jonr\u00f3n, al conseguir uno de tres carreras en la octava entrada, y los Twins de Minnesota remontaron para superar el s\u00e1bado 5-4 a los Athletics de Oakland.\n\nEl dominicano se dio golpes en el pecho e hizo un gesto a sus compa\u00f1eros durante su recorrido por las bases, luego de conseguir su cuadrangular ante el zurdo Jake Diekman, por todo el jard\u00edn derecho.\n\nSan\u00f3 bateaba apenas para .114 en esta campa\u00f1a antes del jonr\u00f3n, que fue su segundo del a\u00f1o y el primero desde el tercer encuentro de la campa\u00f1a.\n\nJos\u00e9 Berr\u00edos lanza contra los Athletics. (Jim Mone)\n\n\u00c9se fue el batazo que necesitaba Minnesota para cortar una racha de cinco derrotas y para dar algo de alivio a su flojo bateo. Los Mellizos se hab\u00edan ido de 10-2 con corredores en posici\u00f3n de anotar el s\u00e1bado, antes del garrotazo de San\u00f3.\n\nComenzaron la jornada bateando para .229 con corredores en posici\u00f3n de anotar.\n\nEl dominicano Alex Colom\u00e9 (2-3) resolvi\u00f3 un inning en blanco como relevo del puertorrique\u00f1o Jos\u00e9 Berr\u00edos. El dominicano Hansel Robles aport\u00f3 su primer rescate del a\u00f1o, pese a permitir un doble de Chad Pinder en la novena entrada con un out.\n\nPUBLICIDAD\n\nDiekman (2-1) resolvi\u00f3 un tercio de inning por los Atl\u00e9ticos."
        },
        {
            "id": "900a5f8d83cbdc86",
            "title": "En una buena racha los Astros de Houston",
            "content": "HOUSTON - Chas McCormick aport\u00f3 un sencillo de dos carreras como parte de un octavo inning de cuatro anotaciones, Lance McCullers Jr. lanz\u00f3 seis entradas en blanco y los Astros de Houston llegaron a seis triunfos consecutivos al derrotar el domingo 6-2 a los Rangers de Texas.\n\nHouston llen\u00f3 la casa con un out en el octavo por medio de sencillos de Jos\u00e9 Altuve, Carlos Correa y Alex Bregman. Yuli Gurriel peg\u00f3 un elevado de sacrificio ante el zurdo dominicano Joely Rodr\u00edguez (1-2). Despu\u00e9s de un pasaporte negociado por Kyle Tucker, McCormick conect\u00f3 un sencillo al jard\u00edn izquierdo antes que Myles Straw coronara el inning con un sencillo productor.\n\nBrooks Raley (2-2) ponch\u00f3 a los tres bateadores que enfrent\u00f3 en la octava para apuntarse la victoria.\n\nDavid Dahl empat\u00f3 el marcador 2-2 por los Rangers con un vuelacercas de dos carreras a lanzamiento de Andre Scrubb. Texas sufri\u00f3 su sexto descalabro en fila.\n\nPUBLICIDAD\n\nMcCullers permiti\u00f3 cinco hits y ponch\u00f3 a cinco. No ha recibido carrera frente a los Rangers en 17 innings, en tres aperturas en blanco en una racha que inici\u00f3 la temporada pasada.\n\nEl abridor de Texas, Kyle Gibson, otorg\u00f3 par de carreras y cuatro imparables, y ponch\u00f3 a tres en siete entradas.\n\nPor los Astros, el cubano Yuli Gurriel de 3-0. Los puertorrique\u00f1os Mart\u00edn Maldonado de 4-1, y Carlos Correa de 4-1 con anotada y empujada. El venezolano Altuve de 3-2 con anotada.\n\nPor los Rangers, el cubano Adolis Garc\u00eda de 3-0.\n\nOhtani impuls\u00f3 a los Angels en Boston\n\nBOSTON - Shohei Ohtani conect\u00f3 un cuadrangular de dos carreras con dos outs en la novena entrada y los Angels de Los \u00c1ngeles remontaron para vencer el domingo 6-5 a los Red Sox de Boston y salir de un bache de cuatro derrotas en fila.\n\nEl cerrador de Boston, Matt Barnes (1-1), retir\u00f3 a los primeros dos bateadores que enfrent\u00f3 en el noveno episodio antes de permitir un sencillo de Mike Trout.\n\nOhtani sigui\u00f3 con su duod\u00e9cimo jonr\u00f3n de la temporada, con el que empat\u00f3 el liderato de Grandes Ligas, que apenas libr\u00f3 el Poste Pesky al fondo del jard\u00edn derecho. Fue el segundo cuadrangular de Ohtani en la serie y de paso fren\u00f3 la racha de Boston en tres victorias seguidas.\n\nEl cubano Raisel Iglesias (2-2) lanz\u00f3 una octava entrada en blanco para apuntarse la victoria y Mike Mayers sum\u00f3 su segundo salvamento de la campa\u00f1a.\n\nUn sencillo de dos carreras de Drew Butera coron\u00f3 una segunda entrada de cuatro anotaciones frente al abridor Nathan Eovaldi que puso a los Angelinos arriba 4-0.\n\nPUBLICIDAD\n\nEl dominicano Rafael Devers peg\u00f3 un jonr\u00f3n de tres carreras y Kevin Plawecki aport\u00f3 su primer cuadrangular en una quinta entrada de cuatro anotaciones para que Boston se fuera arriba 5-4.\n\nShohei Ohtani pega un jonr\u00f3n de dos carreras por los Angels de Los \u00c1ngeles en el noveno inning del partido ante los Red Sox de Boston el domingo. (Michael Dwyer)\n\nEovaldi concedi\u00f3 cuatro carreras y recet\u00f3 seis ponches en cinco innings. El colombiano Jos\u00e9 Quintana abri\u00f3 por Los \u00c1ngeles, en una actuaci\u00f3n de tres carreras en cuatro innings y un tercio, con siete ponches y sin pasaportes.\n\nPor los Angels, el cubano Jos\u00e9 Iglesias de 3-0 con anotada.\n\nPor los Red Sox, el dominicano Devers de 4-1 con una anotada y tres producidas. El paname\u00f1o Jonathan Ara\u00faz de 4-2 con anotada e impulsada. El venezolano Marwin Gonz\u00e1lez de 4-1 con anotada.\n\nBaltimore evita la barrida de los Yankees\n\nBALTIMORE - Maikel Franco conect\u00f3 un jonr\u00f3n y remolc\u00f3 tres carreras, el novato Bryce Zimmermann sali\u00f3 del bullpen para retener a los Yankees y los Orioles de Baltimore evitaron una barrida de tres juegos al recuperarse y vencer el domingo 10-6 a Nueva York.\n\nAaron Judge peg\u00f3 un cuadrangular por tercer duelo seguido y bate\u00f3 para 10-6 con cuatro jonrones y cinco carreras empujadas en la serie.\n\nPero Jordan Montgomery no pudo mantener ventajas de 4-0 en la primera entrada y de 5-2 en la tercera, por lo que Nueva York cay\u00f3 a una foja de 1-6 esta temporada en partidos en que intenta completar una barrida de serie.\n\nBaltimore tiene marca de 6-15 en Camden Yards, el peor r\u00e9cord como local de Grandes Ligas.\n\nMontgomery permiti\u00f3 cinco carreras y seis hits en tres innings, con lo que su efectividad empeor\u00f3 a 4.75. En dos aperturas previas frente a los Orioles esta temporada hab\u00eda permitido apenas dos carreras en 11 entradas.\n\nPUBLICIDAD\n\nBaltimore tom\u00f3 la ventaja definitiva de 6-5 en la cuarta entrada con un doblete con dos outs de Trey Mancini frente a Michael King (0-1). Mancini tiene 32 remolcadas en 40 juegos.\n\nMaikel Franco y Pedro Severino, de los Orioles de Baltimore, celebran tras la empujada de dos carreras de Franco en el triunfo ante los Yankees. (Julio Cortez)\n\nNueva York registra una foja de 6-4 ante Baltimore y ambos equipos se enfrentan de nuevo en una serie del 2 al 4 de agosto en el Bronx.\n\nPor los Yankees, los dominicanos Gary S\u00e1nchez de 4-1 con una anotada y dos producidas, Miguel And\u00fajar de 4-1. El colombiano Gio Urshela de 4-0.\n\nPor los Orioles, los dominicanos Franco de 4-3 con dos anotadas y tres impulsadas, Pedro Severino de 3-1 con una anotada y una producida. El venezolano Freddy Galvis de 4-1 con una empujada."
        },
        {
            "id": "84a16dceb597ea62",
            "title": "Rombauer da la sorpresa y supera a Medina Spirit para ganar el Preakness Stakes",
            "content": "Baltimore - Rombauer, montado por el jinete franc\u00c3\u00a9s Flavien Prat, logr\u00c3\u00b3 una sorpresiva victoria el s\u00c3\u00a1bado la edici\u00c3\u00b3n n\u00c3\u00bamero 146 del Preakness Stakes en el hip\u00c3\u00b3dromo de Pimlico, Baltimore, sobrepasando en la \u00c3\u00baltima recta al ganador del Kentucky Derby, Medina Sprint, ejemplar que perdi\u00c3\u00b3 la oportunidad de una Triple Corona que habr\u00c3\u00ada venido con un asterisco gigante.\n\nMedina Spirit, montando por el puertorrique\u00c3\u00b1o miembro del Sal\u00c3\u00b3n de la Fama del hipismo John Vel\u00c3\u00a1zquez, termin\u00c3\u00b3 tercero. Midnight Bourbon, llevado por el tambi\u00c3\u00a9n boricua Irad Ortiz Jr. fue segundo.\n\nMedina Spirit otuvo el permiso para correr en el Preakness , tras el resultado positivo que arroj\u00c3\u00b3 el equino en una prueba de dopaje para detectar sustancias prohibidas, que se realiz\u00c3\u00b3 luego del Kentucky Derby, primera pata de la Triple Corona.\n\nAs\u00c3\u00ad las cosas, Vel\u00c3\u00a1zquez no pudo ganar la \u00c3\u00banica carrera que le falta de la Triple Corona en su ilustre carrera. El jinete natural de Carolina ha ganado cuatro veces el Kentucky Derby, dos veces seguidas (el de este a\u00c3\u00b1o podr\u00c3\u00ada borrarse de su r\u00c3\u00a9cord si se ratifica el fallo en contra de Medina Spirit), en dos ocasiones el Belmont Stakes."
        }
    ],
    "label": 2,
    "label_text": "high"
}