{
    "source": "endthefed.org",
    "articles": [
        {
            "id": "c084db368a80a882",
            "title": "End The Fed",
            "content": "These artists use music to spread truth and freedom:\n\nR-Juna (Rap)"
        },
        {
            "id": "a97a9e8c156ca9c5",
            "title": "Bubbles, Bubbles, Everywhere",
            "content": "Not a damn thing has been fixed since the 2008 financial crisis. Everything that caused it has been repeated, except this time it\u2019s even worse. There\u2019s even more debt, even bigger \u201ctoo-big-to-fail\u201d banks, even stupider speculation and mal-investment, and worst of all, even more blind faith belief in the omnipotence of con-artist central bankers.\n\nInstead of learning from the mistakes of the past, central bankers, governments, speculators, and consumers doubled down on them. Today, there\u2019s a collection of bubbles: an auto loan bubble, a student loan bubble, a stock market bubble, a real estate bubble, and, the biggest of all, a government debt bubble. All these bubbles are a direct result of the Federal Reserve\u2019s artificial suppression of interest rates and intentional inflation of financial asset prices.\n\nAll bubbles have one thing in common: they eventually pop. This time will not be different, except that the damage and pain endured will be magnitudes greater. None of this lunacy would be happening in a free market, where the long forgotten principles of supply and demand dictate rather than the central planning of the monetary quacks at the Federal Reserve. Free the markets! End the Fed!"
        },
        {
            "id": "c2b5088d2ccc4e1a",
            "title": "The Pandemic of Tyranny",
            "content": "Our freedom is under an all out assault right now .\nGovernments and central banks around the world have preyed upon mass hysteria and fear over an alleged coronavirus pandemic to usurp despicable amounts of power and control over us .\nThey have : shut down our businesses mafia style , plunged millions of us into unemployment by sheer command , put us under house arrest and curfews , threatened to throw us in a cage for walking in the park , threatened to throw us in a cage for standing too close to someone , counterfeited literally trillions of  the value of our money to bail out their bankrupt corporate cronies and ponzi schemes .\nThey have discussed forcing us to take a vaccine and tagging us like cattle with \u201c immunity certificates \u201d in order to be \u201c allowed \u201d to return to normal life .\nThey will take this as far as we let them .\nWe can not accept this .\nWe can not let this slide any further into complete totalitarianism which throughout history has always resulted in mass murder and abject poverty at the hand of \u201c  for resistance and disobedience .\nThis is a call to action to stand up for your individual rights and disobey .\nGet organized with others in your community .\nWe vastly outnumber the control freaks in government and their order following henchmen cops .\nOpen your businesses .\nGo to the park .\nGo to the beach .\nGo to store .\nVisit family and friends .\nDo what you want but be responsible about it as always .\nWe are not the slaves of these authoritarian control freaks ."
        }
    ],
    "label": 0,
    "label_text": "low"
}