{
    "source": "endtimeheadlines.org",
    "articles": [
        {
            "id": "3e44377ab6ec4cc7",
            "title": "Vikings assistant coach Rick Dennison gone after refusing to get the Coronavirus vaccine",
            "content": "A Minnesota Vikings assistant coach has left the team after refusing to get the coronavirus vaccine , sources told ESPN  Dennison left the team after choosing not to get vaccinated , and his job has  sources said .\nPhil Rauscher will take Dennison \u2019 s spot and Ben Steele ,  analyst for Auburn , will fill Rauscher \u2019 s position , according to ESPN .\n team comes after the NFL required Tier 1 employees \u2014 those who work directly with  vaccinated .\nTier 1 employees who don \u2019 t get vaccinated can not interact with  field .\nThe NFL has also warned teams they could forfeit games this season if  COVID-19 among unvaccinated players .\nAlthough the vaccine is not mandated for players , 80  vaccinated , with nine teams having more than 90 percent of players vaccinated .\nREAD @"
        },
        {
            "id": "a5382b1982d55357",
            "title": "Back-to-Back strong Quakes strike off the coast of California",
            "content": "( ETH ) \u2013 A strong magnitude 4.7 earthquake struck off the coast of California at 11:55 p.m. on Sunday  California followed by a magnitude 5.5 that was later downgraded to a magnitude 5.0 by  report from the Los Angeles Times .\nThe first of the two quakes struck further  city followed by the second quake a few minutes later that was recorded 26 miles  just south of Eureka .\nThese quakes follow the powerful magnitude-6.4 earthquake that struck in  Nevada near the notorious \u201c Area 51 \u201d early on Friday that was felt even @ @ @"
        },
        {
            "id": "8cb9616cd540603e",
            "title": "UPDATE: Seaside Revival Sees People of Every Race, Age, and Background Receiving Christ",
            "content": "( CBN ) \u2013 As CBN News reported last week , a revival is taking place on the sandy shores of Huntington Beach , California .\nHundreds of people are gathering to worship and pray and receive salvation , and according to the movement \u2019 s organizers , it continues to grow .\nSaturate OC , which stands for \u201c Orange County \u201d began earlier this month as an effort to share the Gospel and spread the good news about the Kingdom of God .\nThe idea for this evangelistic movement started in 2016 when its organizes Parker and Jessi  people being baptized along the beach \u2019 s pier .\n\u201c While worshipping we saw a picture of thousands of people being baptized in Huntington Beach , \u201d Jessi told CBN News \u2019 The PrayerLink .\n\u201c At the time , I was actually living in New York .\nThere were so many people being baptized that they were having to turn around and baptize the person behind them , \u201d she said .\n\u201c I heard God say that the next revival would be through the equipping of the saints.\n\u201d Jessi  their entire family from New York to California to be a part of the movement .\n\u201c I never thought I would actually be leading the movement , \u201d she said .\nIn April , Jessi said she heard a word from the Lord telling her that it was time to prepare for the vision she saw in 2016 .\nREAD MORE"
        },
        {
            "id": "12f19dfc369d2418",
            "title": "Massachusetts just lowered the age of legal consent to obtain an abortion without parental consent to 16",
            "content": "( ETH ) \u2013 The Massachusetts legislature has just lowered the age of legal consent to obtain an abortion \u2014 without parental permission \u2014 to the age of 16 .\nAccording to the report from Theblaze , The state legislature overrode Massachusetts Republican Gov .\nCharlie Baker \u2019 s veto last week of the ROE Act , which was aimed to , among other things , codify the Supreme Court \u2019 s Roe v. Wade decision .\nThe report stated that Baker vetoed the bill over its provision that lowered the age to get an abortion without the consent of  of age .\nBaker responded with \u201c I can not support the sections of this proposal that expand the availability of late-term abortions and permit minors age 16 and 17 to get an abortion without the consent of a parent or guardian.\n\u201d The state \u2019 s Democrat-controlled Senate and House voted 32-8 and 107-46 respectively to override the veto according to Fox News .\nOn Tuesday , Susan B. Anthony List President Marjorie Dannenfelser issued a scathing statement on the matter .\n\u201c This dangerous new law allows for late-term abortion-on-demand across  girls as young as 16 , \u201d the pro-life organization wrote .\n\u201c Governor Baker is pro-choice , but this legislation was too much for him to stomach : His veto exemplifies just how extreme it is.\n\u201d Dannenfelser added , \u201c The actions taken by Democrats to ram through this legislation are a reflection of just how extreme the party has become on abortion .\nLed by Joe Biden , Kamala Harris , Chuck Schumer , and Nancy Pelosi , the Democrats \u2019 agenda for the entire nation are reflected in this  moment of birth.\n\u201d Meanwhile , Democratic state Sen. Harriette Chandler celebrated the legislation as well as overriding the governor \u2019 s veto .\nIn a tweet , Chandler wrote , \u201c Pregnant people who once faced near-insurmountable barriers accessing abortion care can now seize the right to control their own bodies .\nI am so proud of the policies included in the # ROEAct and of the @ MA_Senate for our commitment to reproductive freedom .\n\u201d"
        },
        {
            "id": "58ac57734ca2edce",
            "title": "11-year-old transgender girl and father create \u2018form-fitting\u2019 swimsuit line for trans children: \u2018Magically turn a pointy poker into a dainty dune\u2019",
            "content": "( OPINION ) TheBlaze \u2013 A father and his 11-year-old transgender child have collaborated to craft a swimwear line for  a Thursday BuzzFeed report , Jamie Alexander and his 11-year-old child , Ruby \u2014 who  created Rubies , which is branded as \u201c form-fitting clothes for trans girls.\n\u201d According  , Jamie Alexander and his 11-year-old child , Ruby \u2014 who both live in Canada  is branded as \u201c form-fitting clothes for trans girls.\n\u201d The brand includes swimwear ,  all intent on shaping the appearance of \u201c nonbinary \u201d bodies .\n\u201c The outside  is made of a shaping spandex , and in the inside , there are two  everything in place , \u201d Ruby says .\n\u201c No need for tucking or for  \u201d READ MORE"
        },
        {
            "id": "02ff621a0d66dd9c",
            "title": "Doctors Silenced, Protests Censored, and Americans Treated Like \u2018Children\u2019",
            "content": "( OPINION ) Faithwire \u2013 Freedom of speech is becoming a COVID-19 casualty in America , especially in the public square of social media platforms like Facebook , YouTube , and Twitter .\nThese privately-owned companies are freely censoring certain information .\nJust look at a recent protest at Michigan \u2019 s statehouse over re-opening the state \u2019 s government .\nThe demonstration is protected by the First Amendment , but a post encouraging people to participate was silenced by Facebook .\nThe social media giant reportedly yanking it because the event didn \u2019 t urge participants to stay in  guidelines require .\nAnother case involves a video of a press conference given by two California doctors that went viral .\nAfter testing 5,000 patients for COVID-19 , Dr. Dan Erickson and his colleague concluded California \u2019 s lockdown policies were creating more damage than the disease in their part of the state .\n\u201c Do we need to still shelter in place ?\nOur answer is emphatically no , \u201d Erickson said during the press briefing .\nThey suggested only the vulnerable should be quarantined while other Californians go back to work  masks , and avoiding large crowds .\nREAD MORE"
        },
        {
            "id": "62b83d2a0070c1ee",
            "title": "38% of US Pastors have considered leaving Ministry",
            "content": "The great resignation plaguing our nation is reaching into churches on an alarming level .\nNew numbers released Tuesday from The Barna Group , the country \u2019 s foremost researcher on religion , show that two out of five pastors nationwide are seriously thinking about quitting the ministry .\nNow the pressure is on for the church to help these leaders from joining millions who are walking away from their jobs during the pandemic .\n\u201c We found a sub-group analysis that pastors in the ministry for 20 years or more were more likely to tell us they were considering  president and CEO of The Barna Group .\n\u201c Also , younger pastors under 45 were the most likely to say they were considering quitting.\n\u201d While studying the well-being of pastors , Barna Research found that 38 percent of pastors want to quit compared with 29 percent in January of 2021 .\nAlso , church attendance has softened quite a bit since the pandemic started .\n\u201c During and after the pandemic , one-third of practicing Christians disengaged from their congregation \u2013 just sort of stopped showing up.\n\u201d Kinnaman said .\n in 2020 .\nOver that same time , over 20,000 pastors left the ministry and 50 percent of current pastors say they would leave the ministry if they had another way of making a living .\n\u201c I think the long-term effect of this is going to be a stronger church , but probably a smaller church , \u201d Kinnaman said .\nREAD MORE"
        },
        {
            "id": "4895a0e416d49b13",
            "title": "DARK WINTER: 62% Of U.S. Small Business Owners \u201cFear The Worst Is Still To Come\u201d",
            "content": "( OPINION ) Michael Snyder \u2013 The official start of winter is just a few days away , and many small business owners are concerned that their businesses won \u2019 t be able to make it to the start of spring .\nThis is particularly true for those small businesses that rely on face to face interaction with the general public .\nRestaurants , bars , gyms , coffee shops , hairdressers , and independent retailers all over the nation were absolutely devastated by the first round of lockdowns , and now a new round of lockdowns is dealing death  to find a way to heal and get back on their feet in 2021 .\nPoliticians such as California Governor Gavin Newsom and New York Governor Andrew Cuomo don \u2019 t seem to care that they are literally destroying millions of hopes and dreams .\nIf and when this pandemic finally ends , they will get to go on with their normal lives , but vast numbers of their constituents will not .\nAccording to a brand new U.S. Chamber-MetLife poll of small businesses , just 40 percent of all U.S. small business  operate indefinitely \u201d the way things are going right now , and a whopping 62 percent of them are convinced that \u201c the worst is still to come \u201d \u2026 The quarterly poll found that 62 % of small-business owners fear that the worst is still to come with COVID-19 \u2019 s economic impact .\nOnly 40 % said they believe their small businesses can operate indefinitely during the current business environment .\nThose numbers are consistent with what other recent surveys of small businesses have shown .\nThere are approximately 30 million  , and so that means that if even a third of them were forced to close down permanently we would lose 10 million small businesses .\nCan you imagine what that would mean for the economy as a whole ?\nThat same U.S. Chamber-MetLife poll of small businesses also found that 74 percent of all U.S. small business owners \u201c need further government assistance to weather the pandemic \u201d \u2026 READ MORE"
        },
        {
            "id": "e8fd2509f0c0e788",
            "title": "Schools go against DeSantis, now require masks\u2026 Florida Races to Find Open Beds\u2026",
            "content": "( ETH ) \u2013 The superintendent of the school district in Florida \u2019 s capital said Monday that he will require students to wear masks amid an increase in COVID-19 hospitalizations fueled by the delta variant , defying the governor \u2019 s attempts to block schools from imposing such a mandate .\nAccording to the Associated Press , Gov .\nRon DeSantis \u2019 office responded by saying the state \u2019 s Board of Education could move to withhold salaries from the superintendent or school board members .\nThough the Leon County mandate allows exemptions for students with a physician \u2019  it doesn \u2019 t give parents the authority to opt-out , as DeSantis wanted .\nLeon County Schools Superintendent Rocky Hanna announced in a live-streamed announcement that children from pre-kindergarten through eighth grade will be required to wear masks when classes resume in Tallahassee on Wednesday .\n\u201c I did a lot of soul searching , a lot of thinking , \u201d Hanna said .\n\u201c If heaven forbid , we lost a child to this virus , I can \u2019 t just simply blame the governor of the state of Florida .\n Daily Times stated : Ordered by DeSantis , the Florida Department of Health issued an emergency rule last week saying districts must allow parents to decide whether their children will wear masks .\nDeSantis \u2019 office said in a statement that the Leon County district \u2019 s new policy \u201c blatantly violates the spirit of the executive order and the rules.\n\u201d The Wallstreet Journal stated that a hospital in Altamonte Springs , Fla. , and another east of downtown Orlando were the current hot spots , nurse Andrew Stakelum told the group  has become critical for U.S. hospitals during each pandemic surge : finding an open bed for severely ill patients .\nDelays leave patients unstable from Covid-19 or other ailments in dangerous limbo .\nPrior surges have helped the team and other staff of AdventHealth \u2019 s mission control , which monitors hospital capacity and coordinates transfers , prepare for the latest wave of patients , executives involved in the response said .\nThe flagship hospital , north of downtown Orlando , took all Covid-19 patients in the spring 2020 surge .\nThat wasn  that followed in July 2020 , when mission control staff triaged and moved patients across all seven hospitals ."
        },
        {
            "id": "d5b59dc4bf8ee97b",
            "title": "A meteor \u201cas bright as the full moon\u201d was caught on camera in Japan",
            "content": "( CBS ) \u2013 A brightly burning meteor was seen plunging from the sky in wide areas of Japan , capturing attention on television and social media .\nThe meteor glowed strongly as it rapidly descended through the Earth \u2019 s atmosphere on Sunday .\nMany people in western Japan reported on social media seeing the rare sight .\nNHK public television said its cameras in the central prefectures of Aichi , Mie , and elsewhere captured the fireball in the southern sky .\nA camera at Nagoya port showed the meteor shining as brightly as it neared the Earth  experts said small fragments of the meteorite might have reached the ground .\n\u201c We believe the last burst of light was as bright as the full moon , \u201d Takeshi Inoue , director of the Akashi Municipal Planetarium , told Kyodo news agency .\nThe fireball was visible for just a few seconds in the early hours of Sunday , but was caught on cameras owned by NHK \u2014 which generally capture earthquake activity rather than extraterrestrial light shows .\n\u201c The sky went bright for a moment and I felt strange  , \u201d said one Twitter user who saw the fireball .\n\u201c I felt the power of the universe !\n\u201d READ MORE"
        }
    ],
    "label": 2,
    "label_text": "high"
}