{
    "source": "eurasiagroup.net",
    "articles": [
        {
            "id": "03edf81ec58e001c",
            "title": "Risk 2: Long Covid",
            "content": "This year begins with more promising news on Covid-19 vaccine candidates than experts dared hope for. Citizens around the world are more optimistic that life will begin to return to normal in the first half of the year.\n\n\n\nBut neither the coronavirus nor its wide-ranging impacts will disappear once widespread vaccination begins. Countries will struggle to meet vaccination timelines, and the pandemic will leave a legacy of high public debt, displaced workers, and lost trust. Evolution of the virus could meaningfully change the goalposts on population immunity and vaccine effectiveness over time. Sharply different rates of recovery, both within and among countries, will stoke anti-incumbent anger and public unrest. In addition, emerging markets could face a financial crisis.\n\n\n\nInside developed and emerging markets. A K-shaped recovery, in which some groups thrive and others increasingly suffer, will plague all countries. Those who have borne the brunt of the virus\u2014low-income and minority communities, women, and especially those people who work in the service sector\u2014will also experience the most protracted drag on their earnings potential and the most uncertain path back to stable employment. This is primarily because stimulus plans and budgets will fall short, while the ability of central banks to underpin demand with price stability will be in doubt. In the US, any further stimulus that gets through Congress will be insufficient to lift up the most vulnerable. Europe's recovery fund will provide meaningful support only from late 2021; until then, cash-strapped periphery countries will need to find other sources of finance and risk triggering a spike in bond yields if they move to take on more debt to stimulate their economies. In emerging markets, low capacity to provide stimulus and safety nets means these effects will bite harder. The problem will be more acute in Latin America, the Middle East, and Southeast Asia than in eastern and southern Europe and Northeast Asia, where safety nets are stronger.\n\n\n\n\n\n\n\nAmong developed and emerging markets. Recovery paths will also vary greatly among countries\u2014vaccine access, rollout performance, and debt being the main drivers\u2014and emerging markets will suffer most. Many countries without their own vaccine manufacturing capacity will not receive supplies until later in 2021 or even 2022, because their inability to afford pre-purchases of vaccines leaves them at the back of the line. Vaccination programs in emerging markets will be slowed by poor infrastructure\u2014for \u201ccold chain\u201d distribution, in particular\u2014and leave out the most effective vaccines, which require it. Covax, the multilateral vaccination initiative, will help, but developing countries won't receive large numbers of doses until wealthier countries get their share. As a result, people in poorer countries will face tough travel restrictions, slowing growth. Even countries in Southeast Asia, where there have been fewer Covid-19 cases and deaths, will experience a prolonged trade and tourism dip, slowing economic recovery and exacerbating underlying class, ethnic, and religious divisions.\n\n\n\nThe wallop this year. With few exceptions, the pandemic did not destabilize governments in 2020 or create existential economic crises. Instead, it generated a rally-around-the-flag effect that compelled central banks to inject massive liquidity. But 2021 will expose the underlying vulnerabilities of many markets. Governments will grapple with the impact of the 2020 recession, massive debt increases, and thinner social safety nets.\n\n\n\nInstability and anti-incumbent anger will grow around the world, leading to more protests and new opportunities for populist candidates. In the US, the K-shaped recovery will deepen the polarization discussed in\n\nBut neither the coronavirus nor its wide-ranging impacts will disappear once widespread vaccination begins. Countries will struggle to meet vaccination timelines, and the pandemic will leave a legacy of high public debt, displaced workers, and lost trust. Evolution of the virus could meaningfully change the goalposts on population immunity and vaccine effectiveness over time. Sharply different rates of recovery, both within and among countries, will stoke anti-incumbent anger and public unrest. In addition, emerging markets could face a financial crisis.Inside developed and emerging markets. A K-shaped recovery, in which some groups thrive and others increasingly suffer, will plague all countries. Those who have borne the brunt of the virus\u2014low-income and minority communities, women, and especially those people who work in the service sector\u2014will also experience the most protracted drag on their earnings potential and the most uncertain path back to stable employment. This is primarily because stimulus plans and budgets will fall short, while the ability of central banks to underpin demand with price stability will be in doubt. In the US, any further stimulus that gets through Congress will be insufficient to lift up the most vulnerable. Europe's recovery fund will provide meaningful support only from late 2021; until then, cash-strapped periphery countries will need to find other sources of finance and risk triggering a spike in bond yields if they move to take on more debt to stimulate their economies. In emerging markets, low capacity to provide stimulus and safety nets means these effects will bite harder. The problem will be more acute in Latin America, the Middle East, and Southeast Asia than in eastern and southern Europe and Northeast Asia, where safety nets are stronger.Among developed and emerging markets.Recovery paths will also vary greatly among countries\u2014vaccine access, rollout performance, and debt being the main drivers\u2014and emerging markets will suffer most. Many countries without their own vaccine manufacturing capacity will not receive supplies until later in 2021 or even 2022, because their inability to afford pre-purchases of vaccines leaves them at the back of the line. Vaccination programs in emerging markets will be slowed by poor infrastructure\u2014for \u201ccold chain\u201d distribution, in particular\u2014and leave out the most effective vaccines, which require it. Covax, the multilateral vaccination initiative, will help, but developing countries won't receive large numbers of doses until wealthier countries get their share. As a result, people in poorer countries will face tough travel restrictions, slowing growth. Even countries in Southeast Asia, where there have been fewer Covid-19 cases and deaths, will experience a prolonged trade and tourism dip, slowing economic recovery and exacerbating underlying class, ethnic, and religious divisions.The wallop this year. With few exceptions, the pandemic did not destabilize governments in 2020 or create existential economic crises. Instead, it generated a rally-around-the-flag effect that compelled central banks to inject massive liquidity. But 2021 will expose the underlying vulnerabilities of many markets. Governments will grapple with the impact of the 2020 recession, massive debt increases, and thinner social safety nets.Instability and anti-incumbent anger will grow around the world, leading to more protests and new opportunities for populist candidates. In the US, the K-shaped recovery will deepen the polarization discussed in Top Risk #1 , sustaining Trump's following and decreasing the quality of governance. Across developing markets, the stratified recovery will make already difficult governance harder for similar reasons.\n\nNeither the coronavirus nor its wide-ranging impacts will disappear once widespread vaccination begins.\n\n\n\nAnd then there's the debt crunch\u2014an emerging markets problem for 2021. Facing rising fiscal pressures and more discriminating lenders, emerging markets will have limited space to cushion the economic blow from Covid-19. The canaries in the coal mine for EM distress will be Brazil, South Africa, and Turkey\u2014major economies with weak fundamentals that rely heavily on international capital. A number of smaller, poorer countries (such as Costa Rica, El Salvador, and Zambia) already face these stresses and are either receiving or considering seeking extraordinary financial support from the IMF and other creditors; some will have to restructure their debts. In a G-Zero world, the rules governing these decisions are less clear and China's role not so transparent, compounding the uncertainty.\n\n\n\nEmerging market economic crises could undercut nascent recoveries in advanced markets and significantly decrease global growth; the inequitable recovery will drive political instability. This year will reveal that the lingering symptoms of Covid-19 threaten not just our health but also the global economy.\n\n"
        },
        {
            "id": "2e9b3e5b237491f6",
            "title": "Zika Virus Doesn\u2019t Have to Destroy Brazil\u2019s Economy",
            "content": "Thinking of buying COIN? What experts are saying after Coinbase\u2019s first day of trading"
        },
        {
            "id": "682528f84b268565",
            "title": "Why Dilma Rousseff\u2019s Impeachment Won\u2019t Save Brazil",
            "content": "Thinking of buying COIN? What experts are saying after Coinbase\u2019s first day of trading"
        },
        {
            "id": "374a0bd9ab1b7882",
            "title": "Leading countries in vaccination may embrace \u2018new normal\u2019 in summer",
            "content": "We have updated our Privacy Policy and Terms of Use for Eurasia Group and its affiliates to clarify the types of data we collect, how we collect it, how we use data and with whom we share data. This website uses cookies. By using our website you consent to our Terms and Conditions and Privacy Policy, including the transfer of your personal data to the United States from your country of residence (if different), and our use of cookies as described in our Cookie Policy."
        },
        {
            "id": "8b8feee3b6a84a21",
            "title": "Risk 1: 46*",
            "content": "Biden won the 2020 presidential election. On 20 January he will be inaugurated as the 46th president of the US. He received 306 electoral votes and more than 80 million popular votes, the most of any presidential candidate in American history. But President Donald Trump's refusal to accept the outcome of an election he declares was stolen is unique in American history, underscoring how divided the country has become\u2014and will remain.\n\n\n\nTrump himself won the second-largest number of popular votes in American history (74 million), and Republicans won enough votes down ballot to make inroads in the House of Representatives as well as critical gains in statehouses and legislatures. Add Trump's success in creating a decisively conservative Supreme Court, most recently with Justice Amy Coney Barrett replacing the late Ruth Bader Ginsburg, and Biden will emerge with the weakest mandate since Jimmy Carter in 1976. Few observers believe he will run for reelection in 2024.\n\n\n\nA challenge for Democrats\u2014increasingly a coalition of college-educated urbanites\u2014is that Trump's popularity extends well beyond his most vocal supporters. He received 11 million more votes than he did in 2016 and, in so doing, constructed a broader electoral coalition that includes more Hispanics and Black Americans. A significant segment of that coalition sees Trump's refusal to concede as a display of courage, not an assault on democratic norms. While many Republican Party elders don't like Trump, public opinion is the reserve currency of politics, and he will leave office as (by far) the most popular and influential figure in the GOP. The last-minute push by members of Congress to delay or derail the election certification serves as a foreboding sign of what's to come. As long as a significant portion of Trump's voters remains loyal, he will cast a long shadow, compelling Republican leaders to support him to avoid alienating his backers. For them, Biden will be #NotMyPresident and considered illegitimate.\n\n\n\nFacing an aggrieved opposition loyal to the Trump brand, Biden will find it more difficult to govern than under the \u201cnormal\u201d conditions of split government. There will be neither a badly needed large stimulus package nor long necessary changes to the US healthcare system. Progressive priorities like a higher national minimum wage, a new voting rights act, and filibuster reform are non-starters. Markets typically welcome divided government, because it creates hurdles to tax increases and new regulations, but gridlock will be worse than in the past as Republicans block Biden's judicial appointments and challenge left-of-center executive branch appointments, hampering agencies that have critical functions.\n\n\n\nThe new occupant of the Oval Office will be seen as illegitimate by roughly half the country.\n\n\n\nBiden's supporters will criticize congressional inaction caused by an obstinate Trumpist coalition and encourage the president to take unilateral executive actions of questionable legality. Biden's detractors will accuse him of overriding the opposition and exercising excessive power when he governs by executive order. In truth, rule by partisan decree has become the norm under former president Barack Obama and then Trump, and major challenges\u2014among them enacting entitlement reforms, increasing access to health insurance, reducing income inequality, and simplifying the tax code\u2014will only grow harder to tackle as time passes. The more polarized the country becomes, the less likely its eroding democratic institutions will enable the compromises necessary to resolve fundamental problems.\n\nIf the vaccine rollout proceeds as hoped, the pandemic subsides, and the economy rebounds strongly from the recession, Biden may win some political capital with Republicans, but there are massive challenges ahead for the most ambitious vaccination campaign in US history (see Top Risk #2 ). If it flops, and the country's health and economic emergency extends deep into 2021, Republican opposition will intensify and grow more rigid.The major risks of 46* are domestic, but the consequences of no-holds-barred party warfare extend beyond America's borders. Aside from the shared desire of Republicans and Democrats to punish China (their complicity notwithstanding) for decades of technological and economic advancement at the expense of America's intellectual property and manufacturing workforce, they disagree sharply\u2014with each other and among themselves\u2014over the objectives of US foreign policy. Washington's mismanagement of the pandemic, meanwhile, is compelling its friends to ask why they should entrust it with the far bigger task of revitalizing the global order. Biden will try to reassert American leadership in global affairs, but polarization and an inability to manage crises at home means the US won't inspire as much new confidence as Biden hopes. Europe decided preemptively to buck Biden's goals by agreeing to a comprehensive agreement on investment with China.In addition, the size of Trump's base and the demographic broadening of his political coalition will force allies to reckon with the possibility of another \u201cAmerica First\u201d president taking office four years from now and overturning commitments made by the Biden administration. That's why Biden, a man with decades of experience in the Senate, must try to secure the kind of bipartisan buy-in on foreign policy that Obama, his Democratic predecessor and former boss, could not.Calcified political polarization and declining global alignment make for a sobering basecase. Both phenomena will be more pronounced, though, if the office of the presidency is permanently delegitimized. It's not just Trump and his top surrogates, after all, who claim 2020's contest was rigged: 70% of Republicans polled afterward said the election was not \u201cfree and fair.\u201d An opposition that believes Biden stole the election will be far more aggressively rejectionist than one that merely wishes Trump had prevailed.In short, following a Trump presidency that many Democrats believe Russian agents won for him, Biden's term opens the era of the asterisk presidency, a time when the occupant of the Oval Office is seen as illegitimate by roughly half the country \u2026 and by the lawmakers these election skeptics send to Congress. Such a political reality has never occurred in another G7 country, but it's the reality of the world's most powerful democracy today."
        },
        {
            "id": "9f4183ae8a4217be",
            "title": "How Erdogan's increasingly erratic rule in Turkey presents a risk to the world",
            "content": "Over the past 18 years, Recep Tayyip Erdogan has consolidated more power than any leader since Mustafa Kemal Ataturk, the founder of modern Turkey. He has transformed Turkey's politics, faced down a military coup, and rewritten the country's constitution to give his presidency additional power. But his combative style and autocratic instincts have earned him critics at home and abroad. His biggest political problem at the moment is economic: unemployment stands near 14%, inflation remains in double digits, and the pandemic grinds on.The president and his Justice and Development Party (AKP) are paying a political price for all this. President Erdogan has trailed rival Ekrem Imamoglu in head-to-head matchups in a number of recent polls. A recent poll from Turkiye Raporu found that the AKP's vote share in a prospective election has fallen below 30 percent for the first time ever. Erdogan's willingness to allow a new Central Bank governor to sharply raise interest rates late last year has stabilized conditions by cooling inflation and attracting more foreign investment. As COVID-19 weighs more heavily on household wealth, domestic political pressure is growing, and demand for change is rising. In coming months, Erdogan may well revert to the kind of quick fix economic policies that made Turkey so fragile in the first place.In the meantime, short on bread, Erdogan has offered circuses he hopes will rally his base and distract from hard times. When students protested Erdogan's choice of a political loyalist as rector at a major university, he attacked them as terrorists, and many were arrested. He has picked a political fight by calling for new constitutional changes that would give the president new powers he says he needs, despite the near certainty that it can't win the super-majority vote needed for ratification in parliament. Erdogan has also worked hard to stoke national pride. Last month, he pledged to mark the 100-year anniversary of modern Turkey's founding with a space mission that culminates in \u201cfirst contact with the moon\u201d followed later by a manned mission. His poor polling suggests the public's priorities lie closer to home.Erdogan has also turned toward more predictable targets. On February 8, he hinted at coming good news on the security front. But then a plan to rescue Turkish hostages held by Kurdish separatists in northern Iraq turned disastrous, and Erdogan was forced to cancel a promised triumphant televised speech. Next came news that Erdogan's government had arrested more than 700 people, including members of a pro-Kurdish political party on suspicion of ties to separatists. He could try to ban that party entirely, creating a new source of friction both inside and outside Turkey.In fact, Erdogan heavy-handed approach to domestic opposition fuels tensions with other governments. After all, U.S. President Joe Biden and E.U. leaders care far more than Donald Trump did about democracy and respect for human rights. But there are many issues dividing Turkey and the West. NATO member Turkey's purchase of a Russian S-400 missile system over U.S. and European objections is one bone of contention. The upcoming trial in New York City of state-owned Turkish lender Halkbank on charges of helping Iran to evade sanctions could prove deeply embarrassing to Erdogan personally.Erdogan has defied E.U. objections to authorize oil exploration in contested areas of the eastern Mediterranean. That's on hold for the moment. But Erdogan also created a crisis last year when he announced he had \u201copened the gates to Europe\u201d for refugees Turkey had housed as part of a deal with the E.U. Recently, after Turkey sent a survey vessel into parts of the Aegean it knew would provoke anger in Athens, Turkish officials complained that Greek warplanes had harassed the ship. Erdogan also continues to oppose E.U. plans for reunification in Cyprus by insisting on a \u201ctwo-state solution\u201d there.He can hope for stable relations with Vladimir Putin's Russia, but that depends on whether a truce remains in force around the Syrian city of Idlib, where another Russian-backed Syrian military crackdown could send waves of refugees toward the Turkish border. Turkey has also intervened in Libya's civil war and in the Caucasus in support of Azerbaijan during a recent confrontation with ArmeniaHistory says Turkey's strongman will become even more aggressive and erratic, at home and abroad, as his country's economy weighs more heavily on his political future."
        },
        {
            "id": "c7d711832d2d600e",
            "title": "These 5 Facts Explain Rodrigo Duterte's Victory in the Philippines",
            "content": "The Philippines just elected a president who vows to be a \u201cdictator\u201d in the battle against evil. Here are the five facts you need to know about Rodrigo Duterte, and what his victory means for his country and for others.\n\nHe\u2019s a genuine punisher\n\nPeople throw around the term \u201cstrongman\u201d a lot these days, but Duterte lives up to the billing. Known as \u201cDuterte Harry\u201d and \u201cThe Punisher,\u201d Duterte served as mayor of Davao City for more than 22 years. Trained as a lawyer, he vowed to clean up a city so notorious for its crime it was once tagged the \u201cNicaragua of Asia.\u201d Today, Davao\u2019s per capita crime rate is the lowest in the country. But the methods Duterte allegedly used to pull this off have drawn condemnation from international human rights groups. It\u2019s widely believed that Duterte sanctioned extrajudicial killings by roving packs of vigilantes. These death squads targeted petty criminals, street children and drug dealers, according to Human Rights Watch, claiming the lives of more than 1,000 people, 132 of them children. Duterte appointed himself judge, jury and executioner\u2014and the people of Davao loved him for it. In a March survey conducted in the city by Ateneo de Davao University, 88 percent of people polled said they would vote for Duterte as president.\n\n(BBC, The Diplomat, The Guardian)\n\nHe\u2019s unapologetically brash\n\nDuterte made security the focal point of his campaign, and he didn\u2019t go much further than that. But whatever Duterte lacked in serious policy proposals, he more than made up for in Donald Trump-like rhetoric. In 1989, an Australian missionary was raped and murdered in Davao, where Duterte was mayor at the time. A month ago, an old video surfaced of Duterte telling a crowd that \u201cshe was so beautiful, I think the mayor should have been first. What a waste.\u201d He\u2019s refused to apologize for the comment. He\u2019s called Pope Francis a \u201cson of a whore\u201d for causing a traffic jam on the pontiff\u2019s visit to the country; he\u2019s promised to execute 100,000 criminals and throw them into Manila Bay if elected president. While such crass language would sink the campaigns of typical presidential hopefuls, Duterte has used it to burnish his anti-establishment credentials\u2014even though he\u2019s actually the son of a former provincial governor.\n\n(CNN)\n\nHe\u2019s not a member of the elite\n\nDuterte\u2019s candidacy also got a boost from growing awareness that Philippine citizens remain under the thumb of political and economic elites. 83 percent consider corruption a \u201cproblem\u201d; 64 percent of those say it\u2019s a \u201cserious problem.\u201d That up to 70 percent of Philippine legislators come from political families doesn\u2019t help that perception. And while the Philippine economy has taken off in recent years thanks to serious pro-market reforms, very little of that wealth has made its way to the impoverished majority. More than 45 percent of the population still lives on less than $2 a day.\n\nDuterte has demonstrated no understanding of economics, but as mayor he appointed competent economic advisors, which has reassured many international observers.\n\n(Transparency International, CNN, LA Times)\n\nHe\u2019s willing to take a stand against China\u2026\n\nAll of southeast Asia lives in the shadow of China, and there is no more hotly contested issue right now than the historic conflict over boundaries in the South China Sea (SCS). One third of global maritime trade travels through the SCS, including more than 60 percent of South Korean, Japanese and Taiwanese energy supplies and 80 percent of China\u2019s crude oil imports. And that\u2019s before we get to the vast oil and gas reserves believed to lie beneath the seabed. China has been aggressively building artificial islands in the SCS to strengthen its legal claims over the waters, which has provoked a backlash from neighboring countries. First among them was the Philippines; outgoing Philippine President Benigno Aquino took a strong line against China, even taking it to arbitration court in the Hague in a case Beijing refuses to recognize. Duterte meanwhile has offered to jet ski to the contested islands and hoist the Philippine flag there himself. Beijing and the Philippine people were amused by the braggadocio; the Philippines\u2019 fellow claimants were anything but.\n\n(Business Insider)\n\n\u2026But it\u2019s not the stand that his allies want\n\nThe real concern are Duterte\u2019s comments about what follows once the Hague issues its ruling on the SCS sometime in the next few weeks. China wants to engage its neighbors one-on-one to strike individual deals that strengthen its broader negotiating position. The neighbors should know they are stronger when they band together and speak to China with a single voice, one backed by support from the United States. But Duterte has said that if multilateral talks fail to produce an agreement within two years, the Philippines should go it alone and strike a separate deal with Beijing\u2014provided that China pay for some infrastructure improvements like trains around Davao City and between Manila and Bicol. That gives Beijing an obvious incentive to make sure that multilateral talks fail.\n\nThis isn\u2019t just a problem for southeast Asia. The US has more than 75,000 troops already stationed in the region and formal alliances with Japan, South Korea, Thailand and the Philippines. Washington is bound by treaty to defend them if push comes to shove. And Duterte\u2019s \u201cPhilippines First\u201d approach to foreign policy makes it much more likely that southeast Asia will end up in a shoving match over the South China Sea. That\u2019s why Roderigo Duterte is the region\u2019s new wildcard.\n\n(TIME)\n\nGet The Brief. Sign up to receive the top stories you need to know right now. Please enter a valid email address. * The request timed out and you did not successfully sign up. Please attempt to sign up again. Sign Up Now An unexpected error has occurred with your sign up. Please try again later. Check the box if you do not wish to receive promotional offers via email from TIME. You can unsubscribe at any time. By signing up you are agreeing to our Terms of Service and Privacy Policy . This site is protected by reCAPTCHA and the Google Privacy Policy and Terms of Service apply. Thank you! For your security, we've sent a confirmation email to the address you entered. Click the link to confirm your subscription and begin receiving our newsletters. If you don't get the confirmation within 10 minutes, please check your spam folder.\n\nContact us at letters@time.com."
        },
        {
            "id": "41b6c1a2bfd6a0c5",
            "title": "What You Need to Know About the Political Meltdown in Brazil",
            "content": "Thinking of buying COIN? What experts are saying after Coinbase\u2019s first day of trading"
        },
        {
            "id": "3ce21f243f0d8e21",
            "title": "Eurasia Group Publishes Top Risks for 2021",
            "content": "Top Risks 2021\n\nAbout Eurasia Group:\n\nMedia enquiries\n\n[email protected]\n\n#1 risk for 2021: 46*\u2014Biden's election heralds era in which half of America's voters view every new president as illegitimateNEW YORK, 4 January \u2013 As we begin 2021, the United States is the most powerful, politically divided, and economically unequal of the world's industrial democracies. China is America's strongest competitor, a state capitalist, authoritarian, and techno-surveillance state that is increasingly mistrusted by most G20 countries. Germany and Japan are much more stable, but the most powerful leaders both nations have had in decades are out (former Japanese Prime Minister Abe Shinzo) or on their way out (German Chancellor Angela Merkel). Russia is in decline and blames the US and the West for its woes.Even as the world grapples with its worst crisis since World War II, some risks are more potent, deadly, and likely to change the course of world politics. These are Eurasia Group's Top Risks for 2021 , the firm's annual prediction of the ten greatest threats to the trajectories of nations, global politics, industries and institutions. Unveiled each January, Top Risks helps investors, companies and the public anticipate and respond to opportunities wherever they invest or do business. The report is co-written by Eurasia Group President Ian Bremmer and Chairman Cliff Kupchan.The #1 risk for 2021 is \u201c46*\u201d\u2014the opening of an era in which the occupant of the White House is viewed as illegitimate by roughly half the country. Donald Trump's refusal to accept the outcome of an election that he declares was stolen is unique in American history, underscoring how divided America has become\u2014and will remain.\u201cA superpower torn down the middle cannot return to business as usual,\u201d write Bremmer and Kupchan. \u201cAnd when the world's most powerful country is so divided, everybody has a problem. The geopolitical recession\u2014and our G-Zero world\u2014will deepen as a result.\u201dBremmer and Kupchan go on to argue that the strength of Trump's base and political divisions in the US will force allies to consider the possibility that any commitments made by the incoming Biden administration could be overturned in four years with the election of another \u201cAmerica First\u201d president.Other Top Risks in the report include the ongoing impact of the coronavirus pandemic, climate change, the US-China conflict, data and cybersecurity, and distinct threats facing Turkey, the Middle East, Europe, and Latin America. The report also includes several \u201cred herrings\u201d\u2014issues that, despite media attention, are unlikely to pose significant threats or drive instability in the coming year.Top Risks has an impressive track record for being both early and accurate in its predictions. Eurasia Group's 2020 Top Risks report, for example, correctly predicted a contested US election as its #1 risk.Bremmer and Kupchan will host an on-the-record press conference call today, 4 January, at 10:30am EST/15:30 GMT to discuss the risks and take questions. To participate, please register here Below is a summary of all ten Top Risks for 2021. Please click here for the full report.When the world's most powerful country is as divided as the United States is now, the G-Zero geopolitical recession is sure to deepen. The world needs the leadership and cooperation that an engaged and well-functioning superpower can help provide, because, just as the healthcare response to the coronavirus pandemic defined 2020, the economic response to its lasting damage will define 2021.Following a 2016 Trump victory that many Democrats believe Russia helped him win, Biden's term opens the era of the asterisk presidency, a time when every Oval Office occupant is seen as illegitimate by roughly half the country\u2014and the lawmakers that election skeptics send to Congress. Most of the risk here is domestic, but the consequences of extreme polarization for democratic legitimacy extend well beyond US borders. Apart from a shared desire to contain China, Republicans and Democrats will disagree sharply\u2014with each other and among themselves\u2014over the objectives of US foreign policy. In addition, the size of Trump's base, and the broadening of that base to include more minority voters, leaves allies and potential partners wondering whether the next \u201cAmerica First\u201d president and foreign policy are just four years away.In 2021, the lingering symptoms of Covid-19 will threaten not just lives but political stability and the global economy. Countries around the world will struggle to meet ambitious vaccination timelines, and the pandemic will leave a legacy of high debt, displaced workers, and lost trust. The distribution of vaccines will divide haves from have nots, both within and among nations, stoking anti-incumbent anger and public unrest in many countries. Some emerging markets will experience a debt crunch this year. With inflation and borrowing costs rising, they'll have far less room than the US and Europe to cushion Covid's economic blow.Climate policy will move from playground of global cooperation to arena of global competition. Across a range of clean technologies, China's longstanding industrial policy approach will now face a much more aggressive climate push from Washington. Some parts of the clean energy supply chain will face bifurcation pressures like those seen in 5G. The push for net zero emissions targets will create enormous opportunities for private capital, especially the growing pool of environmental, social, and governance dollars and euros, but winners and losers will be determined as often by political factors as by market forces.A shared desire in Washington and Beijing for stability in US-China relations will briefly ease headline tensions, but intensifying vaccine diplomacy and climate and tech competition will combine with longstanding frictions in other areas to further complicate their rivalry. Disagreements over trade, Hong Kong, Taiwan, and the South China Sea will carry over into 2021. Collectively, these points of dispute will boost the risk of miscalculation and escalation toward crisis.A slowdown or halt to the free flow of sensitive data across borders will raise costs for companies and disrupt popular apps and internet business models. This risk begins with the US and China, but it doesn't end there. Even as the data-driven 5G and AI revolutions gain steam, other governments concerned about who is accessing their citizens' data\u2014and how\u2014will erode the foundation of the open global internet. Business models for AI and other innovative tech sectors will suffer. App bans and other issues will hamper global cooperation on public health and climate challenges.There is no single factor that raises the risk of a major disaster in cyberspace in 2021. The digital realm, where any computer or smartphone can become an entry point for hackers and nation states, and criminals act with relative impunity, is too unpredictable for that. Instead, a combination of low-probability but high-impact risks and inexorable technology trends will make 2021 the year that cyber conflict creates unprecedented technological and geopolitical risk in cyberspace.Economic setbacks in 2021 and Turkey's poor Covid response will leave President Recep Tayyip Erdogan struggling to win back voters disillusioned with his two-decade rule. These dynamics will stoke social tensions, prompt a crackdown against the opposition, and encourage Erdogan to launch more foreign policy adventures to fuel nationalism and distract his supporters. But this year, Turkey's president won't have international friends to shield him from the consequences.Energy-producing countries in the Middle East and North Africa faced a collapse in global energy demand in 2020 that left governments from Algeria to Iran with less cash flowing into their coffers\u2014even as the pandemic sickened citizens and weakened economies. 2021 will be worse, because energy prices will remain low. Many of these governments will cut spending, damaging vulnerable private sectors and fueling unemployment. Reforms will slow, and protests will grow.Angela Merkel's departure later this year after 15 years as chancellor will drive the continent's top risk in 2021. Europe faces an economic hangover from intensified lockdown restrictions in several countries, and Merkel won't be there to encourage flexibility in the multilateral response. Without the German leader to serve as a strong and neutral negotiator, diplomatic efforts to resolve energy and territorial disputes in the Eastern Mediterranean will struggle, as will the UN process to address Cyprus issues. The EU position will become more hawkish as France pushes more member states to get tough with Turkey, raising the odds of diplomatic rupture.Governments in Latin America face intensified versions of the formidable political, social, and economic problems they were confronting before the pandemic. There will be no large-scale vaccinations until late in the year, and countries are poorly positioned to deal with another Covid wave before then. Political and economic pressures will intensify as Argentina and Mexico hold legislative elections in 2021, and voters in Chile, Ecuador, and Peru vote for president.\u2013 Trump-friendly leaders such as Erdogan, Brazil's Jair Bolsonaro, the UK's Boris Johnson, and Israel's Binyamin Netanyahu will engage with the new US president where they can.\u2013 US lawmakers won't declare war on the tech companies helping to restore post-pandemic growth.\u2013 Ties between the US and Iran will be neither as productive nor destructive as many fear.Eurasia Group is the world's leading global political risk research and consulting firm. By providing information and insight on how political developments move markets, we help clients anticipate and respond to instability and opportunities everywhere they invest or do business. Our expertise includes developed and developing countries in every region of the world, specific economic sectors, and the business and investment playing fields of the future. With our best-in-class advisory and consulting offerings and GZERO Media, the Eurasia Group umbrella provides the marketplace with a complete political risk solution. Headquartered in New York, we have offices in Washington, London, San Francisco, Brasilia, Sao Paulo, Singapore, and Tokyo, as well as on-the-ground experts and resources in more than a hundred countries. \"Politics first\u201d grounds our work: Politics is the lens through which we view the world, and we are committed to analysis that is free of political bias and the influence of private interests.Gregory RothDirector of CommunicationsEurasia Group / GZERO Media"
        },
        {
            "id": "070b76bfbc2221af",
            "title": "Keys to understanding the case of China\u2019s Jack Ma",
            "content": "Ant Group was preparing to raise an estimated $37 billion in November when Chinese regulators suddenly stepped in to stop what would have been the world's largest-ever IPO and signaled the financial services provider would have to be restructured. Jack Ma, the high-profile founder of Ant and e-commerce giant Alibaba, disappeared from public view soon after. As customers and investors await the final details of the official restructuring proposal in the coming days, the case has raised larger questions about the business environment in the world's second-largest economy. Though the decisions of Chinese authorities may at times seem arbitrary, a better understanding of the political dynamics at play can make them more predictable.In the absence of a fully developed legal system in China, investigations of problematic business practices are often carried out behind closed doors and subject to political influence. Given this lack of transparency, the disappearance of a well-known business leader is often taken as an indicator of corporate trouble ahead.Under the leadership of President Xi Jinping, three types of behavior have tended to land prominent entrepreneurs in trouble. They are, in descending order of importance: high-profile political dissent; serious cases of corruption or collusion with regulators; and activity that creates significant financial risks or challenges regulatory limits. The imprisonment of Ren Zhiqiang is one of the most notable recent cases of a business executive facing punishment for political dissent: The property magnate had criticized the lack of freedom of speech in China and suggested that Xi was an \u201cemperor without clothes\u201d for mishandling the Covid-19 pandemic.But since the launch of a financial de-risking campaign in late 2016, it is more common for high-flying business executives to get into trouble for moving outside of regulators' comfort zones. Wang Jianlin, for example, led conglomerate Wanda Group on a debt-fueled $35.5 billion spree of purchases of entertainment and commercial real estate assets around the world. Regulators became alarmed when the company's debt-to-asset ratio surpassed 70%, and in early 2020, Wang disappeared from public view.Finding themselves in regulators' crosshairs doesn't necessarily mean imprisonment for targeted executives nor even the loss of their jobs. In the case of Wang and Wanda Group, the firm responded to regulatory pressure by unloading $30 billion worth of investments and cutting its debt load in half. That caused Wanda's share price to plummet but helped to placate authorities. The firm worked to burnish its image further by reducing the rent of small and medium-sized businesses during the Covid-19 crisis.Consequently, China's financial regulators have not publicly announced any investigations or raised questions about the company's overseas purchases. Wang has fallen in the rankings of China's wealthiest people but continues to run his business (albeit on a smaller scale).But executives who defy authorities risk much harsher treatment. Wu Xiaohui, the former chairman of insurance company Anbang, chose not to address Beijing's concerns about its complex corporate structure nor scale back its controversial insurance offerings. He resisted attempts to investigate the firm by directing executives to destroy corporate records and corporate security guards to block police access to Anbang's office buildings. In 2018, Wu was sentenced to 18 year in prison and authorities confiscated over $1.6 billion worth of his personal property on charges of business fraud and embezzlement. China's insurance regulator took control of Anbang, broke it up, and sold pieces to various buyers.Ma's troubles stem from a combination of inflammatory public statements and tightening regulatory control of the business practices of Ant and other internet firms. For years, these firms enjoyed rapid growth with limited regulatory constraints and little foreign competition, as they drove economic development and generated employment. In recognition of the firms' contributions, state-backed media tended to portray Ma and other industry icons such as Tencent chief Pony Ma as part of the party's success story and representatives of its aspirations for younger generations.Attitudes started to shift in 2018 in response to concerns over Tencent's online gaming business, and more recently, over the Ant's growing dominance in microlending services. In the meantime, Ma irritated authorities, first with an article in the Alibaba-owned South China Morning Post implying misconduct by a senior party official and then with a speech last October in which he accused financial market regulators of stifling innovation. While his language was not as pointed and offensive as that of the comments made by Ren, it was sufficiently embarrassing for economic reform czar Liu He and Xi himself to provoke a political backlash that has given rise to the wide-ranging regulatory investigation.Nonetheless, Ma's reappearance at an event in late January after a public absence of nearly three months put to rest speculation that he could face serious charges in conjunction with the investigation of Ant. The company has proactively engaged on restructuring proposals, so its fate is expected to mirror that of Wanda: significant restructuring to become a much smaller player while retaining key elements of its business model. Ma himself is unlikely to be able to fully recover his previous status as the public face of Chinese entrepreneurship, though he will probably escape harsher punishments, including imprisonment."
        }
    ],
    "label": 2,
    "label_text": "high"
}