{
    "source": "feministcurrent.com",
    "articles": [
        {
            "id": "2c6c1fe31fbab14c",
            "title": "The internet's grudge against Suey Park goes far beyond #CancelColbert",
            "content": "7 SHARES Share Tweet\n\nSure, #CancelColbert was widely mocked. It was a particularly ridiculous and misguided attempt at hashtag activism. But people aren\u2019t holding a grudge towards its creator, Suey Park, over a hashtag.\n\nAt The New Republic, Elizabeth Stoker Bruenig writes,\n\n\u2026 The Internet has not forgiven Suey Park. A quick online search finds that the #CancelColbert hashtag still riles a certain kind of online misanthrope, even today. It has been cited as evidence of the censoriousness of \u201csocial justice warriors\u201d (a pejorative term that nods to the superficiality of online social activism); as proof, in the words of one @sherlocklestat, that \u201cfeminism poisons EVERYTHING\u201d; and as substantiation, according to another Twitter malcontent, of Park\u2019s alleged racism against white people (\u201cCount # times @suey_park says \u2018white liberals\u2019 in this video & ask who has an agenda and who is racist\u201d).\n\nThese arguments \u2014 that #CancelColbert had anything to do with the feminist movement and that there is such a thing as racism against white people \u2014 are, frankly, stupid. #CancelCobert was criticized, not only by anti-feminists and racists, but by most intelligent people as being yet another example of the kind of speak-before-you-think, attention-seeking behaviour exhibited by Park and for being wholly misguided, based on an extremely superficial and inaccurate reading of Cobert\u2019s joke.\n\nOne of the reasons The Colbert Report is so fantastic is that Colbert and its writers have figured out how to skewer the seemingly unskewerable ridiculousness of American conservative media by creating parallels between reality and Colbert\u2019s brand of \u201ctruthiness.\u201d Colbert exposes the absurd by acting as a more literate, self-aware mirror to that absurdity. He does what he mocks, but bigger and sillier, thus exposing the silliness of the source material. Satire! The episode tackled something so incredibly over-the-top \u2014 the owner of a billion-dollar NFL team with a racially offensive name defending his staunch insistence on keeping that name because \u201cheritage\u201d by starting a halfassed charity for Native Americans that contains the word \u201cRedskins\u201d \u2014 that Colbert\u2019s skewering didn\u2019t have much room to get any bigger or any sillier; when it comes to stories like the \u201cWashington Redskins Original Americans Foundation,\u201d you can\u2019t get much bigger than truth without veering close to racially offensive territory. This is surgical-precision satire, right here, and he pulls it off. The bit only works as a whole; it doesn\u2019t work in parts. Colbert\u2019s character is saying here that naming a charity \u201cWashington Redskins Original Americans Foundation\u201d is just as offensive as naming a charity the \u201cChing Chong Ding Dong Foundation for Sensitivity to Orientals or Whatever.\u201d That\u2019s the joke.\n\nSo, taken out of context, the joke didn\u2019t fully work. Of course, part of the problem with Twitter is that almost everything is taken out of context, particularly when Twitter is on the attack. Tweets, screenshots, one-off comments, and individual words are all removed from essays, speeches, sentences, and entire bodies of work (never mind the intention behind the words) and used as ammo to destroy.\n\nAs an example, in recent weeks I was accused both of calling actress, Laverne Cox, \u201ccartoonish,\u201d and describing prostituted women as \u201ca series of holes.\u201d I did neither of these things, as evidenced by the fuller context below.\n\nHere is what I actually wrote, w/r/t the 'series of holes' accusation, for interested parties https://t.co/3h3sdMzOzp pic.twitter.com/IGvHIqaojF \u2014 Meghan Murphy (@MeghanEMurphy) May 18, 2015\n\nJohns quite literally talk about prostituted women as \"holes to f**k\" and\u2026silence http://t.co/98rppuBclq pic.twitter.com/c6aAGLrjmZ \u2014 Meghan Murphy (@MeghanEMurphy) May 18, 2015\n\nThe critique, with regard to Laverne Cox, was a critique I\u2019d made many times before \u2014 that is that there is a huge amount of pressure placed on women to conform to a particular ideal, one that is very much shaped by porn culture. I do not believe, in any part of my being, that Cox looks \u201ccartoonish.\u201d She looks lovely \u2014 I said as much in my piece. That said, my analysis of the beauty industry, capitalism, porn culture, femininity, and patriarchy is that no woman will be empowered in any true, political/radical sense, by objectification. Not Laverne Cox, not a teenage girl posting belfies on Instagram, not Kim Kardashian. Certainly I could have chosen my words more carefully or been more sensitive, but my analysis would have remained the same. It is what I have argued for years.\n\nAnd what I said, with regard to prostituted women being seen as \u201ca series of holes\u201d was that johns (quite literally) see and talk about women and girls in the sex industry in those terms. And that we \u2014 women \u2014 are not a \u201cseries of holes\u201d \u2014 we are more than that and we deserve to be treated with humanity.\n\nMy words, taken out of context and circulated on Twitter for the explicit purpose of harassing, attacking, and, eventually, launching a full-blown smear campaign against me in order to silence my (and, consequently, other women\u2019s) critique of the sex industry, sounded bad. But like Colbert\u2019s joke, when taken as a one-off comment and separated from my body of work and the paragraphs within which these particular words were placed, it could be implied I meant something entirely different than that which I intended.\n\nI am not the only one who has experienced this particular form of attack and misrepresentation. Not by a long shot. This is what Twitter does for fun and kicks: finds a target, paints them as evil, smears, bullies, and tries to silence them completely. Usually there is an effort to have the subject in question fired from their job. Twitter dehumanizes people and Twitter reacts before thinking, often en masse.\n\nBut let\u2019s get back to Park.\n\nWhile #CancelColbert was emblematic, in terms of the trouble with \u201chashtag activism,\u201d it isn\u2019t the only reason, as Bruenig puts it, that \u201cTwitter won\u2019t forgive Suey Park.\u201d Twitter \u201cwon\u2019t forgive\u201d Park because her behaviour on Twitter was atrocious and her \u201cactivism\u201d was narcissistic and lacking in substance. She was cruel, insulting, self-serving, dishonest, and seemingly more interested in gaining followers than she was in working within any kind of actual social justice movement. Despite this, I think many watched with concern, imagining Park would eventually regret having leapt into Twitter wars with such intensity, burning bridges at every turn. She was young, very new to \u201cactivism,\u201d and seemed very quickly sucked in by the sense of validation we get in the form of \u201clikes\u201d and retweets that feed our online behaviour. In Park\u2019s particular case, her online \u201cactivism\u201d consisted primarily of tearing people down in order to build herself up, behaving similarly to a high school bully, Mean Girls quotes and all.\n\nShe quickly gained recognition online for hashtags like #NotYourAsianSidekick and, through that recognition, tried to spin Twitter activism into a career. What was transparent to most was that she appeared to be creating a brand \u2014 both for herself and her hashtags. Unfortunately, though, branding social justice movements doesn\u2019t appeal to those who actually are involved in and understand radical politics and movements\u2026 It\u2019s unlikely you will gain much respect in activist communities when it\u2019s clear your primary goal is to become \u201cTwitter famous\u201d by spewing out quotables and by cruelly attacking and misrepresenting other writers and activists in 140 characters.\n\nTrapped in \u201cany publicity is good publicity\u201d mode, Park didn\u2019t appear to have thought through strategy. She didn\u2019t seem to have many connections with actual social justice movements out in the \u201creal world\u201d and had fallen for the idea that to \u201ctrend\u201d is to effect change. No one was holding her accountable for her actions and behaviour. She needed a community of older, wiser women to guide her or, at very least, a mentor. Instead, it was The Suey Park Show. And people quickly started to tire of that show.\n\nNone of this is to say Park deserved the torrent of sexist and racist abuse and threats sent her way. I had, truth be told, not realized she had been subjected to this level of harassment until now. Bruenig says Park was receiving death threats on her cell phone, was being stalked, and that, after \u201ca group of online trolls found out where she was living, she cut her hair, left Chicago, and headed to New York City to stay with friends.\u201d This is horrific stuff that no one deserves, no matter how much you dislike their online behaviour, opinions, or hashtags.\n\nNonetheless, her complaints about online engagement and the undertones of a Christian redemption story that root Bruenig\u2019s piece are hard to digest.\n\nPark seems to recognize that the lack of leadership and accountability in her life, during this time, as well as her age and inexperience was a problem in terms of her online behaviour. Bruenig writes:\n\nShe grew uncomfortable when I asked why conflict on Twitter had once ensnared her to such an extent. \u201cYou don\u2019t have a PR person telling you what to say. Sometimes I feel like a child celebrity, defined by some things said and done in immaturity forever.\u201d\n\nBut the way she reflects back on what happened to her seems, still, lacking in any actual self-reflection in terms of her own behaviour. Most of us don\u2019t have PR people. There are certainly a few mean tweets in my past which I now regret, but I believe I\u2019ve managed to avoid actively defaming or launching massive bullying campaigns against other women without the help of a paid professional. Park now reiterates exactly what others, myself included, have said before about toxic behaviour on Twitter but which she reacted to, in the past, by engaging in herself:\n\n\u201cIt\u2019s a lot like purity politics in the church,\u201d Park observed, referring to the tendency of Twitter groups to attack perceived wrongdoers. It is, she pointed out, a strategy that works for activists until it turns on them. \u201cYou do one wrong thing,\u201d Park said, \u201cand you\u2019re tainted. You\u2019re out forever.\u201d\n\nComing from the ringleader of these attacks, aimed explicitly at anyone who was critical of this very behaviour, her comments feel insincere.\n\nShe\u2019s since deleted tweets that invented quotes in order to frame people as saying things they did not say, in order to encourage others to pile on. But it wasn\u2019t so long ago that we\u2019ve forgotten. This bullying was not only aimed at famous white men with TV shows, but at feminist activists and writers.\n\nBruenig points out, correctly, that \u201cIf a person\u2019s reputation is perpetually tied to one thought or remark, it is likely thanks to the efforts of a specific group of people who tweet, retweet, blog, reblog, tag, retag, and otherwise create the terms on which a person will be understood, whether or not he or she likes it, whether or not they have changed.\u201d I know this to be true because it\u2019s happened to me more than once. And Park was most certainly part of the group of people who perpetuated and fed this, in the past. So it\u2019s hard to feel sympathy towards someone who is complaining about the very same kind of behaviour she engaged in with enthusiasm and built her platform on, when I\u2019ve heard nothing close to remorse or understanding from her. It\u2019s hard to forgive someone when they haven\u2019t apologized for their own behaviour. Everyone has the right to change, but without acknowledgement of misdeeds, people will continue to be skeptical.\n\n7 SHARES Share Tweet\n\nEnjoy fiercely independent, women-led media? Support Feminist Current! $ Donation Amount: Donate Now Select Payment Method PayPal Personal Info First Name * Last Name Email Address * Donation Total: $5 Bitcoin\n\nBitcoin Ethereum\n\nEthereum Litecoin Donate Bitcoin to this address Scan the QR code or copy the address below into your wallet to send some Bitcoin COPY Donate Ethereum to this address Scan the QR code or copy the address below into your wallet to send some Ethereum COPY Donate Litecoin to this address Scan the QR code or copy the address below into your wallet to send some Litecoin COPY"
        },
        {
            "id": "c55462af668e99dd",
            "title": "What\u2019s Current: Assistant director hid cameras, secretly filmed models & actresses on dozens of Hollywood sets",
            "content": "1 SHARES Share Tweet\n\nHow Andrea Constand brought Bill Cosby to justice and the temptations she surely had to just \u201clet it go.\u201d\n\nBill Cosby deposition reveals he used fame, drugs, and deceit in a calculated predation of young women.\n\nSign the petition for Amnesty International to listen to survivors of the sex trade and reject the proposal to decriminalize all aspects of prostitution.\n\nKevin Thomas Roy, prominent Hollywood assistant director used a hidden camera to film dozens of actresses naked without their knowledge.\n\nDelhi\u2019s child murderer who brutally killed 15 children says his crimes were inspired by porn and a sexually violent Bollywood film.\n\nSusan Cox is a feminist writer and erstwhile academic in Philosophy. Follow her @Blasfemmey. Got tips? Email us.\n\n1 SHARES Share Tweet\n\nEnjoy fiercely independent, women-led media? Support Feminist Current! $ Donation Amount: Donate Now Select Payment Method PayPal Personal Info First Name * Last Name Email Address * Donation Total: $5 Bitcoin\n\nBitcoin Ethereum\n\nEthereum Litecoin Donate Bitcoin to this address Scan the QR code or copy the address below into your wallet to send some Bitcoin COPY Donate Ethereum to this address Scan the QR code or copy the address below into your wallet to send some Ethereum COPY Donate Litecoin to this address Scan the QR code or copy the address below into your wallet to send some Litecoin COPY"
        },
        {
            "id": "32a5bdfa83ec2bc0",
            "title": "American Politics Archives",
            "content": "National chairperson of AF3IRM, Jollene Levid, speaks with Meghan Murphy about rise of white nationalism in the US, how the alt-right is connected to male supremacy, and what movements can do to better address violence against women of colour."
        },
        {
            "id": "668cc8dc65a9929d",
            "title": "Vancouver gender identity event a roaring success",
            "content": "1.1k SHARES Share Tweet\n\nIn case you weren\u2019t able to attend the sold out Gender Identity Ideology and Women\u2019s Rights talk at the Vancouver Public Library, it was, in a word, beautiful. On Thursday, myself, Lee Lakeman, and surprise speaker Fay Blaney spoke truth to power, shutting down any possibility of discrediting the independent, grassroots women\u2019s movement. Blaney challenged the myth of numerous \u201cgenders\u201d in Indigenous cultures, wielded by trans activists in order to justify post-modern, academic theories about \u201cgender identity,\u201d and claim them as \u201cnon-Western\u201d for identity politics points. Blaney said, \u201cThere are people who are talking about how Indigenous nations had five genders. That\u2019s absolute B.S.\u201d Lakeman reminded \u201cthose of you who can imagine bullying us into submission, you\u2019re clearly unfamiliar with us.\u201d I argued that it is unnecessary to trample on women\u2019s rights in order to also argue that those who step out of traditional gender stereotypes should not be harassed or discriminated, and indeed, challenging gender stereotypes is always what feminists have encouraged. No one in attendance could argue, with any integrity, that any of the panelists were \u201chateful\u201d or interested in harming others.\n\nWhile many protesters shouted unrelated, nonsensical slogans outside, none had the strength of character or intelligence to address the panelists in good faith, inside. The few trans activists who did attend limited their \u201cprotests\u201d to giggling at concerns about fascism and cheering when Blaney \u2014 a long time Indigenous feminist activist committed to fighting male violence against women \u2014 shared that she had been pushed out of the annual Women\u2019s Memorial March, which honours the lives of missing and murdered women lost in the Downtown Eastside. One trans activist who did speak began by insulting another woman\u2019s hair, before launching into a confusing lecture about race.\n\nThree hundred people attended the event \u2014 many more wanted to, but could not get tickets, as the event sold out. Thousands more watched online. The vast majority of the audience was in support of either our positions or, simply, the need for an open conversation about the issues. It is clear that Canadian politicians and the Canadian media are failing the general public in their efforts to distort, censor, and ignore that this is a conversation people desperately want to have, and that most in Canada are not on board with gender identity ideology and legislation, nor do they support trans activist tactics, which rely on using bullying, threats, and libel to silence and smear detractors.\n\nWatch the talk and Q&A in its entirety here:\n\nLove the takedown of the whiteness of trans activism happening right now at the Meghan Murphy Talk by two admirable Native feminists. No, \u201cnative cultures\u201d don\u2019t all have \u201c5 genders\u201d, get over it. Take your \u201cnoble savage\u201d loving asses elsewhere. #gidvpl \u2014 Bender Rodriguez (@_ShinyMetalAss_) January 11, 2019\n\nWhat a fantastic event tonight! Yep I stayed up until 7:30am to watch! Was awesome to see a diversity of women on the panel speaking about such important things going on in our culture regarding women\u2019s liberation. More please. Also Meghan Murphy is a literal goddess. #GIDVPL \u2014 Baroness Blackheart (@TransBlackheart) January 11, 2019\n\nWas brought to tears repeatedly by #LeeLakeman which I really didn\u2019t expect. An amazing, powerful voice & experience, everyone should hear her. #MeghanMurphy was amazing as was #FayeBlaney. I wish I could tag the other woman also speaking about indigenous women, so powerful https://t.co/7cBGUvB7ng \u2014 LeonoraChristina (@JammersMinde) January 11, 2019\n\nToday, it was announced that the \u201ccounter event\u201d organized by trans activists, scheduled to take place tonight, has been cancelled due to \u201ccomplaints about the panelists.\u201d\n\nThe counter-protest organized because Meghan Murphy was too problematic has been postponed and/or canceled because the speakers they chose were also too problematic. Liberalism is beyond parody at this point. pic.twitter.com/7PlwOB1Oec \u2014 Mayor Watermelon (@MayorWatermelon) January 11, 2019\n\n1.1k SHARES Share Tweet\n\nEnjoy fiercely independent, women-led media? Support Feminist Current! $ Donation Amount: Donate Now Select Payment Method PayPal Personal Info First Name * Last Name Email Address * Donation Total: $5 Bitcoin\n\nBitcoin Ethereum\n\nEthereum Litecoin Donate Bitcoin to this address Scan the QR code or copy the address below into your wallet to send some Bitcoin COPY Donate Ethereum to this address Scan the QR code or copy the address below into your wallet to send some Ethereum COPY Donate Litecoin to this address Scan the QR code or copy the address below into your wallet to send some Litecoin COPY"
        },
        {
            "id": "62f1b784c2992206",
            "title": "Jess Martin, Author at Feminist Current",
            "content": "Jess Martin is a public relations professional, an aspiring writer, and an assistant editor at Feminist Current. She prefers to write about feminist topics, disability, or environmental issues, but could be persuaded to broaden her horizons in exchange for payment and/or food. In her spare time Jess can be found knitting, gardening, or lying in the fetal position, mulling over political theory that no one in their right mind cares about."
        },
        {
            "id": "8dc0488d8830da3b",
            "title": "Natasha Chart, Author at Feminist Current",
            "content": "Natasha Chart is an online organizer and feminist living in the United States. She does not recant her heresy."
        },
        {
            "id": "a7d6c39000f1ef9b",
            "title": "Abuse as old as time: Why do movies romanticize Stockholm Syndrome?",
            "content": "1.6k SHARES Share Tweet\n\nThere is no shortage of headlines about the kidnapping of young girls \u2014 cases like those of Jaycee Dugard, Elizabeth Smart, and Natascha Kampusch are just a few examples in recent decades. The unsettling thing about many of these stories is that, often, after these young girls are found, victims are hesitant to blame their kidnappers \u2014 indeed, they often feel a kind of bond with these men. When Kampusch, who was held in a cellar for eight years and beaten up to 200 times a week by Wolfgang Priklopil (whose aim was to make her love him) found out her captor had killed himself to escape arrest, she cried and said, \u201cI feel more sorry for him \u2014 he\u2019s a poor soul; I mourn for him in a certain way.\u201d\n\nThough disturbing, this isn\u2019t uncommon \u2014 psychologists call the phenomenon wherein abuse victims bond with their abusers \u201cStockholm Syndrome.\u201d Victims are vulnerable and can be hesitant to blame their abusers for what they have done. Additionally, there is an undeniably gendered aspect when it comes to this response.\n\nVictims can assume feelings of affection for an abuser or kidnapper to achieve physical or mental safety, though isn\u2019t necessarily a conscious decision. If they are in danger, physically or mentally, being kind to their captors may lessen their chances of being hurt. Eventually, a pattern emerges. Victims are nice to their abusers, the abuser shows an act of kindness, and the victim continues to please their abuser. Over time, these victimized women adopt positive feelings toward their abuser, believing he loves them and maybe even that they love him too.\n\nAnother reality is that women have been socialized to see abuse as normal and to be empathic. What is said to be \u201cromantic\u201d is often actually stalking or controlling behaviour. This was recently exemplified in the popular movie and book series, Fifty Shades of Grey. This box office hit tells the story of a college student who stumbles into a \u201ckinky\u201d relationship with a successful business man. Okay, so that\u2019s one way of putting it\u2026 An alternative perspective: a naive young woman is manipulated into accepting a creepy, controlling, BDSM-style relationship by a psychopath.\n\nTime and time again, we see women \u2014 both in movies and in real life \u2014 supporting and loving their male partners or relatives despite abusive behaviour. Women often develop a caretaker mentality, due to the way society understands and teaches children about their gendered roles, and abusers take advantage. Frequently, women don\u2019t even recognize they were experiencing abuse until after they\u2019ve extricated themselves and had some time to process. It is confusing to understand or believe that a person who claims to love you or sometimes behaves in a caring, compassionate way towards you, is also someone who is abusing you.\n\nWatching movies about kidnappings or inappropriate relationships with adults can give girls unrealistic ideas about these situations. These movies, many of them glorified true stories, offer examples of abusive relationships that don\u2019t look so bad and often have a happy ending. Young girls are led to believe that being kidnapped or engaging in a relationship with an older man who cares for, protects, and supports them in certain ways can lead to a \u201chappily ever after\u201d -type love story.\n\nMen who abuse children generally tell victims that what is going on is perfectly fine. Movies that glorify or downplay inappropriate and abusive relationships reinforce this. Girls may come to believe inappropriate behaviour from male authority figures like teachers, coaches, and bosses is not only okay, but romantic.\n\nThe world was a-twitter with the release of the live-action version of Beauty and the Beast, but no matter how modernized, it is still a story of a young girl falling for her kidnapper. Indeed it is a tale as old as time \u2014 one that is retold to girls over and over. From the original fairy tale discovered by Charles Perrault to Jean Cocteau\u2019s 1946 film version, La Belle et la B\u00eate, to Disney\u2019s animated musical production, Western culture doesn\u2019t want to let this one go.\n\nWe may think we\u2019ve moved past these regressive storylines today, but Disney\u2019s 2017 release of Beauty and the Beast isn\u2019t starkly different from past versions. This time, we are to believe the story has been updated, as Belle is played by supposed feminist icon, Emma Watson. But, step outside the hoopla, and it\u2019s not hard to see this is still the same story of abuse.\n\nBelle isn\u2019t kidnapped, technically \u2014 she chooses to venture into the Beast\u2019s castle. Nonetheless, she ends up living with him against her will. She offers herself to the Beast in place of her father, who was being held prisoner after accidentally stumbling into the castle while on a horseback ride through the woods. In the animated version, Belle pushes her father out of the beast\u2019s dungeon and locks herself in instead. Despite small differences between Disney\u2019s two versions, the same theme is present in both \u2014 Belle must sacrifice her own freedom for someone else\u2019s benefit and conform to a beast\u2019s rules.\n\nIn order for the story to work, both characters have to change. The Beast must transform to love Belle, and Belle must transform to look past his ugliness and initial cruelty to appreciate the care he gives her. And that\u2019s where, from a feminist perspective, it all falls apart. His transformation and love for her suggests that compassion can change abusive men and that, to stop cruel or controlling behaviour, women should just be persistent and keep on loving their abuser. The message that girls and women should look past the terrible things they see in partners, abusers, or kidnappers is a dangerous one, as females are already socialized to accept abusive behaviour and male violence, because \u201cboys will be boys.\u201d The idea that \u201csticking it out\u201d will change a man and that \u201ctrue love\u201d means staying and believing a man will change just reinforces that message.\n\nShe may be strong-willed, but Belle must do as the Beast says in order to stay safe in an unknown and possibly dangerous place. That she falls in love with him despite this just romanticizes an abusive situation. By presenting Belle\u2019s character in this modern version as a feminist, we further reinforce this message.\n\nParents \u2014 and Disney lovers \u2014 want to see the good in this film, and there is some. Belle loves reading, is rebellious, isn\u2019t spoiled, and she cares deeply for her family and father. But she also constantly sacrifices herself for the men around her. Though her father is less complicit in this one than Disney\u2019s animated version, Belle is tasked with the sexist role of caretaker for him.\n\nBeauty and the Beast isn\u2019t the first movie to romanticize kidnapping stories. In 1921, the famous romantic lead Rudolf Valentino in The Sheik kidnaps and mistreats a woman, who falls in love with him by the end. It\u2019s billed as a romance.\n\nMany young feminists say V for Vendetta, a box office hit, is a favourite film. In it, a Svengali-like character kidnaps and tortures the main character, Evey, to build her into the heroine she will later become. Despite his treatment of her, Evey remains loyal to V, frequently defending him, and returning to him of her own free will. Surprisingly, we\u2019ve become so accustomed to this storyline that many people call this film a romance.\n\nThese stories perpetuate dangerous myths that can lead girls and young women not to understand the difference between love and abuse. A recent story out of Tennessee demonstrates as much. Tad Cummins, a 50-year-old teacher, kidnapped his 15-year-old student, Elizabeth Thomas, who was convinced they were in love. Cummins\u2019 wife noted that she had seen the two getting close, and students had also noticed the two having \u201coverly friendly\u201d moments. It was later revealed that the two had been exchanging love letters. A Thomas family rep described Cummins as a \u201cclassic predator\u201d who groomed Thomas to run off with him. Even after they were caught and Cummins was facing kidnapping charges, Thomas claimed she was \u201cstill in love\u201d with her abuser.\n\nWe see predatorial male characters in films time and time again, but don\u2019t always realize it. What\u2019s perhaps most disturbing about these films is how successful they are. As a culture, we love this storyline. The Sheik is considered a classic, V for Vendetta is a cult favourite, 50 Shades of Grey is the fourth highest grossing R-rated film of all-time, and the most recent version of Beauty and the Beast broke box office records, pulling in $63.8 million its opening weekend.\n\nMovies did not create Stockholm Syndrome, but stories that glorify abusive relationships aren\u2019t helping. Real stories of kidnapping and abuse don\u2019t end happily ever after. If girls and women envision themselves as these characters and glorify these kinds of situations, they may see themselves as complicit in their own abuse, and stick it out instead of leaving, in the hope that their \u201cbeast\u201d will change.\n\nKate Harveston writes about social justice and human rights issues at Only Slightly Biased. Follow her on Twitter @KateHarveston.\n\n1.6k SHARES Share Tweet\n\nEnjoy fiercely independent, women-led media? Support Feminist Current! $ Donation Amount: Donate Now Select Payment Method PayPal Personal Info First Name * Last Name Email Address * Donation Total: $5 Bitcoin\n\nBitcoin Ethereum\n\nEthereum Litecoin Donate Bitcoin to this address Scan the QR code or copy the address below into your wallet to send some Bitcoin COPY Donate Ethereum to this address Scan the QR code or copy the address below into your wallet to send some Ethereum COPY Donate Litecoin to this address Scan the QR code or copy the address below into your wallet to send some Litecoin COPY"
        },
        {
            "id": "224a3fdf578ec51a",
            "title": "Gender Identity Archives",
            "content": "Unlike most other International Women\u2019s Days, this time, we actually have something to celebrate. Despite over a century of efforts by feminists, women have never managed to come up with a good\u2026"
        },
        {
            "id": "2e2e0ea1edff6eed",
            "title": "What\u2019s Current: Report finds Facebook is source of 94 per cent child abuse images reported in 2019",
            "content": "If the work we produce here at Feminist Current is work that you value and support, please consider donating.\n\nYour support means the world. Thank you."
        },
        {
            "id": "a8ab54743dbeb6b3",
            "title": "Vancouver residents & women\u2019s groups demand Mayor Gregor Robertson enforce the law criminalizing johns",
            "content": "173 SHARES Share Tweet\n\nAt 5:30 on Tuesday evening, just over 100 people gathered on the front steps of Vancouver City Hall to demand Mayor Gregor Robertson follow through on his commitments to women and girls. The event, organized by Creating John-Free Communities, Asian Women Coalition Ending Prostitution, and REED, was clear in its aims: Make Vancouver a john-free zone.\n\nIn 2009, Robertson signed a declaration naming prostitution as violence against women. Just last year, he signed a second declaration, committing to end \u201cabuse, exploitation, trafficking and all forms of modern slavery, which are crimes against humanity, including forced labor and prostitution.\u201d Today, the Mayor has a real opportunity to keep his word, and to follow through on his promises.\n\nIn 2014, Bill C-36: The Protection of Communities and Exploited Persons Act passed, and, under Canada\u2019s new law, paying for sex became illegal. While a number of other cities and provinces have taken action in accordance with the new law, cracking down on pimps and johns, the Vancouver Police Department, under the guidance of the Mayor (who acts as Chair of the Vancouver Police Board, the body that employs and oversees the Vancouver Police Department), have opted to simply ignore the law, stating they will only enforce it as a \u201clast resort.\u201d Instead, the VPD is following a 2013 policy that does not hold men accountable for the violence, exploitation, and abuse they perpetrate when they pay for sex, that relies on misguided and decontextualized words like \u201cchoice\u201d and \u201cconsent.\u201d This language and approach wholly abandons marginalized women who end up in prostitution through a lack of choice and ignores the fact that \u201cconsent\u201d given under duress, by women who are impoverished, addicted, abused, coerced, and groomed through incest and other forms of sexual abuse, does not exist in any meaningful sense of the word. The City continues to issue licenses to the \u201cmassage parlours\u201d that exist throughout Vancouver, who profit through the racist fetishization of Asian women, and continues to let men operate with impunity in the Downtown Eastside and beyond.\n\nSince the new law came into effect, women\u2019s groups have urged Robertson to take action. On May 5th, feminist activist Jindi Mehat addressed the Police Board, saying, \u201cProstituted women are most harmed by the decision to not arrest johns,\u201d but that as a resident of Vancouver, \u201cthis decision [to ignore the law] harms all women.\u201d She also pointed out to the Mayor and the Board that holding men accountable means addressing men\u2019s beliefs about entitlement to women\u2019s bodies, exemplified through sexual harassment and assault, as well as through buying sex. In other words, prostitution exists as part of a larger continuum that reinforces rape culture and sends the message that women\u2019s humanity matters less than male pleasure.\n\nLast night, women and men alike demanded more from our government. Indigenous feminist and survivor of prostitution, Jackie Lynne, reminded the Mayor, \u201cYou have the power to make the lives of Indigenous women and girls better.\u201d Fay Blaney, founder of Aboriginal Women\u2019s Action Network (AWAN), echoed these sentiments, pointing out that the very same Indigenous women and girls who go missing in Canada are also the one forced into prostitution on the streets of Vancouver. Indigenous activist, Audrey Siegel, questioned the Mayor\u2019s priorities, shouting, \u201cNo more bike lanes till our women are safe!\u201d\n\nAs the rally wrapped up, attendees signed letters addressed to the Mayor, demanding he take leadership and use the law to protect women.\n\nA smaller group headed into the building to address Robertson directly, handing him the signed letters in person. Siegel reminded him of his position of privilege, as a white man, and his responsibility towards the Indigenous women whose land and culture was stolen and erased through colonialism, whose bodies are being abused and exploited by white men now, in a continuation of this colonialist legacy. Despite the numerous women who spoke directly to him, demanding action, asking, \u201cHow many more women have to die?\u201d Robertson abdicated responsibility, once again.\n\nWhile the City rests on its laurels, claiming \u201charm-reduction\u201d as the go-to \u201cprogressive\u201d solution to systemic oppression, women like Lynne want more, saying, \u201cWe don\u2019t want harm-reduction we want harm-elimination!\u201d\n\n\u201cEvery woman standing here represents 1000 more,\u201d Siegel said. How long will the Mayor continue to ignore our voices, our rights, and our fight for justice and respect?\n\nConsider supporting our work with a donation.\n\n173 SHARES Share Tweet\n\nEnjoy fiercely independent, women-led media? Support Feminist Current! $ Donation Amount: Donate Now Select Payment Method PayPal Personal Info First Name * Last Name Email Address * Donation Total: $5 Bitcoin\n\nBitcoin Ethereum\n\nEthereum Litecoin Donate Bitcoin to this address Scan the QR code or copy the address below into your wallet to send some Bitcoin COPY Donate Ethereum to this address Scan the QR code or copy the address below into your wallet to send some Ethereum COPY Donate Litecoin to this address Scan the QR code or copy the address below into your wallet to send some Litecoin COPY"
        }
    ],
    "label": 1,
    "label_text": "mixed"
}