{
    "source": "ff.org",
    "articles": [
        {
            "id": "46ec1b1d0855a75c",
            "title": "Department of Justice",
            "content": "It may just be that Donald Trump\u2019s biggest sin\u2014as it was with Newt Gingrich and Ronald Reagan and others who preceded him on the national stage\u2014is that he has blocked what the intellectual heirs of Marx who populate the Democratic Party believe is the United States\u2019 inevitable slide into a permanent socialist welfare state.\n\nSome will argue this is nonsense. They may be right about that\u2014but the debate about these luminaries on the political right so often devolves into character assassination and the politics of personal destruction that it is hard to be sure. The leaders of America\u2019s elite culture, who have the power to shape people\u2019s thinking and economic behavior as well as influence how they vote, are a leftward lot who cannot be happy they are saddled with Sleepy Joe Biden as a presumptive presidential nominee.\n\nSince coming into office, Trump has complained that he has been the victim of a coordinated campaign to discredit him. The allegation that his campaign colluded with Russian intelligence operatives to tilt the election in his favor\u2014which so many senior congressional Democrats and former Obama administration senior officials assured everyone was both serious and substantive\u2014turns out not to have been true at all.\n\nThis is troublesome. Some of the same people who were on television as often as possible reiterating there was truth in the charge were telling congressional investigators that they had no evidence to back up their claims. And that\u2019s only the tip of the iceberg.\n\nWe\u2019ll probably never know everything that went on but, from what we do know, there\u2019s more true than not true about the suggestion, for example, the FBI under James Comey\u2014perhaps at his own direction\u2014sought to intervene in the 2016 election to Trump\u2019s detriment. Using a phony \u201cdossier\u201d as cover that they apparently knew to be full of falsehoods (and paid for, in part, by the Hillary Clinton presidential campaign), they wiretapped Trump campaign headquarters looking for dirt. And they set up retired Lt. Gen. Michael Flynn, who, for a brief time, served as national security advisor, on the charge of having lied to them.\n\nThere are those\u2014and count me among them\u2014who find the idea that lying to the FBI is a crime questionable, especially since the United States Supreme Court has affirmed the FBI and other police agencies can lie to you without penalty or sanction in the course of an investigation. That, it seems reasonable to assert, tips the scales of justice unfairly towards the interests of the state. But that\u2019s an issue of another day.\n\nMichael FlynnALEX WROBLEWSKI/GETTY IMAGES\n\nThe fact the Flynn investigation is so badly tainted by misconduct, not just by the investigators but also by the prosecutors, taints all the subsequent investigations and prosecutions touching on the Russia collusion investigations. Perhaps they deserve reconsideration, especially the case against longtime Trump political associate Roger Stone\u2014which moved forward, he claims, only after he refused an entreaty to make everything go away if only he would go along with the government\u2019s assertions regarding phone conservations with the president that matched the narrative the FBI was trying so hard to establish.\n\nThis whole saga is a black stain on the American system of jurisprudence. The Stone case, from the obvious bias of the judge and jury foreman to how a key witness, it was recently learned, contradicted himself between his testimony before the House Intelligence Committee and what he said in federal court, ratifies rather than reassures the American public that something is rotten in Washington.\n\nIt\u2019s not too much of a stretch to suggest, were there not profound political considerations connected to the action, that President Trump should pardon everyone who was convicted or pled guilty to process crimes arising out of the collusion investigation.\n\nWhich brings us to the unfortunate tale of Judge Emmett Sullivan. By inviting the submission of amicus briefs and appointing a retired federal judge to argue against the dropping of the case against Flynn\u2014as the Justice Department now wants to do\u2014Judge Sullivan is only prolonging the inevitable. Even if Flynn\u2019s plea of guilty to the charge he lied to the FBI is somehow sustained in Sullivan\u2019s courtroom, it will almost certainly be reversed on appeal.\n\nA pardon would short-circuit that but would make it hard for Flynn and others to claim they were both set up and exonerated. Justice requires they be able to do both."
        },
        {
            "id": "dc4ea930a23ef443",
            "title": "Study: Free College Plans Leave Vast Majority Worse Off",
            "content": "'Over 86% of all households would lose' from free tuition policies\n\nBy Yuichiro Kakutani \u2022 The Washington Free Beacon\n\nThe \u201cfree\u201d college plans touted by Sen. Elizabeth Warren (D., Mass.) and other Democratic presidential hopefuls will require radical tax hikes and leave 86 percent of American households worse off, a recent study found.\n\nWarren and Sen. Bernie Sanders (I., Vt.) often promise tuition-free higher education and student debt cancellation on the campaign trail. However, a National Bureau of Economic Research study conducted by University of Wisconsin researchers found that free college translates to a hollowed-out higher education system that leaves many Americans worse off.\n\nResearchers simulated two scenarios: one in which the federal government forces states to adopt tuition-free public colleges and another in which it provides subsidies to encourage states to do so. They calculated how each plan would affect the welfare of American households. The welfare function was derived from, among other things, the positive and negative impacts of higher tax rates and lower education costs.\n\n\u201cOver 86% of all households would lose while about 60% of the lowest income quintile would gain from such policies,\u201d the study found.\n\nIn both scenarios, the free tuition policy benefited a group of the poorest Americans at the expense of everyone else. For the vast majority of U.S. households, any benefit derived from a free college plan was outweighed by its negative consequences.\n\nSens. Warren and Sanders, as well as former Obama official Juli\u00e1n Castro, want to make public college free for all Americans. Other presidential candidates, including South Bend mayor Pete Buttigieg and Rep. Tulsi Gabbard (D., Hawaii), backed a less ambitious plan that removed tuition costs only for middle- and low-income families.\n\nSuch proposals could end up hurting students before they get to college. For example, Warren said she would pay for her free-tuition plan by levying an up to 2 percent wealth tax on \u201cultra-millionaires.\u201d She claims in her policy plan that states will split the cost of college tuition with the federal government but still \u201cmaintain their current levels of funding\u201d for academic instruction even after her plan is implemented.\n\nWarren\u2019s plan would force state governments to withdraw resources from public K-12 education to fund the free college program, worsening the overall quality of education students receive before college. The lower education quality, along with higher tax rates, would contribute to a decline in welfare for U.S. households, according to researchers.\n\n\u201cThe idea of \u2018free\u2019 public colleges is politically seductive. But of course a college education can\u2019t actually be free\u2014someone must pay for it,\u201d the study said. \u201cAllocating additional resources to the college stage may be self-defeating if this entails a reduction of public expenditure in the earlier stages.\u201d\n\nSome scholars, however, argue that lower per-pupil costs do not necessarily lead to lower education quality, but may reflect a more efficient school system. Analysts at the Heritage Foundation found that D.C. public school students drastically underperformed despite the district spending nearly double the national average per pupil.\n\nOther academics have found flaws in existing free college programs. A Harvard University study found that a Massachusetts tuition-free college program for high-performing students actually lowered the students\u2019 college completion rate, complicating claims from 2020 Democrats that their education plans would allow more students to graduate."
        },
        {
            "id": "dc12e7f0422a0b68",
            "title": "Frontiers of Freedom\u2019s Statement on U.S. Senator Rand Paul\u2019s Substitute Budget Amendment",
            "content": "Washington, DC \u2013 February 4, 2021 \u2014 George Landrith, president of Frontiers of Freedom, released the following statement on U.S. Senator Rand Paul\u2019s Substitute Budget Amendment:\n\nSenator Rand Paul has long been a champion of balancing the federal budget and protecting the American taxpayer. Too often opponents of fiscal responsibility argue that to balance the budget would require draconian cuts. But Senator Paul\u2019s proposal only requires a budget cut of 3 pennies on the dollar each year for the next five years and then limits spending increases thereafter by 2 percent per year. Senator Paul\u2019s proposal doesn\u2019t change anything about Social Security, but it reduces federal spending by $7.2 trillion over 10 years compared to the baseline.\n\nSenator Paul, who is a Medical Doctor, also expands Health Savings Accounts as a way to promote preventive medical care and reduce overall healthcare costs.\n\nGetting the federal budget under control will strengthen America and protect the taxpayer as well. And it will allow the federal government to focus on its top priorities \u2014 which must always include national security and defense. When our budget is spiraling out of control, our ability to provide a robust defense is hampered. And our adversaries can use our financial troubles to weaken us. So Senator Paul\u2019s proposal should be welcomed by all who are concerned about threats from abroad.\n\nSenator Paul deserves an A grade for this proposal. Let\u2019s hope that enough Senators see the merits of getting our federal budget under control so that in future years, the economy can grow, and taxpayers are not saddled with a staggering and stifling debt load and the federal government can focus on its most fundamental and important priorities.\n\n# # #"
        },
        {
            "id": "a2a0f74a343acd5c",
            "title": "Frontiers of Freedom",
            "content": "By Peter Roff \u2022 American Action News\n\nThere are certain incidents, indelibly etched on the memory of the American people, that have done much to shape our national character. Some, like 9/11, are still fresh in our minds. Others, like December 7th, 1941, are slipping away into the mists of time as the number of those who heard the dramatic news bulletins or experienced the attacks dwindles towards its inevitable destination.\n\nFurther in the past, events like Lexington and Concord, Washington crossing the Delaware, and the Battle of Yorktown have become the thing of myths. No one alive and no one who knew anyone alive at the time they occurred stills walks among us. We must rely on the historical record, embellished though it may at times be, to teach us what happened there.\n\nWhy these events are important though is a matter left to our judgment. Things change over time, as can be witnessed in the ongoing struggle to interpret \u2014 and reinterpret \u2014 the justifications for the American Civil War and the reasons men on both sides chose to fight.\n\nIt remains a divisive point in our history. At its end some were led out of bondage and into a form of freedom while others were to a degree subjugated as punishment for having been on the losing side. This was not what history tells us Abraham Lincoln wanted.\n\nThe vision of our martyr-president, laid out so eloquently by him in so many manuscripts and speeches still with us, was of a nation where all men and women were free and equal. He wanted a gentle peace, one that brought the people of the Union together once again as brothers and sisters. He made this clear many times, but perhaps best at the dedication of a cemetery for soldiers fallen in around Gettysburg, Pennsylvania.\n\nThe battle itself is regarded as the turning point of the war. It was certainly a time of heroics, from Chamberlain\u2019s Mainers surge down Little Round Top, out of ammunition and bayonets affixed, to Pickett\u2019s Charge and beyond. It was three horrific days of brother fighting brother yet, less than 100 years later, veterans of the North and veterans of the South came together again in this same place as one, in memory of fallen comrades and looking ahead to a nation once again knitted together by the toil and sweat and allegiance to the same Constitution.\n\nLet us remember this on Memorial Day as we remember those who paid the ultimate sacrifice in defense of our country and of the freedoms for which it stands as a bright light, signaling the preeminence of liberty on our shores to all the world."
        },
        {
            "id": "70149a2ef41d48dd",
            "title": "How NOAA rewrote climate data to hide global warming pause",
            "content": "by Thomas Richard \u2022 Examiner\n\nThe number of excuses for the global warming pause or hiatus had grown to more than 66 when the National Oceanographic and Atmospheric Administration (NOAA) added yet another one to the list in a just-published study in Science. In their argument that came out yesterday, NOAA said that long-existing instrument bases have masked rising sea surface temperatures. Once they \u201creadjusted\u201d the data, the warming hiatus disappeared. By cooling the past, they were able to make the most recent years even warmer.\n\nThis assessment has drawn heavy criticism from both sides of the bitter climate debate, but one thing no one disputes: NOAA may have overstepped its authority in rewriting climate history and relying on faulty data sets. By making the early 1900s colder, and using only land-based temperature stations and less-reliable ocean temperatures, NOAA can now readjust the past to chart a new future.\n\nThis new study also comes at a time when President Obama has shifted his focus to climate change, not to mention the EPA\u2019s proposed plans to completely revamp the country\u2019s power plant system through new regulations.\n\nOne thing is clear: NOAA didn\u2019t rely on satellite temperatures, which clearly shows a global warming pause for the past 19 years. or the much more reliable ARGO buoys for ocean temperatures. According to The Daily Caller, \u201cnew satellite-derived temperature measurements show there\u2019s been no global warming for 18 years and six months.\u201d Satellite data is preferable because it measures the first two miles of the lower atmosphere, and is accurate to within .001 degrees Celsius.\n\nEven the Intergovernmental Panel on Climate Change (IPCC) acknowledged two years ago that the rise in Earth\u2019s mean surface temperatures had begun to slow since 1998, and since then everything from volcanic activity to solar output to the oceans absorbing the extra heat have been put forward to explain the pause. Others believe the missing heat is hiding in the Deep Oceans, far from any sort of sensors or temperature gauges. NOAA is one of four independent organizations that gather and analyze global temperatures, and the three other groups have all detected a slowdown in the rate of global warming, which is why the IPCC mentioned the \u201chiatus\u201d in the first place.\n\nThe study, led by Thomas Karl, of NOAA\u2019s Climatic Data Center, said once the data was \u2018adjusted\u2019 and the biases accounted for, \u201cthis hiatus or slowdown simply vanishes.\u201d Karl et al insists that global average surface temperature has climbed 0.2 degrees Fahrenheit each decade since 1950, without interruption, due to the heat-trapping effects of carbon dioxide emissions.\n\nNot everyone agrees. Judith Curry, a climate scientist at Georgia Tech who doesn\u2019t find this analysis at all convincing, writes, \u201cWhile I\u2019m sure this latest analysis from NOAA will be regarded as politically useful for the Obama administration, I don\u2019t regard it as a particularly useful contribution to our scientific understanding of what is going on.\u201d She went on to say that it \u201cseems rather ironic, since this is the period where there is the greatest coverage of data with the highest quality of measurements \u2014 ARGO buoys and satellites don\u2019t show a warming trend.\u201d\n\nThree climatologists at the CATO Institute released a joint statement about the NOAA adjustment report: \u201cWhile this will be heralded as an important finding, the main claim that it uncovers a significant recent warming trend is certainly dubious. The significance level (.10) is hardly normative and the use of it certainly will prompt many readers to question the reasoning behind the use of such a lax standard.\u201d\n\n\u201cI would argue the study is misleading on the implications of its results,\u201d said Piers Forster, an atmospheric physicist at the University of Leeds, in England. \u201cThis study has not \u2018magicked\u2019 the hiatus away or somehow corrected the IPCC.\u201d Indeed, scientists who have investigated the warming hiatus said the study\u2019s \u201ckey shortcoming is that it does what mainstream climate scientists accuse climate skeptics of doing: cherry-picking start and end dates to arrive at a particular conclusion.\u201d\n\nGerald Meehl, a climate researcher at the National Center for Atmospheric Research (NCAR) in Boulder, Colorado, told Mashable in an email that \u201cMy conclusion is that even with the new data adjustments, there still was a nominal hiatus period that lasted until 2013 with a lower rate of global warming than the warming rate of the last 50 years of the 20th century, and a factor of two slower warming than the previous 20 years from the 1970s to 1990s.\u201d\n\nLisa Goddard, director of the International Research Institute for Climate and Society (IRI) at Columbia University, also told Mashable that \u201cthe study does not support the conclusion that global warming didn\u2019t slow down for a relatively short time period. \u2018It is clear that Karl et al. have put a lot of careful work into updating these global products,\u2019 Goddard said in an email. \u2018However, they go too far when they conclude that there was no decadal-scale slowdown in the rate of warming globally. This argument seems to rely on choosing the right period \u2014 such as including the recent record-breaking 2014.'\u201d\n\nAnother climate researcher, Peter Thorne, a climate researcher at Naynooth University in Ireland, said in an interview that \u201cmore investments should go toward establishing redundant, carefully calibrated temperature-observing networks where data is currently sparse, such as the Arctic, much of Africa and especially the oceans.\u201d\n\nEven more surprising is that climate scientists who believe that man is solely responsible for the planet warming less than a degree Celsius in the past 100 years also rejected NOAA\u2019s assessment that the slowdown is not occurring. \u201cIt is a bit misleading to say there is no hiatus,\u201d said climate scientist Kevin Trenberth of the National Center for Atmospheric Research.\n\n\u201cThis new study suggests that the slowdown in the rate of warming may be much less pronounced than in the global temperature records that were available for the IPCC to assess,\u201d said Professor Tim Osborn of the University of East Anglia, which handles the UK data set with the Met Office Hadley Centre. \u201cThe IPCC\u2019s assessment wasn\u2019t wrong, but perhaps the emphasis would be slightly different if the assessments were carried out afresh with the new studies since 2013 that could now be considered.\u201d\n\n\u201cI would caution against dismissing the slowdown in surface warming on the basis of this study \u2026 There are other data sets that still support a slowdown over some recent period of time, and there are intriguing geographical patterns such as cooling in large parts of the Pacific Ocean that were used to support explanations for the warming slowdown,\u201d Osborn added.\n\nAs Judith Curry writes, \u201cIn my opinion, the gold standard data set for global ocean surface temperatures is the UK data set, HadSST3. A review of the uncertainties is given in this paper by John Kennedy. Note, the UK group has dealt with the same issues raised by the NOAA team. I personally see no reason to the use the NOAA ERSST data set, I do not see any evidence that the NOAA group has done anywhere near as careful a job as the UK group in processing the ocean temperatures.\u201d\n\nAs Marc Morano of the site Climate Depot noted in an interview with National Geographic, \u201cNOAA\u2019s new study will have \u201cvirtually no impact in the climate debate. \u2026 This latest study merely adds to the dueling data sets and of course time lines in the climate debate.\u201d"
        },
        {
            "id": "aa195628088970fe",
            "title": "Federal Report Finds U.S. Department Of Education A Massive Failure",
            "content": "By Vicki Alger \u2022 The Federalist\n\nA new report raises questions about how the U.S. Department of Education monitors the performance of its wide-ranging elementary and secondary education programs.\n\nThe department currently receives $38 billion for its major K-12 education programs. Yet the assessment says those programs are plagued by \u201ccomplex and persistent\u201d challenges, many of which have been identified previously, according to the U.S. Government Accountability Office (GAO), the official \u201ccongressional watchdog\u201d charged with ensuring taxpayer dollars are spent efficiently.\n\nSpecifically, the GAO identified four key shortcomings in the department: oversight and monitoring, data quality, capacity, and evaluation methodologies. As the GAO makes clear, it is not the only oversight agency raising concerns about the department\u2019s program management. What\u2019s more, such problems have plagued our federal education departments since the first one took form back in 1867.\n\nNot Paying Attention to Where the Money Goes\n\nThe GAO found that various education department offices failed to document consistently required monitoring activities in their official grant files. For example, its review of 75 grants totaling $21 million in discretionary funding revealed that \u201calmost all\u201d of them \u201cwere missing key monitoring documents, including grantee performance reports, which describe the results grantees achieve with grant funds,\u201d according to the GAO.\n\nThe department\u2019s own Office of Inspector General (OIG) reached a similar conclusion in its 2016 audit of the office responsible for oversight of the Rural Education Achievement Program, which receives about $170 million in annual funding. Additionally, the OIG audit found that what little program data was collected was not being used to improve monitoring efforts or help grantees meet program goals.\n\nWhile the department has taken some steps toward improving program monitoring and oversight, the GAO notes that challenges will likely persist in the coming years as the Every Student Succeeds Act (ESSA), the largest federal K-12 law, continues to be implemented. \u201cThe flexibility ESSA provides for state and local educational agencies under various grant programs complicates efforts to design program-level performance measures,\u201d according to the GAO, \u201cbecause state and local educational agencies\u2019 program goals vary based on their unique needs.\u201d\n\nLow-Quality Data the Department Doesn\u2019t Evaluate Well\n\nThere have also been ongoing quality issues with the data K-12 grantees submit to the department, complicating efforts to assess program performance. Even though it issues guidance to grantees about submitting accurate data, \u201cEducation did not independently assess the accuracy of these program data submitted by grantees or perform basic logic checks,\u201d the GAO concluded.\n\nPoor-quality data has been an ongoing issue, one previously documented by both the GAO and the department\u2019s OIG. Moreover, \u201cEducation officials said that data quality challenges will likely persist under ESSA because Education and its grantees continue to face challenges collecting reliable, comparable program performance data in a minimally burdensome manner.\u201d\n\nProper grant oversight and monitoring requires sufficient funding and staff capable of conducting effective evaluations. In 2015 Congress granted the department the authority to consolidate the funds necessary to conduct program evaluations. In response, it was able to hire some additional staff and conduct additional evaluations of strategic programs that would not have been possible otherwise. Yet problems remain.\n\nEffective program monitoring requires highly skilled staff who are specially trained in rigorous evaluation methods. The Education Department, however, has not updated its hiring plan since 2009, despite officials\u2019 assurances that a new plan would be released in 2017.\n\nComplicating matters is the fact that, as grant guidelines allow more program flexibility, more sophisticated evaluation methods are needed to isolate the effects of various programs. Additionally, even though grantees provide the department large amounts of data, it still has not developed plans for using that information. The largest K-12 program, Title I, poses a particular challenge.\n\nTitle I is supposed to help improve academic outcomes and opportunities for low-income students, as well as close achievement gaps. States and local school districts that receive Title I grants have broad discretion when choosing activities they believe will accomplish those goals. Yet because the program goals are so sweeping and grantees\u2019 plans are so varied, the department has opted to measure the program\u2019s effectiveness according to broadly defined, long-term goals and report on grantee\u2019s interim progress toward meeting those goals.\n\nWe Knew This Was Happening For Decades\n\nThe GAO\u2019s findings underscore more fundamental problems with having a Department of Education. In the United States, education is supposed to be a strictly state and local matter under Article 10 of the Constitution. In fact, the word education does not even appear in the Constitution and, until the Civil War era, Congress took no action to extend its authority into K-12 education.\n\nThat changed shortly after the Civil War, when proponents insisted that education was a matter of national concern best directed by experts in a cabinet-level education department, rather than being left to the \u201ccaprice of individuals and the States.\u201d\n\nDuring the congressional debates preceding the establishment of the Department of Education in 1867, opponents predicted the problems routinely identified today. Rep. Samuel J. Randall of Pennsylvania, for example, objected the proposed national education department insisting that \u201ca bureau at an extravagant rate of pay, and an undue number of clerks collecting statistics\u2026[that] does not propose to teach a single child\u2026its a, b, c\u2019s.\u201d\n\nAlthough 19th-century proponents prevailed in establishing a national education department, their victory was short-lived. A year later, in 1868, it was defunded and downgraded to an office-level agency. It wasn\u2019t until the Carter administration in the mid-1970s that proponents\u2019 call for re-establishing a cabinet-level department was acted upon.\n\nOnce again, opponents objected on various grounds, including the ability of a national department to oversee education programs for tens of millions of school children. Rep. Lawrence H. Fountain (D-NC) was particularly outspoken in his objection, arguing that:\n\nI find it disappointing that the administration has not given attention to another management option\u2014namely, a critical review of those 150 plus education programs to determine how many of them are really needed today\u2026It would be far more useful, in my judgment, to concentrate on weeding out programs that have outlived their usefulness, that duplicate one another, or that simply don\u2019t work, than to devote our energies to creating a new organizational structure which might well help to perpetuate many of these programs.\n\nFederal Agencies Are Not Built for Performance\n\nA leading reason for re-establishing a cabinet-level U.S. Department of Education in 1979 was better coordination and administration of hundreds of federal education programs. The latest GAO report, however, adds to a growing body of evidence that far-off bureaucracies in Washington, D.C., are ill-suited for this task.\n\nThe department is just one of numerous federal entities operating nearly 300 federal social, education, and training programs. In a separate report published nearly a decade ago the GAO concluded that no uniform definition for \u201ceducation program\u201d even exists across 25 federal departments and agencies. Not much has changed since then.\n\nFull public disclosure of all entities receiving federal funding has been required since 2006, and a public inventory website managed by the Office of Management and Budget (OMB) was launched the following year. Subsequent legislation enacted in 2010 and 2014 expanded federal transparency requirements, including linking program and funding data.\n\nThe OMB\u2019s revised inventory published in 2013 revealed that more than half of all education department programs were either deemed ineffective or their results were unproven. Yet in 2014, the results of that inventory were deemed unreliable, largely because of inconsistencies in how federal agencies define education programs. As of the fall of 2017, the GAO estimated that, at best, just 1 percent of federal agencies had submitted consistent program and budget data. Then, in December 2018, the GAO noted ongoing problems with data integrity and public accessibility of the OMB\u2019s program inventory.\n\nAs things stand now, the U.S. Department of Education spending and performance are reported separately. The latest performance report from the department contains several elementary and secondary education goals, but most of them don\u2019t provide any recent information.\n\nWe Shouldn\u2019t Spend Billions to Get Bad Results\n\nIt shouldn\u2019t be this hard to figure out whether specific education department programs are working. What we do know from publicly available spending and achievement data is that, since 1970, education spending has roughly tripled in real, inflation-adjusted terms, but student achievement has remained largely flat.\n\nThe Trump administration proposed merging the education and labor departments last June to streamline education programs and minimize bureaucracy. The plan was met with bipartisan criticism, including by members of several conservative education organizations. Fixing the failures of the Department of Education, however, does not need to mean fiddling with the federal organizational chart.\n\nRather, the fundamental problem with the Department of Education is that it removes decision-making authority from the real education experts: parents and taxpayers in local communities.\n\nCurrently, the federal government provides just 8 percent of total K-12 education funding. Yet states and school officials have to agree to myriad federal mandates to access that funding. Given the ongoing problems with the department, in contrast to the growth of successful state-level parental choice programs, it is well worth considering abolishing the U.S. Department of Education once and for all."
        },
        {
            "id": "3fa068948a4dc64c",
            "title": "3 days to Al Gore\u2019s \u201910 years to save the planet\u2019 and \u2018point of no return\u2019 planetary emergency deadline",
            "content": "by Anthony Watts \u2022 WUWT\n\nFrom the \u201csay your prayers, we\u2019re gonna roast\u201d department.\n\nOn January 25th, 2006, while at the Sundance film festival, screening \u201cAn Inconvenient Truth\u201d, Al Gore said this as chronicled in an article by CBS News:\n\nThe former vice president came to town for the premiere of \u201cAn Inconvenient Truth,\u201d a documentary chronicling what has become his crusade since losing the 2000 presidential election: Educating the masses that global warming is about to toast our ecology and our way of life.\n\nGore has been saying it for decades, since a college class in the 1960s convinced him that greenhouse gases from oil, coal and other carbon emissions were trapping the sun\u2019s heat in the atmosphere, resulting in a glacial meltdown that could flood much of the planet.\n\nAmericans have been hearing it for decades, wavering between belief and skepticism that it all may just be a natural part of Earth\u2019s cyclical warming and cooling phases.\n\nAnd politicians and corporations have been ignoring the issue for decades, to the point that unless drastic measures to reduce greenhouse gases are taken within the next 10 years, the world will reach a point of no return, Gore said.\n\nHe sees the situation as \u201ca true planetary emergency.\u201d\n\n\u201cIf you accept the truth of that, then nothing else really matters that much,\u201d Gore said in an interview with The Associated Press. \u201cWe have to organize quickly to come up with a coherent and really strong response, and that\u2019s what I\u2019m devoting myself to.\u201d\n\nWell, the 10 years are about up, by now, warming should have reached \u201cplanetary emergency levels\u201d Let\u2019s look at the data:\n\nSatellite data since 1979:\n\nAs you can see, little has changed since 2006. Note the spike in 1998, in the 18 years since the great El Ni\u00f1o of 97/98, that hasn\u2019t been matched, and the current one we are in isn\u2019t stronger, and looks to be on the way to decaying. So much for the \u201cmonster\u201d El Ni\u00f1o.\n\nDr. John Christy recently wrote of the satellite record since 1979:\n\nWhile a 0.12 C trend isn\u2019t exactly a sprint to climate catastrophe (the 1.2 C or 2.2 degrees F rise over 100 years would be roughly equal to the warming seen most spring days between 10 a.m. and noon), it nonetheless has been a steady trend for the past several years. Take away the random variations caused by warm and cold weather systems, and any long-term trend, no matter how small, will produce climate records on a regular basis. Add to that long-term warming the additional heat of a large El Ni\u00f1o, and record-setting monthly average temperatures should be both routine and expected.\n\nDespite that, early indications are that 2015 will end as the third warmest year in the satellite temperature record, behind 1998 and 2010. That is the early indication. Typically, the warmest temperatures are seen in the second year of an El Ni\u00f1o warming event, although there have been exceptions. If the typical pattern holds true, the second year of the current El Ni\u00f1o would be expected to bring more record high temperatures in 2016, perhaps including a new record high temperature for the year.\n\nThe fastest warming place on Earth over the past 37 years has been in the Arctic Ocean north of the Svalbard archipelago, where temperatures have been rising 0.5 C (about 0.9 degrees F) per decade. The fastest cooling spot was over the eastern Antarctic near Dome C. Temperatures there have been falling at the rate of 0.41 C (about 0.74 degrees F) per decade.\n\nThe surface record for the last 10 years:\n\nOf course, proponents of climatic catastrophe will look at that and say \u201cGore was right!\u201d \u2026except there is this small niggling problem, a fairly large El Ni\u00f1o in 2015, which has nothing to do with CO2 induced warming as Gore claimed ten years ago. Note the spike in 2007, in the nine years since, that hasn\u2019t been matched.\n\nThe real point here is to note that, no matter whether you are looking at the satellite record or the surface temperature record, is that the temperature hasn\u2019t risen dramatically in the last 10 years, and the dramatic spikes we see in the surface and satellite temperature records correspond to a natural event that\u2019s been going on for millennia; El Ni\u00f1o.\n\nAccording to Gore, this map should have been all reds now.\n\nIn a recent post about why El Nino drive global temperatures, Dr. Roy Spencer wrote this: What Causes El Nino Warmth?\n\nDick Lindzen suggested to me recently that this might be a good time to address the general question, \u201cwhat causes the global-average warmth during El Nino?\u201d\n\nSome of you might say, \u201cthe sun, of course\u201d. Yes, the sun\u2019s energy is the ultimate source of energy for the climate system, but it really doesn\u2019t explain why El Nino years are unusually warm\u2026or why La Nina years are unusually cool.\n\nThe answer lies in the circulation of the Pacific Ocean, more specifically the vertical circulation of that ocean basin.\n\nThe short answer is that, during El Nino, there is an average decrease in the vertical overturning and mixing of cold, deep ocean waters with solar-heated warm surface waters. The result is that the surface waters become warmer than average, and deeper waters become colder than average. The opposite situation occurs during La Nina.\n\nImportantly, the change shows up in global average ocean computations, based upon ocean temperature data (see our Fig. 3, here); this means that the changes centered in the Pacific are not offset by changes of the opposite sign occurring in other ocean basins.\n\nSo, the big warming events of the last 10 years have been El Ni\u00f1o related, a natural event, and even they haven\u2019t reached catastrophic levels of global temperature.\n\nAl Gore\u2019s posited \u201cwithin the next 10 years, the world will reach a point of no return\u201d and \u201ca true planetary emergency.\u201d is proving to be nothing more than PR bullshit to push his movie, and won\u2019t happen by the ten year countdown of January 25th 2016.\n\nal-gore-countdown-clock\n\nSource: rushlimbaugh.com\n\nGaia seems to be a \u201cGore denier\u201d. How inconvenient."
        },
        {
            "id": "bae57f7760be38c7",
            "title": "Declaration of Independence",
            "content": "This essay is part of a RealClearPolicy series centered on the American Project, an initiative of the Pepperdine School of Public Policy. The project looks to the country\u2019s founding principles to respond to our current cultural and political upheaval.\n\nBy John Wood, Jr \u2022 RealClear Policy\n\nThe Declaration of Independence served a dual function at the momentous occasion of its adoption, July 4, 1776. The first was that it was the issuance of a statement of political independence containing within it a rational defense of our dramatic break with the government of Great Britain and its unaccountable king. The second, however, was the annunciation of the principles animating that declaration. According to the Founders, it was the violation of these principles that justified separation; their defense demanded the birth of a new nation.\n\nThese principles are outlined in the document\u2019s most famous line: \u201cWe hold these truths to be self-evident, that all men are created equal, that they are endowed with certain unalienable Rights, that among these are Life, Liberty and the pursuit of Happiness.\u201d The rights to life and to liberty suggest the autonomy of the individual, whereas the statement that men are created equal highlights the universal dignity of all. The dynamic tension between these two principles, liberty and equality, underlies the ongoing left-right dialectic that has characterized American politics from the beginning. For this reason, it may be easy to overlook the last phrase in this statement, \u201cthe pursuit of Happiness.\u201d It reads to modern eyes, perhaps, like a poetic after thought to the weightier philosophical statements that precede it. Yet it is in the pursuit of happiness that we are called upon to exercise the virtues needed to weave the fabric of a nation.\n\nIt is the role of virtue in realizing happiness through community \u2014 especially a community of free and equal citizens \u2014 that conservatism should remind us of today.\n\nWhat is virtue? Before offering an answer, it is worth noting that it is a term that exists in our moral vocabulary today largely as an artifact of classical literature and our Christian heritage \u2014 rather like a poetical term sapped of substantive meaning. We think of moral questions today predominantly in deontological or consequentialist terms, rather than in terms of the virtues. Deontological ethics holds that an action is right or wrong depending on whether it conforms to some rule or maxim (\u201cIt is always wrong to do X,\u201d \u201cIt is my duty to do Y.\u201d). Consequentialism, by contrast, holds that we should evaluate an action based on its outcomes or consequences. In the political sphere, we often waver between these two, incompatible approaches to moral questions.\n\nTake just about any debate in the realm of policy. The right to own a firearm or the right to health care is often met with arguments about why such alleged rights may or may not be practical. The right to bear arms makes it too easy for bad actors to buy guns; universal health care is too expensive or will have other harmful consequences, etc. Some oppose abortion on the basis of the right to life for unborn children, whereas opponents object with practical arguments about the difficulty of raising children in certain conditions. These disagreements, however legitimate, leave us speaking conflicting moral languages that offer no path to resolution. More importantly, both moral languages overlook the importance of moral character, which is what yields meaningful happiness and establishes the basis of flourishing community.\n\nThe virtues are habits of moral character. In the classical tradition, these include such qualities as fortitude or courage, prudence, temperance, and justice. The Christian tradition adds the \u201ctheological virtues:\u201d faith, hope, and charity (love). We might easily add qualities such as honor, nobility, fairness, equanimity, and wisdom (the cornerstone of the good life, according to Aristotle). According to the tradition of virtue ethics, we should aspire to cultivate these habits, which conduce to lives of human flourishing, rather than basing our actions on rules or consequences.\n\nThis classical understanding informed the founding of the United States. Though the empirical orientation of the Enlightenment had much to do with setting us on a course away from virtue as the ground of morality, the founding fathers nevertheless recognized the indispensability of moral virtue in securing the project of liberty, representative government, and the pursuit of happiness. As Benjamin Franklin put it: \u201cOnly a virtuous people are capable of freedom. As nations become more corrupt and vicious, they have more need of masters.\u201d Or Thomas Jefferson: \u201cA nation as a society forms a moral person, and every member of it is personally responsible for his society.\u201d Or, finally, George Washington: \u201cThere is no truth more thoroughly established, than that there exists \u2026 an indissoluble union between virtue and happiness.\u201d\n\nThis is not to downplay the glaring vices present in American society at the founding. The point is that the Founders were at least minimally aware of the vital role virtue plays in establishing a political society capable of securing individual liberty and the common good. Whence the motivation for John Adams\u2019 saying: \u201cPublic virtue cannot exist in a nation without private, and public virtue is the only foundation of republics.\u201d\n\nAmerican society today has reaped the benefits of a prosperous economy aided by a political system that is the legacy of previous generations of Americans bound by more than the pursuit of riches. Indeed, the political liberalism of the Enlightenment has had much to do with the quest for a more egalitarian society in America, rooted in the dignity of the individual. However, the moral basis not merely of the Founding but also many of the great periods of moral progress in our history since the Founding can be traced to a religious consciousness that has stirred popular demands for social reforms, expressed through a moral language preserved by a Christian culture far older than classical liberalism.\n\nExamples of this include the Abolitionist Movement, the Women\u2019s Suffrage Movement and the Civil Rights Movement. William Lloyd Garrison, apart from Frederick Douglass perhaps the most well-remembered figure of the late abolitionist movement, might be described as less orthodoxly Christian than some of his peers in the movement. Yet, he could not have been more Christian in the framing of his moral arguments against slavery and the institutions that abided it, decrying both South and North in the years preceding the Civil War for their complicity:\n\nThe reason why the South rules, and the North falls prostrate in servile terror, is simply this: with the South, the preservation of slavery is paramount to all other considerations above party success, denominational unity, pecuniary interest, legal integrity, and constitutional obligation. With the North, the preservation of the Union is placed above all other things-above honor, justice, freedom, integrity of soul, the Decalogue and the Golden Rule-the infinite God himself.\n\nSuch language leans heavily upon conceptions of virtue harvested from Christian ethical teachings. Similarly, the sermons of Quaker minister and women\u2019s rights activist Lucretia Mottemphasized the ethical substance of New Testament teachings against dogmatic interpretations that justified the subjugation of women, emphasizing religious behavior over rigidity of doctrine.\n\nThe nonviolent philosophy of Martin Luther King, Jr., should be understood as the application not only of the methodology of Gandhi but also the moral substance of the Gospels. \u201cChristian love\u201d demanded more than a belief in equality. One of the most important and distinguishing elements of nonviolence, according to Reverend King, was that it \u201cavoids not only external physical violence but also internal violence of spirit. The nonviolent resister not only refuses to shoot his opponent but he also refuses to hate him. At the center of nonviolence stands the principle of love.\u201d Love was not only the preeminent value but also the preeminent virtue of the Nonviolent Civil Rights Movement. The embrace of love as a virtue required the embrace of attendant virtues such as patience, courage, forgiveness, humility, and the suite of moral attributes that lent such ethical force to the work of King and those who followed his moral path.\n\nIf the importance of virtue is evident in great social movements it is also visible in the ideational edifice of America\u2019s long-standing institutions. The United States Armed Forces is not merely as a functional organization that safeguards our national security, it is also, at its best, an institution that models and cultivates in its soldiers many of the virtues that we associate with what is most admirable in the American character. \u201cThe Army Values\u201d lists seven key virtues that soldiers are trained to adhere to: loyalty, duty, respect, selfless service, honor, integrity, and personal courage. In a similar way, the judicial oath taken by every judge or justice of the United States requires that they \u201cadminister justice without respect to persons, and do equal right to the poor and the rich,\u201d and to do so \u201cfaithfully and impartially,\u201d clearly implying the virtues of faithfulness and impartiality as necessary to the moral character of a proper judge or justice. Even the traditional etiquette of reference that attends the addressing of members of congress (\u2018the honorable senator\u2026\u2019) expresses the hope that our elected officials possess, or should be held accountable to, the virtue of honor.\n\nIt may not be an exaggeration to say that virtue alone serves as the enforcer of all social contract and civic obligation. There are practical arguments that may justify the existence of our institutions, and there are rules, more or less reasonable, that might compel certain behavior from individuals or groups. But if the inward motivation to act in accordance with these rules or to seek the common good through participation in these institutions is lacking, what prevents any of us from subverting our institutions and social relationships for our own gain or becoming altogether alienated from them and one another?\n\nThe institution of marriage requires its participants to practice the virtues of selflessness and fidelity in order for it to be sustained. To be a proper friend, one must exhibit the qualities of understanding, patience, and helpfulness. To be a good parent, educator, or really anyone in a position of authority, one must be temperate, fair-minded, and balanced. To be a good student, employee, or soldier, one should be humble and coachable. To be a good leader, one ought to have courage, integrity, and, perhaps, even nobility.\n\nVirtue, as opposed to legal compulsion or mere rationality, forms the basis of genuine interpersonal and social trust. The more we are able to see in and demonstrate for each other those habits of character necessary for flourishing, the more we find ourselves able (as both a reflection of our own virtues and those of our fellows) to collaborate with others, bear with each other\u2019s faults, accept each other\u2019s legitimate authority, and refrain from doing one another harm, whether out of fear, contempt or ambition.\n\nIndividual virtue breeds communal virtue, and vice versa, making virtue the great nourisher of our social fabric. If virtue seems to be vanishing from our social, political, and cultural spheres \u2014 if it is no longer something that we even pretend to demand of our politicians \u2014 this may be because virtue is vanishing from our moral language. At a moment when our political discourse is increasingly limited to our commitments to equality or individualism, and the policies they may seem to imply, American conservativism would do well to reintroduce the virtues into our moral vocabulary \u2014 those inward qualities of moral character have always formed the basis for our national excellence and our political community."
        },
        {
            "id": "402e783c8e742ae4",
            "title": "Why the Founders Matter: Securing the Blessing of Liberty to Ourselves and Our Posterity",
            "content": "A Vision of the Spirit and Promise of Our Founding Fathers\n\nby Scott L. Vanatter\n\nThe things of politics and public policy are of deep import. It takes time, experience, and careful and ponderous and even solemn thoughts to inform whether and how we act. Politicians, by their words or policies, either expand or contract the frontiers of our freedoms. We, The People, need to encourage and benefit from its progress, or mourn and suffer its decline.\n\nThe more we as citizens stand informed and aware, then the better able we will be to advocate for those principles which will tend to the greater public good. Then we can act with confidence in this great undertaking. As Lincoln called it, the last best hope of mankind.\n\nAs George Washington laid out in his first inaugural address,\n\n\u201cThe preservation of the sacred fire of liberty and the destiny of the republican model of government are justly considered, perhaps, as deeply, as finally, staked on the experiment entrusted to the hands of the American people.\u201d (George Washington, First Inaugural Address, April 30, 1789)\n\nVISION\n\nWe are fortunate to live in a sacred part of the country. We tread every day where great souls once did great things. The following words come from one of the heroes of the second day of the battle of Gettysburg. Joshua Lawrence Chamberlain, then a college professor taking leave to lead a regiment from Maine, later to become the college president and then governor. He said this about the battlefield there, but the ideas he employs apply to ANY great place, or any great set of circumstances [even yours]:\n\n\u201cIn great deeds something abides. On great fields something stays. Forms change and pass; bodies disappear, but spirits linger, to consecrate ground for the vision-place of souls. And reverent men and women from afar, and generations that know us not and that we know not of, heart-drawn to see where and by whom great things were suffered and done for them, shall come to this deathless field to ponder and dream; And lo! the shadow of a mighty presence shall wrap them in its bosom, and the power of the vision pass into their souls.\u201d\n\nI cite this because this is the type of \u201cvision\u201d we need to effectively maintain the last best hope, and successfully maintain and transmit our freedoms to our posterity.\n\nWhen I was younger, and delved into politics, I was perhaps invested 80:20 \u2014 or, more likely, 60:40 decades ago \u2014 into the Contest, the Competition, the Fun of it all. More so than the impact of positive results we needed for the benefit of the county. But as I became a grandfather, the ratio of Fun to Needed blessings turned upside down \u2014 or, rather, to its proper proportion. Now, I am fully invested 80:20 in the better reasons to be involved, the effectiveness of our government for our posterity (more than the fun of the contest, the intrigue over the contest of ideas.\n\nCULTURE\n\nThe following definition culture describes how we create and define our American Culture.\n\n\u201cCulture is an historically transmitted pattern of meanings embodied in symbols, a system of inherited conceptions expressed in symbolic forms by means of which men communicate, perpetuate, and develop their knowledge about and their attitudes toward life.\u201d (Geertz, 1973)\n\nIf we abandon the establishment of what that \u201cinherited conceptions\u201d are, then we lose the best of what the Founders bequeathed us. A candidate for president once said that, \u201cIt is our duty to concentrate all our influence to make popular that which is sound and good, and unpopular that which is unsound.\u201d\n\nLincoln said we could trust the people to make wise decisions if we can get them the facts. If we can get them the facts in the correct setting and context, and help build a vision, if you will, in their minds and hearts, then we can trust the people. As most quality and effective politicians have. Reagan had a deep trust in the people and in America\u2019s potential and future. We need not despair for our future, if we work together for the common good. If we get them the facts, in the context of the story of who we are as Americans \u2013 and the purpose of our founding: to vouchsafe \u201cthe blessings of liberty to ourselves and our posterity.\u201d\n\nSo, this begs the question: Which facts? What story? What vision?\n\nOur objective is to urge us on to invest ourselves in becoming more informed and active citizens \u2013 that we might keep this great nation free. We need an increasing and compelling vision of why the story of our Founding is important.\n\n\u201cOur forefathers left us a free government which is a miracle of faith \u2013 strong, durable, [and] marvelously workable. Yet it can remain so only as long as we understand it, believe it, devote ourselves to it, and when necessary fight for it.\u201d (Ezra Taft Benson, June 2, 1978)\n\nWHY SERVE?\n\nI suggest, again paraphrasing, we must catch this vision of our Founding and the Founding Fathers \u2013 and Mothers. And we can \u2013 at least in a couple important and kind of neat ways.\n\nI am not speaking to the issue of actual spirits of the Founding Fathers (and Mothers) lingering here. But I do know the spirit OF their great lives DOES live here. At least through our imagination we can see through the years and though the fog of our modern world to see and truly appreciate these \u201cgreat deeds.\u201d We can go to these places in our mind\u2019s eye, by engaging our minds and hearts into this living history. This Vision can impel us on in our own quest to do what\u2019s right and improve the world.\n\nBoth George Washington and John Adams only to name two felt keenly this overwhelming need to be of service. Why? Why did they feel such a passion to serve? To create something which will last, with the other Founders \u2014 to create such things as, a written Declaration of Independence, to win that Independence, then to establish a means to keep it \u2014 through a written Constitution.\n\nPROMISSORY NOTE\n\nYes, the great Washington held slaves, but he freed them upon his death and provided for many of them an annuity till they died. He and Jefferson both desired to do away with Slavery, but could not figure out how to do it. Though this was a troublesome thing for blacks (and for women for similar reasons), the founders created, as Martin Luther King termed it, a Promissory Note to those people not immediately covered in the rights and privileges of the Constitution \u2013 but which were announced to the world in the Declaration.\n\nOn this topic, Martin Luther King, Jr. said that:\n\n\u201cWhen the architects of our republic wrote the magnificent words of the Constitution and the Declaration of Independence, they were signing a promissory note to which every American was to fall heir. This note was a promise that all men, yes, black men as well as white men, would be guaranteed the unalienable rights of life, liberty, and the pursuit of happiness.\u201d He went on to say, that the time had \u201ccome to cash this check \u2013 a check that will give us upon demand the riches of freedom and the security of justice.\u201d\n\nThe paradoxical nature of both the Declaration and the Constitution plants the seeds of an effective and sure way to vouchsafe \u2013 ultimately \u2014 to ALL peoples of the world their God-given Natural Rights, by securing what stability and rights which could be agreed upon by the great minds of the day; this in an atmosphere of competing and contending interests. This nation was created \u2013 with purpose \u2013 formed and crafted on respect for individual liberty of conscience.\n\nAN ASIDE\n\nA note on religion, or having none at all, George Washington wrote:\n\n\u201cThe bosom of America was to receive . . . the oppressed and persecuted of all Nations and Religions; whom we shall welcome to a participation of all our rights and privileges . . . if they are good workmen, they may be of Asia, Africa, or Europe. They may be Mohammedans, Jews, or Christians of ANY sect, or they may be Atheists.\u201d\n\nAnd so this promise goes to all. America still stands as a model and a beacon of liberty and hope to freedom loving peoples across the world.\n\nTOP TEN\n\nNow, I will list a few of my favorite Founding Fathers \u2014 a kind of Top Ten:\n\nHonorable Mention: Abigail Adams, faithful counselor and Friend to her husband, John Adams. I\u2019ll also mention their able son, John Quincy Adams. He is a fascinating transition between the Founding Fathers and our day. As a young teen he apprenticed in the most extraordinary diplomatic positions. Later he formally represented the United States across Europe. He was the real author/creator of what became known as the Monroe Doctrine. After serving as president he served for 16 years in the House of Representatives.\n\n10. Benjamin Franklin, printer, writer, scientist, inventor, diplomat \u2014 the first American (and the polar opposite to Adams\u2019 tact in their diplomacy overseas).\n\n9/8. Patrick Henry and Samuel Adams, urging us on \u2014 and acting \u2014 to light the fire of Independence. Samuel Adams played a critical role in the earliest days of the Revolution, sparking the people to desire Independence.\n\n7. George Mason, Father of the Bill of Rights.\n\n6. Thomas Paine, English pamphleteer, revolutionary, radical, classical liberal and intellectual for rationally putting forth strong reasons for Independence \u2014 and in sustaining us with inspiring words in our deepest trials. Common Sense. The American Crisis. John Adams remarked that, \u201cwithout the pen of the author of Common Sense the sword of Washington would have been raised in vain.\u201d\n\nWashington had the following words written by Paine read to the soldiers encamped at Valley Forge:\n\n\u201cThese are the times that try men\u2019s souls: The summer soldier and the sunshine patriot will, in this crisis, shrink from the service of their country; but he that stands it now, deserves the love and thanks of man and woman. Tyranny, like hell, is not easily conquered; yet we have this consolation with us, that the harder the conflict, the more glorious the triumph. What we obtain too cheap, we esteem too lightly: it is dearness only that gives every thing its value. Heaven knows how to put a proper price upon its goods; and it would be strange indeed if so celestial an article as freedom should not be highly rated.\u201d (The American Crisis, Thomas Paine, 1737-1809, written 1776)\n\n5. Alexander Hamilton, a self-made man, for setting the stage for America to change from an agrarian society to a modern industrial nation.\n\n4. James Madison, Father of the Constitution.\n\n3. Thomas Jefferson, a Renaissance man for the complex, comprehensive, and compelling life he led \u2014 and for the stirring way he formally announces our Independence to the world.\n\n2. John Adams, for pushing, and pushing, and pushing some more \u2013 all the way through to Independence; Jefferson called Adams the Atlas of Independence. With Jefferson, the two of them were called the North and South Poles of the new Union. George Washington let it be known that this stalwart, Adams, was his desire to succeed him as U.S. President. [I believe Washington desired Adams\u2019 for his firm belief in a strong executive, desiring to give the new nation a bit more stability. Then, we\u2019d get to Jefferson.]\n\n1. Of course, George Washington, the only truly indispensable Founding Father. He won the war; then laid down military power. He inspired almost superhuman trust among his fellow Founders that we could overcome our differences and come together to craft a Constitution; he turned down talk of monarchy. He was the glue which held the Constitutional Convention together. He was trusted to hold the executive power, to hold the country together; then again, he laid down political power. His friend Henry \u201cLight Horse Harry\u201d Lee called him, \u201cFirst in War, First in Peace, and First in the Hearts of his Countrymen.\u201d Unparalleled. He was the one they all looked to in times of trouble; he was the glue that welded together those strong personalities of our Founding. He was the rock upon which this country was built.\n\nTHE DEBT WE OWE\n\nI respectfully submit we owe a debt to our own ancestors, to our Founding Fathers, and to our posterity to carry on this sacred fight for Liberty.\n\nAnd with Martin Luther King, we then can say, and sing with gusto the song we sang here as we began this meeting:\n\n\u201cThis will be the day when all of God\u2019s children will be able to sing with a new meaning, \u2018My country, \u2019tis of thee, sweet land of liberty, of thee I sing. Land where my fathers died, land of the pilgrim\u2019s pride, from every mountainside, let freedom ring.\u2019 And if America is to be a great nation this must become true. So let freedom ring . . . From every mountainside, let freedom ring.\u201d\n\nOUR OWN LEGACY\n\nNow, think of Chamberlain\u2019s stirring words once more, where it is your great grandchildren coming to see where you lived, and to consider what you taught and lived by:\n\n\u201cIn [the] great deeds [of yours] something abides. On [the] great fields [where you labored] something stays. Forms change and pass; bodies disappear, but spirits linger, to consecrate [the] ground [you trod] for the vision-place of souls. And reverent men and women from afar [your great grandchildren], and generations [of our posterity] that know us not and that we know not of, heart-drawn to see where and by whom great things were suffered and done for them, shall come to this deathless field [of your labors] to ponder and dream; And lo! the shadow of a mighty presence shall wrap them in its bosom, and the power of the vision [you had burning within you will] pass into their souls.\u201d\n\nCHALLENGE\n\nI conclude with an interesting and kind of a neat challenge my wife extends to the student teachers she brings into inner city DC. After having taught for 15 years here in Northern Virginia, she now works for a university helping train, oversee, mentor and launch these new teachers into a career of teaching. Her challenge: That they somehow creatively introduce George Washington to their students every year \u2014 no matter what subject is being taught.\n\nMy challenge: That somehow we introduce George Washington (and the important principles of the founding of America) to our grandchildren every year. Yes, we also need to be vigilant in monitoring our public servants. And yes, we need a healthy and positive Vision of America to propel us onward in so great a cause.\n\n\u201cIt is rather for us to be here dedicated to the great task remaining before us\u2026 that from these honored dead we take increased devotion to that cause for which they gave the last full measure of devotion\u2026 that we here highly resolve that these dead shall not have died in vain\u2026 that this nation, under God, shall have a new birth of freedom\u2026 and that government of the people\u2026 by the people\u2026 for the people\u2026 shall not perish from this earth.\u201d (Gettysburg Address)\n\nAfter returning to France, Lafayette acquired prominence as the commander of the Paris National Guard when the Bastille fell on July 14, 1789. After ordering the destruction of the Bastille, Lafayette wrote to Washington:\n\n\u201cGive me leave, My dear General, to present you with a picture of the Bastille, just as it looked a few days after I had ordered its demolition, with the main key of that fortress of despotism. It is a tribute which I owe as a son to my adoptive father, as an aid de camp to my General, as a Missionary of liberty to its Patriarch.\u201d\n\nIt is my challenge that we all become missionaries of liberty to, at least, our grandchildren \u2014 if not our neighbor, and the whole world.\n\n# # #\n\nA version of this piece was presented by Mr. Vanatter in a May 10, 2012 speech to a group of Rotarians in Northern Virginia."
        },
        {
            "id": "8af11c5a32ceb111",
            "title": "Democrats Intent on Eliminating Popular Ballot Safety Measure",
            "content": "By Peter Roff \u2022 American Action News\n\nOffice of U.S. House Speaker via Wikimedia Commons\n\nCongressional Democrats are pitching their H.R. 1 \u201cFor the People Act\u201d as a necessary salve for a broken electoral system. If enacted, they claim, the bill\u2019s provisions will fix a broken campaign finance system, protect voting rights, and make the average American feel once again like they can trust the system we use to select our leaders.\n\nTruthfully, it doesn\u2019t do any of those things but they\u2019re hoping no one catches on. Or because they fear being called \u201cracist\u201d or worse for failing to fight \u201cvoter suppression,\u201d won\u2019t fight. That\u2019s unfortunate, at least for the GOP \u2013 whose strategy to stop the bill depends on the filibuster \u2013 because it\u2019s a bad bill that would keep the Democrats in power almost in perpetuity.\n\nAmong its many outrageous provisions is one that would essentially vitiate state laws requiring voters to produce some form of government-issued photo ID before being allowed to vote. To most Americans, that\u2019s a commonsense kind of thing, backed by 75 percent of likely voters in one recent poll.\n\nLook at the facts. We\u2019re asked to show ID every day, whether we\u2019re trying to get on an airplane, make a bank deposit, or enter a federal government building. Democrats say, without offering a convincing explanation as to why it\u2019s so, that asking the same of voters at a polling place would be racist and constitute voter suppression rather than protect the constitutional guarantee of \u201cone person, one vote.\u201d\n\nThe American public isn\u2019t buying the criticism, something Red State Democrats like Joe Manchin of West Virginia, Arizona\u2019s Mark Kelly and Kyrsten Sinema, and Montana\u2019s Jon Tester should be thinking about when Senate Majority Leader Chuck Schumer of New York tries to twist their arms and get them to vote for the bill. There is room for a principled objection to the bill because voters still back the idea that a valid photo ID must be shown before a ballot can be cast by overwhelming margins.\n\nA recent Rasmussen Reports national telephone and online survey found 75 percent of likely voters agreed voters should have to show a valid driver\u2019s license or some other form of government-issued identification before they could cast a ballot. Less than a quarter of all those surveyed \u2013 just 21 percent \u2013 said they were opposed.\n\nWhen an issue has nearly 80 percent support, a smart politician just stands next to it. As it now stands, on top of the near-universal support it has nationally, 36 states have some form of voter ID law that would be nullified to one degree or another if H.R. 1 \u2013 which passed the House with only Democrat support \u2014 becomes law.\n\nIn its analysis, Rasmussen reports said, \u201cSupport for voter ID laws has actually increased since 2018, when 67 percent (of likely voters surveyed) said voters should be required to show photo identification such as a driver\u2019s license before being allowed to vote.\u201d\n\nVoter ID laws are strongly backed by Republicans, with 89 percent saying they support making people prove who they are before they can cast a ballot alongside 77 percent of non-affiliated voters and, remarkably, 60 percent of Democrats sharing that view. The party in Congress, it seems, is out of touch with its rank and file.\n\nAs to the claim that voter ID laws are discriminatory, Rasmussen Reports says, voters, reject it by a margin of nearly 2-to1 as \u201c60 percent say laws requiring photo identification at the polls don\u2019t discriminate.\u201d Just under a third, 31 percent, said they do while 10 percent were not sure either way. Unsurprisingly, a bare majority of Democrats \u2013 51 percent \u2013 say such laws do discriminate 79 percent of Republicans and 67 percent of independents said they did not. Somewhat shockingly, the pollster said, \u201cVoters under 40 support voter ID laws more than do older voters\u201d as do most whites (74 percent), blacks (69 percent), and other minorities (82 percent).\n\nThe abolition of voter identification requirements is but one of several odious provisions contained within H.R. 1 that would, many analysts have claimed, make it harder to prevent election fraud in the future.\n\nOther provisions contained within the legislation would mandate same-day registration in all 50 states, expand early voting that in some states runs into months rather than weeks or days, and establish rules for handling ballots that would essentially codify the practice of ballot harvesting some states have already made illegal."
        }
    ],
    "label": 1,
    "label_text": "mixed"
}