{
    "source": "foreignpolicyjournal.com",
    "articles": [
        {
            "id": "e5481555395301ac",
            "title": "COVID-19: What You Need to Know about Fatality Rates",
            "content": "Inherently overestimated COVID-19 fatality rates have created mass fear and panic, manufacturing consent for extreme and harmful authoritarian policies.\n\nWidely reported fatality rates for COVID-19, the disease caused by the SARS-CoV-2 pandemic virus, are inherently overestimated, and the rates as well as models incorporating them have caused mass fear and panic, which has manufactured consent for extreme authoritarian policies that may easily be doing far more harm than good.\n\nIn this video, I explain what the reported fatality rates actually mean and show that accumulating evidence indicates that reported fatality rates are overestimated by orders of magnitude. This is part three of a series.\n\nClick here to watch more videos in this series."
        },
        {
            "id": "b29575438a17b0f0",
            "title": "Obama the War Criminal, Butcherer of Women and Children",
            "content": "If Trump becomes president, will Washington\u2019s massive crimes against humanity continue?\n\nThere is no doubt that US President Barack Obama is a war criminal, as are his military and intelligence officials and most of the House and Senate.\n\nObama is the first president to keep the US at war for the entirety of his eight-year regime. During 2016 alone, the US dropped 26,171 bombs on wedding parties, funerals, kid\u2019s soccer games, hospitals, schools, people in their homes and walking their streets, and farmers tilling their fields in seven countries: Iraq, Syria, Afghanistan, Libya, Yemen, Somalia and Pakistan.\n\nWhat does the administration have to show for eight years of illegal military interventions in seven countries, none of which comprised a danger to the US and against none of which the US has declared war? Terrorism was created by US invasions, no wars have been won, and the Middle East has been consumed in chaos and destruction. Worldwide hatred of the United States has risen to a record high. The US is now the most despised country on earth.\n\nThe only purposes of these crimes is to enrich the armaments industry and to advance the insane neoconservative ideology of US world hegemony. A tiny handful of despicable people have been able to destroy the reputation of the United States and murder millions of peoples, sending waves of war refugees to the US and Europe.\n\nWe call these \u201cwars,\u201d but they are not. They are invasions, largely from the air, but in Afghanistan and Iraq from troops on the ground. The invasions by air and land are entirely based on blatant, transparent lies. The \u201cjustifications\u201d for the invasions have changed a dozen times.\n\nThe questions are: If Trump becomes president, will Washington\u2019s massive crimes against humanity continue? If so, will the rest of the world continue to tolerate Washington\u2019s extraordinary evil?"
        },
        {
            "id": "f31595a797e0f3b9",
            "title": "SARS-CoV-2 Response: Where Do We Go from Here? (Introduction)",
            "content": "In response to the SARS-CoV-2 pandemic, governments have implemented authoritarian lockdown measures that could easily be doing more harm than good.\n\nClick here to watch more videos in this series."
        },
        {
            "id": "11ad83f2e36f3f32",
            "title": "Beyond Israeli Elections: Israel at the Cusp of a Bleak Era",
            "content": "Israelis now find themselves at the cusp of a new era defined by the breakdown of the country\u2019s legal system, political crisis and social instability.\n\nIsraeli Prime Minister, Benjamin Netanyahu, must be channeling the spirit of Houdini as he continues to plot his escape from one of the most convoluted political dilemmas in Israel\u2019s history.\n\nIt is no secret that Netanyahu\u2019s political behavior is almost entirely shaped by his desire to survive in office for as long as possible in order to avoid possible jail time. But how long will the Israeli escape artist manage to survive, now that a date for his trial has already been set?\n\nAfter months of bargaining with the country\u2019s political elite, on one hand, and pleading to his own right-wing constituency on the other, Netanyahu has failed to create the necessary momentum that would render him immune from prosecution and secure his position at the helm of Israeli politics.\n\nAfter failing to form a government following the April elections, Netanyahu has masterfully linked his fate as a Prime Minister to all of Israel\u2019s affairs, internal and external.\n\nStill, there is little evidence that Netanyahu\u2019s diplomatic and financial conquests have yielded the intended results of augmenting his support among ordinary Israelis, especially as Benny Gantz, who heads the Kahol Lavan (Blue and White) party, has continued to venture further to the right, slowly undermining Netanyahu\u2019s support in every facet of Israeli society. The September election has demonstrated Gantz\u2019s ability to overcome Netanyahu\u2019s various political advantages in the eyes of the Israeli voters.\n\nIsraelis are scheduled to return to the voting booths on March 2, to vote in the third general elections in less than one year. Within that short period of time, Gantz has managed to repeatedly alter his persona to behave like a right-wing politician, while still presenting himself as a centrist, who is willing to engage with the left in order to build a future government coalition.\n\nKnowing that the noose has tightened around his neck since the first elections in April, Netanyahu resorted to Washington to release its so-called \u2018Deal of the Century\u2019.\n\nIndeed, the \u2018Middle East plan\u2019 was revealed ahead of schedule to provide the despairing Israeli leader a final lifeline that would help him win his multiple battles in a decisive blow.\n\nAlas, for Netanyahu, things did not work out as planned.\n\nThe story was meant to proceed as such: the Donald Trump administration would reveal the plan that would give Israel everything and give Palestinians nothing; Netanyahu would, naturally, take full credit for his greatest achievement in office and would follow that by annexing all illegal Jewish settlements in the West Bank, in addition to the entire Jordan Valley.\n\nThis, however, did not happen. On February 4, Netanyahu reversed his earlier decision to annex much of the West Bank before the scheduled elections. Instead, he told a campaign rally that such annexation is conditioned to his victory in the upcoming elections.\n\nWhile many in the media parroted, without evidence, that the postponement of the annexation is a direct result of a request made by Washington, the real reason is likely related to Netanyahu\u2019s own political woes at home.\n\nNetanyahu must be aware that the \u2018Deal of the Century\u2019 and the annexation of the West Bank cards are his last hope to secure a comfortable election victory, to be granted immunity, and to avoid serving jail time for corruption.\n\nBut, what if Netanyahu annexed parts of the West Bank but failed to win the elections? In that scenario, the embattled Israeli leader would have no more wiggle room and zero political advantage for a future plea bargain.\n\nThis explains the sudden halt in Netanyahu\u2019s annexation plan, especially as the Prime Minister had, at a recent campaign rally, presented annexation in the form of a political barter.\n\n\u201cWhen we win, we will extend sovereignty over all the Jewish communities in Judea and Samaria,\u201d Netanyahu reportedly said, with reference to the annexation of the occupied Palestinian West Bank.\n\nAs a consolation prize and to avoid angry reactions by the country\u2019s right-wing constituency, especially the politically well-organized Jewish settlers, Netanyahu announced on February 20 that he would revive a long-dormant plan to construct 3,000 new homes for illegal Jewish settlers in East Jerusalem.\n\n\u201cToday I approved the construction in Givat Hamatos of 3,000 homes for Jews,\u201d Reuters reported, with 2,000 more homes expected to be built in the Har Homa illegal settlement as well.\n\nThese moves are particularly significant, for such construction will completely isolate the Palestinian city of Bethlehem from occupied East Jerusalem, thus killing any hope for Palestinian territorial contiguity in any future state.\n\nNetanyahu\u2019s adversaries in the opposition, in the government, and in the Supreme Court are, of course, wary of Netanyahu\u2019s shenanigans.\n\nWhile Gantz often responds to Netanyahu\u2019s opportunistic moves, largely by upgrading his own political position to match, or even surpass his opponent\u2019s position, support for the Prime Minister at the Knesset is lukewarm, at best. In fact, on January 28, Netanyahu was forced to withdraw his request for immunity, knowing that the request would not receive the needed support.\n\nMeanwhile, the legal proceedings regarding Netanyahu\u2019s corruption cases continue unabated.\n\nAccording to the Israeli Justice Ministry, Netanyahu will be obligated to attend his trial in the Jerusalem District Court, even in his capacity as a Prime Minister and regardless of what transpires in the March 2 elections. A three-judge panel will hear the case, where Netanyahu would have to divide his time between running Israeli affairs and fending against accusations of his own corruption.\n\nThis is an uncharted territory for Israel. Never before in Israel\u2019s history has the ruling elite been faced with such legal and political dilemmas.\n\nSince Israel continues to operate without a constitution and, because this is the first time that a sitting Prime Minister will face a trial, the Supreme Court is the only authority that is able to interpret the country\u2019s laws in order to advance the legal proceedings. But even that is problematic.\n\nAyelet Shaked, the controversial\u2014and often vulgar\u2014former Justice Minister, is already attempting to derail that likelihood, as she has openly warned the country\u2019s Supreme Court justices that any involvement in the political process would be \u201ctantamount to a coup.\u201d\n\nIsraelis now find themselves at the cusp of a new era, one that is defined by the breakdown of the country\u2019s legal system, prolonged political crisis and never-ending social instability."
        },
        {
            "id": "ad07ba2c72da157e",
            "title": "9/11: Finally the Truth Comes Out?",
            "content": "Every informed person is aware that elements of the US government were involved either in the perpetration or a coverup of the 9/11 attacks.\n\nAlthough the United States is allegedly a democracy with a rule of law, it has taken 17 years for public pressure to bring about the first grand jury investigation of 9/11. Based on the work of Architects & Engineers for 9/11 Truth led by Richard Gage, first responder and pilots organizations, books by David Ray Griffen and others, and eyewitness testimony, the Lawyers\u2019 Committee for 9/11 Inquiry has presented enough hard facts to the US Attorney for the Southern District of New York to force his compliance with the provisions of federal law that require the convening of a federal grand jury to investigate for the first time the attacks of September 11, 2001.\n\nThis puts the US Justice (sic) Department in an extraordinary position. Every informed person is aware that elements of the US government were involved either in the perpetration of the 9/11 attacks or in a coverup of the attacks. There will be tremendous pressures on the US Attorney\u2019s office to have the grand jury dismiss the evidence as an unpatriotic conspiracy theory or otherwise maneuver to discredit the evidence presented by the Lawyers\u2019 Committee, or modify the official account without totally discrediting it.\n\nWe can have hopes that the United States can establish the true story of its own Reichstag Fire, but I am not holding my breath that the US Attorney for the Southern District of New York can stand up to the powerful elements in the Deep State that perpetuated or covered up the 9/11 false flag attacks or that he is inclined to try.\n\nWhat the 9/11 truthers and the Lawyers\u2019 Committee have achieved is the destruction of the designation of 9/11 skeptics as \u201cconspiracy theorists.\u201d No US Attorney would convene a grand jury on the basis of a conspiracy theory. Clearly, the evidence is compelling that has put the US Attorney in an unenviable position.\n\nThe likely result will be comparable to the US Congress\u2019 belated investigation of the assassination of President John F. Kennedy. No expert or informed person believed the obviously false story that Lee Harvey Oswald assassinated President Kennedy. All evidence pointed to a plot by the Joint Chiefs, CIA, and Secret Service whose right-wing leaders had concluded that President Kennedy was too \u201csoft on communism\u201d to do what was necessary for the US to prevail in the contest with the Soviet Union. Expert and public disbelief of the official story was so great that in 1976, 13 years after Kennedy\u2019s assassination, Congress investigated. The real culprits were, of course, not identified, but two important results were forthcoming. One was the conclusion by the Select Committee on Assassinations that President Kennedy was the victim of a conspiracy and not of a lone gunman. The other was the release of the top secret Project Northwoods, which revealed the Joint Chiefs\u2019 plan presented to President Kennedy for the US government to kill US citizens and shoot down US airliners and place the blame on Castro in order to gain public acceptance for an invasion of Cuba.\n\nThe conclusion that a conspiracy, although unidentified, was involved in Kennedy\u2019s assassination was the sop thrown to those who disputed the official lone gunman account. The revelation of Project Northwoods created awareness of a previously unknown US government plot that drew attention away from Kennedy\u2019s assassination.\n\nIf the Lawyers\u2019 Committee and the 9/11 truthers trust the US Attorney to go entirely by the facts, little will come of the grand jury. If the United States had a rule of law, something as serious as 9/11 could not have gone for 17 years without investigation.\n\nThis article was originally published at PaulCraigRoberts.org on January 4, 2019."
        },
        {
            "id": "832d8614b51eaea8",
            "title": "News & Analysis Archives",
            "content": "The real danger in the \u2018Deal of the Century\u2019 is that the Palestinian Authority will find a way to co-exist with it at the expense of the Palestinian people."
        },
        {
            "id": "b375c4d50e03ee35",
            "title": "Afghan Peace is Now About the Art of the Possible, Not the Perfect",
            "content": "The current political crisis in Afghanistan is actually an important step towards a realistic peaceful solution: a political \u201cunsettlement\u201d.\n\nAfghanistan is stranded in political quicksand, again. It was mid-February when its election institutions ended a five-month count and handed Ashraf Ghani a second Presidential term. But his main challenger Dr Abdullah still alleges large-scale fraud and continues the parallel government he setup in protest. Mediation by Afghan elders and the US also continues, with Secretary Pompeo even threatening to strip $1 billion of US aid.\n\nThe easy analysis says this is an ego-fuelled spat between an uncompromising winner and a sore loser that stalls progress on peace. Disunity and political crisis prevent substantive negotiations with the Taliban and further erodes public trust in politicians just as COVID-19 takes hold.\n\nOr is there another way to look at it?\n\nFirst, is it a crisis? Think of it more as a negotiation. Afghan political crises emerge periodically and will continue to, especially on the path to peace. \u2018Crisis\u2019 is a bargaining tool, used by certain elites to try to extract concessions and secure interests when they perceive change that threatens their standing or access to state resources.\n\nSecond, think of this crisis\u2014or negotiation\u2014as a step towards peace. Afghan peace is not about hugging it out and exchanging guns for flowers. It is about re-shaping the existing elite balance of power in a way that incorporates the Taliban. But to reshape it, it first needs to exist. That is what the current political crisis is doing. It is the negotiation to create a balance of power between the President and the many ethno-political factions that form the political opposition. The National Unity Government of the past five years was that kind of accommodation. It had flaws but it did meld most of the political factions together. Something similar is needed again. Without it, a government-only peace team would have to negotiate peace on (at least) two fronts\u2014with the political opposition and with the Taliban.\n\nWhat all this highlights is that an Afghan peace process is less about negotiating peace than negotiating power. It should enable powerbrokers, including Taliban, to bargain for access to state resources but without bullets and bombs. It is about reconfiguring the political make-up, i.e. a new division of the pie among those who control\u2014or can rally\u2014constituencies. Political antagonism and historical grievances will not end though: it is about peace, not reconciliation.\n\nEnter the formalized political unsettlement.\n\nThis is a concept from academic literature on inclusive peace deals.[1] It is basically a peace deal without resolving core issues. It instead creates institutions\u2014inclusive of key players\u2014that contain and manage fundamental disputes rather than solve them (as a \u2018traditional\u2019 political settlement would). Parties agree to continue negotiations but after outright violence ends. It is similar to Northern Ireland or Bosnia where peace deals created power-sharing arrangements with ethno-political divisions constitutionally enshrined in return for ending armed conflict. Put simply, war is translated into political institutions. Call it a move from conflict to politics more than conflict to peace.\n\nWould it work in Afghanistan?\n\nYes. An unsettlement suits scenarios with intransigence on one or more core issues, like the nature of the state. This is the case in Afghanistan where it will be painful to find compromise between Taliban demands for an Islamic Emirate and everyone else\u2019s insistence on protecting the Republic.\n\nAn unsettlement also solves two consistent problems in Afghan peace processes: exclusion of key actors and weak implementation (i.e. someone walks away). Afghans can make peace deals\u2014look at Geneva in the 1980s, Peshawar and Islamabad in the 90s, Bonn or the Hezbi Islami process in the 2000s. But inclusion is the Achilles heel. An unsettlement enables inclusion. It also aids implementation because it forces foes into partnership and incentivizes them to maintain the structures and the balance of power. Paradoxically, no party \u2018wins\u2019 everything it wants but walking away is in nobody\u2019s interest. This is why it works: everyone loses but everyone loses equally.\n\nWhat makes an unsettlement attractive today is time pressure. Afghan peace efforts are being compressed into a high-speed timeline, especially with the US-Taliban deal signed and US/NATO drawdown underway. The COVID-19 crisis and its ramifications on donor fatigue will inject added haste. There is no time to wait for Afghans to negotiate a \u2018comprehensive\u2019 deal. It cannot be foisted onto them either. A political unsettlement is the way to buy time for a more naturally evolving re-balancing of power while ending violence.\n\nThe strongest argument is inevitability. Some Afghan parties have already espoused similar ideas dressed up as peace plans. Multiple Afghan politicians, and US negotiator Ambassador Zalmay Khalilzad, raised international eyebrows by suggesting that intra-Afghan negotiations can be concluded in three months or 100 days. With many incompatible interests and historical grievances, this is only possible if some topics are pushed down the road. Important issues like transitional justice will be shunned for more pressing political inclusion and constitutional change. Formalizing a political unsettlement could at least lock the parties into an agreement that they will tackle forgotten issues eventually, rather than ignore them.\n\nA political unsettlement can be criticized as a \u2018no-war, no-peace\u2019 stalemate. It abandons any well-defined \u2018end\u2019. \u2018Muddling through\u2019 becomes success, which is difficult to sell to the public after the initial euphoria of an end to violence wears off. You could also argue that it was tried\u2014and failed\u2014in Afghanistan in the early 1990s. There are lessons to learn from that period, including the need for a strong international hand to ensure women, youth and non-combatants are adequately represented. It is not perfect. But it is pragmatism, and that is required to create a new configuration of power that will hold.\n\nPeace in Afghanistan is now about dealing in the art of the possible rather than the perfect. A political unsettlement is the best, or least worst, option.\n\nEndnote\n\n[1] Christine Bell and Jan Popasil (2017) \u2018Navigating Inclusion in Transitions from Conflict: The Formalized Political Unsettlement\u2019. Journal of International Development, 29: 576 \u2013 593."
        },
        {
            "id": "9530db739b65da64",
            "title": "What Has Publicly Blaming Cyber Attacks on Governments Solved?",
            "content": "Blaming cyber attacks on governments has become routine, but has it resulted in accountability, punishment, or reduction in hostile cyber activities?\n\nIn the ongoing cyber tete-a-tete between nation states, the digital domain has been used to conduct an array of operations including network exploitation, data theft, network disruption, and network destruction. Additionally, states have used the cyber domain and the tools therein (e.g., social media, chat rooms, bulletin boards, blogs) to enable other more traditional operations of statecraft such as propaganda, disinformation, and social/political influence operations. Long considered difficult to attribute, governments are more confident in publicly identifying the states they believe are responsible for covert cyber activities against them. In an effort to strengthen such claims, levying legal indictments against the individuals responsible\u2014often foreign nationals with a direct tie to a government or a military\u2014has become popular. The United States in particular has engaged in this practice, executing indictments for cyber activities since 2014 against state actors with direct or tangential ties to foreign governments.\n\nThe tactic seemed practical at first, bringing formal charges against suspected government actors, and by extension, implicating that government for supporting, or at least, giving tacit approval of, the activities. The May 2014 indictment against five actors tied to the People\u2019s Liberation Army appears to have had direct influence in China and the United States agreeing not to not to hack each other for commercial advantage in 2015. For a brief period after, this seemed to work with a noticeable reduction in the volume of Chinese theft of intellectual property. However, this was short lived with China allegedly resuming normal level of cyber operations in 2018.\n\nStill, proponents of the indictment strategy have pointed out that an important gain was made\u2014persuading China to curb its previous levels of data theft; in essence, the indictment appeared to have influenced a state\u2019s cyber behavior. While it did not last, it could be argued that even the momentary success suggested that the approach was viable and just needed adjustment for to accomplish strategic deterrence. After all, shortly after the 2014 China-U.S. agreement was made, China entered into similar understanding with Russia in 2015, and ultimately led the G20 (including China) to make a comparable arrangement in November 2015. Many G20 nations were among those that China had also targeted via its global cyber espionage and intellectual property theft operations.\n\nUnsurprisingly, these agreements have not deterred commercial cyber theft, nor more traditional cyber espionage activities, particularly from China that likely views industrial cyber theft a national security imperative for the country\u2019s continued economic development. As long as China sees economic strength as essential to its emergence as a global leader, supporting Chinese companies that are important to accomplishing this goal could be perceived as less about commercial advantage and more about preserving its national interests. This is an important nuance to keep in mind when understanding why China continues to do what it does. Countries finally began to see the futility in trying to make certain countries like China honor these agreements in 2019 when 27 governments signed a joint statement to advance responsible state behavior in cyberspace. Notably, neither China nor Russia were signatories.\n\nWhere diplomatic overtures have thus failed, the U.S. has resorted to indictments and has since levied them against official and non-official actors linked to Iran, North Korea, and Russia. As of this writing, these indictments have not yielded the obvious objective\u2014state deterrence from conducting the crimes for which they have been charged. However, this raises the hopeful question\u2014if deterrence wasn\u2019t the primary objective, have indictments achieved what was truly intended? Certainly, indictments could be foils used to further other U.S. political or economic objectives. If so, their influence may not be readily seen as instrumental to achieving seemingly unrelated strategic goals.\n\nAnother likely objective is to get on record that a particular government is responsible for illicit cyber activity, thereby letting the world know of its culpability. This seems to be closer to the mark. Prior to May 2014, attribution made in public was mostly accusatory and based on speculation and suspicion, or at least without providing classified evidence to strengthen claims. Indictments have since changed that paradigm, purposefully made for global consumption and to make it clear who the charging state believes to be behind a specific incident. Since there is little hope that any of these individuals will be extradited to the United States, indictments seem less about arrest and prosecution and more about demonstrating capability to identify culprits by detailing their operations. Simply, punishment does not appear to be the primary motive.\n\nOther states have now joined the public attribution bandwagon. In March 2020, Chinese computer security company Qihoo 360 reported that the CIA had been conducting an 11-year cyber espionage campaign against Chinese organizations and in April identified South Korean cyber espionage activity targeting Chinese health organizations for COVID-19 information. Qihoo 360 works closely with the Chinese government, which has prompted concerns with companies like Microsoft collaborating with the company. Although not an official arm of the Chinese government, its stature as a global cyber security leader and a primary supplier of security and monitoring equipment to the People\u2019s Republic of China raises the question of how the company could be used as the voice for leadership. Iran, too, is no stranger to calling out perpetrators of cyber attacks, citing the United States and Israel for various cyber attacks. Even North Korea blamed the United States for knocking it off the Internet, after the former had accused North Korean hackers of attacking Sony in November 2014.\n\nIt remains to be seen if or when other foreign governments will step up to the next level and levy cyber indictments against other countries. It is likely that they will wait and see how the United States fares with this approach and if any favorable results are realized. The recent removal of two Russian companies from indictment set forth by special counsel Robert Mueller illustrates a potential impediment to indictment strategy, further raising the question of its effectiveness at deterring future cyber incidents by state and/or state-related entities. One of the companies challenged the charges, hiring a law firm to defend it, marking the first time a defendant has been willing to go to court on a cyber-related indictment. The potential threat of exposing classified information was one reason provided for this result. The fact that the charges were dropped may encourage other indicted individuals and entities to follow suit, potentially derailing the strategy, reducing it to an exercise in making formal attribution.\n\nCyber operations were once clandestine and mysterious; now, states are emboldened to pull back the curtain and sanitize them in the public spotlight. What remains consistent for now is that public attribution\u2014whether via accusation, indictment, or naming and shaming\u2014has done little to change state behavior, decrease volume of activity, or deter future activity. It\u2019s clear that any one approach\u2014whether it be a legal action, economic influence, a retaliatory strike, or diplomatic engagement\u2014is not a silver bullet, and should not be done independently of each other if any progress is to be made in how cyber space is used for and against states. They must be done in concert and in proportion to the inciting incident, and with a quantifiable, reachable, goal in mind. Absent that, the stakes are not high enough to incite the change that\u2019s often talked about but never done. Perhaps states should consider the fable of the shepherd boy who called wolf before making public attribution. Calling wolf frequently does not get the volume of support to stop the threat; rather, it numbs ears so that they don\u2019t listen and ignore signs that that pack is closing in."
        },
        {
            "id": "7564564c31989253",
            "title": "COVID-19 and Mass-Surveillance: Why South Korea\u2019s approach is also anathema to civil liberties",
            "content": "Big Brother can do wonders during a pandemic, but the granularity of what it gleans is surpassed by the infringement on privacy that it can make.\n\nAs the world continues to grapple with trying to contain the deadly metastasis of COVID-19, South Korea has increasingly been singled out for praise by Global Health Professionals for its rapid response to the outbreak that has seen the East Asian country \u201cflattening the curve\u201d of new infections in just a matter of weeks.\n\nMore specifically, the representative democracy has managed to accomplish this mammoth task without resorting to the draconian social restrictions and quarantines that were imposed by China or for that matter the mixture of business lockdowns and aggressive social distancing now being seen in much of the western world and beyond.\n\nThis in itself is no mean feat. As recent as late February, the country had the highest cluster of infections outside of mainland China and had to contend with a consortium of countries imposing an early travel entry ban on its citizens.\n\nBut the Korean governments swift deployment of mass testing kits even for asymptomatic people, emergency notifications via text messages and robust screening via infra-red cameras to measure fever across the country all in the aid of tracing and treating both new and existing cases, appears to have largely succeeded in breaking the chain of transmission.\n\nHowever, the outpouring of praise for the country\u2019s strategy and even talk of emulating it should not deflect from the fact that it also comes at a cost of high-tech surveillance whose mandated invasiveness in a democracy today could grow to become a dangerous affront to personal liberty and privacy tomorrow.\n\nContact-tracing via Orwellian Surveillance?\n\nThat South Korea is the world\u2019s leader in mobile phone ownership, wi-fi speeds and cashless transactions is of little astonishment when considering the nation of 51 million is home to electronic and industrial conglomerates such as Samsung, LG and Hyundai.\n\nThe ability to ensure they monopolize the market share of both electronic gadgetry and services at home is undoubtedly helped by cultural uniformity in a country that\u2019s 98 per cent homogenous, and where the lingering imprint of conformism has long allowed the paternalistic state a freer hand to cajole its people into believing everything local is best.\n\nIt is for this reason that it\u2019s unsurprising to see over 93 per cent of the population alarmingly relying on a single dominant messenger app in the form of KakaoTalk, used additionally in everything from coupons and gameplay to online banking and taxi services.\n\nBut for the prying eyes of its government, the dumbness of this social reality is a surveillance godsend because it winnows the field in terms of being able to extract rich and timely electronic data on its citizens \u2013 and that too all at once.\n\nIn the name of fighting the pandemic, it\u2019s been utilizing the lawful right to warrantlessly access any of its citizens credit card and financial records, private health data, electronic communications and associated movements via the trail of metadata derived from cell phone connectivity to passing phone masts.\n\nOstensibly, it\u2019s to give them the ability to trace and retrace the movements of effected people in a geographical linkage so as to alert others into either self-quarantining or seeking assistance should they have come into contact with, or were travelling in the vicinity of, an infected person.\n\nIt also means infected people being told to download a GPS-tracking app which dutifully alerts the authorities if and when they\u2019ve broken the quarantine that they\u2019re been required to undergo as part of nationwide control and recovery efforts \u2013 something democratic Hong Kong has taken a step further with the forced imposition of electronic wristbands.\n\nThe problem with this sort of unfettered access to electronic data, unconstrained by even the most basic considerations of privacy, is that just about anything a Korean citizen now does, be it internet-based activity or general movements considering the mass installation of CCTV in both public and private space, will now require little effort to track on the part of their highly-surveillant authorities.\n\nThis frettingly includes the real time content of everything they\u2019ve purchased and where they purchased it from, the entirety of their online activities, who\u2019ve they\u2019ve been in communication with and for how long, the pick-up and drop-off points of the taxi\u2019s they\u2019re using in addition to their wider travel itineraries.\n\nNow one might argue that there\u2019s nothing new in this. Afterall, since the Edward Snowden revelations, copious amounts of literature exist on the subject of NSA/GCHQ worldwide surveillance practices and so what could possibly be abstract in the South Koreans doing it at home?\n\nThe answer is that it boils down to a fear that if people in democracies readily agree to extensive forms of mass surveillance in the name of fighting a pandemic today, it may well self-mandate other democratic governments with introducing surreptitious forms of surveillance tomorrow \u2013 and not necessarily for reasons of a pandemic.\n\nOn the current trajectory, where South Korea is now mandating the downloading of GPS-trackable apps in order to monitor quarantined individuals, soon it could be joined by intricate bio-surveillance ones which in the event of demonstrative success entire populations across the democratic world might be forced to comply with at the risk of confinement.\n\nThese could be in the form of advanced mobile phone apps or electronic gadgets attached or worn somewhere on the human body and whose ultra-modern sensors are designed to stop the spread of the pandemic in its tracks through monitoring the likes of blood pressure, body temperature, facial particulars or even fingertip patterns to determine your potential for risk.\n\nBefore you know it, an algorithm takes over and determines just when, where and with whom you can travel or indulge in social and recreational activities and even suggest a suitable workaround in advance.\n\nOnce this kind of monitoring gadgetry is legitimatized it only requires the powers that be to slightly manipulate the software within them to ensure they turn out to become a shadowy bio-surveillance mechanism like never before and not limited to knowing when you\u2019re going to be sick or entrusting you to comply with health checks via your phone.\n\nThis newfound surveillance technology can also be used as a mechanism for political control which is already at a critical juncture because of its ability to influence the selection of governance and the consolidation of power with no indication that its even reversible.\n\nWhat happens when the mere action of looking at your phone and pressing the touchscreen feature on it to enter messaging apps becomes a tool alerting the authorities to how happy or mad you are as you communicate with others?\n\nHow about it being a tool for determining what side of the political spectrum, right or left, you\u2019re likely to be on owing to everything from pupil dilation to facial peculiarities you made when reading select material? How about the extent to which you\u2019re perspiring in a sensitive spot and thereby calculating your potential for making crowd trouble?\n\nIf social unrest or protest has traditionally been the escape valve for discontent, bio-surveillance in the mobile phone era can potentially make it easier to place actual and potential dissidents in temporary custody or when need be, in jail.\n\nUltimately, such a scenario if left unchecked would witness the tendencies of a democratic infrastructure turn into those of an authoritarian one, and the real worry is that such sweeping tracking infrastructure could remain a norm in one form or another long after the fight to eradicate the pandemic is over.\n\nThe metastasis of Coronavirus 2019 is a transient problem, but to lose our personal privacy would be a permanent one."
        },
        {
            "id": "58751851ab094a53",
            "title": "News, analysis, and commentary on US policy and international affairs",
            "content": "The real danger in the \u2018Deal of the Century\u2019 is that the Palestinian Authority will find a way to co-exist with it at the expense of the Palestinian people."
        }
    ],
    "label": 1,
    "label_text": "mixed"
}