{
    "source": "fraserinstitute.org",
    "articles": [
        {
            "id": "a0a9c7f27f7da833",
            "title": "will-cutting-income-tax-rates-create-jobs-for-canadians-infographic.jpg",
            "content": ""
        },
        {
            "id": "2ce607cf1fe7ee1c",
            "title": "Trudeau government\u2019s new climate target much more costly than Biden plan",
            "content": "During a recent climate summit, President Joe Biden committed to reducing U.S. greenhouse gas (GHG) emissions by 50 to 52 per cent below 2005 levels by 2030. Prime Minister Trudeau, emboldened by Biden\u2019s commitment, announced a new target for Canada\u201440 to 45 per cent below 2005 levels by 2030.\n\nOttawa has yet to provide any details about how we\u2019ll reach this new target. But the plan will put Canada at a competitive disadvantage compared to our largest trading partner because Trudeau\u2019s seemingly less ambitious target will be much harder and more costly to achieve.\n\nConsider electricity. Our grid is already one of the cleanest in the world\u201482 per cent of Canada\u2019s electricity generation comes from non-emitting sources such as hydro and nuclear. Moreover, by decarbonizing electricity Canada has already reduced emissions by 46 per cent since 2000. In contrast, fossil fuels continue to be a large source of power for the United States accounting for 60 per cent of its electricity production.\n\nTherefore, the U.S. will more easily reduce GHG emissions from its electricity sector, which accounts for 25 per cent of U.S. GHG emissions, as it further shifts from fossil fuels to other non-emitting sources of power whereas Canada has made greater progress in that transition.\n\nSecond, Canada\u2019s population is growing at a much higher rate than the U.S. If we continue this pace, our population will grow by between 11 and 14 per cent by 2030. In contrast, census data project the U.S. population will likely grow by approximately 7 per cent by 2030. Population growth is a key driver of overall economic growth, which leads to more GHG emissions. The higher increase in population in Canada will make it more difficult to reduce emissions and achieve our new GHG targets.\n\nFinally, if Canada removed all fossil-fuel cars from the roads, emissions would only drop by 5 per cent while the U.S. would experience an 11 per cent reduction, so again, the U.S. has an advantage.\n\nSo what does this mean for Canadians? Given that Canada doesn\u2019t have much relative room to reduce GHG emissions from its electricity and transportation sectors, to achieve the prime minister\u2019s new ambitious targets, we\u2019d likely have to lower emissions in industry\u2014especially the oil and gas sector, which accounts for 26 per cent of the country\u2019s GHG emissions.\n\nOttawa\u2019s current climate change plan, which includes a $170 per tonne carbon tax by 2030 and significant spending on renewables, will reduce Canada\u2019s GHG emissions by 30 to 36 per cent (relative to 2005 levels) by 2030. Increasing our targets to between 40 and 45 per cent will require more stringent regulations and/or a significant increase in the carbon tax. (According to estimates, the $170/tonne carbon tax will cause the Canadian economy to contract by 1.8 per cent and result in about 184,000 lost jobs.)\n\nCanada\u2019s current policies are already much more stringent than the U.S. Further reducing GHG emissions would require even tougher policies, which would further hurt the competitiveness of our industries.\n\nDue to the differences in our electricity grid, the nature of our economies and population growth, Canada will have to do much more to reach its new climate target than the U.S. This will place us at a competitive disadvantage and impose considerably more costs on Canadians. Ottawa should carefully consider the implications of these new targets."
        },
        {
            "id": "0018966989712157",
            "title": "Post-COVID housing squeeze will hurt lower-income residents",
            "content": "Obviously, the pandemic has changed many things in a relatively short period of time, including housing demand in municipalities across Canada.\n\nConsider the Greater Toronto Area, where the detached housing market is red hot while the market for smaller apartments and condos is not. But as apartment renters enjoy this new landscape of lower prices and more units to choose from, when post-COVID demand tilts back towards apartments, we could once again see a tight rental market with rising prices. The problem is that Toronto remains a growing metropolitan area where both upwards and outwards growth are heavily constrained. People need to live somewhere, and the city and region must be able to accommodate newcomers without displacing existing residents.\n\nA recent Toronto City Council meeting highlights the dilemma. At the meeting, council considered two issues\u2014a pair of condo towers (across the street from a subway station) that would replace a surface parking lot, and a proposed highway extension. Each issue provoked furor. Some argued that the condo towers would hurt the neighbourhood. Others argued the highway would be a \u201csprawl accelerator.\u201d\n\nNow, both of these things could be true. But there are tradeoffs in everything. Would the additional density on Yonge Street or the induced sprawl from the highway be worse than maintaining a tight housing market that makes it hard for outsiders to move to the city or for lower-income residents to stay? City council opposed both measures, which makes it hard to rule out the possibility that the city cares more about \u201curban form\u201d and neighbourhood character than housing affordability.\n\nIndeed, the consequences are especially acute for people at the lower end of the income spectrum. Having to move a few subways stops further from downtown to afford a second bedroom is annoying for a white-collar worker. But enduring a long crowded bus ride to more affordable corners of the city is more than annoying\u2014it can consume hours out of a commuter\u2019s day. And yet, much of the city isn\u2019t zoned for the type of lower-cost housing (low-rise apartments, for example) that could provide lower-income workers with alternatives to lengthy commutes.\n\nThe so-called \u201cYellowbelt,\u201d zoned for only single-detached housing, takes up most of the city. And in many respects sits at the epicentre of the housing squeeze. The Greenbelt prevents development in much of the region\u2014in some parts due to ecological sensitivity, in others to prevent urban sprawl. This requires more units on a smaller footprint. But again, since the Yellowbelt takes up most of Toronto, there are only so many ways to grow the housing stock\u2014either leapfrog developments outside the city beyond the Greenbelt or adding as many floors as possible to condo towers (where they\u2019re permitted to build). Politicians don\u2019t seem keen on either option.\n\nSo what to do?\n\nThere are tradeoffs with any new housing development, but that doesn\u2019t mean city hall should abandon any development that creates the slightest inconvenience for residents. Some residents of East York recently went viral on social media in their efforts to protect a parking lot, which they deemed \u201cthe heart of the community.\u201d The threat wasn\u2019t a coal plant or a new stadium. It was 64 units of affordable housing. Allowing convenience (or simple personal preference) to trump development tightens the housing squeeze.\n\nAll residents of the GTA should understand the situation and the tradeoffs. One person\u2019s easy parking access is another person\u2019s hour-long bus ride. One person\u2019s unchanging neighbourhood is another person\u2019s unstable life. Toronto can\u2019t afford to make the perfect the enemy of the good. People are moving to the GTA whether activists like it or not. And if we\u2019re not willing to accommodate them, housing prices will remain elevated and vacancy rates will remain low. People need to live somewhere, after all. That\u2019s a reality regulations can\u2019t change."
        },
        {
            "id": "b175a3d9426dc007",
            "title": "Federal spending spree continues to outpace budget projections",
            "content": "Based on last month\u2019s federal budget, the Trudeau government plans to run an eye-popping $154.7 billion deficit this year and accumulate more than $330 billion in debt over the next five years. Crucially, the government will make the fiscal situation even worse if it continues to spend more than it budgets.\n\nTo a large degree, spending choices helped drive federal deficits even before the pandemic. In the Harper government\u2019s final budget, it forecasted program spending (total spending minus interest costs) of $262.3 billion in 2015/16. However, the Trudeau government immediately increased spending once it took office and nixed the balanced budget plan of the previous government.\n\nIndeed, the new Liberal government increased spending by $11.3 billion in 2015/16, which turned a projected surplus into a $2.9 billion deficit. It further increased program spending in 2016/17 to $288.6 billion, which is $14.3 billion higher than the Harper estimates for that fiscal year. And a projected surplus in 2016/17 became a $19.0 billion deficit.\n\nThe Trudeau government\u2019s spending also exceeded its own forecasts in later years. In Budget 2018, the government expected $312.2 billion in program spending. By the end of that fiscal year, however, the government discovered higher-than-anticipated revenues but spent an additional $11.3 billion. Put differently, the government could have almost entirely eliminated the 2018/19 deficit ($14.0 billion) if it stuck to its own spending plan. But rather than reduce deficits during a time of economic growth, it spent every extra dollar of revenue.\n\nMore recently, the Trudeau government increased spending between its November 2020 economic statement and its 2021 budget despite projecting an uptick in revenues. Indeed, total revenues are forecasted to be $19.2 billion higher than previously expected in 2021/22\u2014but program spending is projected to increase by roughly $51.0 billion.\n\nOf course, some of this spending is justified in light of COVID-19. Nonetheless, federal per-person spending (inflation-adjusted) will reach $12,697 this year, which is the second-highest level in Canadian history and 38.7 per cent higher than during the 2009 recession.\n\nClearly, a proclivity for spending remains a defining characteristic of this federal government. Despite current projections estimating the budget deficit will be gradually reduced over the next five years and reach $30.7 billion by 2025/26, further spending increases will throw a wrench in this plan. For instance, new spending on programs such as national pharmacare (or other potential campaign initiatives) will increase spending and deepen deficits if revenues can\u2019t keep pace.\n\nConsequently, the government may be unable to achieve its objective of reducing the federal debt-to-GDP ratio (a common measure of debt sustainability) by 2025/26. Of course, this wouldn\u2019t be surprising considering that the Trudeau government already caused the debt-to-GDP ratio to rise once before (between 2018/19 and 2019/20) due to spending increases. If the ratio increases again, it would place federal finances on an unsustainable path and leave Canadian families holding the bill for debt accumulation via future tax increases.\n\nThe Trudeau government must avoid further spending increases, otherwise federal finances will be in a precarious position for years to come."
        },
        {
            "id": "cc36224963a6ca0e",
            "title": "Canada\u2019s Aging Population and Income Support Programs",
            "content": "Subscribe to the Fraser Institute\n\nGet the latest news from the Fraser Institute on the latest research studies, news and events."
        },
        {
            "id": "345de822f168131a",
            "title": "canadas-aging-population-and-income-support-programs-infographic.jpg",
            "content": ""
        },
        {
            "id": "57854f62522fe8b7",
            "title": "Timely Access to New Pharmaceuticals in Canada, the United States, and the European Union",
            "content": "Modern medicines not only treat illnesses that could not previously be treated, but also represent a substitution for older, less efficient, and less effective methods of treatment. Newer medicines can expand access to better health through reductions in adverse events and reactions, and may work better for some parts of the population poorly served by previous advances. Access to these newer (and potentially superior) drugs, however, is not equal across developed countries.\n\nNew medicines are only accessible by the public after they have been granted regulatory clearance by a jurisdiction\u2019s responsible body, such as Health Canada, the United States Food and Drug Administration (FDA), and the European Medicines Agency (EMA). Past studies have shown that Health Canada both takes longer to approve medicines (from the time of submission) and approves fewer medicines than its American and European counterparts.\n\nHowever, a delay in the availability of new drugs in one country in comparison with another can have two sources: a difference in approval time (efficiency) and a difference in when the drug was submitted for approval in the first place. In order to capture the total delay in timely access to new medicines, this study undertakes a drug-by-drug comparison for dates of approval granted by Health Canada, the FDA, and the EMA (including both the European Union\u2019s centralized approval procedure and its mutual recognition approach). We seek to measure the differences between when populations served by these agencies were ultimately granted access to new pharmaceutical products and therapies.\n\nWe find considerable delays in the approval of new medicines in Canada in comparison with access in the United States and Europe. Of the 218 drugs approved in both Canada and the United States between 2012/13 and 2018/19, approval was granted a median 289 (average 469) days earlier in the United States. Of the 205 drugs approved in both Canada and Europe, approval was granted a median 154 (average 468) days earlier in Europe. The more important factor in explaining these delays in approval of new medicines in Canada is the difference in the dates on which manufacturers submitted new drugs to agencies for regulatory approval.\n\nIf we constrain our analysis to compare drugs for which submission dates are available, the average 468-day difference in approval dates between Canada and the United States (for 215 drugs) consists of an average 464-day difference between submission dates, and an average 4-day difference in efficiency. Similarly, the average 404-day difference in approval dates between Canada and Europe (for 191 drugs) consists of an average 395-day difference between submission dates, and an average 9-day difference in efficiency.\n\nSeveral reasons for this difference in dates of submission may exist, including differences in market-investment attractiveness because of prevalent intellectual-property protection regimes, the size and sophistication of the potential market of consumers, regulatory controls on drug pricing, and the reimbursement policies practised by public and private insurers. Another reason, more directly related to regulatory activities, is the extra financial burden incurred through user fees and the costs associated with creating a submission for a particular agency.\n\nOne way to reduce the loss of potential benefits from earlier (and possibly increased) availability of newer medicines for Canadians, would be to recognize that the approach taken by Health Canada is largely unnecessary. While the potential for harm that accompanies any new medicine on the market may provide justification for regulatory approval in general, Health Canada\u2019s approval process largely duplicates what is already being done (about as efficiently, but much earlier) in the United States and Europe, which means the benefits of this process for Canadians are limited at best. Indeed, as David Paul notes, the procedures and requirements of the FDA are the framework for those used in the European Union and Canada.\n\nAll of this means that Canadians are denied the health benefits of many medicines for months, if not years, waiting for their government to duplicate approvals already provided in other jurisdictions. Given the low and similar rate of withdrawal of drugs (at least in the United States and Canada), it can be said that this delay is denying Canadians access to many medicines that will ultimately be found sufficiently safe and effective not to be withdrawn from the marketplace. Canadians also, perhaps as a result of the costs to manufacturers of entering a small and highly regulated market, receive access to fewer medicines in total than their counterparts in other developed nations, leaving Canadians with fewer therapeutic options and potentially worse health outcomes. And, beyond these foregone benefits lie the costs to taxpayers and drug manufacturers of funding this duplicative process.\n\nThis provides a strong reason to consider replacing (or augmenting) Health Canada\u2019s mandatory approval process with agreements that recognize approval by comparable international agencies. Under such an approach, approval by the FDA or the EMA could be considered sufficient for market access in Canada. If Canada had such agreements with Europe and the United States (accepting approval from either body as equivalent), patients could have received access to 223 new pharmaceutical therapies (of the 224 in our sample) a median 383 (average 742) days earlier. Patients would also likely have received access to many drugs approved by the EMA or FDA but not available in Canada because they were either not approved by Health Canada or were simply not submitted for marketing approval in Canada at all. The clear benefits of this approach would be a reduction in the costs of entry to the Canadian marketplace and a significant reduction in the delay Canadians endure for access to new drugs.\n\nThis process can be implemented while maintaining Health Canada\u2019s ability to provide safety warnings and to require withdrawal of a drug from the Canadian marketplace, as well as Health Canada\u2019s approval process on a non-mandatory basis. Specifically, while approvals by the FDA and EMA could be accepted as sufficient for market entry, they could also be subject to a labeling requirement stating the approval was that of the FDA and EMA and that Health Canada had not approved that particular medicine. This would give Canadians and their health-care providers the opportunity to decide for themselves if they felt Health Canada\u2019s approval process provided additional safety or protection from the risks associated with a new drug. In addition, the resources saved through accepting approvals by the FDA or EMA could be in part redirected towards other critical activities such as more active post-market surveillance of drug safety and better communication of the risks associated with certain drugs.\n\nThe delayed approval of pharmaceuticals highlighted in this study are particularly concerning at a time when Canada\u2019s federal government is considering the introduction of restrictive price controls on new pharmaceuticals. Specifically, new legislation intended to come into effect on July 1, 2021, is targeted towards further limiting prices for new pharmaceuticals in Canada via the Patented Medicine Prices Review Board. To the extent that restrictive price controls may have historically contributed to Canada\u2019s relatively delayed and limited access to innovative pharmaceuticals, it is likely that these regulations will further exacerbate the delays identified in this study."
        },
        {
            "id": "e0e4c2d79cc40b71",
            "title": "N.L. students falling behind in mathematics",
            "content": "Despite the very real challenges of the pandemic, school performance remains fundamental to our children\u2019s future and indeed the future of our communities.\n\nStudent progress is measured in various ways. While no single approach paints a complete picture, a variety of assessments illustrate where our students stand. Student performance in the key subject of math, in particular, is worth a closer look. Unfortunately, in Newfoundland and Labrador, the results for students are poor and have been worsening over time.\n\nFor example, based on results from the Programme for International Student Assessments (PISA), the gold standard of student testing, since 2003 students in the province have shown declining performance in four out of the last five PISA assessments, which are conducted every three years.\n\nIn 2003, Newfoundland and Labrador\u2019s average student score was 517, above the international standardized average of 500. But in the most recent 2018 assessment, the province\u2019s score dropped to 488, well below the international average.\n\nNationally, in 2003 the province\u2019s students scored 15 points below the Canadian average. In 2018, the province\u2019s score dropped further, to 24 points below the Canadian average.\n\nNewfoundland and Labrador is also underperforming relative to other provinces in Atlantic Canada. With a -5.6 per cent decline in PISA scores since 2003, student performance in the province has declined more than Nova Scotia (-4.1 per cent), New Brunswick (-3.9 per cent) and Prince Edward Island (-2.6 per cent). While other non-PISA testing methods show improvement in the province, all assessments reviewed in a new study show Newfoundland and Labrador\u2019s students behind the majority of other provinces, with flat or declining performance over time.\n\nThese results give rise to some important considerations for policymakers. First, the availability of these data in the first place underscores the importance of school testing. A first step in improving the province\u2019s student performance is to take stock of where students rank presently, and without good testing there\u2019s no objective method to do so.\n\nWhen considering options for improvement, it\u2019s also worth nothing some of the differences between provincial education systems. Other provinces, for example, have higher rates of independent school attendance. In fact, at a time when more parents are choosing independent schools across the country, Newfoundland and Labrador has the second-lowest percentage of independent school attendance in Canada, at just 1.5 per cent.\n\nThis stands in stark contrast to provinces such as Alberta, British Columbia, Ontario and Quebec, which all have much higher rates of independent school attendance while significantly outperforming Newfoundland and Labrador\u2019s students on standardized testing. Research demonstrates that meaningful school choice can improve the performance of government-run schools. Opening the door for more independent schools in the province is one promising avenue for the future.\n\nAnother option worthy of closer examination is curriculum reform. Ontario, for example, is implementing a new \u201cback to basics\u201d math curriculum, which focuses on development fundamentals. The results are yet to be seen, but this is one experiment worth watching.\n\nEnsuring a high-level of education in Newfoundland and Labrador is of course a top priority for parents, and a priority the Furey government often espouses. In the crucial subject of math, the data indicate that the province\u2019s students have fallen behind their peers in the rest of Canada, and risk falling further behind. Change may be difficult and take time, but students in the province deserve no less."
        },
        {
            "id": "319f55e179f521db",
            "title": "The Implications of Slowing Growth in Canada\u2019s Labour Force",
            "content": "Subscribe to the Fraser Institute\n\nGet the latest news from the Fraser Institute on the latest research studies, news and events."
        },
        {
            "id": "d6b17142706b3b8a",
            "title": "Ottawa should wind down massive COVID subsidies to businesses",
            "content": "Over the past week, the Globe and Mail has published two analyses of the Canada Emergency Wage Subsidy (CEWS), the largest component of the federal government\u2019s COVID-19 economic response plan. The program gave employers who suffered a revenue decline a subsidy of up to 75 per cent on their payroll costs.\n\nOne piece of investigative journalism documented the lack of transparency and accountability surrounding the program, showing just how hard it\u2019s been to get data or clear answers from the government about which companies receive money and how much.\n\nThe other shows that in many cases the CEWS subsidy did not just achieve its objective of preventing layoffs\u2014but resulted in windfall profits for recipient firms.\n\nWhy?\n\nBecause the program has provided subsidies for all employees at eligible firms, not just those whose position would have been vulnerable in the absence of a subsidy. In other words, firms received the per-employee subsidy to help pay the wages of employees who they would have continued to employ anyway if CEWS did not exist.\n\nFor this reason and other reasons, the cost of CEWS has been enormous compared to the benefits. The total budgeted program costs for 2020/21 and 2021/22 now stand at $110.6 billion. For context, consider that in 2019/29, the federal government collected $334.1 billion in revenue. That means by the end of this year the government expects CEWS to cost about one-third of all revenue Ottawa collects in a normal year.\n\nHere\u2019s another way to look at it. If all of the money now budgeted CEWS is spent, the total cost of the program will wind up at approximately $5,300 per member of the Canadian workforce.\n\nMoreover, a recent analysis co-authored by myself and University of Toronto economist Michael Smart found that the cost of CEWS has been approximately $188 000 per \u201cjob-year\u201d saved (a job-year basically represents one year of work for one person).\n\nThe CEWS program is very expensive and the Trudeau government has not yet produced its own analysis of the program\u2019s benefits or shown why it believes the benefits of CEWS meet or exceed program costs. Indeed, as the Globe showed this week it, it\u2019s been difficult to even obtain information about how much CEWS money various businesses receive.\n\nThere\u2019s no doubt that the removal of CEWS will be difficult for some companies and some may not survive without government help. This remains a sad but necessary component of a free market economy.\n\nWith the economy recovering and an end to the pandemic hopefully in sight, the government should now develop and announce a plan to wind down the CEWS program so firms across Canada can start preparing to succeed without Ottawa subsidizing the cost of their payrolls."
        }
    ],
    "label": 1,
    "label_text": "mixed"
}