{
    "source": "freedomnews.org.uk",
    "articles": [
        {
            "id": "686ff94cd3916445",
            "title": "Freedom News",
            "content": "Our web store features hundreds of radical works and all our latest titles , including the newly-released Fighting Women !\n\n: In his second article looking at recent editions to the Freedom digital archive, historian Jack Saundrs considers the anarchists\u2019 take on Britain\u2019s declining imperial holdings as another vicious conflict broke out just a few years on from World War II \u2014 the Malayan Emergency.\n\nMarch 23rd : The Mayor\u2019s Office of Policing and Crime has threatened an illegal eviction against squatters currently occupying the former Cavendish Road police station in Clapham Common.\n\nMarch 28th : Hundreds of Deliveroo riders from across the UK are expected to strike in an action to coincide with the company\u2019s IPO valuation, taking place on the 7th of April.\n\nMarch 19th : Freedom\u2019s long-running correspondent Louis Further offers his monthly round-up of news from across the Pond.\n\nMarch 26th : Belarussian activist, antifascist and the singer of street punk band Mister X\u2013 Igor Bancer have been released from prison following a court verdict sentencing him to 18 months of forced labour.\n\nMarch 20th : As the conversation around transgender people\u2019s human rights continues to generate heat, many have speculated on the extent to which anti-trans \u201cgender critical\u201d (GC) activists who often claim to be either feminists or otherwise motivated mostly by concern for women\u2019s safety and human rights are aligned with openly conservative and right-wing interests.\n\nMarch 21st : \u201cThis important and essential volume by Rachel Hsu goes back to the primary sources in an attempt to allow the ideas and actions of Goldman to speak for themselves.\u201d by Rachel Hui-Chi HsuNotre Dame: University of Notre Dame Press2021ISBN 9780268200299$45.\n\nMarch 23rd : Jack Saundrs looks over some recent additions to Freedom\u2019s extensive digital archive, which draws together unique scans and mirrored works to create a sizeable library of the paper\u2019s historic works.\n\nIncompetence, Cronyism, Repression: One Year On, What is the Covid State? March 26th : Last year, I wrote in this blog that the UK government\u2019s response to the Covid-19 pandemic crisis was one of \u2018callous incompetence\u2019.[1] In hindsight, that was no surprise: their incompetence stemmed from the deliberate underfunding and privatisation of public health services; their callousness was baked-in to the structurally violent principles of Tory \u2018austerity\u2019.\n\nOn the necessity of activist legal support in the wake of police repression March 24th : Like the Black Lives Matter protests of last year, the wave of protests against the Policing Crimes and Sentencing Bill have been met by police repression."
        },
        {
            "id": "b79fa966bc08b315",
            "title": "News \u2013 Freedom News",
            "content": "March 23rd : The Mayor\u2019s Office of Policing and Crime has threatened an illegal eviction against squatters currently occupying the former Cavendish Road police station in Clapham Common.\n\nMarch 18th : Including reports from correspondents on the ground, Freedom rounds up five days of women standing against male violence and police impunity \u2013 even as the Tories rush through draconian new powers cracking down on our right to demonstrate."
        },
        {
            "id": "e6dfc2b508ec5ef1",
            "title": "Deliveroo workers to strike over exploitative practices and low pay",
            "content": "Hundreds of Deliveroo riders from across the UK are expected to strike in an action to coincide with the company\u2019s IPO valuation, taking place on the 7th of April.\n\nAn investor briefing produced by the Independent Workers\u2019 Union of Great Britain (IWGB), Share Action and The Private Equity Stakeholder Project has highlighted some of the many issues riders face, including low pay, unsafe work conditions and precarious work patterns.\n\nWhilst Deliveroo claims that rider earn on average \u00a310 an hour, a report from the Bureau of Investigative Journalism found that some riders earn as little as \u00a32 an hour. Even taking Deliveroo\u2019s claims at face value, unavoidable costs shouldered by riders, including insurance, fuel and maintenance, often drive down take home pay below the minumum wage.\n\nThe strike only adds further pressure to Deliveroo, which has been subect to worker actions including stoppages and slowdowns, as well as coming under pressure from MPs. The company has relied on its riders\u2019 self employed status to avoid having to pay out a minimum national wage or give any statutory benefits. This may be in jeapody as the Supreme Court recently found that Uber drivers were in fact workers, and thus entitled to benefits. What impact this ruling will have on Deliveroo remains to be seen.\n\nThis is the reality of the exploitative business model @Deliveroo not only choose, but set aside \u00a3112 million to robustly defend. Riders making as little as \u00a32 per hour & rely on food banks to survive. Meanwhile CEO Will Shu is getting ready for a \u00a3500 million windfall. Shameless https://t.co/Jm29ANODMZ \u2014 alex marshall (@alexjkmarshall) March 27, 2021\n\nJoseph Durbridge, a deliveroo rider in London, laid out worker concerns saying, \u201cIt [Deliveroo] doesn\u2019t care about the financial security or basic rights of its riders and shamelessly claims the workforce is largely casual. We will not let them take us for a ride.\u201d\n\nThe strike comes in the wake of an International Day of Action that took place on the 26th of March which saw riders in Australia, France, Italy and the UK take action across delievery platforms.\n\nYou can contribute to the IWGB strike fund here."
        },
        {
            "id": "bbf5281e815fe6a3",
            "title": "Editorial \u2013 Freedom News",
            "content": "November 21st : Regarding the announcement by the London Bookfair collective that, following events at this year\u2019s gathering, they will not be organising another one in 2018, the Freedom Collective has drafted the following statement: The Freedom Collective condemns the actions of trans exclusionary radical feminist (Terf) activists at the London Anarchist Bookfair 2017."
        },
        {
            "id": "e4a7078eeaf3e47c",
            "title": "Sport \u2013 Freedom News",
            "content": "January 28th : Football terraces and stadiums have long been contested spaces politically for working class youth, with the far-right often coming out on top."
        },
        {
            "id": "060db7168c631bc0",
            "title": "History \u2013 Freedom News",
            "content": "Our web store features hundreds of radical works and all our latest titles , including the newly-released Fighting Women !\n\n: Jack Saundrs looks over some recent additions to Freedom\u2019s extensive digital archive, which draws together unique scans and mirrored works to create a sizeable library of the paper\u2019s historic works.\n\nFebruary 13th : While Peter Kropotkin is today best remembered as a leading anarchist thinker, one of the most persuasive advocates of anarchist communism, we should not forget that he was also a world-renown scientist, a geographer who revolutionised our understanding of the physical features of Asia.\n\nFebruary 20th : Continuing our multi-part series marking the 100th anniversary of the death of Peter Kropotkin, this October 1890 article considers how to avoid the curdling of a revolutionary mindset over the long haul of social change.\n\nMarch 7th : Today marks the 100th annviersary of the beginning of the Kronstadt uprising.\n\nKropotkin: Act For Yourselves February 6th : Continuing our multi-part series marking the 100th anniversary of the death of Peter Kropotkin, this January 1887 article is one of his better-known essays, and indeed lends the title of Freedom\u2019s book of selected articles.\n\nKropotkin: Practical Questions February 1st : Next up in our multi-part series marking the upcoming 100th anniversary of the death of Peter Kropotkin, this article July 1887 article considers the ways in which limited socialist visions are doomed to failure."
        },
        {
            "id": "575012f5d671d459",
            "title": "Interviews \u2013 Freedom News",
            "content": "Our web store features hundreds of radical works and all our latest titles , including the newly-released Fighting Women !\n\n: In the crypt of a church built into the face of a cliff, I wait to meet the action director of the Palestinian Freedom Theatre, Nabil Al-Raee.\n\nMarch 1st : Freedom\u2019s resident cop-botherer, Carl Spender, sits down with John and Kat from Bristol Copwatch to discuss the group\u2019s first year of existence and the painstaking work of building a grassroots police monitoring project.\n\nMarch 10th : The end of February marks a year since the WHO warned the national governments, saying that COVID-19 is \u201cliterally knocking at the door\u201d and that they might choose to activate pre-prepared \u201cpandemic plans\u201d.\n\nJanuary 18th : Ilya Shakursky, an antifascist political prisoner in Russia, appeals to you in this interview to write to him, and to others imprisoned in the infamous \u201cNetwork\u201d case.\n\nJanuary 22nd : We have to work most of our lives.\n\nGet Shit Done: the future is collaborative September 19th : Unless it can be used for marketing, \u2018bread and circuses\u2019 entertainment, or to create commodities for the rich, the innate creativity of human beings is actively discouraged by the powers that be (a situation which, I believe, lies at the bedrock of a lot of modern day neurosis).\n\n\u201cBlackness anarchises anarchism\u201d \u2013 Marquis Bey on the theory of Black anarchism August 7th : To coincide with the release of their new book with AK Press , Anarcho-Blackness: Notes Towards a Black Anarchism, Marquis Bey sits down with Chuck Mertz from This is Hell to discuss the conceptual and historical synergies of anarchism and Blackness."
        },
        {
            "id": "90b147e62dcac7f2",
            "title": "World \u2013 Freedom News",
            "content": "February 6th : KRAS, a section of anarchist international the IWA, has come out swinging against the false choice of a right-wing bigot or a murderous autocrat posed by recent protests \u2014 in the following statement the group explains why."
        },
        {
            "id": "aa2e532688d9c3f5",
            "title": "Satire \u2013 Freedom News",
            "content": ": Before Dominic Cummings displayed great villainy in a rose garden \u2013 like Donald Sutherland in the Hunger Games before him \u2013 myself and many others had already begun to suss out that this man, this bald man seen standing ominously behind Boris\u2019 shoulder like a vulture looming over a dying buffalo, might not be as"
        },
        {
            "id": "1d3f0b9bf2aa9bd2",
            "title": "Features \u2013 Freedom News",
            "content": "Our web store features hundreds of radical works and all our latest titles , including the newly-released Fighting Women !\n\n: In his second article looking at recent editions to the Freedom digital archive, historian Jack Saundrs considers the anarchists\u2019 take on Britain\u2019s declining imperial holdings as another vicious conflict broke out just a few years on from World War II \u2014 the Malayan Emergency.\n\nFreedom and the 1974 Miners\u2019 Strike March 23rd : Jack Saundrs looks over some recent additions to Freedom\u2019s extensive digital archive, which draws together unique scans and mirrored works to create a sizeable library of the paper\u2019s historic works.\n\nBook Review: Emma Goldman, \u2018Mother Earth\u2019 and the Anarchist Awakening March 21st : \u201cThis important and essential volume by Rachel Hsu goes back to the primary sources in an attempt to allow the ideas and actions of Goldman to speak for themselves.\u201d by Rachel Hui-Chi HsuNotre Dame: University of Notre Dame Press2021ISBN 9780268200299$45."
        }
    ],
    "label": 2,
    "label_text": "high"
}