{
    "source": "freetelegraph.com",
    "articles": [
        {
            "id": "1febf44c1c6abfa5",
            "title": "RGA Releases New TV Ad In New Jersey Governor\u2019s Race: \u201cDoesn\u2019t Pay\u201d",
            "content": "The Republican Governors Association released a new television advertisement in the New Jersey governor\u2019s race today, highlighting Democrat Phil Murphy\u2019s hypocritical stance of supporting a $15 per hour minimum wage while paying his own campaign staff less.\n\n\u201cPhil Murphy has made a $15 minimum wage a central platform in his campaign, but was caught paying his own campaign staff less,\u201d said RGA Communications Director Jon Thompson. \u201cPhil Murphy\u2019s \u2018do as I say, not as I do\u2019 style proves once again that he just doesn\u2019t get New Jersey.\u201d"
        },
        {
            "id": "9eaf9a0bf2d66991",
            "title": "What They Are Saying: Ralph Northam\u2019s Campaign Engulfed By Flier Scandal",
            "content": "Virginia Democratic gubernatorial hopeful Ralph Northam omitted any mention of Justin Fairfax, the party\u2019s African American candidate for lieutenant governor, from about a thousand pieces of campaign literature, a move Fairfax called a \u2018mistake\u2019 and that has stoked tensions within the Democratic ticket and threatens to alienate African American voters three weeks before Election Day\u2026\n\n\u2018It reeks of subtle racism, if not a tone deafness about how were going to win in November,\u2019 said Quentin James, the founder of Collective PAC that supports black candidates, including Fairfax. \u2018Leaving Justin Fairfax off of mailers, even if it\u2019s only for a small universe of union members, still sends the wrong message.\u2019\u201d\n\nThe President of the Loudoun County NAACP also blasted the move by Northam\u2019s campaign, saying it \u201creinforces a perception that the Democratic Party sees [Fairfax] as an outsider and is also taking the black vote for granted:\u201d\n\n\u201cPhillip Thompson, the president of the Loudoun County NAACP, said the exclusion of Fairfax from literature reinforces a perception that the Democratic Party sees him as an outsider and is also taking the black vote for granted.\n\n\u2018A lot of us feel the Virginia Democratic Party has never been a very inclusive group, and they always kind of marginalize African Americans without providing any grounds for advancement,\u2019 said Thompson. \u2018Hillary (Clinton) won the state of Virginia because of the African American, Hispanic and minority vote\u2026Justin is perfect person to help them do that again, and they still don\u2019t suport him.\u2019\u201d"
        },
        {
            "id": "6704f524ac3d08f8",
            "title": "Georgia Dem Stacey Abrams Backs Gun Ban",
            "content": "Georgia Democratic gubernatorial nominee Stacey Abrams said on Tuesday that she wants to ban semi-automatic rifles and refused to answer whether she supports the government confiscating firearms from the public.\n\nAppearing on ABC's \"The View\" with co-host Meghan McCain, Abrams addressed her stances on the Second Amendment using common left-wing tactics to downplay her views, which have earned her the support of the pro-gun control group Everytown for Gun Safety and an \"F\"-rating from the NRA.\n\n\"Do you, like Everytown's support for banning the AR-15?\" McCain asked.\n\n\n\nAbrams immediately tried to portray herself as a supporter of the Second Amendment by saying, \"let's be clear, I am not anti-gun,\" as she then talked about her personal experiences with firearms.\n\nAbrams then called semi-automatic weapons \"weapons of mass destruction,\" saying that they do not \"belong in civilian hands.\"\n\n\"I assume that by banning it, you would be rounding them up,\" McCain said. \"It's the most popular gun in America \u2026 Would you be rounding them up from civilians in Georgia?\"\n\nAbrams refused to answer whether she would have the government go door-to-door to confiscate the public's firearms."
        },
        {
            "id": "6a949f69171a5949",
            "title": "Innocent Men Were Sent To Prison And Released Decades Later. Now Gov. Cooper Won\u2019t Pardon Them",
            "content": "\u201cCooper\u2019s office did not acknowledge or otherwise respond to multiple emails seeking an interview for this story and a WBTV reporter was not allowed to ask Cooper a question during a virtual press conference on Wednesday. \u2026\u201d"
        },
        {
            "id": "12ad7ada5d1fe094",
            "title": "Vice President Mike Pence Slams Michigan Dem Gov Candidate Gretchen Whitmer\u2019s Far-Left Record",
            "content": "VICE PRESIDENT MIKE PENCE: \u201cThe truth of the matter is, the people of Michigan face a choice this fall, and we\u2019ve got to make sure that they understand that choice. When it comes to the governor\u2019s race, Bill Schuette\u2019s opponent has a record, it\u2019s a record at the Statehouse. She actually voted against hiring more state troopers, she actually supports abolishing Immigrations and Customs Enforcement and let me make you a promise, under this administration we will never abolish ICE, we\u2019re going to stand with those men and women every day. Gretchen Whitmer actually wants to repeal Michigan\u2019s right-to-work laws and during her tenure at the Statehouse, she had a history of raising taxes. In fact, she voted to raise your taxes by more than $1 billion. The truth of the matter is, Bill Schuette\u2019s opponent will take Michigan off the path of prosperity and Michigan Republicans aren\u2019t going to let it happen, we\u2019re going to elect Bill Schuette as the next great governor of the state of Michigan.\u201d\n\n\n\n"
        },
        {
            "id": "640d6c30f9882e47",
            "title": "Governor Ron DeSantis Defends Restaurants & Bars",
            "content": "Speaking at Okeechobee Steakhouse in West Palm Beach, Florida, Republican Governor Ron DeSantis, who has withstood barrages of criticism from the political Left for his refusal to implement harsh lockdowns, like many Democratic governors across the nation, asserted that restaurants will stay open in Florida. \u201cWe just want to send a message: Some may want to shut you down; we want to pull you up,\u201d he said. \u201cWe\u2019ve got your back.\u201d\n\nDeSantis began, \u201cWe\u2019re happy to be here at Okeechobee Steakhouse to really send a message that at a time when folks in our service industries, particularly restaurants, lodging, and hospitality, have kind of taken it on the chin, particularly in other states, where they\u2019ve been completely shut down. We just want to send a message: Some may want to shut you down; we want to pull you up. We\u2019ve got your back.\u201d\n\n\u201cIf you\u2019re somebody who\u2019s a waitress or a cook or you\u2019re a family-owned business, you\u2019re an important part of our state,\u201d he continued. \u201cYou\u2019re working folks, who are working hard to make a living; you have every right to do that. You can take it to the bank in the state of Florida; you\u2019re going to have that right defended by the governor.\u201d\n\nDeSantis turned to some data: \u201cYou know, there\u2019s a lot of talk when it comes to COVID about the kind of infections, and tracing and everything, and at the beginning of this, restaurants in particular were singled out as kind of like, this is a place that\u2019s really problematic. Most of the contact tracing that\u2019s been done has restaurants as very low in terms of where these infections can be traced to. New York just did their big one and put it out I think yesterday or the day before, and they had 1.4% of infections traced to restaurants and bars.\u201d\n\n\u201cSo it doesn\u2019t mean it can\u2019t happen here, but I think we have to understand the vast, vast majority of infections are occurring in people\u2019s homes, particularly if you have people getting together,\u201d he surmised. \u201cSo closing a restaurant for indoor dining is going to lead to more people doing that in private homes, anyway.\u201d\n\nDeSantis then championed the rights of citizens to make their own, best-informed decisions: \u201cBut here\u2019s the thing: even if you think that it\u2019s more than 1.4%, the appropriate response to that is to inform people about situations where you may have a higher risk, not to shut down. Let individuals make decisions about what they\u2019re comfortable doing. I can tell you, we\u2019ve worked with these folks across Florida, and I know Okeechobee\u2019s no different: they put every effort to creating a safe environment and a healthy environment. They\u2019re not going to get customers unless they do that, and I know that that\u2019s what they\u2019ve done here at Okeechobee Steakhouse.\u201d\n\nHe concluded, \u201cAnd so we\u2019re coming up on Christmas; it\u2019s an important time of year for a lot of people, and we just want to let people know that if you\u2019re somebody who\u2019s been working hard, you\u2019re a worker in one of these industries, we\u2019re standing with you 100%. We know what you\u2019ve done; we know what you\u2019ve sacrificed, but we also know how much these jobs mean to you and how much these industries mean to the state of Florida.\u201d"
        },
        {
            "id": "fd3babd56357ecc8",
            "title": "Ocasio-Cortez: Impeaching Trump 'is about preventing a potentially disastrous outcome' in 2020",
            "content": "Democratic Rep. Alexandria Ocasio-Cortez admitted that the Democrats' efforts to investigate President Trump are, in part, meant to prevent him from winning reelection in November 2020.\n\nThe freshman New York congresswoman made the admission in an interview on CNN Wednesday evening, hours after the House had its first public hearing in the impeachment investigation into Trump's foreign policy decisions regarding Ukraine.\n\n\"I think many of those considerations will be taken up by the Judiciary Committee when all of this evidence is brought forth,\" Ocasio-Cortez stated. \"We\u2019ll see. I personally do believe that the president has engaged in flagrant violations of the emoluments clause. I'm concerned that we would allow this corruption to continue. But at the end of the day, we have to be able to come together as a caucus, and if it is this Ukrainian allegation that is what brings the caucus together, then I think we have to run with however we unify the House.\"\n\nOcasio-Cortez has called for the president's impeachment since before her inauguration."
        },
        {
            "id": "540fc5d8a662d36e",
            "title": "Cuomo Victim-Blames On COVID: \u2018If You Didn\u2019t Eat The Cheesecake, You Wouldn\u2019t Have A Weight Problem\u2019",
            "content": "Speaking at a news conference on Wednesday, New York Governor Andrew Cuomo (D) seemingly blamed victims of COVID-19 for their illness, stating, \u201cIf you socially distanced and you wore a mask and you were smart, none of this would be a problem. It\u2019s all self-imposed. It\u2019s all self-imposed. If you didn\u2019t eat the cheesecake, you wouldn\u2019t have a weight problem.\u201d\n\n\u201cThe good news is micro clusters work. Following the rules work,\u201d said the Democratic governor. \u201cBroome County was a yellow and an orange. Broome County was a yellow zone. It\u2019s now under control and is back to normal. Orange County was a yellow zone. A little confusing. It is now back to normal. Brooklyn was an orange zone, is being dropped to a yellow zone. So, the restrictions work and just to make it very simple, if you socially distanced and you wore a mask and you were smart, none of this would be a problem. It\u2019s all self-imposed. It\u2019s all self-imposed. If you didn\u2019t eat the cheesecake, you wouldn\u2019t have a weight problem. It\u2019s all self-imposed.\u201d\n\nThe comment was met with blowback, including from HotAir\u2018s Allahpundit, who slammed Cuomo for being \u201cunbelievably tone deaf on a day when an egregious hardship is being imposed \u2014 again \u2014 on New Yorkers with little justification,\u201d a reference to New York City shutting down schools again based on a far lower positivity threshold than in other states.\n\nPrior to Cuomo\u2019s \u201ccheesecake\u201d remarks, he bragged, \u201cNew Yorkers have done a phenomenal job and New Yorkers deserve credit because they have done a phenomenal job. And I know you guys don\u2019t write the right context. That\u2019s where we are 2.8, which is great news relative to everyone else. Look at the highest percentages. South Dakota, 56. Iowa, 51. Kansas, 43.\u201d\n\nAmid the skyrocketing popularity of South Dakota\u2019s GOP governor Kristi Noem, an ardent foe of lockdowns, Cuomo continued his attack on South Dakota, snapping, \u201cThat\u2019s why you get the big bucks at the New York Times. 46%. We\u2019re at 2.8. By the way, where were we? 46. But now look at South Dakota and Iowa. You\u2019re at 56? You\u2019re at 51?\u201d He mocked, \u201cYou\u2019re higher than New York was when it was ambushed eight months ago. How can that possibly be?\u201d\n\nLater in the press conference, a reporter informed Cuomo that his figures were incorrect, saying, \u201cJohns Hopkins has said that those numbers aren\u2019t completely up to date and may differ from the states levels because they\u2019re still trying to prep this formula.\u201d When Cuomo asked, \u201cWhat does that mean,\u201d the reporter continued, \u201cThose numbers don\u2019t match the positivity ratings in states like South Dakota, for example. They do not have 56% of tests coming up positive.\u201d\n\n\n\nAs Fox News has noted, over 6,200 elderly residents may have died from COVID-19 in New York nursing homes, according to state health department statistics. On March 25, the New York Department of Health issued an advisory that stated nursing homes had to accept residents returning from hospitals whether or not they had a diagnosis of COVID-19.\n\n\n\nIn September, Noem issued a tweet showing herself shooting, along with a succinct comment: \u201cThis is how we do social distancing in South Dakota.\u201d\n\nIn April, Noem appeared on the \u201cThe Ingraham Angle,\u201d where she stated: \u201cI had a real honest conversation with the people in our state. I told them I took an oath to uphold the Constitution of our state, of South Dakota. I took an oath when I was in Congress obviously to uphold the Constitution of the United States. I believe in our freedoms and liberties. What I\u2019ve seen across the country is so many people give up their liberties for just a little bit of security and they don\u2019t have to do that.\u201d\n\n\u201cIf a leader will take too much power in a time of crisis, that is how we lose our country,\u201d said Noem. \u201cSo, I felt like I\u2019ve had to use every single opportunity to talk about why we slow things down, we make decisions based on science and facts, and make sure that we are not letting emotion grab ahold of the situation.\u201d"
        },
        {
            "id": "e33fd2d7f8abc7fe",
            "title": "UPDATED: Watch Jared Polis Get Confronted Over Police Report That Says He Pushed Female Employee",
            "content": "Jared Polis, the Democratic nominee for governor in Colorado, was involved in a physical altercation with an ex-employee in which he admitted to police he pushed the woman, according to a police report obtained by the Washington Free Beacon.\n\nThe incident dates back to June of 1999 and took place at an office Polis had in Boulder for a company called JPS International LLC.\n\nPolis told the officers who arrived at the business that a woman he was employing, Patricia Hughes, had given her resignation a few days earlier, but called him on the day in question saying she had information to \"go after\" him if her exit from the company did not go smoothly.\n\nPolis\u2014at the time still legally named Jared Polis Schutz\u2014told Hughes not to take any sensitive documents, and quickly drove to the office.\n\n\"After hanging up with the dispatcher, Ms. Hughes attempted to leave the office. Mr. Schutz physically blocked the door to prevent her from leaving. She moved toward him again, this time hitting him with one of her bags. Mr. Schutz then put both of his hands on her shoulders and pushed her back to prevent her from leaving,\" according to the report filed by the officer who interviewed Polis.\n\nPolis's account of the extent of the physical contact differs from what Hughes told a different officer who interviewed her.\n\n\"Hughes then tried to leave and Schutz did not let her leave. Hughes said that he grabbed her and pushed her back into the office. Hughes said that when Schutz pushed her she was pushed back into a file cabinet, hurting her leg. Hughes said that she then said that she was going to call 911 and went to the phone. Hughes said that she tried calling 911 three times and twice Schutz hung the phone up. The third time Hughes got through,\" according to Hughes's interview with police."
        },
        {
            "id": "26b9e80fea8c3025",
            "title": "Did Rhode Island Dem Gov Gina Raimondo Flush $1 Million \u201cDown The Toilet\u201d With Failed Ad Spending?",
            "content": "Per The RGA:\n\nAfter over $1 million in campaign ad spending that failed to improve her image among Rhode Island voters, Democrat Governor Gina Raimondo faces growing doubts about her ability to win re-election in November. With the latest WPRI-TV/Roger Williams University survey showing Raimondo still locked in a dead heat with one GOP challenger while her approval rating remains well below 50 percent, WPRI-TV\u2019s panel of Rhode Island political experts noted this weekend that the poll may be proof that Raimondo \u201cflushed $1 million down the toilet\u201d with her failed ad spending:\n\n"
        }
    ],
    "label": 1,
    "label_text": "mixed"
}