{
    "source": "freep.com",
    "articles": [
        {
            "id": "4b1a798166108c70",
            "title": "Sixers clinch No. 1 seed in Eastern Conference with rout of Magic",
            "content": "Sixers clinch No. 1 seed in Eastern Conference with rout of Magic\n\nShow Caption Hide Caption What will it take to stop Joel Embiid? SportsPulse: Joel Embiid has been dominant during a career year. The NBA Roundtable discusses how Eastern Conference teams can try to contain the Philadelphia 76ers star. SportsPulse, USA TODAY\n\nPHILADELPHIA \u2014 Joel Embiid and the Philadelphia 76ers are happy to have earned home-court advantage for the playoffs \u2014 but they are a long way from their goal.\n\nSeth Curry scored 20 points, Embiid had 13 points and 11 rebounds and Philadelphia clinched the top seed in the Eastern Conference with a 122-97 victory over the Orlando Magic on Friday night.\n\nBen Simmons added 13 points and nine assists to help the 76ers improve to 48-23. Philadelphia could\u2019ve clinched earlier this week, but lost at Indiana on Tuesday and at Miami on Thursday. Embiid didn\u2019t play against the Pacers due to illness and logged just 25 minutes against the Heat while still looking sluggish.\n\nNBA ESSENTIALS: SCORES | SCHEDULE | STANDINGS\n\nBut he was more engaged in the second quarter against the undermanned Magic, helping Philadelphia outscore Orlando 39-19 in the period to take firm control. Embiid showed the edge that has made him arguably Philadelphia\u2019s most-loved athlete when he picked up a technical for a confrontation with Shane Bacon with 3:16 left in the period.\n\n\"I\u2019m happy about what we accomplished, but we have a long way to go,\" Embiid said. \"Now\u2019s the time to lock in and go get the whole thing.\"\n\nPhiladelphia fans reigned down \"M-V-P!\" \"M-V-P!\" chants on Embiid in the first half. And those cheers will get even louder in the postseason, as the city announced this week that the 76ers\u2019 home arena can have 50 percent capacity when the playoffs begin. That will mean about 10,000 fans can be in attendance, or about double the current allowance.\n\nThe 76ers improved to 28-7 at home.\n\n\"Home-court advantage helps a lot,\" Embiid said. \"We\u2019ve been dominant at home; we barely lose here. It means a lot to have the No. 1 seed.\"\n\nEmbiid, Simmons and the rest of Philadelphia\u2019s starters relaxed on the bench in the fourth quarter with the 76ers up big.\n\n\"I told our guys to enjoy the second,\" coach Doc Rivers said. \"It\u2019s not what we want, but it\u2019s part of what you can get on your way to what you want.\"\n\nIgnas Brazdeikis scored 21 points for the Magic. They have lost six straight.\n\n\"They\u2019re great, they\u2019re an elite team, championship level, ton of talent,\" Magic coach Steve Clifford said. \"That game was important to them. The second quarter when they really turned up the defense, it was a struggle.\"\n\nThe 76ers last took the top seed in 2001 when Allen Iverson won the MVP, Larry Brown the Coach of the Year and Aaron McKie the Sixth Man award. That team reached the NBA finals before losing to Kobe Bryant, Shaquille O\u2019Neal and the Los Angeles Lakers in five games.\n\nPhiladelphia has made the playoffs 10 times since, but hasn\u2019t gotten close to the finals. The club started from scratch under former general manager Sam Hinkie, famously rebuilding beginning in 2013-14. The 76ers won just 47 games over the first three seasons of \"The Process\" before using high draft picks on Simmons and Embiid helped turn things around.\n\nThey will enter the playoffs for the fourth straight season, but the hope of a Process-produced championship has remained elusive. Philadelphia hasn\u2019t even reached the conference finals during the recent stretch, and last year\u2019s first-round playoff exit cost former coach Brett Brown his job.\n\nNow, Rivers and GM Daryl Morey, Hinkie\u2019s ex-boss in Houston, will try to help bring Philadelphia its first championship since 1983. The 76ers will begin that quest on May 22 and have home-court advantage as long as they stay alive in the East. They\u2019ll start with a series against the No. 8 seed, which will come by way of a play-in tourney between the No. 9 and 10 seeds.\n\nWhy we can't assume the Nets will win the East SportsPulse: The Brooklyn Nets might have the most talent in the Eastern Conference, but should they be the favorites to make the NBA Finals? The NBA Roundtable breaks down the three-team race in the East. SportsPulse, USA TODAY\n\n\"We did it as a group, felt like everybody contributed,\" Embiid said. \"Great coaching staff, great front office, the group we\u2019ve had this year has been exceptional. As good as we were in the regular season, I think we\u2019re going to be even better in the playoffs.\"\n\nSHOT-CLOCK MALFUNCTION: The shot clock didn\u2019t work at the start of the second half. The public-address announcer called out when there were 15 seconds and then 10 seconds remaining before counting down the last five seconds.\n\nTIP-INS: Magic \u2014 Mo Bamba returned after missing the last two games due to illness. \u2026 Fell to 10-25 on the road. \u2026 Were without Michael Carter-Williams (sprained left ankle), James Ennis III (sore right calf), Markelle Fultz (torn ACL left knee), Jonathan Isaac (left knee rehab), Chuma Okeke (sprained left ankle), Otto Porter Jr. (left foot pain) and Terrence Ross (back spasms).\n\nSixers \u2014 Matisse Thybulle (swelling left hand) missed his third straight contest. \u2026 Backup center Dwight Howard served a one-game suspension for picking up his 16th technical of the season on Thursday against the Heat.\n\nUP NEXT: The teams wrap up the regular season in a rematch on Sunday night in Philadelphia."
        },
        {
            "id": "70cfa7e8f0b33788",
            "title": "Beating the coronavirus didn\u2019t spare him from possible \u2018COVID psychosis.\u2019 His wife warns it\u2019s not as rare as people think.",
            "content": "If you or someone you know may be struggling with suicidal thoughts, you can call the U.S. National Suicide Prevention Lifeline at 800-273-TALK (8255) any time day or night or chat online.\n\nBen Price always was the biggest presence in any room. Loud and funny, his smile was captivating, said his wife, Jennifer.\n\nThe couple owned a small business and two farms in an Illinois suburb west of Chicago, where they lived with their two teenage children. She said her husband was the hardest working man she had ever met.\n\n\u201cHe was the epitome of unconditional love and loved his kids with all his heart,\" she said.\n\nPrice tells herself it wasn\u2019t her husband who died by suicide on one of their farms the morning of Feb. 28. She said she believes he was taken over by what some health care professionals call \u201cCOVID psychosis.\u201d The thought keeps the grief from swallowing her whole.\n\n\u201cIt was shocking and devastating and so completely out of his character,\u201d she said.\n\nTweet Facebook Email Email this story Share Share this story Jennifer Price It was shocking and devastating and so completely out of his character. Quote icon\n\nNeurological and psychiatric experts see more reports of COVID-19 sufferers developing psychotic symptoms, even when they have no history of mental illness. Though rare, the condition can be severe enough to require hospitalization.\n\nSymptoms may include hallucinations, unusual agitation, restlessness, preoccupation, paranoid beliefs, decreased need for sleep and impulsive behavior, said Dr. Jonathan Alpert, a professor of psychiatry, neuroscience and pediatrics at Montefiore Medical Center and Albert Einstein College of Medicine in New York City.\n\nAlpert did not treat Ben Price, who was never officially diagnosed with a COVID-19-related neurological condition before his death. But he recognizes the signs and urges people to seek immediate medical attention if they think someone is beginning to show symptoms of COVID-19 psychosis.\n\n\u201cWhen people are psychotic, they aren\u2019t in touch with reality and may do things that harm themselves and other things that are very dangerous,\u201d he said. \u201cIt looks like COVID-19 has a somewhat higher risk of causing it than other viral infections that we\u2019ve seen.\u201d\n\nPrice, 48, came down with COVID-19 two weeks before his death. When his oxygen levels were low, he was taken to a hospital and received treatments including steroids, antiviral medication and an antibody infusion, his wife said.\n\nBen Price, 48, after coming home from the hospital with his son Jett Price, 17. Jennifer Price\n\nThe COVID-19 unit was anxiety-inducing, Jennifer Price said, but her husband didn't show signs of psychosis until he was home from the hospital. His anxiousness and paranoia skyrocketed, she said, and he became obsessed with working on the farm even though in February, there was no work to be done.\n\nHe went from being boisterous and animated to subdued and \u201cchild-like.\u201d After days of trying alone to help him, Price took him to a primary care doctor who prescribed him anxiety medication.\n\n\u201cIt just wasn\u2019t working. He was pacing and upset and worried,\u201d Price said. \u201cI was watching my daughter watch him and being worried \u2026 she saw it was not her dad.\u201d\n\nAlthough data is scarce, experts said \u201cCOVID psychosis\u201d may be caused by brain inflammation triggered by the body\u2019s immune response to the virus, Alpert said. Other contributing factors may include the side effects of high-dose steroids, low oxygen levels or the emotional trauma of being severely ill. Some COVID-19 patients suffer from small strokes that could lead to psychiatric disorders, he said.\n\nA first episode of psychosis normally occurs in late adolescence or early adulthood, Alpert said. However, a study he co-wrote in November featured a 49-year-old man and 34-year-old woman who had COVID-19 and no history of mental illness.\n\nAfter going public with her story, Price said she's heard from dozens of families who fear their loved ones were or are suffering from the same condition.\n\nTweet Facebook Email Email this story Share Share this story Jennifer Price You can\u2019t imagine the stories, the devastation and the things that people are doing out of character \u2013 thriving wonderful people with zero prior (mental health) history. It\u2019s happening more than we realize. Quote icon\n\n\u201cYou can\u2019t imagine the stories, the devastation and the things that people are doing out of character \u2013 thriving, wonderful people with zero prior (mental health) history,\u201d she said. \u201cIt\u2019s happening more than we realize.\u201d\n\nA study involving more than 230,000 COVID-19 survivors, which was published April 6 in The Lancet Psychiatry, found .4%, or nearly 1,000, had developed a psychotic disorder.\n\n\u201cThere\u2019s probably over 50-plus individual case reports where people are describing very specific instances of psychosis in the setting of someone having COVID-19,\u201d said Colin Smith, a resident physician in internal medicine-psychiatry at Duke Medical Center, who co-wrote a case report studying COVID-19 psychosis.\n\nBen Price, 48 Jennifer Price\n\nPatients with temporary or permanent psychosis are at an increased risk of suicidality, said Dr. Mason Chacko, clinical assistant professor of psychiatry at Stony Brook University Hospital, who wrote a case report that detailed a patient who developed COVID-19-associated psychosis and died by suicide.\n\n\u201cDepression psychosis, being internally preoccupied or hearing voices or thoughts of self-harm could be triggers as well,\u201d he said.\n\nIf she had known about COVID-19-induced psychosis, Jennifer Price said, she would have been better prepared to help her husband. That\u2019s why she\u2019s petitioning for the Biden administration to add a neurology expert to the White House Coronavirus Task Force.\n\nAlpert agrees more focus should be placed on the possible mental health and neurological outcomes of COVID-19.\n\n\u201cSociety itself, whether people have COVID or not, are experiencing significant mental health impacts,\u201d he said. \u201cAny COVID task force that doesn\u2019t have mental health or neurological expertise on it is not really a full task force.\u201d\n\nThe medical community is just learning about the possible psychotic manifestations associated with COVID-19 recovery, Alpert said, which is why it\u2019s important for doctors to screen for psychiatric distress.\n\nPrice has been successful in her own state, convincing Illinois Gov. J.B. Pritzker to add neurology experts to the Illinois COVID Task Force. She's been in touch with Eduardo Cisneros, intergovernmental affairs director for the COVID-19 Response Team at the White House.\n\nShe hopes a mental health question can be added to the Centers for Disease Control and Prevention's V-safe survey, a smartphone-based tool that uses text messaging to provide personalized health check-ins after people receive a COVID-19 vaccine.\n\n\u201cSharing my story is one thing, but really, what is important is action,\u201d Price said. \u201cMy Ben has his hand on my back, and he\u2019s with me every step of the way.\u201d\n\nPhoto collage of Ben Price, 48, and wife Jennifer Price, 45. Jennifer Price\n\nMental health resources\n\nFor pandemic-specific mental health resources, head to covidmentalhealthsupport.org.\n\nCrisis Text Line provides free, 24/7, confidential support via text message to people in crisis when they dial 741741.\n\nFollow Adrianna Rodriguez on Twitter: @AdriannaUSAT.\n\nHealth and patient safety coverage at USA TODAY is made possible in part by a grant from the Masimo Foundation for Ethics, Innovation and Competition in Healthcare. The Masimo Foundation does not provide editorial input."
        },
        {
            "id": "b5791ed1a5d433bb",
            "title": "NFL schedule release winners, losers: Who got toughest breaks on 2021 slate?",
            "content": "NFL schedule release winners, losers: Who got toughest breaks on 2021 slate?\n\nShow Caption Hide Caption NFL schedule overreactions: Tom Brady's return to New England will be tense SportsPulse: We now know the 'when'. Mackenzie Salmon overreacts to the biggest storylines from the NFL's schedule release. USA TODAY\n\nYou have to admire the NFL's ability to turn occurrences once regarded as mundane into annual events.\n\nIt now seems as if the league's schedule release is morphing into a de facto offseason capstone. Simply unveiling the dates when all 32 teams play their lineup of opponents \u2013 the matchups themselves are fully determined by the end of the preceding regular season \u2013 now necessitates three-hour reveal specials on both NFL Network and ESPN ... and has even partially bled into the morning news shows of the league's broadcast partners. (The envy the other major pro sports must feel, given they can't even get you to pay attention to their drafts, the NBA's lottery notwithstanding.)\n\nAdding to this year's, uh, pomp and circumstance is the fact that the NFL is calling its 2021 campaign the \"Biggest Season Ever\" \u2013 which is literally true with each club playing 17 regular-season games for the first time as the league rolls out its initial 272-game docket.\n\nSo, without further ado, let's get to the fallout:\n\nWINNERS\n\nAaron Rodgers: Presumably, the reigning league MVP will remain with the Green Bay Packers \u2013 whatever his current misgivings are \u2013 and square off with the two previous Most Valuable Players, the Ravens' Lamar Jackson (2019) and Chiefs' Patrick Mahomes (2018), for the first time. The Pack are also scheduled for five prime-time dates and a Christmas showcase. Nice opportunities, should Rodgers need them, to prove he's worthy of an extension that keeps him a Cheesehead indefinitely and maybe approaches Mahomes' annual cheddar. However if Rodgers doesn't return to Wisconsin and convinces the Pack to trade him, then his new team will instantly become must-see TV.\n\nTom Brady fans: His highly anticipated return to New England occurs Oct. 3 (Week 4) on \"Sunday Night Football.\" Hard to imagine the seven-time Super Bowl champ and leader of the Bucs won't get a warm reception from the Foxborough faithful. Tampa Bay will also have four additional prime-time games, including the Week 1 Thursday night kickoff against Dallas, before what appears like a nice home stretch with the Panthers (twice) and Jets from Weeks 16 through 18, all 1 p.m. ET games. Nice setup as the Buccaneers aim for the first Super Bowl repeat in 17 years.\n\nVengeance: In addition to the Bill Belichick-Brady reunion, Panthers QB Sam Darnold, Cardinals WR DeAndre Hopkins, Lions QB Jared Goff and Patriots QB Cam Newton are among the players afforded opportunities to stick it to their former clubs.\n\nLas Vegas: The Raiders' Allegiant Stadium earns the Monday night platform to conclude Week 1, which \u2013 barring a COVID-19 resurgence \u2013 will be the first time the \"Death Star\" hosts Silver And Black fans for a regular-season contest. Sin City is also scheduled to be the site of the 2022 Pro Bowl.\n\nLos Angeles: SoFi Stadium, home of the LA Chargers and Rams, will also welcome fans for a regular-season game day for the first time. The Rams will host the Chicago Bears for the first Sunday night game of 2021, and the Chargers will face the Cowboys \u2013 Dallas broke in an empty SoFi against the Rams in the 2020 opener \u2013 at home in Week 2. Arguably now the league's crown jewel facility, SoFi Stadium will also serve as the stage for Super Bowl 56 to conclude the 2021 season on Feb. 13, 2022.\n\nLondon: After COVID-19 scrapped the International Series in 2020, the United Kingdom will get two games in 2021 \u2013 theoretically featuring young stars like Trevor Lawrence, Zach Wilson, Kyle Pitts and Tua Tagovailoa. The Jets and Falcons will meet Oct. 10 followed by Dolphins-Jaguars the following Sunday, both tilts occurring at Tottenham Hotspur Stadium with kickoffs at 2:30 p.m. local time (9.30 a.m. ET).\n\nBrowns: Remember when Cleveland was the overhyped darling of 2019, getting three prime-time dates in the first five weeks ... on the way to a 6-10 season? Well, the Dawg Pound has a legit Super Bowl threat on its hands now, but you won't see much of them for a while, as the Browns only get one national game in the first 11 weeks, with two scheduled thereafter. Reverse psychology, anyone?\n\nParity: It's the hallmark of the NFL, which is designed to make every team 8-8 ... or is it 9-8? Or is it 8-9? Anyway, up until now, every team within a division shared a schedule that was identical aside from two games. That number now grows to three \u2013 the 17th games are interconference matchups pairing teams that, for example, both finished in second place. What does it mean? In theory, the standings should get even tighter as strong teams beat each other up while weak teams get relatively meeker opponents.\n\nDak Prescott: The Dallas Cowboys quarterback already padded his bank account and should be fully recovered from his fractured ankle in time for the league's marquee kickoff against Brady and the Buccaneers on Sept. 9. Golden opportunity for Prescott and Co. to make a statement as underdogs.\n\nPreseason: Tough break for fringe players trying to make a roster, but \u2013 for the rest of us, especially fans paying for season-ticket packages \u2013 less is more with the new three-game exhibition slate.\n\nWFT's fate: Despite going 7-9, Washington won the NFC East in 2020 and has quite the opportunity to control the narrative in 2021. The Football Team's final five games are against division opponents, the first time any team has closed with such a stretch since the NFL expanded to 32 teams and the eight-division format in 2002.\n\nAFC: As the league schedules an odd number of games per team for the first time in the Super Bowl era, teams in the American Football Conference will benefit with the extra home game in 2021, which will be an interconference game.\n\nLOSERS\n\nNFC: Not only do National Football Conference teams have to play the additional road game, their Super Bowl 56 representative won't even be the \"home\" team \u2013 which, granted, really only means the winners of the George Halas Trophy don't get to select their jersey color for the big game.\n\nCBS: The owner of the television package built around the (generally) smaller market AFC, it will lose out on the premium extra games because Fox typically gets to broadcast road games featuring NFC teams \u2013 including Packers at Chiefs, Buccaneers at Colts and Rams at Ravens. CBS did score Cowboys at Patriots in a cross-flex win.\n\n.500: We'll miss ya, mediocrity. Until somebody goes 8-8-1, the 2020 Chicago Bears will serve as the last great break-even team \u2013 parlaying their 8-8 record into the NFC's first-ever No. 7 seed, which was a tiebreaker superior to the otherwise equally 8-8 (and more exciting to watch) Arizona Cardinals. But, hey, some will doubtless also enjoy divvying up the league simply into winning clubs and losing ones.\n\nSymmetry: Along with the loss of .500 is the simple departure of what seemed like the perfect schedule \u2013 a 16-game lineup (in effect since 1978) with a typical week featuring 16 contests. That outgoing 256-game schedule a perfect square, just as 16 is. Get used to wrapping your mind around 4-13 records and Week 18 playoff implications.\n\nRecords: A 17th game will add a figurative asterisk once someone breaks Eric Dickerson's single-season rushing mark, or compiles 2,000 receiving yards for the first time or reaches 60 TD passes.\n\nJimmy Garoppolo: The man who helped lead the San Francisco 49ers to Super Bowl 54 remains penciled in as their 2021 starter despite the arrival of No. 3 overall draft pick Trey Lance. But the Niners begin with two road games in the Eastern time zone, followed by home dates with the Packers and Seahawks. Week 5 means a trip to see J.J. Watt and the Cardinals before an early Week 6 bye. Feel like Jimmy G got set up?\n\nJets-Jaguars: The top picks of the 2021 NFL draft, Jacksonville QB Trevor Lawrence and New York QB Zach Wilson, respectively, aren't scheduled to meet until Week 16 for a 1 p.m. ET kickoff. (If both start, it would be the fourth time rookie QBs picked first and second overall matched up as rookies and first since Jameis Winston and Marcus Mariota locked horns in 2015.) But wouldn't this have been a great candidate for, say, a Week 3 Thursday night game \u2013 you'll get Panthers at Texans instead (retch) \u2013 when two promising young teams and passers could play a relevant game in front of a national audience?\n\nJets-Panthers: Meanwhile, Wilson has to likely make his pro debut against Carolina and his predecessor, Darnold, in what will surely be an insta-referendum matchup in The Big Apple? Did the NFL possibly transpose the Jets' feline matchups when putting its matrix together?\n\nNFC West jet lag: Of the division's four teams, all but the Cardinals will be forced to travel at least 25,000 miles this season. The Chargers and Jaguars are the only other clubs that will rack up that many frequent flier miles in 2021.\n\nFamilies of Saints players: For the fourth year in a row, New Orleans winds up in a game on Thanksgiving or Christmas. This year, it's a \"Turkey Day\" night game when Buffalo comes to The Big Easy.\n\nJustin Fields: Coming off that unremarkable .500 season, the Bears' ballyhooed rookie will first face pressure to unseat veteran Andy Dalton for QB1 status. And if Fields earns the starting gig coming out of preseason, he'll be featured in five national games (including Thanksgiving at Detroit), four of them on the road. No pressure, kid.\n\nBills Mafia: Forced to stay home amid the pandemic for most of 2020 as Buffalo dethroned New England for the AFC East throne, the Orchard Park faithful are only scheduled to get one home prime-time game in 2021 \u2013 though it is a visit from the Patriots on \"MNF\" in Week 13. Furthermore, local boy made good Rob Gronkowski won't be coming home this year, either, the Bills hitting the road to face the champion Buccaneers in Week 14.\n\nBen Roethlisberger: If this does turn out to be the Steelers quarterback's final season in Pittsburgh, the NFL gave Big Ben a gauntlet of a going-away gift. Once the calendar hits December, the reigning AFC North champs will have to close with two games against the hated Ravens, a Thursday night game in Minnesota, while the Titans, Chiefs and Browns round out this murder's row.\n\n\"MNF\" twinbill: Perhaps there is such a thing as football overkill? The league has gone back to just one \"Monday Night Football\" contest in Week 1 for the first time since 2005. So if you loved staying up until 1:30 a.m. ET Tuesday morning to get resolution to your fantasy matchup \u2013 while listening to ESPN's B Team call the game \u2013 sorry ...\n\nRussell Wilson: The Seahawks quarterback infamously declared after last season that \"I\u2019m frustrated at getting hit too much.\" In addition to this season's double dates with the Rams' Aaron Donald and Leonard Floyd, Cardinals' J.J. Watt and Chandler Jones and 49ers' Nick Bosa, Wilson will also face the Colts' DeForest Buckner, Titans' Bud Dupree, Steelers' T.J. Watt, Saints' Cameron Jordan, Washington's Chase Young and Bears' Khalil Mack. Hope that acquisition of G Gabe Jackson fixes everything in Seattle ...\n\nPlayers: Let's hope the added revenue a 17-game season will ultimately afford makes the increased wear and tear on their bodies worth it.\n\n***\n\nFollow USA TODAY Sports' Nate Davis on Twitter @ByNateDavis."
        },
        {
            "id": "4e4ba4e10b7614b0",
            "title": "Updated 2021 Super Bowl LV odds",
            "content": "Updated 2021 Super Bowl LV odds\n\nThe 2020 NFL season kicks off in a little more than a month and all teams have their eyes on the prize - winning Super Bowl LV. Which teams stand out better than others? Which teams are on the outside looking in? Here we look at the updated 2021 Super Bowl LV betting odds and who the oddsmakers at BetMGM Sportsbook predict to have a successful season.\n\nAre you new to the world of sports betting? A futures wager is a bet on an event much further down the road, meaning your money will be tied up (sometimes, for months) until the event concludes. However, if you bet on the right team, a large ROI is in store. For example, the New Orleans Saints at +1200 would return a profit of $1,200 for every $100 you wager should you bet on them to win Super Bowl LV and they, ultimately, go on to do just that.\n\nThe longer you wait to place a futures bet, the shorter the odds will typically become for the teams that live up to expectations. If the Saints go onto have a solid start to the season, the odds could dip closer to even money. Like everything in life, timing is everything\u2026\n\nUpdated Super Bowl LV Odds\n\nBaltimore Ravens +650 (unchanged)\n\nKansas City Chiefs +650 (unchanged)\n\nSan Francisco 49ers +800 (unchanged)\n\nNew Orleans Saints +1200 (unchanged)\n\nTampa Bay Buccaneers +1400 (unchanged)\n\nDallas Cowboys +1800 (unchanged)\n\nNew England Patriots +1800 (unchanged)\n\nSeattle Seahawks +1800 (unchanged)\n\nLooking to place a bet on next year's Big Game? Place your legal sports wagers online in CO, IN, NJ and WV at BetMGM. Bet now!\n\nIndianapolis Colts +2000 (unchanged)\n\nPhiladelphia Eagles +2000 (unchanged)\n\nMinnesota Vikings +2200 (unchanged)\n\nGreen Bay Packers +2500 (unchanged)\n\nPittsburgh Steelers +2500 (unchanged)\n\nBuffalo Bills +3000 (unchanged)\n\nLos Angeles Chargers +3000 (unchanged)\n\nArizona Cardinals +4000 (unchanged)\n\nCleveland Browns +4000 (unchanged)\n\nLos Angeles Rams +4000 (unchanged)\n\nTennessee Titans +4000 (unchanged)\n\nAtlanta Falcons +5000 (unchanged)\n\nChicago Bears +5000 (unchanged)\n\nDenver Broncos +5000 (unchanged)\n\nHouston Texans +6500 (unchanged)\n\nDetroit Lions +8000 (unchanged)\n\nLas Vegas Raiders +8000 (unchanged)\n\nNew York Jets +8000 (unchanged)\n\nCarolina Panthers +10000 (unchanged)\n\nCincinnati Bengals +10000 (unchanged)\n\nMiami Dolphins +10000 (unchanged)\n\nNew York Giants +10000 (unchanged)\n\nJacksonville Jaguars +15000 (unchanged)\n\nWashington Football Team +15000 (unchanged)\n\nAlso see:\n\nWhen is Super Bowl LV?\n\nSuper Bowl LV is scheduled for Sunday, Feb. 7, 2021, at Raymond James Stadium in Tampa, Fla. The game will be televised by CBS and called by Jim Nantz and Tony Romo.\n\nWant action on any NFL futures? Sign up and bet at BetMGM online in CO, IN, NJ and WV. For more sports betting picks and tips, visit SportsbookWire.com.\n\nFollow SportsbookWire on Twitter and Like us on Facebook.\n\nGannett may earn revenue from audience referrals to betting services. Newsrooms are independent of this relationship and there is no influence on news coverage.\n\nMORE:\n\nThis new video of Patrick Mahomes calling his shot on pivotal Super Bowl play is so fascinating\n\nThe NFL 'Bad Lip Reading' video is back and it's better than ever\n\nXFL rules: Explaining all the rule differences between the XFL and NFL\n\nXFL Week 1 schedule: Start times, TV channels, how to stream\n\n'The Masked Singer' is barely trying to hide Rob Gronkowski"
        },
        {
            "id": "05aed67ecef448b4",
            "title": "US hits record for transgender killings. Puerto Rico is the epicenter of the violence",
            "content": "She was an amazing dancer.\n\nThat\u2019s what Kimberly Vasquez Arciliares remembers most about Pen\u00e9lope D\u00edaz Ram\u00edrez, with whom she often shared the drag stage in San Juan. After shows, the two would hit the clubs and chatter about life, comparing the clinics they\u2019d visit for hormone treatments as transgender women in Puerto Rico.\n\n\u201cShe was an excellent drag queen, and an amazing lip-syncer and choreographer, too,\u201d Vasquez said. \u201cShe was in the process of transitioning, and trying to live her true life as a female.\u201d\n\nOn April 13, 2020, Diaz was found beaten and hanged at a men\u2019s correctional facility to which she\u2019d been wrongfully assigned in Bayamon, becoming the ninth of what would be 44 transgender killings in the USA and its territories last year. It was the country\u2019s deadliest year on record.\n\nNowhere has the crisis been more pronounced than in Puerto Rico, where 12 transgender victims, most of them women, were killed in a two-year span. The violence comes amid a shifting national debate on transgender rights and moves by the territory to deal with its long history of brutality against women.\n\nPuerto Rico\u2019s transgender community and its allies blame the killings on a mix of religious fundamentalism, transphobia, indifference from authorities and lingering economic effects of the COVID-19 pandemic and Hurricane Maria.\n\n\u201cThe transgender community is the most discriminated within the LGBT community, and Puerto Rico is no exception,\u201d said Carmen Yul\u00edn Cruz Soto, San Juan\u2019s mayor from 2013 until last year. \u201cThere\u2019s still a lot of conservative, religiously motivated thought. Legislators are too concerned about people\u2019s sex lives, when they should be concerned about protecting people\u2019s rights to live their lives the way they want.\u201d\n\nActivists said action is urgently needed. Transgender killings in the USA are on rapid pace to exceed last year\u2019s record violence. There have been 20 cases \u2013 most recently the death of Keri Washington, 49, who was found dead May 1 in Clearwater, Florida.\n\nPresident Joe Biden has taken steps to ensure federal protections for transgender rights and reassure the LGBTQ community that he is on their side. In his address April 28 to Congress, he called on lawmakers to pass the Equality Act, which seeks to ban discrimination based on sex, sexual orientation and gender identity. GOP lawmakers in dozens of states are pushing bans on transgender rights.\n\n'Your President has your back': President Biden addresses transgender Americans President Joe Biden urged Congress to pass the Equality Act to protect transgender Americans' rights. Associated Press, USA TODAY\n\nPuerto Rico accounted for six of last year's 44 transgender killings. The victims ranged in age from 19 to 33. Most were shot multiple times. Two were burned in a car. One was stalked and killed on her birthday, the incident coldly documented on social media.\n\nOnly one case produced arrests, and it was handled not by Puerto Rican police but by the U.S. Department of Justice, which is prosecuting it under federal hate crime charges.\n\nPolice, activists said, don\u2019t treat such crimes seriously, consistently misgendering victims of violence, failing to collect data about anti-LGBTQ offenses and rarely applying hate crime laws.\n\nDiaz\u2019s case is one of many tragic examples, they said.\n\n\u201cThey didn\u2019t follow protocols, and they sent her to a men\u2019s prison,\u201d said Pedro Julio Serrano, executive director of Puerto Rico Para Tod@s, an LGBTQ advocacy group in San Juan. \u201cThat murder could have been prevented.\u201d\n\nWaiting until dark to go out to avoid violence\n\nIn 2017, a study of transgender women led by University of Puerto Rico researchers found that high levels of violence against women were compounded by the island\u2019s weak infrastructure and poor methods of tracking such crimes.\n\n\u201cIntolerance toward transgender people in Puerto Rico is rooted in a strong Judeo-Christian religious heritage,\u201d the researchers wrote.\n\nShow caption Hide caption Stonewall veteran Sylvia Rivera leads the ACT-UP march past New York\u00eds Union Square Park, June 26, 1994. The march was one of two held on... Stonewall veteran Sylvia Rivera leads the ACT-UP march past New York\u00eds Union Square Park, June 26, 1994. The march was one of two held on Sunday to commemorate the 25th anniversary of the riot at the Stonewall Inn, a Greenwich Village bar that erupted in violence during a police raid in 1969. The incident is now considered the start of the gay rights movement. Virtually every reliable account credits Sylvia, a man who prefers the feminine pronoun, with a major role in the riot. Justin Sutcliffe, AP\n\nSheilla Rodriguez-Madera, among the University of Puerto Rico study\u2019s lead authors and a public health professor at Florida International University, said that independent of its political relationship with the United States, Puerto Rico is essentially part of Latin America, a heavily Catholic region that has traditionally opposed LGBTQ rights.\n\nIn that sense, she said, the killings there should be considered \u201cnot as isolated events but as part of a pattern of systematic elimination of trans individuals in the Latin American region.\u201d\n\nLast year, 82% of the world\u2019s 350 transgender killings took place in Central and South America, according to Transrespect vs. Transphobia Worldwide, which compiles such annual data. More than half of all cases happened in Brazil.\n\nIn San Juan, Vasquez, 42, knows she has been luckier than many: Born and raised in Ponce, on Puerto Rico\u2019s south coast, she enjoyed her parents\u2019 support for her passion for dance and her early sense of female identity. She began her transition, earned a degree in fashion design and works as a case manager for Arianna\u2019s Center, a transgender support agency in San Juan.\n\nLiving as a transgender woman has meant negotiating constant hurdles and hurtful experiences. The spate of fatal violence has put Vasquez and others in Puerto Rico's community on edge. Never have the feelings of hate felt so pronounced, she said.\n\nShe and others live cautiously, waiting until after dark to go out. It\u2019s easier to blend in, to live as themselves without feeling conspicuous. Vasquez remains vigilant in public and calculating about where she goes, careful about how she expresses herself, speaking in low volumes, accentuating a female tone.\n\n\u201cI almost feel like I have to wear a costume,\u201d she said. \u201cTo be, in a sense, unseen. So I don\u2019t get hurt.\u201d\n\nWomen of color most often victims of transgender violence\n\nIn the USA and Puerto Rico, Black and brown transgender women are most often killed.\n\nSince 2013, of the 200-plus instances of fatal violence against transgender or gender nonconforming people tallied by LGBTQ advocacy group Human Rights Campaign in the USA and its territories, nine in 10 victims were transgender women. Black transgender women accounted for two in three deaths overall.\n\n\u201cIt is clear that fatal violence disproportionately affects transgender women of color,\u201d HRC noted in a report in January. \u201cThe intersections of racism, transphobia, sexism, biphobia and homophobia conspire to deprive them of necessities to live and thrive.\u201d\n\nSalvadoran transgender migrant Sasha observes the International Transgender Day of Visibility (TDOV) at \"La Casa de Colores\" shelter in Juarez, Mexico, on March 31. HERIKA MARTINEZ, AFP via Getty Images\n\nAlphonso David, president of the Human Rights Campaign, blames the rising violence on the anti-LGBT policies and rhetoric of the Trump administration.\n\n\u201cThe reasons we are seeing increased attacks on transgender and gender-nonconforming people is because they have been demonized and demoralized by the White House of the last four years,\u201d David said. \u201cWhen you stigmatize and dehumanize people, it\u2019s much easier for others to do the same.\u201d\n\nBy pushing regulations that deny the humanity of transgender people by blocking access in health care, housing and employment, David said, \u201cit provides license to others who take action based on their biases. Lawmakers are directly responsible. They\u2019re pretending transgender people don\u2019t exist.\u201d\n\nThe same forces are at work in Puerto Rico, said Victoria M. Rodr\u00edguez-Rold\u00e1n, a trans woman and native of the island. Political rhetoric has emboldened others to act out, she said, while those in power look the other way.\n\n\u201cTrans people don\u2019t see that the government is on their side,\u201d said Rodriguez-Roldan, senior policy manager for AIDS United, a Washington-based agency dedicated to ending the HIV epidemic.\n\nShow caption Hide caption An attendee to a memorial for Jaida Peterson wears a T-shirt with her photo on it April 9 at Tuckaseegee Park in Charlotte, N.C. Peterson,... An attendee to a memorial for Jaida Peterson wears a T-shirt with her photo on it April 9 at Tuckaseegee Park in Charlotte, N.C. Peterson, a transgender woman, was found dead in a hotel room on Easter Sunday, April 4. David T. Foster III, AP\n\nPuerto Rico slow to embrace LGBT rights\n\nScant information about the island\u2019s LGBT population exists, but executive director Wilfred Labiosa of Puerto Rico\u2019s Waves Ahead, which serves older LGBT adults, said academic and organizational studies suggest that LGBT people comprise up to 9% of the population in larger cities such as San Juan, Ponce and Mayaguez. The agency is working to compile specific data about the island\u2019s trans population, he said.\n\nCruz, the former San Juan mayor, said the city's efforts to support the transgender community \u2013 including the launch of Puerto Rico\u2019s first trans-focused health clinic and a community event called the Trans Goofy Games \u2013 did not sit well with some.\n\nShow caption Hide caption Demonstrators protest for transgender rights with a rally, march through the Loop and a candlelight vigil to remember transgender friends lost to murder and suicide... Demonstrators protest for transgender rights with a rally, march through the Loop and a candlelight vigil to remember transgender friends lost to murder and suicide on March 3, 2017, in Chicago. The demonstration was sparked by President Donald Trump's decision to reverse the Obama administration policy requiring public schools to allow transgender students to use the bathroom that corresponds with their gender identity. Scott Olson, Getty Images\n\n\u201cWe faced veiled resistance,\u201d said Cruz, a fellow for leadership initiatives at Mount Holyoke College in South Hadley, Massachusetts. \u201cPeople would call and tell me, \u2018Don\u2019t do it. We\u2019ll lose the conservative vote.\u2019 Some saw my solidarity with the LGBT community and would say, \u2018Oh, it must be because she\u2019s a lesbian.\u2019 Because God forbid someone actually feel some empathy.\u201d\n\nPublic opinion surveys about LGBT issues on the island are also scarce, though Latin Americans tend to be more conservative regarding social and sexual mores. In 2014, a Pew Research Center study focused on religion found that aside from a handful of countries such as Uruguay and Argentina, a majority of people in Latin America strongly opposed gay marriage, including 55% of Puerto Ricans.\n\n\u201cWe\u2019re about 10 years behind the U.S. in terms of attitudes and public consciousness,\u201d said trans activist Joanna Cifredo, executive director of San Juan's LGBTQ-focused True Self Foundation. Puerto Ricans haven\u2019t had the degree of exposure to homegrown transgender celebrities that mainland Americans have had with people such as Laverne Cox and Caitlyn Jenner, she said.\n\n\u201cIn the U.S., it\u2019s a lot more mainstream,\u201d Cifredo said. \u201cThere\u2019s a culture of LGBT student clubs there, and here in Puerto Rico, that\u2019s almost nonexistent. There\u2019s a lack of safe places for queer people.\u201d\n\nLike Vasquez, Cifredo and her transgender friends take precautions when they go out, traveling in clusters of two or three.\n\n\u201cRarely do you see trans women by themselves,\u201d Cifredo said. \u201cWe carpool. We avoid public transportation as much as possible. Whenever I drop off my friends and drive home, I don\u2019t stop for gas or anything. I try to keep to myself and not draw attention.\u201d\n\nShow caption Hide caption Caitlyn Jenner was featured on the July cover of Vanity Fair, an issue in which Jenner, a transgender Olympic champion formerly known as Bruce, unveiled... Caitlyn Jenner was featured on the July cover of Vanity Fair, an issue in which Jenner, a transgender Olympic champion formerly known as Bruce, unveiled her new name and look, drawing praise from the White House. MLADEN ANTONOV, AFP/Getty Images\n\nSome transgender rights advances have been made over the past decade. In 2013, Puerto Rico banned job discrimination based on gender identity or sexual orientation, then gained same-sex marriage rights with a U.S. Supreme Court decision in 2015.\n\nThe past five years have seen laws passed allowing transgender individuals to change their driver\u2019s licenses and birth certificates to update their names and gender markers.\n\nAs part of their attempts to stymie a bill that would ban conversion therapy, some lawmakers tried to submit amendments to the measure that would prohibit transgender youth from receiving gender-affirming care. Cifredo said she doesn't believe those amendments will survive the bill's final version.\n\nSuch efforts, she said, are \u201cbullying on behalf of the state. They basically sanction the violence that we experience. And it has serious consequences. All the trans people murdered here in Puerto Rico over the last year \u2013 not one of them had reached my age. And I\u2019m 34.\u201d\n\nJoanna Cifredo, executive director of San Juan's True Self Foundation. All the trans people murdered here in Puerto Rico over the last year \u2013 not one of them had reached my age. And I\u2019m 34. Quote icon\n\n'They hunted her down': A killing that shook the community\n\nPuerto Rico\u2019s most recent transgender killing victims included Samuel Edmund Dami\u00e1n Valent\u00edn, a young trans man found shot multiple times along an expressway in metropolitan San Juan in January.\n\nSix more took place in 2020. Along with Diaz, there was Michelle \u201cMichellyn\u201d Ramos Vargas, a transgender woman in her mid-30s, who was found shot Sept. 30 in the southwestern city of San German. In the small northwestern city of Moca, Yampi M\u00e9ndez Arocho, 19, a trans man who loved the NBA's Miami Heat, was killed March 5, 2020.\n\nSerena Angelique Vel\u00e1zquez Ramos, 32, and Layla Pelaez S\u00e1nchez, 21, were killed April 21, 2020, in Humacao, allegedly by two men who said they had partied and had sex with the women before discovering their transgender identities. According to an affidavit, the women were shot in their car, which was then set ablaze.\n\nIt was the slaying on Feb. 24, 2020, of a homeless transgender woman who called herself Alexa that most shook the community for its audacity, cruelty and, within the tightknit trans community, a sense that it could have happened to anyone.\n\nWow. Bad Bunny (@sanbenito) wore a skirt on the @FallonTonight with a sweater that read \"they killed Alexa, not a man with a skirt\"\n\nAlexa was transgender woman in Puerto Rico ridiculed & killed, on her birthday, by murderers who videotaped the crime & posted it on social media. pic.twitter.com/i2iBAmdVK5 \u2014 David Begnaud (@DavidBegnaud) February 28, 2020\n\nThe 27-year-old was often pictured in others' social media posts walking the streets with her purse and brandishing a handheld mirror that advocates said she used to monitor potential threats behind her.\n\nIn February, someone called police to claim Alexa was using the mirror to spy on people in the women\u2019s restroom at a McDonald\u2019s in Toa Baja, west of San Juan. Officers responded and chose not to arrest her \u2013 but the exchange, captured on video, went viral online as she was painted as a community threat, then stalked.\n\nVideo footage captured in the early morning hours and posted online relayed the voices of young men mocking her in the darkness, followed by the sounds of gunfire. Alexa was found shot multiple times. It was her birthday.\n\nMore than a year later, police have yet to charge anyone with the murder.\n\n\u201cIt was recorded,\u201d Cruz said. \u201cThey hunted her down. And that speaks to somebody thinking they can get away with anything, when they feel there\u2019s no accountability.\u201d\n\nShow caption Hide caption San Juan Mayor Carmen Yul\u00edn Cruz Soto arrives at a temporary government center set up at the Roberto Clemente Stadium in the aftermath of Hurricane... San Juan Mayor Carmen Yul\u00edn Cruz Soto arrives at a temporary government center set up at the Roberto Clemente Stadium in the aftermath of Hurricane Maria on Sept. 30, 2017, in Puerto Rico. Puerto Rico experienced widespread damage including most of the electrical, gas and water grid as well as agriculture after the Category 4 hurricane passed through. Joe Raedle, Getty Images\n\nSerrano, of Puerto Rico Para Tod@s, said the tepid law enforcement response is reflective of the culture of the Puerto Rico Police Department, which was accused by the U.S. Department of Justice a decade ago of constitutional violations, including use of excessive force during routine police activities, unreasonable force in response to public demonstrations and unlawful searches and seizures.\n\n\u201cThey really don\u2019t care about these cases,\u201d Serrano said.\n\nThe Puerto Rico Police Department did not follow through on requests to provide information about the killings or about how police are trained to deal with the transgender population.\n\nIssues cited by transgender activists in Puerto Rico echo complaints leveled at U.S. police departments, including misidentification of victims by past names or incorrect gender.\n\n\u201cA lot of these victims are misgendered when the incidents are written down on police reports,\u201d said Jesse Garcia, who chairs the League of United Latin American Citizens\u2019 LGBTQ affairs committee. \u201cRelatives who claim the bodies sometimes use the wrong gender because of shame or because they don\u2019t want the attention.\"\n\nShow caption Hide caption Gabriela Hernandez, executive director of the nonprofit New Mexico Dream Team, takes part in a protest June 6, 2018, outside a U.S. Immigration and Customs... Gabriela Hernandez, executive director of the nonprofit New Mexico Dream Team, takes part in a protest June 6, 2018, outside a U.S. Immigration and Customs Enforcement office in Albuquerque, N.M., over the death of Roxsana Hernandez, a Honduran transgender woman who died in U.S. custody. Authorities say she developed symptoms of pneumonia, dehydration and complications associated with HIV. Mary Hudetz, AP\n\nSome said such errors can\u2019t be completely chalked up to unawareness or procedural limitations that probably contribute to the undercount of transgender killings.\n\n\u201cThose are calculated ways to express that you do not value an individual\u2019s gender identity,\u201d said University of West Virginia sociology Ph.D. candidate Rayna Momen, a nonbinary transgender person who has studied violence against the U.S. transgender community with colleague Lisa Dilks.\n\n\u201cWhen you truly do not value an entire population, even when it comes to the most brutal violence, the priority to prosecute crimes to the fullest extent is just not there,\u201d Momen said.\n\nLack of labor rights can lead to violence\n\nA suffering economy has played a role in the violence experienced by transgender people, who typically find work opportunities limited because of employer bias. That situation has been worsened by a pandemic \u2013 and in Puerto Rico, the residual effects of Hurricane Maria, the Category 4 storm that struck the island in 2017.\n\n\u201cIt has thrown people into lines of work that put them in danger,\u201d said LULAC\u2019s Garcia. \u201cWhen people are let go from jobs, transgender people are probably the first to go, and they don\u2019t have access to the same kinds of jobs that others do because of their appearance or who they are.\u201d\n\nJoanna Cifredo, a transgender activist in Puerto Rico, calls for leaders to declare a state of emergency regarding gender-based violence at a rally in September 2020 outside the Governor's Mansion. Stephanie Rojas Rodriguez\n\nBamby Salcedo, a Guadalajara-born trans activist in Los Angeles, knows that path from experience. She left Mexico at 16 to join her father in the USA, and when that didn\u2019t work out, she found herself on the streets, beginning to embrace her feminine identity but caught up in harmful and dangerous activities that landed her in jail multiple times before she set herself right.\n\nSalcedo founded TransLatin@ Coalition, an organization focused on the needs of transgender immigrants and refugees from Mexico and Latin America and is a well-known speaker and advocate who has spoken at the White House and at the U.S. Conference on HIV/AIDS.\n\n\u201cWe\u2019re pushed to street economies in order to survive,\u201d Salcedo said. \u201cThat\u2019s where you find community, on the streets with older girls who mentor and support you. But we\u2019re also criminalized because of who we are. And when we are victims of violence and try to get help from the police, we\u2019re blamed. They tell us, \u2018If you weren\u2019t that way, then that wouldn\u2019t happen to you.\u2019 We get convicted by our society every day.\u201d\n\nAlexa Rodriguez, a trans Puerto Rican activist. I ended up on the streets doing sex work for survival, for food and to pay my rent. That is what trans women face, and those things put us in danger. Quote icon\n\nAlexa Rodriguez, a longtime Puerto Rico resident living in Baltimore, said that before she gained the right to change her name on her driver\u2019s license as a trans, she was rejected by employers put off by the incongruity between her ID and her appearance.\n\n\u201cThey were like, is this real or fake? They were biased by how they saw me,\" said Rodriguez, who directs Trans-Latinx DMV, an advocacy agency serving Maryland, Virginia and the District of Columbia. \"So I ended up on the streets doing sex work for survival, for food and to pay my rent. That is what trans women face, and those things put us in danger.\u201d\n\nRodriguez is married and has a home and a car.\n\n\u201cNow I have what everybody has,\u201d she said. \u201cI\u2019m part of regular society.\u201d\n\nPeople display transgender pride outside the Stonewall Inn during a rally June 28, 2019, to mark the 50th anniversary of the Stonewall Riots in New York. ANGELA WEISS, AFP via Getty Images\n\nTaking a wait-and-see approach\n\nIn late January, days after Angie Noemi Gonz\u00e1lez, a nurse and mother of three, was found dead in a ravine, Puerto Rican Gov. Pedro Rafael Pierluisi Urrutia proclaimed a state of emergency.\n\nIt was a measure long demanded by women\u2019s rights advocates upset by violence against women on the island \u2013 including the slaying in September of a 20-year-old woman abducted by men who pulled up in a white van as she waited outside her home to be picked up by a friend. Police waited four days to act on the report.\n\nMore recently, the body of Keishla Rodriguez, 27, who was pregnant, was found Saturday in a San Juan-area lagoon. F\u00e9lix Verdejo, a former Olympic boxer, turned himself in to authorities Sunday and is charged in connection with the crime.\n\nTransgender activists persuaded the governor to include the community in the executive order that accompanied his declaration; the order pledged new and improved programs to prevent gender-based violence and support its victims. It created a government position and committee of officials, academics and community advocates to oversee the effort.\n\nThough the moves don't go as far as LGBTQ rights protections undertaken in California, New York and Massachusetts, Labiosa of San Juan\u2019s Waves Ahead said they mark a bold step forward \u2013 if they pan out. He and others in the community are taking a wait-and-see approach.\n\n\u201cThat\u2019s the pattern here: Committees are set up, and nothing comes out of that committee,\" he said.\u201d\n\nAlexa Rodriguez, a trans woman born in Puerto Rico, is director of Trans-Latinx DMV, an agency serving the transgender Latinx community in Maryland, Virginia and the District of Columbia. Alexa Rodriguez\n\nAdvocates said more needs to be done. Schools need to teach kids to respect gender diversity, they maintain, and government and law enforcement leaders need to make sure hate crimes are prosecuted accordingly.\n\nThe Human Rights Campaign is prodding the Biden administration to create a task force or advisory council to address anti-transgender violence. Hate crime laws differ from state to state, or don't exist at all, so definitions and data collection vary, \u201cand that\u2019s kind of the problem,\u201d HRC\u2019s David said. \u201cWe need to have some federal oversight.\u201d\n\nRodriguez, of TransLatinx DMV, said Latina transgender women have for too long remained \"a minority inside another minority.\"\n\n\"When people in power raise their voices, they can have an impact, and in this case, people need to raise their voices for us,\" she said.\n\nAs a trans woman accepted by her community, Rodriguez said she finally has an opportunity to succeed, and she's surviving.\n\n\u201cI\u2019m 45 years old, and I\u2019m still alive,\" Rodriguez said. \"And that\u2019s an achievement.\""
        },
        {
            "id": "48d5143305ea5e2a",
            "title": "90% of Americans don't like to cook \u2014 and it's costing them thousands each year",
            "content": "90% of Americans don't like to cook \u2014 and it's costing them thousands each year\n\nShow Caption Hide Caption Eating and talking sports with Top Chef's Dale Talde Top Chef's Dale Talde sits down with SI.com's Rohan Nadkarni to discuss his beloved Chicago sports teams, the state of the NBA, and what food he would serve to his favorite athletes. Time_Sports\n\nFor some Americans, going out to dinner is a treat, planned and budgeted for. For others, it's just another Tuesday night. And Wednesday. And Thursday.\n\nAnd that second group of people is becoming the majority. The number of Americans who enjoy cooking is declining, while the prevalence of food delivery startups, meal kit subscriptions and culinary-centric television shows grows.\n\nIn the Harvard Business Review, researcher Eddie Yoon shares data he's gathered over two decades working as a consultant for consumer packaged goods companies. Early in Yoon's career, he conducted a survey that determined that Americans fell into one of three groups:\n\n15% said they love to cook\n\n50% said they hate to cook\n\n35% are ambivalent about cooking\n\nWhen Yoon conducted the same survey 15 years later, the percentages had changed. Only 10% of consumers professed a love of cooking, while 45% said they outright hated it and 45% were on the fence.\n\n\"I've come to think of cooking as being similar to sewing,\" Yoon writes. \"As recently as the early 20th century, many people sewed their own clothing. Today the vast majority of Americans buy clothing made by someone else; the tiny minority who still buy fabric and raw materials do it mainly as a hobby.\"\n\nLike cooking at home? These are the best cutting boards you can buy It's time to ditch your flimsy cutting board and buy one that'll last. Reviewed.com\n\nIt's easier than ever not to cook, and Americans are taking advantage of that. The average household spends an average of $3,008 per year on dining out, the Bureau of Labor Statistics reports.\n\nHowever, what you save in convenience, you lose in cold, hard cash.\n\nTake buying lunch. If you go out to eat every workday and spend, on average, $10 per meal, it comes out to $2,500 a year, CNBC's Jonathan Blumberg reports. Making your own lunch, meanwhile, will cost you half that. One VISA survey found you only spend on average $6.30 when you bring something you prepared at home.\n\nMore: Blue Apron puts hiring freeze in place, cuts recruiting staff\n\nMore: 10 cities where your paycheck goes the furthest\n\nMore: You could be overspending with credit cards. Yes, you.\n\nAnd it only keeps spiraling from there. In 2016, one couple reviewed their credit card statements only to find that they spent $30,000 eating out in 2016, according to Frugal Rules blogger John Schmoll. That's more than $82 a day for their three-person family.\n\nWhile Americans' growing aversion to spending time in the kitchen signifies a host of challenges for the grocery industry, it's likely to impact individual customers as well. Why stay home and cook when all of your friends are going out? Why eat a sandwich at your desk when your coworker wants to hit up the food truck? Why not order off Seamless for dinner? It's so much easier.\n\nIt's easy to start from a $10 salad one day and end up with a $30,000 credit card tab a year later. In fact, it's becoming common.\n\nFor those with the means to spend an exorbitant amount on food, this epidemic might not register as an issue. But the majority of Americans can't afford such a costly habit \u2014 not when it comes at the expense of being unprepared for an emergency, or, worse, having nothing left for retirement."
        },
        {
            "id": "37c3722c4ed07782",
            "title": "NFL wide receiver DK Metcalf holds his own on the track in 100-meter dash debut",
            "content": "NFL wide receiver DK Metcalf holds his own on the track in 100-meter dash debut\n\nShow Caption Hide Caption Allyson Felix on inspiring the next generation Sports Pulse: Allyson Felix discusses the privilege of \"being a representation\" and how the Olympics has the power to unite people. SportsPulse, USA TODAY\n\nDK Metcalf finished dead last in his 100-meter heat at the USA Track and Field Golden Games on Sunday afternoon.\n\nBut in his first foray into professional sprinting, the Seattle Seahawks wide receiver nevertheless held his own.\n\nAfter lining up alongside Olympic hopefuls and seasoned pros, Metcalf ran the 100-meter dash in 10.37 seconds on Sunday, finishing 15th out of the 18 competitors in the preliminary heats and 0.41 seconds behind the eventual winner, Cravon Gillespie.\n\nMetcalf, 23, did not run fast enough to secure a spot in Sunday's finals. But he still turned in an impressive time for a 6-foot-4, 235-pound NFL player who hadn't competed at a track meet since high school and was running what he described as his first 100-meter race.\n\n\"Personally, it was a good experience,\" Metcalf said in a news conference after the race. \"Anybody else who has a different opinion, you're entitled to your own opinion. But I think I did well for myself.\"\n\nA Mississippi native who played college football at Ole Miss, Metcalf's speed raised eyebrows when he ran the 40-yard dash at the NFL combine in a stunning 4.33 seconds. Then, last season, his viral chasedown tackle of Arizona's Budda Baker prompted an exchange on social media with USA Track and Field.\n\n\"For everyone asking if we have a spot open on our relay team for (Metcalf), NFL players are welcome to come test their speed against real speed next year at the Olympic Trials,\" USATF wrote in a tweet.\n\n\"See you there,\" Metcalf replied.\n\nNFL WR @dkm14 announces he will run the 100m at the @usatf Golden Games Sunday May 9th.\n\n\n\nRemember when Metcalf walked Budda Baker \ud83d\udc40\ud83c\udfc3\ud83c\udffe\u200d\u2642\ufe0f\u26a1\ufe0f\n\n\n\n(Via @nfl) pic.twitter.com/cXiDCfDyLS \u2014 The Undefeated (@TheUndefeated) May 4, 2021\n\nThe Pro Bowl wide receiver said Sunday that he started training on the track about two or three months ago, following the end of the NFL season.\n\nWhen asked about what prompted him to want to line up against a group of professional sprinters, Metcalf replied: \"Why not?\"\n\n\"Just another way to test my body, to test myself against different athletes, besides just doing football training all day,\" he said.\n\nIn the days leading up to Sunday, U.S. track athletes said they respected and welcomed Metcalf's decision to compete, but they were also excited to show NFL fans and casual onlookers that there's a significant difference between NFL speed and track speed.\n\nAnd by day's end, as one of the league's fastest players finished ninth in a field of nine, that gap was evident.\n\nMetcalf praised his fellow competitors Sunday as \"world-class\" and said his decision to give track a try had nothing to do with a lack of respect or appreciation.\n\n\"Just because I was out here doesn't mean I disrespect any other athlete or sport,\" he said. \"I just respect myself and what I can do.\"\n\nMetcalf is hardly the first athlete to compete at the highest level of both sports.\n\nChicago Bears wide receiver Marquise Goodwin has competed in sprint events and qualified for the 2012 London Olympics in long jump. Former Detroit Lions running back Jahvid Best ran the 100-meter dash for his father's home county, Saint Lucia, at the 2016 Rio Games. And Renaldo Nehemiah was a world-class hurdler before he spent three seasons as a wide receiver for the San Francisco 49ers in the early 1980s.\n\nMetcalf said he started training for Sunday's race with the goal of qualifying for this summer's Olympic Trials. He would have needed to finish the race in 10.05 seconds or better to earn an automatic berth at Trials, which will be held in Eugene, Oregon.\n\nWhen asked if he planned to compete on the track again later this summer, Metcalf said he would talk it over with his trainers, coaches and family. But as for what's next \u2013 well, he does have another career to maintain.\n\n\"Get back to football,\" he said with a grin. \"It's time for mini-camp.\"\n\nRounding into form\n\nWith the Olympic Trials now less than six weeks away, some of U.S. track and field's brightest stars are starting to focus on their primary events and inch toward peak form.\n\nNoah Lyles, the reigning world champion at 200 meters, was one of several Olympic favorites who made their season debuts in their main events at the USATF Golden Games on Sunday. After competing in the 100-meter dash at a meet last month, Lyles ran the 200 and surged past Kenny Bednarek to win with a time of 19.90 seconds.\n\n\"I was coming in here with some pretty low expectations,\" Lyles said. \"To be honest, I (exceeded) all of them. I felt very proud of what I did today.\"\n\nRIGHT AT THE FINISH \ud83e\udd2f\n\n\n\nNoah Lyles takes the win in the men's 200m right at the finish line to clock a time of 19.90.\n\n\n\n@LylesNoah @usatf // #JourneyToGold pic.twitter.com/owF4qagNXt \u2014 #TokyoOlympics (@NBCOlympics) May 9, 2021\n\nRai Benjamin, who is one of the favorites in the 400-meter hurdles, also debuted in that event Sunday and set a new record at Hilmer Lodge Stadium with a time of 47.13. It's the fastest time in that event so far this year.\n\nElsewhere, nine-time Olympic medalist Allyson Felix ran the 200-meter dash outdoors for the first time this season and finished second with a time of 22.26 seconds.\n\nRichardson a name to watch\n\nSha'Carri Richardson turned heads last month when the 21-year-old ran the 100-meter dash in 10.72 seconds \u2013 the sixth-fastest time ever. And she proved Sunday that such a performance is hardly a fluke.\n\nRichardson, who won an individual national championship at LSU before turning pro, clocked in at 10.74 in her first heat Sunday, then won the final by running a 10.77 into a strong headwind. She looks poised to join Marion Jones, Carmelita Jeter and Florence Griffith-Joyner as the only American women to run a sub-10.7 time at 100 meters.\n\nContact Tom Schad at tschad@usatoday.com or on Twitter @Tom_Schad."
        },
        {
            "id": "3a45869a507376e0",
            "title": "Detroit Lions' Frank Ragnow signs 4-year extension, becomes highest-paid center in NFL, per report",
            "content": "Detroit Lions' Frank Ragnow signs 4-year extension, becomes highest-paid center in NFL, per report\n\nShow Caption Hide Caption Why taking Penei Sewell was the 'right thing to do' for Detroit Lions Detroit Lions reporter Dave Birkett breaks down why he's a fan of the team's draft pick, Penei Sewell, a former Oregon Ducks offensive tackle. Dave Birkett, Detroit Free Press\n\nThe Detroit Lions are serious about building one of the NFL's best offensive lines - and keeping it together for years to come.\n\nThe Lions agreed to a four-year contract extension with center Frank Ragnow on Thursday that should keep him in Detroit through the 2026 NFL season.\n\nNFL Network reported the deal is worth $13.5 million per season, which makes Ragnow the highest-paid center in the NFL, and includes $42 million in guarantees.\n\nThe Lions took Oregon offensive tackle Penei Sewell with the seventh pick of last week's draft, when general manager Brad Holmes told the Free Press he wanted to build a \"beast\" upfront.\n\nSewell, 20, is considered one of the top offensive line prospects to come out of college in recent years, and will join Ragnow, left tackle Taylor Decker and left guard Jonah Jackson on the line for the foreseeable future.\n\nDecker, who turns 28 in August, starts the four-year, $60 million extension he signed last summer, this season. Jackson, 24, is entering Year 2 of his rookie contract. And the Lions can control Sewell's rights for five years, including the rookie option.\n\nRagnow, who turns 25 later this month, is under contract this fall for $2.086 million, and the Lions exercised the fifth-year option on his contract last week for a guaranteed $12.657 million, putting the total value of his deal at about $69 million.\n\nCorey Linsley, who edged Ragnow for All-Pro honors, signed the previous top deal for a center, a five-year, $62.5 million contract, as a free agent in March.\n\nThe Lions' first-round pick in 2018, Ragnow has been a steadying force at center since his rookie season.\n\nHe missed one snap as a rookie for an equipment malfunction and started 29 of a possible 32 games the past two seasons. In 2020, Ragnow missed two games with fractured cartilage in his throat.\n\nHolmes, in his first season as Lions GM, said last week that signing Ragnow to a long-term extension was \"extremely important,\" but he declined to put a timetable on when that deal would be done.\n\n\"We already view him as a long-term piece and he is a foundational piece because Frank is a guy that plays the game the right way,\" Holmes said. \"He\u2019s everything that we look for in what we want as a Lion.\"\n\nContact Dave Birkett at dbirkett@freepress.com. Follow him on Twitter @davebirkett."
        },
        {
            "id": "ede208693215a152",
            "title": "'We want the world to see': Colombia protesters' demands grow in face of police brutality",
            "content": "BOGOTA, Colombia \u2013 Juan Carlos Neiva says he is part of \u201cPrimero Linea,\u201d the \u201cFirst Line,\u201d a group of protesters who actively engage riot police in running street battles. He holds a homemade wooden shield, painted with the phrase \u201cFor education, and for the fallen.\u201d His face is covered by a black T-shirt wrapped around his head.\n\n\u201cThe Colombian people are yelling and we want the world to see,\u201d he says near Plaza Bol\u00edvar, the public square and seat of Colombian government, which has been the site of numerous face-offs between police and protesters in recent days. The acrid smell of tear gas lingers in the air from ongoing skirmishes \u201cThis government wants everything from us, but we have nothing, and now they\u2019re using violence to silence us.\u201d\n\nProtests in Colombia have stretched into their third week, as hundreds of thousands have taken to the streets across the country as part of a national strike that began April 28 over a host of social and economic issues, particularly a proposed tax bill that would have raised the cost of food and some consumer goods.\n\nTweet Facebook Email Email this story Share Share this story Juan Carlos Neiva, protester This government wants everything from us, but we have nothing. And now they\u2019re using violence to silence us. Quote icon\n\nShow caption Hide caption People protest against the government in Bogota on May 8, 2021. - Facing anti-government protests that have spiraled into deadly violence, Colombian President Ivan Duque... People protest against the government in Bogota on May 8, 2021. - Facing anti-government protests that have spiraled into deadly violence, Colombian President Ivan Duque is holding a series of talks with his political foes in search of a way out of the crisis. (Photo by Juan BARRETO / AFP) (Photo by JUAN BARRETO/AFP via Getty Images) JUAN BARRETO, AFP via Getty Images\n\nThe proposed reform has since been withdrawn, but harsh and even fatal force by police has transformed the movement into one against President Iv\u00e1n Duque\u2019s administration more broadly. The government says 26 have died, but NGOs put the death toll at 47. Temblores, an organization that monitors police violence in Colombia, has documented 1,876 registered cases of police violence.\n\nColombia a matter of great 'national interest' to US\n\nThe violence worries many in the U.S., who fear an eroding of democracy in its Latin American ally could have a destabilizing influence on the entire region.\n\nA few dozen people attended a rally in Dover on Friday to stand in solidarity with the residents of Colombia. Courtesy of Daniel Goncalves\n\n\"Colombia is a close partner and ally whose stability and success is in the national interest of the U.S.,\" said Sen. Bob Menendez, the chair of the Senate Foreign Relations Committee. \"Above all, the authorities must respect human rights and regulations against the excessive use of force. The freedom to assemble is sacred to democracy and indispensable to accountability.\"\n\nIn Menendez's home state of New Jersey, roughly 200 people marched in solidarity with the protesters in Colombia.\n\n\u201cTax reform is only the tip of the iceberg,\" said Milton Zamora, a Colombian in Dover, New Jersey. \"Until corruption is no longer part of the equation, no tax is going to solve the economic problems of the country.\u201d\n\nThe Colombian diaspora in the United States numbers 1.2 million, according to the nonprofit Pew Research Center.\n\nThe United Nations has condemned the violence, and the U.S. State Department said it was \"deeply saddened\" by the protesters' deaths:\n\nTweet Facebook Email Email this story Share Share this story Jalina Porter, Deputy Spokesperson, U.S. State Department All over the world, citizens in democratic countries have the unquestionable right to protest peacefully. Violence and vandalism is an abuse of that right. At the same time, we urge the utmost restraint by public forces to prevent additional loss of life. We recognize the Government of Colombia\u2019s commitment to investigate reports of police excesses and address any violations of human rights. Quote icon\n\n(Top) A protester throws back a tear gas cannister during clashes with mobile anti-riot squad in the La Portada sector in Cali, Colombia. (Bottom) A riot police officer fires tear gas at demonstrators during a protest against the government in Cali, Colombia. (Top) A protester throws back a tear gas cannister during clashes with mobile anti-riot squad in the La Portada sector in Cali, Colombia. (Bottom) A riot police officer fires tear gas at demonstrators during a protest against the government in Cali, Colombia. (Left) A protester throws back a tear gas cannister during clashes with mobile anti-riot squad in the La Portada sector in Cali, Colombia. (Right) A riot police officer fires tear gas at demonstrators during a protest against the government in Cali, Colombia Gabriel Aponte, Getty Images; LUIS ROBAYO, AFP via Getty Images\n\n\"All over the world, citizens in democratic countries have the unquestionable right to protest peacefully. Violence and vandalism is an abuse of that right. At the same time, we urge the utmost restraint by public forces to prevent additional loss of life. We recognize the Government of Colombia\u2019s commitment to investigate reports of police excesses and address any violations of human rights. We continue to support the Colombian government\u2019s efforts to address the current situation through political dialogue.\"\n\nWhile Colombia's current leading party supported former President Donald Trump and Republicans in Florida, Biden has a long history with the nation as well. As a senator, Biden became one of the masterminds behind Plan Colombia, a $7.5 billion bilateral program focused on fighting drug trafficking in the Americas. As vice president, Biden visited Colombia in 2013 during its peace negotiations; after 50 years of conflict, a deal was reached between the Colombian government and Revolutionary Armed Forces of Colombia (FARC) in 2016. However, some on the left have criticized Plan Colombia for funding the militarization of police in Colombia.\n\n'No guarantee of life'\n\nClashes between Colombian riot police, ESMAD, and protesters have been common in Bogot\u00e1.\n\n\u201cWe have watched the increasing violence with extreme concern,\u201d said Alajandro Lanz, co-director of Temblores in Bogot\u00e1. \u201cMost of the victims we have registered have been young people who were protesting peacefully. There is no guarantee of life for anyone.\u201d\n\nBoth Temblores and another NGO, Indepaz, a peace-monitoring group in Colombia, say they have received credible reports of indiscriminate police fire against civilians amidst the chaos.\n\nTweet Facebook Email Email this story Share Share this story Daniel Parce, protester The response of the government has been completely disproportionate. The response of the police and military to the people yelling in pain shouldn\u2019t be gunshots and beatings. Quote icon\n\nShow caption Hide caption TOPSHOT - Colombian police officers arrest a demonstrator during a protest against the government in Cali, Colombia, on May 10, 2021. - Faced with angry... TOPSHOT - Colombian police officers arrest a demonstrator during a protest against the government in Cali, Colombia, on May 10, 2021. - Faced with angry street protests and international criticism over his security forces' response, Colombia President Ivan Duque is coming across as erratic and out of touch with a country in crisis, analysts say. Since April 28, hundreds of thousands of people have vented their frustrations against the government after poverty and violence soared during the pandemic. (Photo by Luis ROBAYO / AFP) (Photo by LUIS ROBAYO/AFP via Getty Images) LUIS ROBAYO, AFP via Getty Images\n\n\u201cThe response of the government has been completely disproportionate,\u201d said Daniel Parce, a protester in Bogot\u00e1. \u201cThe response of the police and military to the people yelling in pain shouldn\u2019t be gunshots and beatings.\u201d\n\nParce attended a remembrance ceremony for those who have lost their lives so far in the protests in the Soledad neighborhood, where hundreds of residents with candles and torches read the names of the dead, the crowd clapping and banging pots after each name.\n\nHelp support quality local journalism like this. Subscribe Get news and alerts on the go. Download our app. Download Android and iOS\n\nPain in Colombia has broad meaning. The national strike in Colombia was spurred not only by the tax proposal, but by rising violence amid what critics see as failed promises on the part Duque's administration regarding the peace deal; rising poverty and inequality; and the killing of 310 social leaders, human rights defenders and activists in 2020 (an additional 57 killed so far in 2021, according to Indepaz).\n\nThe controversial tax reform provided momentum to the protests, as COVID-19 has weighed heavily on the economy. Since last year, amid lockdowns and quarantine measures, the poverty rate in Colombia has risen to 42.5%. Bogot\u00e1 and Cali, a protest hotbed, both suffer from unemployment rates of just over 20%. By comparison, the unemployment rate in the U.S. is 6.1%.\n\nCali protests turn deadly\n\nThe main point of violence has been the city of Cali, roughly 300 miles west of Bogot\u00e1. Indepaz has confirmed 22 deaths in the city, which nightly experiences waves of violence, documented in numerous videos flooding social media.\n\nCelebrities from Viola Davis to Sofia Vergara have also used social media to call attention to the violence. Shakira, a native of Barranquilla, Colombia, shared a series of tweets calling on the governmnet to honor human rights.\n\n\"It is unacceptable for a mother to lose her only child to brutality,\" the singer wrote. \"The bullets will never be able to silence the voice of the one who suffers. And it is essential that we are not deaf to the clamor of our own.\"\n\nResidents and protesters have complained of internet outages amid the crackdowns, and blame Colombian authorities. Netblocks, an internet service observatory in the United Kingdom, confirmed localized outages, but it is not clear who is responsible.\n\nSporadic blockades on major highways throughout the country, especially near Cali and Bogot\u00e1, have also led to tension among Colombians.\n\nThough there have been some incidents of looting and vandalism, protests have been mostly peaceful. Colombia\u2019s Ministry of Defense has deployed 1,000 additional soldiers and police to the City of Cali since unrest began.\n\nWhat will Duque do?\n\nIn recent days, Duque has moved away from the hard-line rhetoric of the first week of the protests, when many in his Centro Democratico party called demonstrators \u201cterrorists,\u201d \u201cvandals\u201d and \u201cnarcos.\u201d\n\nAt a press conference Sunday, Duque called for a national dialogue, saying, \u201cWe have to utilize these moments, which have caused us so much pain. We have to convert this moment into an opportunity as a country ... we have to build a pact for the youth with the youth.\u201d\n\nTweet Facebook Email Email this story Share Share this story Colombian President Ivan Duque We have to convert this moment into an opportunity as a country. Quote icon\n\nShow caption Hide caption BOGOTA, COLOMBIA - MAY 10: Colombian president Ivan Duque speaks to the press before a meeting with members of the National Strike Committee at Casa... BOGOTA, COLOMBIA - MAY 10: Colombian president Ivan Duque speaks to the press before a meeting with members of the National Strike Committee at Casa de Nari\u00c3\u00b1o Government Palace on May 10, 2021 in Bogota, Colombia. President Ivan Duque and members of the National Strike Committee meet to find solutions to social unrest. Demonstrations continued even after Duque withdrew the tax reform bill. Claims are now focused on rising poverty, police abuse, unemployment and inequality which all became worse due to the coronavirus. (Photo by Guillermo Legaria/Getty Images) Guillermo Legaria, Getty Images\n\nHe offered plans for increases to education and youth employment, asking that the nation come together to find a solution for the crisis.\n\n\u201cMomentum for now is clearly with the protesters,\u201d said Sergio Guzm\u00e1n, director of Colombia Risk Analysis, a research and consultancy group in Bogot\u00e1. At first, \"the administration offered nothing but a rhetoric of fear,\" he said. \"But outside of their base, they are not finding a receptive audience.\"\n\nDuque flew to the city early Monday, immediately holding a press conference in which he called for dialogue. He has also called for more police and military to be deployed to the city.\n\nNeiva, the \u201cFirst Line\u201d protester in Bogot\u00e1, is unlikely to be swayed by the president's plea for compromise.\n\n\u201cThe support for protests is bigger than the government realizes,\u201d he said in Plaza Bol\u00edvar. \u201cWe have people who show up with water, or juice or Gatorade. They drop it off, telling us they have to get back to work, but they support what we\u2019re doing.\"\n\nProtesters' demands now include police reform, increased social programs for those hit by the economic fallout of COVID lockdowns, and the repeal of a proposed medical bill that would privatize some health care.\n\n\"These protests aren\u2019t stopping until Duque resigns,\u201d Neiva said.\n\nNeiva\u2019s demand that Duque resign doesn\u2019t represent all protesters in the streets, but it does illustrate that the distance between civil society and government is large and growing by the day.\n\nMeanwhile, in the streets, violence continues."
        },
        {
            "id": "c06d3caef04c1a00",
            "title": "Houston Astros at Seattle Mariners odds, picks and prediction",
            "content": "Houston Astros at Seattle Mariners odds, picks and prediction\n\nThe Houston Astros (6-7) and Seattle Mariners (9-5) play the second game of a three-game set Saturday at 9:10 p.m. ET at T-Mobile Park. Let's analyze BetMGM Sportsbook's lines around the Astros vs. Mariners odds with MLB picks and predictions.\n\nRHP Zack Greinke is the projected starting pitcher for the Astros. He is 1-1 with a 4.08 ERA, 1.25 WHIP, 5.1 K/9 and 2.0 BB/9 over 17 2/3 IP through three starts. Greinke allowed just two earned runs with eight hits and one walk across his first two road starts over 13 innings. He was 0-1 with a 6.75 ERA across eight innings in two starts against the M's in 2020.\n\nRHP Chris Flexen is the projected starting pitcher for the Mariners. He is 1-0 with a 4.50 ERA, 1.60 WHIP, 9.9 K/9 and 3.6 BB/9 through 10 IP across two starts. Flexen will be making his first start against a divisional opponent. He allowed four hits and two walks with six strikeouts in five scoreless innings April 3 against the Giants in a win in his only previous home start.\n\nMLB betting offers/promotions\n\nBetMGM Sportsbook offers available in CO, IA, IN, MI, NJ, PA, TN, VA and WV. New customer offers, terms and conditions apply.\n\nBet just $1 on either team's money line, WIN $100 (in free bets) if either team hits a home run during the game. Bet now!\n\nRISK-FREE FIRST BET. Place your first bet, if it loses you'll get up to $600 in free bets. Bet now!\n\nAstros at Mariners odds, lines, picks and prediction\n\nMLB odds courtesy of BetMGM; access USA TODAY Sports for a full list. Odds last updated at 8:25 a.m. ET.\n\nMoney line : Astros -140 (bet $140 to win $100) | Mariners +115 (bet $100 to win $115)\n\n: Astros -140 (bet $140 to win $100) | Mariners +115 (bet $100 to win $115) Against the spread/ATS : Astros -1.5 (+110) | Mariners +1.5 (-130)\n\n: Astros -1.5 (+110) | Mariners +1.5 (-130) Over/Under : 8.5 (O: -105 | U: -115)\n\nPrediction\n\nAstros 5, Mariners 4\n\nThe ASTROS (-140) will look to bounce back after dropping the opening game of the series against the Mariners (+115) by a 6-5 score. Behind Greinke, expect Houston to level the series 1-1. He has been money on the road so far this season.\n\nFANTASY BASEBALL: Serious about winning your league? Sign up for BaseballHQ.com to dominate the competition.Subscribe now!\n\nThe MARINERS +1.5 (-140) aren't a bad play on their home field, as catching a run-and-a-half and only laying this little amount is worth the risk. The Astros are also without star 2B Jose Altuve and 3B Alex Bregman. Each of Seattle's past two games have been one-run games, both wins, and four of the past five have been decided by one run.\n\nOVER 8.5 (-105) is the lean in this AL West battle in Seattle. The Over has cashed in five of the past six games on the road, while cashing in eight of the past 11 division battles. The Over is 5-2 in the past seven home outing for the M's and 6-2 in the past eight as an underdog. The Over is also 7-3-1 in Seattle's past 11 vs. RHP.\n\nPLAY: Free, daily sports pick'em contests.Play now!\n\nBet on this game now atBetMGM Sportsbook. For more sports betting picks and tips, visit SportsbookWire.com. Please gamble responsibly.\n\nFollow Joe Williams on Twitter. Follow SportsbookWire on Twitter and like us on Facebook.\n\nGannett may earn revenue from audience referrals to betting services. Newsrooms are independent of this relationship and there is no influence on news coverage. This information is for entertainment purposes only. We make no representations or warranties as to the accuracy, completeness, or reliability of any content."
        }
    ],
    "label": 2,
    "label_text": "high"
}