{
    "source": "freebeacon.com",
    "articles": [
        {
            "id": "d1a25c6960628dc5",
            "title": "A Mammoth Disappointment",
            "content": "`` Scientist plans to clone mammoth , '' said CNN in 2011 .\nNational Geographic ran a series of confident headlines , including 2017 's `` We Could Resurrect the Woolly Mammoth .\nHere 's How . ''\nIn 2018 , History.com reported , `` Scientists Say They Could Bring Back Woolly Mammoths Within Two Years . ''\nIt 's more than two years later , and the mammoths have not returned .\nSo how close are we to seeing a species brought back from extinction ?\nThe short answer : Mammoths are likely as far away as they 've  bring them back continue , fueled by the same fervor that launched efforts over a decade ago .\nAnd labs continue to make scientific breakthroughs , from assembling almost the entire mammoth genome to growing hair and fat out of petri dishes .\nAlthough the project of bringing back megafauna to roam vast tracts of Siberian tundra sounds grandiose , deextinction work is actually proceeding on shoestring budgets .\nMany researchers commit unpaid time .\nThe Woolly Mammoth Revival Team consists of five folks at the Wyss Institute for Biologically Inspired Engineering at  a titan ( physically and mentally ) of genomics .\nA grab bag of American , European , Japanese , and Korean scholars collaborates on trips to northern Siberia to retrieve mammoth carcasses .\nBut the closest thing deextinction has to a powerful backer is Stewart Brand , whose Long Now Foundation has supported the Church Lab through its Revive & Restore organization .\nEriona Hysolli , a research fellow in the lab , says that a few anonymous donors help support deextinction work but that the cost of lab equipment and reagents  of deextinction , several have been bandied about .\nQuite a few animals , including sheep , pigs , cattle , mice , and dogs , have been cloned .\nBut it would be exponentially more difficult to clone an extinct creature .\nThe two `` successful '' cases cited in the literature have been a type of Pyrenean ibex , known as a bucardo , in 2009 and the aptly named Lazarus frog in 2013 .\nBoth had gone extinct fairly recently : The bucardo was cloned from tissue of the last  while 40-year-old frozen frog tissue was used for the Lazarus .\nAlas , the ibex suffered a major lung deformity and died within minutes , and no frog embryos survived beyond a few days .\nCloning animals is hard , Michael Crichton 's Jurassic Park notwithstanding .\nThe technique used in those cases is the same as in the cloning of Dolly the sheep\u2014somatic cell nuclear transfer .\nOne takes the nucleus of the creature to be cloned and plants it in a different , `` denucleated '' egg cell , then zaps  process .\nAkira Iritani , researcher at the Kyoto University in Japan and cofounder of the Mammoth Creation Project , planned to perform this procedure with the nucleus of a woolly mammoth cell and the egg of a female elephant , but mammoth cells in good condition were needed .\nLo and behold , a well-preserved mammoth was found in 2010 .\nYuka spent two years stored in the permafrost until scientists from the Mammoth Museum in Yakutsk could venture out to assess her .\nShe is now on display in Moscow ,  was used by Iritani 's team .\nThe team managed to pull nucleus-like structures from the deep-frozen remains , planted them into mouse cells , and watched as some activity occurred .\nBut cell division did n't occur : You could n't grow a full , living creature from these ancient nuclei .\nHysolli explains that all cells undergo radiation damage over time , meaning it would take a miracle to find a mammoth cell whole enough to survive the traditional cloning process .\nConsiderig Iritani is now 91 , it will be  researchers to find a path forward .\nScientists are left with a plan that 's not cloning , exactly : Rather , they 're working on `` elephants with mammoth characteristics , '' or what Hysolli likes to call an `` elemoth . ''\nIt 's on this front that the successful advances have come .\nMammoths and elephants share more than 99 percent of their DNA , which means researchers can play around with the two to try and develop mammoth traits in an otherwise all-elephant genome .\nTheoretically , one can  that mimics certain features of a mammoth .\nChurch 's lab has already succeeded in engineering cells for thicker fat reserves and hair growth : The sight of petri dishes overflowing with mammoth hair is perhaps the most disturbing feature of the project .\nChurch says his current focus is on genes for smaller external ear size , cold-tolerant hemoglobin genes , shorter tusks , and resistance to elephant herpes ( evidently a scourge among captive elephants ) .\nThe difficulty is that the impressive efforts to sequence the mammoth genome only cover  genome : They use the elephant 's as a structure on which to hang the broken snippets of ancient mammoth DNA in the correct order .\nThere is no way to piece together mammoth DNA that does n't match an elephant \u2019 s .\n`` To get these parts , we need long reads '' of the mammoth genome , says Beth Shapiro , researcher and author of How to Clone a Mammoth .\n`` Because no long reads are preserved in mammoth remains , we will never be able to get there  's attempts to cook up mammoth traits are fundamentally shots in the dark .\nAnd though the hair growth and fat pad projects catch the eye , genes are expressed differently in different environments .\nThe specter of a genetically perfect elemoth that still can not adjust to its new surroundings looms over the deextinction project .\nHow will the elemoth 's gut microbiome adjust to a 21st century diet , for instance ?\nOf course , if one had the embryo ready to go , it would have to gestate somewhere .\n the most obvious option , but elephants are an endangered species , and it could take hundreds of eggs to get one successful .\nElephant fetuses also take almost two years in the womb .\nGeorge Church tells me he expects it will be at least five years before we 're ready to try in vitro fertilization .\nHysolli is more reserved : `` It 's unclear to me how much work has been done at the animal level that would let us achieve this . ''\nAnd while Church talks about artificial  a device would require far greater technical innovation than any other component in the deextinction process Deextinction requires serious thought about a host of issues beyond the genetic miracles .\nFor instance , the first elemoth will necessarily be the only one of its kind .\nElephants are tremendously intelligent and social creatures who suffer in captivity : Will elemoths notice they 're different or get lonely ?\nA fresh elemoth pelt or tusks would presumably fetch a fortune\u2014who will deter poachers ?\nIf the Church Lab ever produces a living , breathing  it will have a ready home in Pleistocene Park , a massive plot of grassland in Siberia maintained by Russian scientist Sergey Zimov and his son Nikola .\nThe pair have dedicated their lives to preparing the ecosystem for a mammoth and generated mountains of press for their maverick vision .\nBut even Zimov has admitted , sotto voce , that he at this point would prefer woolly rhinos to mammoths : The mammoth would take 15 years to breed , the rhino 5 .\nThe technical and practical roadblocks to mammoth deextinction  priorities of the Church Lab .\nDeextinction is `` on the back burner .\nIt 's hard to join academia with this work , '' she says .\nShe emphasizes that more support is needed , for ongoing projects and for the technologies still needed .\nThe project is less than 1 percent of the lab 's funding .\nOther mammoth researchers are even less hopeful .\nLove Dal\u00e9n , author of a fascinating new paper that revealed million-year-old mammoth DNA , says in an email he is not optimistic that deextinction of  , says Hysolli , the Church Lab focuses on the medical applications for genome editing and hopes that those more practical applications will spur increased interest and drive down costs for deextinction tech .\nDespite breathless headlines predicting an imminent return of the species , it will take further generations of visionary academics , and a lot more cash , to make the mammoth dream a reality ."
        },
        {
            "id": "79f05531437a7f01",
            "title": "Democrat Senate Candidate John Hickenlooper Praises Communist China as a \u2018Great Nation\u2019",
            "content": "Colorado Senate hopeful John Hickenlooper praised China as a `` great nation '' deserving of American respect and told voters that the Chinese do not seek global dominance .\nThe former Democratic governor ignored China 's recent military saber-rattling , crackdowns in Hong Kong , and role in the coronavirus outbreak to laud the regime 's lack of ambition .\n`` They do not want to rule the world , '' Hickenlooper told supporters on a Zoom call on Monday .\n`` They do n't want to dominate .\nThey want to be safe and be respected as one of  which they are .\nAnd we should\u2013I think that 's what we should recognize . ''\nHickenlooper 's remarks are at odds with a bipartisan consensus emerging on Capitol Hill , as well as Chinese ruler Xi Jinping 's own rhetoric .\nSince the coronavirus pandemic 's onset , Democrats and Republicans have targeted China 's malignant behavior and global ambitions , with both parties issuing reports on dangerous Chinese statecraft tools just this week .\nXi has explicitly said that he hopes China will be `` a global leader in terms of  by 2049 .\nExperts assert this amounts to a call for a China-led world order .\nHickenlooper has maintained close ties with China over the course of his career .\nHe previously met with the Chinese People 's Association for Friendship with Foreign Countries , which Secretary of State Mike Pompeo calls `` the public face of the Chinese Communist Party 's official foreign influence agency . ''\nThe former Colorado governor has also interviewed with multiple Chinese state media outlets in the past few years , lauding the virtues of cooperation with  it comes to reciprocal trade .\nMillions of dollars in American intellectual property theft comes from China , and yet Hickenlooper told Chinese state media that Washington should use a `` thumbtack '' to manage the Sino-American relationship , rather than a `` sledgehammer . ''\nHickenlooper 's opponent , incumbent senator Cory Gardner ( R. , Colo. ) , has emerged as a top critic of the Chinese regime since his 2014 election .\nAs an influential member of the Senate Foreign Relations Committee , Gardner has made relationships with China rivals  of his tenure , even meeting with former Japanese prime minister Shinzo Abe in 2017 .\nGardner has also made national security readiness against China a significant part of his legislative efforts .\nIn recent months , Gardner made amendments on a NASA authorization act that bolster space technology protections against Chinese theft and authored language on a bill condemning human rights abuses in China .\nIn 2018 , Gardner 's subcommittee heard testimony from prominent voices in the Uighur community , and Gardner himself took Chinese ambassador to the United States Cui  record .\nColorado 's state Republican Party said that foreign policy is a key area for voters , particularly as the federal government addresses the coronavirus pandemic .\nParty spokesman Joe Jackson called on Hickenlooper to disavow his praise for the regime .\n`` While Senator Gardner works to hold China accountable for stealing [ intellectual property ] and torturing Uighur Muslims , Hickenlooper has instead chosen to continue in his role as a useful tool in the belt of the Chinese Communist Party 's propaganda machine , '' he said .\n``  human rights abuses or recognize their threat to American security proves that he is n't fit to hold a Senate seat . ''\nThe Hickenlooper campaign did not respond to a request for comment ."
        },
        {
            "id": "afc53f88500549c2",
            "title": "\u2018Moderate\u2019 Kamala Harris Just Cosponsored Climate Legislation with AOC",
            "content": "Sen. Kamala Harris cosponsored a climate bill with far-left Rep. Alexandria Ocasio-Cortez ( D. , N.Y. ) just days before mainstream media outlets labeled the California Democrat a `` moderate . ''\nHarris on August 6 unveiled the Climate Equity Act with Ocasio-Cortez , which promises to `` boldly address the climate crisis '' by tackling `` environmental racism . ''\nSome far-left groups lauded the legislation as setting the stage to eventually pass the Green New Deal , the freshman Democrat 's $ 94 trillion overhaul of the economy and environmental policies .\nJust days after Harris teamed up  media outlets touted her status as a centrist Democrat following her selection as Joe Biden 's running mate .\nThe New York Times called Harris a `` pragmatic moderate . ''\nA Washington Post political columnist labeled her a `` small-c conservative . ''\nThe Associated Press referred to her `` relatively centrist record , '' and ABC 's George Stephanopoulos said Harris `` comes from the middle of the road , moderate wing of the Democratic party . ''\nHarris , who was ranked the `` most liberal '' senator of 2019  praise from far-left groups after releasing her bill with Ocasio-Cortez .\nSunrise Movement , a progressive advocacy group that supports decriminalizing illegal border crossings , called the legislation `` foundational to the Green New Deal . ''\nOcasio-Cortez authored the Green New Deal\u2014which calls for the `` economic transformation '' of the United States\u2014in 2019 .\nOcasio-Cortez said the Climate Equity Act would work `` just like the Green New Deal envisioned '' in a press release issued by Harris .\nBiden previously chose Ocasio-Cortez to lead his `` climate change task force  Sanders ( I. , Vt. ) praised the decision , saying the task force would lead the Democratic Party in a `` transformational and progressive direction . ''\nBiden 's $ 2 trillion climate plan refers to the Green New Deal as a `` crucial framework for meeting the climate challenges we face . ''"
        },
        {
            "id": "6cfc939c75e2f42c",
            "title": "County Sheriff Won\u2019t Help Portland Police, Citing Mayor\u2019s Tear Gas Ban",
            "content": "The Multnomah County sheriff declined the Portland Police Bureau 's request for backup at a planned demonstration on Saturday , citing the city \u2019 s strict regulations on crowd control methods .\nPortland mayor Ted Wheeler ( D. ) banned the use of tear gas earlier this month as violent nightly demonstrations\u2014which led the mayor himself to move out of his condominium\u2014reached their 100th straight night .\nCounty sheriff Mike Reese told the Portland Police Bureau that he would not send his team to assist local police under the mayor \u2019 s orders , which leave `` no sound tactical  `` If officers have to use high levels of physical force to protect the safety of the participants , it may lead to substantial injuries and may not be effective in achieving the desired outcome , '' Reese said in an email to the Portland Police Bureau .\nChris Davis , deputy chief of the Portland Police Bureau , asked Reese for backup after learning that two opposing groups , the far-right Proud Boys and far-left Antifa , both plan on demonstrating Saturday night .\nThese groups , according to Reese , have  chief Chuck Lovell said in a press conference earlier this week that he and the mayor are creating plans to address the two demonstrations this weekend .\nThe Justice Department called out Portland , as well as Seattle and New York City , for their failure to quell violence in their cities this summer during a wave of anti-police protests .\nWheeler said earlier this summer that , instead of addressing violence , he planned to just let it `` burn itself out . ''"
        },
        {
            "id": "26061986ffe93763",
            "title": "New York City Shootings Surpass 2019 Total",
            "content": "New York City has already had more shootings this year than in all of 2019 , with the city \u2019 s 777th shooting this weekend .\nLast year 's total of 776 shootings was eclipsed Saturday night as a wave of gun violence continues to hit New York City .\nBy Sunday night , the city \u2019 s total shooting incidents for the year rose to 784 .\nShootings have increased by 72.9 percent this year , and the number of shooting victims has increased by 81.4 percent , according to NYPD crime statistics .\nMurders have gone up 29  to this summer 's wave of anti-police protests with sweeping police reform .\nSo far , this has included disbanding the NYPD \u2019 s anti-crime unit\u2014a plainclothes unit tasked with removing illegal guns from the city \u2019 s streets and curbing violent crime\u2014and cutting NYPD funding by $ 1 billion .\nCity officials have cited a variety of reasons for the uptick in crime , from the economic impact of the coronavirus pandemic to releasing prisoners from Rikers Island , the city 's main prison .\nThough New York mayor Bill de Blasio  crime spike on the court system , local court officials said his claims were `` factually incorrect '' and blamed the mayor for his inability to properly handle the problem .\n`` [ De Blasio 's comments were ] at best , factually incorrect and at worst a continuing attempt to shift the blame for his inability to manage the increase in New York \u2019 s street violence , '' Lucian Chalfen , a spokesman for the state 's office of court administration , told the New York Daily News last month ."
        },
        {
            "id": "8c2e97a1a3268b34",
            "title": "Graham Triumphs in Reelection Bid",
            "content": "Sen. Lindsey Graham ( R. , S.C. ) defeated liberal challenger Jaime Harrison in a race that became an unlikely target for Democratic leaders working to flip the upper chamber .\nGraham led by roughly 10 points when the Associated Press called the race Tuesday evening .\nThe Republican was expected to cruise to reelection in a state President Donald Trump won by 14 points in 2016 .\nBut after Harrison\u2014a former lobbyist with ties to top congressional Democrats\u2014twice reported raising more than $ 1 million a day in September , Graham himself discussed his vulnerability in a slew of  challenge in part by portraying Harrison as out of touch with South Carolina voters .\nThe Democrat racked up millions in assets during his time at the now-defunct Podesta Group , which saw him lobby for a number of corporate giants and even counsel foreign lobbyists at a Turkish `` lobbying school . ''\nGraham also benefited from October 's highly visible Supreme Court confirmation hearings , where he guided Amy Coney Barrett to the nation 's top court as chairman of the Senate Judiciary Committee .\nHarrison 's campaign at times faced  the Democrat 's top staffers for making anti-Semitic , sexist , and homophobic remarks online .\nJust weeks later , campaign representatives referred to Graham as `` Lady G , '' a reference to an unsubstantiated claim that the Republican has solicited male prostitutes .\nIn the campaign 's closing days , Harrison and liberal activist groups spent hundreds of thousands of dollars on ads and mailers boosting Constitution Party nominee Bill Bledsoe in an attempt to funnel votes away from Graham .\nThe effort proved unsuccessful .\nThe third-party candidate had received  the race was called ."
        },
        {
            "id": "56dd5d30c7bb8676",
            "title": "Democrats: Trump\u2019s Acquittal Doesn\u2019t Count",
            "content": "Leading Democrats have already said President Donald Trump 's pending acquittal in his impeachment trial is not legitimate due to Friday 's vote against admitting new witnesses .\nSpeaker Nancy Pelosi ( D. , Calif. ) said Thursday Trump will `` not be acquitted '' if his trial does n't have witnesses , and Senate Minority Leader Chuck Schumer ( D. , N.Y. ) has repeatedly said Trump 's acquittal will have `` zero '' value .\nSen. Kamala Harris ( D. , Calif. ) said Friday , `` You can not have a true acquittal if you 've not  remarks she made in other interviews this week .\nSen. Chris Murphy ( D. , Conn. ) said Friday he agreed with Pelosi , telling MSNBC 's Morning Joe it would not be a `` real acquittal , '' and Sen. Jeff Merkley ( D. , Ore. ) told CNN 's New Day Friday `` it 's not an exoneration . ''\n`` He may get an acquittal but he 's not going to get an exoneration , '' House impeachment manager Rep. Zoe Lofgren ( D. , Calif. ) told MSNBC on  Hakeem Jeffries ( D. , N.Y. ) , said on CNN Friday `` how can the American people conclude justice was done '' without witnesses , and leading manager Rep. Adam Schiff ( D. , Calif. ) said last week that Trump would n't benefit from an acquittal if it did n't appear fair .\nSen. Angus King ( I. , Maine ) , who caucuses with Senate Democrats , told Fox News on Thursday his acquittal would always have an `` asterisk , '' and Sen. Ben Cardin ( D. , Md  `` questioned '' without witnesses .\nSen. Lamar Alexander ( R. , Tenn. ) and Sen. Lisa Murkowski ( R. , Alaska ) announced late Thursday and Friday , respectively , they would vote against any motions to subpoena additional witnesses and documents to the trial , which assured the defeat of the Democratic effort .\nMurkowski , a moderate who voted down an Obamacare repeal effort in 2017 and against Supreme Court Justice Brett Kavanaugh in 2018 , cited a `` rushed and flawed '' impeachment process by House Democrats in her  guaranteed , with the only remaining suspense being how a few moderate Democrats and Republicans decide to vote ."
        },
        {
            "id": "7dfa2bbca6d2835d",
            "title": "Rubio Slams \u2018Woke Corporate Hypocrites\u2019 for Working With China",
            "content": "Sen. Marco Rubio ( R. , Fla. ) pilloried American corporations for their `` woke '' criticism of politics at home , even as they profit from cooperation with China .\nRubio said Delta Air Lines , Coca-Cola , and other companies have taken foolish social justice stands to appease consumers\u2014while raking in fistfuls of cash from Beijing .\n`` They make billions of dollars in a country that does n't even have elections , '' Rubio said of many major corporations .\n`` But in America , they \u2019 re prepared to boycott a state and condemn them publicly  are . ''\nThe video comes after a public spat between Delta Air Lines CEO Ed Bastian and Georgia governor Brian Kemp ( R. ) over a voting rights bill signed into law last week .\nProponents of the bill say it would increase security in election practices , but critics say it would suppress voter turnout .\nPresident Joe Biden went as far as to say the bill was `` Jim Crow in the 21st century . ''\nAfter talk of a boycott from activists , Georgia-based companies Delta and Coca-Cola caved  Georgia law .\nBastian said the law `` does not match Delta \u2019 s values '' and targets African-American communities .\nBut Kemp responded the law had similar identification requirements to air travel on Delta\u2014both require a photo ID .\nRubio also requested Delta return his letter asking the company to condemn human rights abuses in China .\nThe airline is a business partner of the Chinese Communist Party , which oversees the genocide of Uighur Muslims in western China and ranks among the world \u2019 s worst human rights violators .\nDelta  a rebound in travel last summer .\n`` I look forward to that letter saying that genocide does not reflect the values of Delta Air Lines , '' Rubio said .\n`` Of course they \u2019 re not going to send that letter .\nNor is Coca-Cola . ''"
        },
        {
            "id": "d9d86417f0d8edef",
            "title": "Repressive Regimes Elected to UN Human Rights Council",
            "content": "Countries that routinely abuse human rights and attack American interests won seats on the United Nations Human Rights Council Tuesday .\nUnited Nations General Assembly president Volkan Bozkir welcomed China , Cuba , Russia , and Pakistan , among other countries , to their council seats in a congratulatory tweet .\nThe vote to extend membership to the countries took place Tuesday afternoon .\nAll five countries have committed human-rights abuses , including limited religious freedom , political suppression , and genocide .\nMany of them , meanwhile , have worked together to oppose American interests and defend each other  , have engaged in a reciprocal relationship , calling out so-called American imperialism to deflect criticism of their own human-rights violations .\nChina 's Communist regime has committed genocide against its Uighur people , while Cuba 's government has oppressed its citizens and refused to cooperate with American counterterrorism efforts .\nThe welcome to China comes despite human-rights groups ' fervent opposition .\nThe council 's initiatives have disproportionately targeted Israel but done little to examine member-states ' practices .\nUnder the Trump administration , the United States withdrew from the body in  has provided cover , not condemnation , for the world 's most inhumane regimes , '' former U.N. ambassador Nikki Haley said in 2018 .\nWhile the Trump administration has begun to rethink American commitments to international organizations that defend dictatorships , a Joe Biden administration may not think the same way .\nIn its 2020 national platform , the Democratic Party calls for the United States ' rejoining the Human Rights Council and other U.N.-sponsored organizations that target Israel and promote Chinese domestic interests .\nBiden 's campaign platform , meanwhile ,  Tibet until a Washington Free Beacon report was published in August ."
        },
        {
            "id": "0a124392a6aaf6d8",
            "title": "Sen. Daines Blasts Biden for \u2018Attempt To Scuttle\u2019 America\u2019s Nuclear Arsenal",
            "content": "In the wake of a Thursday Washington Free Beacon report , Sen. Steve Daines ( R. , Mont . )\nhammered the Biden administration for delaying efforts to upgrade America 's nuclear arsenal .\nDaines , who sits on the Senate Energy Committee , said in a letter obtained by the Free Beacon that the Biden administration 's decision to slow the Pentagon 's upgrades to American land missile systems runs afoul of military advice and makes America less safe .\n`` This policy reversal contradicts the advice of your own experts and duplicates research already conducted by the Air  security posture , '' Daines said .\n`` I urge you to rescind this misguided directive .\n\u2026 This latest development at the behest of far-left special interest groups is nothing more than a thinly-veiled attempt to scuttle the ground-based leg of the nuclear triad on ideological grounds . ''\nMultiple sources told the Free Beacon that , after receiving a letter from left-wing Democrats led by Sens .\nJeff Merkley ( Ore. ) and Elizabeth Warren ( Mass . )\n, the Biden administration caved to a request for an extended bureaucratic  critics say is nothing more than a delaying tactic .\nThat alleged delaying tactic comes after top military officials said the United States urgently needs to upgrade nuclear missiles in the face of growing threats from China and Russia .\nCommercial satellite images revealed two Chinese nuclear missile silos that could each hold more than 100 missiles , and reports indicate that the Chinese are constructing a third silo .\nAdmiral Charles Richard , the chief of the U.S. Strategic Command , told the 2021 Space Missile and Defense Symposium that China 's  `` breathtaking . ''\n`` China 's explosive growth and modernization of its nuclear and conventional forces can only be what I describe as breathtaking .\nAnd that word , breathtaking , may not be enough , '' Richard said .\n`` We are witnessing a strategic breakout . ''"
        }
    ],
    "label": 1,
    "label_text": "mixed"
}